# Blender 4.4.3
# www.blender.org
mtllib bronco3.mtl
o Bronco
v 1.727573 0.117011 -2.378836
v 1.773103 0.086588 -2.378836
v 1.803526 0.041058 -2.378836
v 1.814209 -0.012649 -2.378836
v 1.803526 -0.066357 -2.378836
v 1.773103 -0.111887 -2.378836
v 1.727573 -0.142310 -2.378836
v 1.673866 -0.152993 -2.378836
v 1.673866 -0.152993 -2.277643
v 1.620159 -0.142310 -2.378836
v 1.574628 -0.111887 -2.378836
v 1.544205 -0.066357 -2.378836
v 1.533522 -0.012649 -2.378836
v 1.544205 0.041058 -2.378836
v 1.574628 0.086588 -2.378836
v 1.620159 0.117011 -2.378836
v 1.673866 0.127694 -2.378836
v 1.673866 0.127694 -2.277643
v 1.673866 -0.160801 -2.346043
v 1.673866 -0.160801 -2.310436
v 1.673866 0.135502 -2.310436
v 1.673866 0.135502 -2.346043
v 1.673866 -0.272243 -2.226985
v 1.673866 0.005717 -0.772045
v 1.673866 -0.228277 -0.745036
v 1.673866 0.262274 -2.172980
v 1.673866 0.259430 -1.411314
v 1.673866 -0.261453 -0.825000
v 1.673866 0.030094 -1.281746
v 1.673866 0.020510 -2.281509
v 1.673866 -0.095384 -0.747817
v 1.673866 -0.121388 -2.270940
v 1.673866 -0.272426 -2.095970
v 1.673866 0.270717 -2.070175
v 1.673866 -0.286447 -1.783743
v 1.673866 0.282060 -1.839810
v 1.673866 -0.273256 -1.252779
v 1.673866 0.272463 -1.577235
v 1.673866 -0.195914 -2.247485
v 1.673866 -0.158560 -0.748545
v 1.673866 0.018941 -1.016957
v 1.673866 -0.260935 -0.794155
v 1.673866 0.264880 -1.483671
v 1.673866 -0.261453 -1.030521
v 1.673866 -0.286447 -1.947267
v 1.673866 0.277535 -1.953939
v 1.673866 0.099062 -2.269014
v 1.673866 0.183287 -2.239214
v 1.673866 0.182985 -1.368125
v 1.673866 0.106539 -1.324935
v 1.466985 0.262737 -2.148761
v 1.360528 -0.275870 -2.178357
v 1.390957 -0.006143 -0.810481
v 1.366953 -0.232406 -0.771591
v 1.450312 0.252957 -1.444355
v 1.363982 0.034350 -1.272585
v 1.358595 -0.264402 -0.818846
v 1.360528 0.021658 -2.221729
v 1.373646 -0.101046 -0.790571
v 1.360528 -0.125955 -2.201003
v 1.358595 -0.089322 -0.924462
v 1.447708 0.266370 -2.072725
v 1.360528 -0.286447 -2.102635
v 1.360528 0.023284 -2.103053
v 1.360528 -0.152080 -2.052864
v 1.447708 0.271746 -1.842432
v 1.360528 -0.149032 -1.831153
v 1.360528 -0.286447 -1.783743
v 1.360528 0.024361 -1.832046
v 1.447708 0.260816 -1.577812
v 1.358595 -0.130204 -1.154889
v 1.358595 -0.261453 -1.208246
v 1.360528 0.026752 -1.484386
v 1.360528 -0.207749 -2.174398
v 1.365927 -0.167180 -0.780202
v 1.358595 -0.193570 -0.824925
v 1.360528 -0.217010 -2.108438
v 1.360528 -0.215802 -1.779852
v 1.358595 -0.195516 -1.195289
v 1.569420 -0.272243 -2.226985
v 1.569420 0.005717 -0.772045
v 1.573091 -0.228277 -0.745036
v 1.598480 0.262776 -2.172746
v 1.598480 0.259430 -1.411311
v 1.578595 -0.261453 -0.825000
v 1.569420 0.030094 -1.281746
v 1.569420 0.020510 -2.281509
v 1.569596 -0.095384 -0.747817
v 1.569420 -0.121388 -2.270940
v 1.569420 -0.272426 -2.095970
v 1.598480 0.271789 -2.069817
v 1.569420 -0.286447 -1.783743
v 1.598480 0.284071 -1.839140
v 1.578595 -0.273256 -1.252779
v 1.598480 0.273323 -1.576947
v 1.569420 -0.195914 -2.247485
v 1.571153 -0.158560 -0.748545
v 1.384150 0.007996 -1.000231
v 1.361342 -0.258326 -0.789485
v 1.371173 -0.104606 -0.859940
v 1.361859 -0.191203 -0.794238
v 1.577749 -0.260935 -0.794155
v 1.569420 0.018941 -1.016957
v 1.449010 0.256330 -1.503428
v 1.358595 -0.083853 -1.104731
v 1.360528 0.031983 -1.360945
v 1.578595 -0.261453 -1.030521
v 1.598480 0.265225 -1.483572
v 1.360528 0.024588 -1.967006
v 1.447708 0.270586 -1.957888
v 1.360528 -0.138940 -1.942020
v 1.598480 0.279212 -1.953380
v 1.569420 -0.286447 -1.947267
v 1.407148 0.179211 -1.381098
v 1.422302 0.183865 -2.192340
v 1.385470 0.099530 -2.213484
v 1.408963 0.188083 -2.101147
v 1.378801 0.103169 -2.108071
v 1.408963 0.192367 -1.841867
v 1.378801 0.105846 -1.836581
v 1.408963 0.183715 -1.538823
v 1.378801 0.102453 -1.522288
v 1.585565 0.183417 -2.239162
v 1.575511 0.099062 -2.269014
v 1.409864 0.182183 -1.454269
v 1.379251 0.105047 -1.405208
v 1.408963 0.192132 -1.973441
v 1.378801 0.106185 -1.974071
v 1.620159 0.117011 -2.378836
v 1.620159 0.117011 -2.277643
v 1.574628 0.086588 -2.378836
v 1.574628 0.086588 -2.277643
v 1.544205 0.041058 -2.378836
v 1.544205 0.041058 -2.277643
v 1.533522 -0.012649 -2.378836
v 1.533522 -0.012649 -2.277643
v 1.544205 -0.066357 -2.378836
v 1.544205 -0.066357 -2.277643
v 1.574628 -0.111887 -2.378836
v 1.574628 -0.111887 -2.277643
v 1.620159 -0.142310 -2.378836
v 1.620159 -0.142310 -2.277643
v 1.454178 -0.153070 -1.941842
v 1.352986 -0.153070 -1.941842
v 1.454178 -0.163753 -1.888134
v 1.352986 -0.163753 -1.888134
v 1.454178 -0.194175 -1.842604
v 1.352986 -0.194175 -1.842604
v 1.454178 -0.239706 -1.812181
v 1.352986 -0.239706 -1.812181
v 1.454178 -0.293413 -1.801498
v 1.352986 -0.293413 -1.801498
v 1.454178 -0.347120 -1.812181
v 1.352986 -0.347120 -1.812181
v 1.454178 -0.392651 -1.842604
v 1.352986 -0.392651 -1.842604
v 1.454178 -0.423074 -1.888134
v 1.352986 -0.423074 -1.888134
v 1.454178 -0.433757 -1.941842
v 1.352986 -0.433757 -1.941842
v 1.454178 -0.423074 -1.995549
v 1.352986 -0.423074 -1.995549
v 1.454178 -0.392651 -2.041080
v 1.352986 -0.392651 -2.041080
v 1.454178 -0.347120 -2.071502
v 1.352986 -0.347120 -2.071502
v 1.454178 -0.293413 -2.082185
v 1.352986 -0.293413 -2.082185
v 1.454178 -0.239706 -2.071502
v 1.352986 -0.239706 -2.071502
v 1.454178 -0.194175 -2.041080
v 1.352986 -0.194175 -2.041080
v 1.454178 -0.163753 -1.995549
v 1.352986 -0.163753 -1.995549
v 1.617171 0.124225 -2.346043
v 1.617171 0.124225 -2.310436
v 1.569107 0.092110 -2.346043
v 1.569107 0.092110 -2.310436
v 1.536992 0.044046 -2.346043
v 1.536992 0.044046 -2.310436
v 1.525714 -0.012649 -2.346043
v 1.525714 -0.012649 -2.310436
v 1.536992 -0.069345 -2.346043
v 1.536992 -0.069345 -2.310436
v 1.569107 -0.117408 -2.346043
v 1.569107 -0.117408 -2.310436
v 1.617171 -0.149524 -2.346043
v 1.617171 -0.149524 -2.310436
v 1.385778 -0.156539 -1.998537
v 1.421386 -0.156539 -1.998537
v 1.385778 -0.188654 -2.046601
v 1.421386 -0.188654 -2.046601
v 1.385778 -0.236718 -2.078716
v 1.421386 -0.236718 -2.078716
v 1.385778 -0.293413 -2.089993
v 1.421386 -0.293413 -2.089993
v 1.385778 -0.350108 -2.078716
v 1.421386 -0.350108 -2.078716
v 1.385778 -0.398172 -2.046601
v 1.421386 -0.398172 -2.046601
v 1.385778 -0.430287 -1.998537
v 1.421386 -0.430287 -1.998537
v 1.385778 -0.441565 -1.941842
v 1.421386 -0.441565 -1.941842
v 1.385778 -0.430287 -1.885146
v 1.421386 -0.430287 -1.885146
v 1.385778 -0.398172 -1.837083
v 1.421386 -0.398172 -1.837083
v 1.385778 -0.350108 -1.804968
v 1.421386 -0.350108 -1.804968
v 1.385778 -0.293413 -1.793690
v 1.421386 -0.293413 -1.793690
v 1.385778 -0.236718 -1.804968
v 1.421386 -0.236718 -1.804968
v 1.385778 -0.188654 -1.837083
v 1.421386 -0.188654 -1.837083
v 1.385778 -0.156539 -1.885146
v 1.421386 -0.156539 -1.885146
v 1.421386 -0.145262 -1.941842
v 1.385778 -0.145262 -1.941842
v 1.454178 -0.153070 -1.014923
v 1.352986 -0.153070 -1.014923
v 1.454178 -0.163753 -0.961216
v 1.352986 -0.163753 -0.961216
v 1.454178 -0.194175 -0.915685
v 1.352986 -0.194175 -0.915685
v 1.454178 -0.239706 -0.885263
v 1.352986 -0.239706 -0.885263
v 1.454178 -0.293413 -0.874580
v 1.352986 -0.293413 -0.874580
v 1.454178 -0.347120 -0.885263
v 1.352986 -0.347120 -0.885263
v 1.454178 -0.392651 -0.915685
v 1.352986 -0.392651 -0.915685
v 1.454178 -0.423074 -0.961216
v 1.352986 -0.423074 -0.961216
v 1.454178 -0.433757 -1.014923
v 1.352986 -0.433757 -1.014923
v 1.454178 -0.423074 -1.068630
v 1.352986 -0.423074 -1.068630
v 1.454178 -0.392651 -1.114161
v 1.352986 -0.392651 -1.114161
v 1.454178 -0.347120 -1.144584
v 1.352986 -0.347120 -1.144584
v 1.454178 -0.293413 -1.155267
v 1.352986 -0.293413 -1.155267
v 1.454178 -0.239706 -1.144584
v 1.352986 -0.239706 -1.144584
v 1.454178 -0.194175 -1.114161
v 1.352986 -0.194175 -1.114161
v 1.454178 -0.163753 -1.068630
v 1.352986 -0.163753 -1.068630
v 1.385778 -0.156539 -1.071618
v 1.421386 -0.156539 -1.071618
v 1.385778 -0.188654 -1.119682
v 1.421386 -0.188654 -1.119682
v 1.385778 -0.236718 -1.151797
v 1.421386 -0.236718 -1.151797
v 1.385778 -0.293413 -1.163075
v 1.421386 -0.293413 -1.163075
v 1.385778 -0.350108 -1.151797
v 1.421386 -0.350108 -1.151797
v 1.385778 -0.398172 -1.119682
v 1.421386 -0.398172 -1.119682
v 1.385778 -0.430287 -1.071618
v 1.421386 -0.430287 -1.071618
v 1.385778 -0.441565 -1.014923
v 1.421386 -0.441565 -1.014923
v 1.385778 -0.430287 -0.958228
v 1.421386 -0.430287 -0.958228
v 1.385778 -0.398172 -0.910164
v 1.421386 -0.398172 -0.910164
v 1.385778 -0.350108 -0.878049
v 1.421386 -0.350108 -0.878049
v 1.385778 -0.293413 -0.866771
v 1.421386 -0.293413 -0.866771
v 1.385778 -0.236718 -0.878049
v 1.421386 -0.236718 -0.878049
v 1.385778 -0.188654 -0.910164
v 1.421386 -0.188654 -0.910164
v 1.385778 -0.156539 -0.958228
v 1.421386 -0.156539 -0.958228
v 1.421386 -0.145262 -1.014923
v 1.385778 -0.145262 -1.014923
v 1.385565 0.124560 -1.338155
v 1.588793 0.182985 -1.368123
v 1.579106 0.106539 -1.324934
v 1.620159 0.117011 -2.378836
v 1.574628 0.086588 -2.378836
v 1.544205 0.041058 -2.378836
v 1.533522 -0.012649 -2.378836
v 1.544205 -0.066357 -2.378836
v 1.574628 -0.111887 -2.378836
v 1.620159 -0.142310 -2.378836
v 1.727573 -0.142310 -2.378836
v 1.773104 -0.111887 -2.378836
v 1.803526 -0.066357 -2.378836
v 1.814209 -0.012649 -2.378836
v 1.803526 0.041058 -2.378836
v 1.773104 0.086588 -2.378836
v 1.727573 0.117011 -2.378836
v 1.880747 0.262737 -2.148761
v 1.987204 -0.275870 -2.178357
v 1.956775 -0.006143 -0.810481
v 1.980779 -0.232406 -0.771591
v 1.897419 0.252957 -1.444355
v 1.983749 0.034350 -1.272585
v 1.989137 -0.264402 -0.818846
v 1.987204 0.021658 -2.221729
v 1.974086 -0.101046 -0.790571
v 1.987204 -0.125955 -2.201003
v 1.989137 -0.089322 -0.924462
v 1.900024 0.266370 -2.072725
v 1.987204 -0.286447 -2.102635
v 1.987204 0.023284 -2.103053
v 1.987204 -0.152080 -2.052864
v 1.900024 0.271746 -1.842432
v 1.987204 -0.149032 -1.831153
v 1.987204 -0.286447 -1.783743
v 1.987204 0.024361 -1.832046
v 1.900024 0.260816 -1.577812
v 1.989137 -0.130204 -1.154889
v 1.989137 -0.261453 -1.208246
v 1.987204 0.026752 -1.484386
v 1.987204 -0.207749 -2.174398
v 1.981804 -0.167180 -0.780202
v 1.989137 -0.193570 -0.824925
v 1.987204 -0.217010 -2.108438
v 1.987204 -0.215802 -1.779852
v 1.989137 -0.195516 -1.195289
v 1.778312 -0.272243 -2.226985
v 1.778312 0.005717 -0.772045
v 1.774640 -0.228277 -0.745036
v 1.749252 0.262776 -2.172746
v 1.749252 0.259430 -1.411311
v 1.769137 -0.261453 -0.825000
v 1.778312 0.030094 -1.281746
v 1.778312 0.020510 -2.281509
v 1.778136 -0.095384 -0.747817
v 1.778312 -0.121388 -2.270940
v 1.778312 -0.272426 -2.095970
v 1.749252 0.271789 -2.069817
v 1.778312 -0.286447 -1.783743
v 1.749252 0.284071 -1.839140
v 1.769137 -0.273256 -1.252779
v 1.749252 0.273323 -1.576947
v 1.778312 -0.195914 -2.247485
v 1.776579 -0.158560 -0.748545
v 1.963582 0.007996 -1.000231
v 1.986389 -0.258326 -0.789485
v 1.976558 -0.104606 -0.859940
v 1.985873 -0.191203 -0.794238
v 1.769983 -0.260935 -0.794155
v 1.778312 0.018941 -1.016957
v 1.898722 0.256330 -1.503428
v 1.989137 -0.083853 -1.104731
v 1.987204 0.031983 -1.360945
v 1.769137 -0.261453 -1.030521
v 1.749252 0.265225 -1.483572
v 1.987204 0.024588 -1.967006
v 1.900024 0.270586 -1.957888
v 1.987204 -0.138940 -1.942020
v 1.749252 0.279212 -1.953380
v 1.778312 -0.286447 -1.947267
v 1.940584 0.179211 -1.381098
v 1.925429 0.183865 -2.192340
v 1.962261 0.099530 -2.213484
v 1.938769 0.188083 -2.101147
v 1.968931 0.103169 -2.108071
v 1.938769 0.192367 -1.841867
v 1.968931 0.105846 -1.836581
v 1.938769 0.183715 -1.538823
v 1.968931 0.102453 -1.522288
v 1.762167 0.183417 -2.239162
v 1.772221 0.099062 -2.269014
v 1.937867 0.182183 -1.454269
v 1.968480 0.105047 -1.405208
v 1.938769 0.192132 -1.973441
v 1.968931 0.106185 -1.974071
v 1.727573 0.117011 -2.378836
v 1.727573 0.117011 -2.277643
v 1.773103 0.086588 -2.378836
v 1.773103 0.086588 -2.277643
v 1.803526 0.041058 -2.378836
v 1.803526 0.041058 -2.277643
v 1.814209 -0.012649 -2.378836
v 1.814209 -0.012649 -2.277643
v 1.803526 -0.066357 -2.378836
v 1.803526 -0.066357 -2.277643
v 1.773103 -0.111887 -2.378836
v 1.773103 -0.111887 -2.277643
v 1.727573 -0.142310 -2.378836
v 1.727573 -0.142310 -2.277643
v 1.893553 -0.153070 -1.941842
v 1.994746 -0.153070 -1.941842
v 1.893553 -0.163753 -1.888134
v 1.994746 -0.163753 -1.888134
v 1.893553 -0.194175 -1.842604
v 1.994746 -0.194175 -1.842604
v 1.893553 -0.239706 -1.812181
v 1.994746 -0.239706 -1.812181
v 1.893553 -0.293413 -1.801498
v 1.994746 -0.293413 -1.801498
v 1.893553 -0.347120 -1.812181
v 1.994746 -0.347120 -1.812181
v 1.893553 -0.392651 -1.842604
v 1.994746 -0.392651 -1.842604
v 1.893553 -0.423074 -1.888134
v 1.994746 -0.423074 -1.888134
v 1.893553 -0.433757 -1.941842
v 1.994746 -0.433757 -1.941842
v 1.893553 -0.423074 -1.995549
v 1.994746 -0.423074 -1.995549
v 1.893553 -0.392651 -2.041080
v 1.994746 -0.392651 -2.041080
v 1.893553 -0.347120 -2.071502
v 1.994746 -0.347120 -2.071502
v 1.893553 -0.293413 -2.082185
v 1.994746 -0.293413 -2.082185
v 1.893553 -0.239706 -2.071502
v 1.994746 -0.239706 -2.071502
v 1.893553 -0.194175 -2.041080
v 1.994746 -0.194175 -2.041080
v 1.893553 -0.163753 -1.995549
v 1.994746 -0.163753 -1.995549
v 1.730561 0.124225 -2.346043
v 1.730561 0.124225 -2.310436
v 1.778625 0.092110 -2.346043
v 1.778625 0.092110 -2.310436
v 1.810740 0.044046 -2.346043
v 1.810740 0.044046 -2.310436
v 1.822017 -0.012649 -2.346043
v 1.822017 -0.012649 -2.310436
v 1.810740 -0.069345 -2.346043
v 1.810740 -0.069345 -2.310436
v 1.778625 -0.117408 -2.346043
v 1.778625 -0.117408 -2.310436
v 1.730561 -0.149524 -2.346043
v 1.730561 -0.149524 -2.310436
v 1.961953 -0.156539 -1.998537
v 1.926346 -0.156539 -1.998537
v 1.961953 -0.188654 -2.046601
v 1.926346 -0.188654 -2.046601
v 1.961953 -0.236718 -2.078716
v 1.926346 -0.236718 -2.078716
v 1.961953 -0.293413 -2.089993
v 1.926346 -0.293413 -2.089993
v 1.961953 -0.350108 -2.078716
v 1.926346 -0.350108 -2.078716
v 1.961953 -0.398172 -2.046601
v 1.926346 -0.398172 -2.046601
v 1.961953 -0.430287 -1.998537
v 1.926346 -0.430287 -1.998537
v 1.961953 -0.441565 -1.941842
v 1.926346 -0.441565 -1.941842
v 1.961953 -0.430287 -1.885146
v 1.926346 -0.430287 -1.885146
v 1.961953 -0.398172 -1.837083
v 1.926346 -0.398172 -1.837083
v 1.961953 -0.350108 -1.804968
v 1.926346 -0.350108 -1.804968
v 1.961953 -0.293413 -1.793690
v 1.926346 -0.293413 -1.793690
v 1.961953 -0.236718 -1.804968
v 1.926346 -0.236718 -1.804968
v 1.961953 -0.188654 -1.837083
v 1.926346 -0.188654 -1.837083
v 1.961953 -0.156539 -1.885146
v 1.926346 -0.156539 -1.885146
v 1.926346 -0.145262 -1.941842
v 1.961953 -0.145262 -1.941842
v 1.893553 -0.153070 -1.014923
v 1.994746 -0.153070 -1.014923
v 1.893553 -0.163753 -0.961216
v 1.994746 -0.163753 -0.961216
v 1.893553 -0.194175 -0.915685
v 1.994746 -0.194175 -0.915685
v 1.893553 -0.239706 -0.885263
v 1.994746 -0.239706 -0.885263
v 1.893553 -0.293413 -0.874580
v 1.994746 -0.293413 -0.874580
v 1.893553 -0.347120 -0.885263
v 1.994746 -0.347120 -0.885263
v 1.893553 -0.392651 -0.915685
v 1.994746 -0.392651 -0.915685
v 1.893553 -0.423074 -0.961216
v 1.994746 -0.423074 -0.961216
v 1.893553 -0.433757 -1.014923
v 1.994746 -0.433757 -1.014923
v 1.893553 -0.423074 -1.068630
v 1.994746 -0.423074 -1.068630
v 1.893553 -0.392651 -1.114161
v 1.994746 -0.392651 -1.114161
v 1.893553 -0.347120 -1.144584
v 1.994746 -0.347120 -1.144584
v 1.893553 -0.293413 -1.155267
v 1.994746 -0.293413 -1.155267
v 1.893553 -0.239706 -1.144584
v 1.994746 -0.239706 -1.144584
v 1.893553 -0.194175 -1.114161
v 1.994746 -0.194175 -1.114161
v 1.893553 -0.163753 -1.068630
v 1.994746 -0.163753 -1.068630
v 1.961953 -0.156539 -1.071618
v 1.926346 -0.156539 -1.071618
v 1.961953 -0.188654 -1.119682
v 1.926346 -0.188654 -1.119682
v 1.961953 -0.236718 -1.151797
v 1.926346 -0.236718 -1.151797
v 1.961953 -0.293413 -1.163075
v 1.926346 -0.293413 -1.163075
v 1.961953 -0.350108 -1.151797
v 1.926346 -0.350108 -1.151797
v 1.961953 -0.398172 -1.119682
v 1.926346 -0.398172 -1.119682
v 1.961953 -0.430287 -1.071618
v 1.926346 -0.430287 -1.071618
v 1.961953 -0.441565 -1.014923
v 1.926346 -0.441565 -1.014923
v 1.961953 -0.430287 -0.958228
v 1.926346 -0.430287 -0.958228
v 1.961953 -0.398172 -0.910164
v 1.926346 -0.398172 -0.910164
v 1.961953 -0.350108 -0.878049
v 1.926346 -0.350108 -0.878049
v 1.961953 -0.293413 -0.866771
v 1.926346 -0.293413 -0.866771
v 1.961953 -0.236718 -0.878049
v 1.926346 -0.236718 -0.878049
v 1.961953 -0.188654 -0.910164
v 1.926346 -0.188654 -0.910164
v 1.961953 -0.156539 -0.958228
v 1.926346 -0.156539 -0.958228
v 1.926346 -0.145262 -1.014923
v 1.961953 -0.145262 -1.014923
v 1.962167 0.124560 -1.338155
v 1.758939 0.182985 -1.368123
v 1.768625 0.106539 -1.324934
vn -0.0000 -0.0000 -1.0000
vn -0.0000 -0.4438 -0.8961
vn -0.0000 -0.9728 0.2316
vn -0.0000 0.4438 -0.8961
vn -0.0000 0.9728 0.2316
vn -0.0000 -0.9934 -0.1150
vn -0.0000 -0.9934 0.1150
vn -0.0000 0.9934 0.1150
vn -0.0000 0.9934 -0.1150
vn -0.0000 -0.7931 -0.6091
vn -0.0000 0.7682 0.6402
vn -0.0000 -0.4501 0.8930
vn -0.0000 0.8875 -0.4608
vn -0.0000 0.8435 0.5371
vn -0.0000 -1.0000 0.0084
vn -0.0000 0.8529 0.5221
vn -0.0000 0.0417 -0.9991
vn -0.0000 0.1116 0.9938
vn -0.0000 -0.1885 -0.9821
vn -0.0000 -0.9989 -0.0477
vn -0.0000 0.9974 -0.0719
vn -0.0000 -0.9999 0.0124
vn -0.0000 1.0000 -0.0027
vn -0.0000 -0.9992 0.0389
vn -0.0000 0.9982 0.0604
vn -0.0000 -0.2799 -0.9600
vn -0.0000 0.0194 0.9998
vn -0.0000 0.9988 0.0480
vn -0.0000 -0.9548 0.2972
vn -0.0000 0.9968 0.0795
vn -0.0000 -0.9996 0.0265
vn -0.0000 -0.9989 -0.0470
vn -0.0000 0.9987 -0.0508
vn -0.0000 0.2464 -0.9692
vn -0.0000 0.4955 -0.8686
vn -0.0000 0.4919 0.8707
vn -0.4032 0.8232 -0.3997
vn -0.6234 -0.5549 -0.5509
vn -0.5913 0.6512 0.4757
vn -0.5615 -0.1986 0.8033
vn -0.4594 0.8254 0.3281
vn -0.7709 0.5773 0.2692
vn -0.6810 -0.7018 0.2090
vn -0.7935 0.1109 -0.5984
vn -0.7477 0.2117 0.6294
vn -0.7929 -0.1396 -0.5931
vn -0.9066 0.3598 0.2205
vn -0.5511 0.8297 -0.0894
vn -0.6140 -0.7818 -0.1092
vn -0.9927 0.1199 -0.0113
vn -1.0000 -0.0000 -0.0000
vn -0.5572 0.8303 0.0088
vn -1.0000 0.0002 -0.0010
vn -0.6876 -0.7259 0.0191
vn -0.9939 0.1104 0.0005
vn -0.5562 0.8299 0.0431
vn -1.0000 0.0048 -0.0040
vn -0.8080 -0.5887 0.0229
vn -0.9927 0.1205 -0.0029
vn -0.8334 -0.0835 -0.5463
vn -0.7330 0.1623 0.6605
vn -0.9872 0.1146 0.1113
vn -1.0000 -0.0010 -0.0031
vn -1.0000 0.0015 -0.0034
vn -0.0970 -0.7611 -0.6413
vn -0.0924 0.7521 0.6526
vn -0.0527 -0.4413 0.8958
vn -0.0382 0.8800 -0.4733
vn -0.0745 0.8316 0.5504
vn -0.0029 -0.9999 0.0164
vn 0.0083 0.8555 0.5177
vn -0.1416 0.0469 -0.9888
vn -0.1089 0.1105 0.9879
vn -0.1476 -0.1896 -0.9707
vn 0.0096 -0.9990 -0.0426
vn -0.0098 0.9976 -0.0692
vn -0.0000 -0.9999 0.0166
vn -0.0282 0.9996 -0.0012
vn -0.0126 -0.9992 0.0390
vn -0.0342 0.9975 0.0611
vn -0.1536 -0.2780 -0.9482
vn -0.0848 0.0304 0.9959
vn -0.6013 0.7904 0.1170
vn -0.6128 -0.6289 0.4785
vn -0.9695 0.2093 0.1273
vn -0.9862 0.0664 0.1519
vn -0.0148 -0.9531 0.3024
vn -0.0205 0.9980 0.0596
vn -0.5426 0.8380 0.0580
vn -0.9993 0.0374 0.0012
vn -0.9903 0.1383 0.0089
vn -0.0314 0.9962 0.0811
vn -0.9939 0.1103 -0.0004
vn -0.5468 0.8370 -0.0219
vn -0.0202 0.9986 -0.0490
vn -0.6078 0.6381 0.4727
vn -0.6377 0.5067 -0.5802
vn -0.7231 0.3512 -0.5948
vn -0.9030 0.4186 -0.0970
vn -0.9556 0.2903 -0.0505
vn -0.9222 0.3867 0.0060
vn -0.9613 0.2756 0.0031
vn -0.9131 0.4073 0.0164
vn -0.9560 0.2934 0.0018
vn -0.1088 0.4885 -0.8657
vn -0.1360 0.2537 -0.9577
vn -0.9046 0.4262 0.0033
vn -0.9542 0.2990 -0.0048
vn -0.9211 0.3892 -0.0073
vn -0.9611 0.2763 -0.0031
vn -0.3723 0.8988 -0.2316
vn -0.3723 0.8988 0.2316
vn -0.6879 0.6879 -0.2316
vn -0.6879 0.6879 0.2316
vn -0.8988 0.3723 -0.2316
vn -0.8988 0.3723 0.2316
vn -0.9728 -0.0000 -0.2316
vn -0.9728 -0.0000 0.2316
vn -0.8988 -0.3723 -0.2316
vn -0.8988 -0.3723 0.2316
vn -0.6879 -0.6879 -0.2316
vn -0.6879 -0.6879 0.2316
vn -0.3723 -0.8988 -0.2316
vn -0.3723 -0.8988 0.2316
vn 0.7485 0.6632 -0.0000
vn -0.7485 0.6632 -0.0000
vn 0.7485 0.6127 0.2538
vn -0.7485 0.6127 0.2538
vn 0.7485 0.4689 0.4689
vn -0.7485 0.4689 0.4689
vn 0.7485 0.2538 0.6127
vn -0.7485 0.2538 0.6127
vn 0.7485 -0.0000 0.6632
vn -0.7485 -0.0000 0.6632
vn 0.7485 -0.2538 0.6127
vn -0.7485 -0.2538 0.6127
vn 0.7485 -0.4689 0.4689
vn -0.7485 -0.4689 0.4689
vn 0.7485 -0.6127 0.2538
vn -0.7485 -0.6127 0.2538
vn 0.7485 -0.6632 -0.0000
vn -0.7485 -0.6632 -0.0000
vn 0.7485 -0.6127 -0.2538
vn -0.7485 -0.6127 -0.2538
vn 0.7485 -0.4689 -0.4689
vn -0.7485 -0.4689 -0.4689
vn 0.7485 -0.2538 -0.6127
vn -0.7485 -0.2538 -0.6127
vn 0.7485 -0.0000 -0.6632
vn -0.7485 -0.0000 -0.6632
vn 0.7485 0.2538 -0.6127
vn -0.7485 0.2538 -0.6127
vn 0.7485 0.4689 -0.4689
vn -0.7485 0.4689 -0.4689
vn 0.7485 0.6127 -0.2538
vn -0.7485 0.6127 -0.2538
vn -0.3801 0.9178 -0.1150
vn -0.3801 0.9178 0.1150
vn -0.7024 0.7024 -0.1150
vn -0.7024 0.7024 0.1150
vn -0.9178 0.3801 -0.1150
vn -0.9178 0.3801 0.1150
vn -0.9934 -0.0000 -0.1150
vn -0.9934 -0.0000 0.1150
vn -0.9178 -0.3801 -0.1150
vn -0.9178 -0.3801 0.1150
vn -0.7024 -0.7024 -0.1150
vn -0.7024 -0.7024 0.1150
vn -0.3801 -0.9178 -0.1150
vn -0.3801 -0.9178 0.1150
vn -0.1150 0.9178 -0.3801
vn 0.1150 0.9178 -0.3801
vn -0.1150 0.7024 -0.7024
vn 0.1150 0.7024 -0.7024
vn -0.1150 0.3801 -0.9178
vn 0.1150 0.3801 -0.9178
vn -0.1150 -0.0000 -0.9934
vn 0.1150 -0.0000 -0.9934
vn -0.1150 -0.3801 -0.9178
vn 0.1150 -0.3801 -0.9178
vn -0.1150 -0.7024 -0.7024
vn 0.1150 -0.7024 -0.7024
vn -0.1150 -0.9178 -0.3801
vn 0.1150 -0.9178 -0.3801
vn -0.1150 -0.9934 -0.0000
vn 0.1150 -0.9934 -0.0000
vn -0.1150 -0.9178 0.3801
vn 0.1150 -0.9178 0.3801
vn -0.1150 -0.7024 0.7024
vn 0.1150 -0.7024 0.7024
vn -0.1150 -0.3801 0.9178
vn 0.1150 -0.3801 0.9178
vn -0.1150 -0.0000 0.9934
vn 0.1150 -0.0000 0.9934
vn -0.1150 0.3801 0.9178
vn 0.1150 0.3801 0.9178
vn -0.1150 0.7024 0.7024
vn 0.1150 0.7024 0.7024
vn -0.1150 0.9178 0.3801
vn 0.1150 0.9178 0.3801
vn 0.1150 0.9934 -0.0000
vn -0.1150 0.9934 -0.0000
vn -0.6236 0.5756 0.5289
vn -0.0592 0.5146 0.8554
vn -0.0169 0.5012 0.8651
vn 0.4032 0.8232 -0.3997
vn 0.6234 -0.5549 -0.5509
vn 0.5913 0.6512 0.4757
vn 0.5615 -0.1986 0.8033
vn 0.4594 0.8254 0.3281
vn 0.7709 0.5773 0.2692
vn 0.6810 -0.7018 0.2090
vn 0.7935 0.1109 -0.5984
vn 0.7477 0.2117 0.6294
vn 0.7929 -0.1396 -0.5931
vn 0.9066 0.3598 0.2205
vn 0.5511 0.8297 -0.0894
vn 0.6140 -0.7818 -0.1092
vn 0.9927 0.1199 -0.0113
vn 1.0000 -0.0000 -0.0000
vn 0.5572 0.8303 0.0088
vn 1.0000 0.0002 -0.0010
vn 0.6876 -0.7259 0.0191
vn 0.9939 0.1104 0.0005
vn 0.5562 0.8299 0.0431
vn 1.0000 0.0048 -0.0040
vn 0.8080 -0.5887 0.0229
vn 0.9927 0.1205 -0.0029
vn 0.8334 -0.0835 -0.5463
vn 0.7330 0.1623 0.6605
vn 0.9872 0.1146 0.1113
vn 1.0000 -0.0010 -0.0031
vn 1.0000 0.0015 -0.0034
vn 0.0970 -0.7611 -0.6413
vn 0.0924 0.7521 0.6526
vn 0.0527 -0.4413 0.8958
vn 0.0382 0.8800 -0.4733
vn 0.0745 0.8316 0.5504
vn 0.0029 -0.9999 0.0164
vn -0.0083 0.8555 0.5177
vn 0.1416 0.0469 -0.9888
vn 0.1089 0.1105 0.9879
vn 0.1476 -0.1896 -0.9707
vn -0.0096 -0.9990 -0.0426
vn 0.0098 0.9976 -0.0692
vn 0.0281 0.9996 -0.0012
vn 0.0126 -0.9992 0.0390
vn 0.0342 0.9975 0.0611
vn 0.1536 -0.2780 -0.9482
vn 0.0848 0.0304 0.9959
vn 0.6013 0.7904 0.1170
vn 0.6128 -0.6289 0.4785
vn 0.9695 0.2093 0.1273
vn 0.9862 0.0664 0.1519
vn 0.0148 -0.9531 0.3024
vn 0.0205 0.9980 0.0596
vn 0.5426 0.8380 0.0580
vn 0.9993 0.0374 0.0012
vn 0.9903 0.1383 0.0089
vn 0.0314 0.9962 0.0811
vn 0.9939 0.1103 -0.0004
vn 0.5468 0.8370 -0.0219
vn 0.0202 0.9986 -0.0490
vn 0.6078 0.6381 0.4727
vn 0.6377 0.5067 -0.5802
vn 0.7231 0.3512 -0.5948
vn 0.9030 0.4186 -0.0970
vn 0.9556 0.2903 -0.0505
vn 0.9222 0.3867 0.0060
vn 0.9613 0.2756 0.0031
vn 0.9131 0.4073 0.0164
vn 0.9560 0.2934 0.0018
vn 0.1088 0.4885 -0.8657
vn 0.1360 0.2537 -0.9577
vn 0.9046 0.4262 0.0033
vn 0.9542 0.2990 -0.0048
vn 0.9211 0.3892 -0.0073
vn 0.9611 0.2763 -0.0031
vn 0.3723 0.8988 -0.2316
vn 0.3723 0.8988 0.2316
vn 0.6879 0.6879 -0.2316
vn 0.6879 0.6879 0.2316
vn 0.8988 0.3723 -0.2316
vn 0.8988 0.3723 0.2316
vn 0.9728 -0.0000 -0.2316
vn 0.9728 -0.0000 0.2316
vn 0.8988 -0.3723 -0.2316
vn 0.8988 -0.3723 0.2316
vn 0.6879 -0.6879 -0.2316
vn 0.6879 -0.6879 0.2316
vn 0.3723 -0.8988 -0.2316
vn 0.3723 -0.8988 0.2316
vn 0.3801 0.9178 -0.1150
vn 0.3801 0.9178 0.1150
vn 0.7024 0.7024 -0.1150
vn 0.7024 0.7024 0.1150
vn 0.9178 0.3801 -0.1150
vn 0.9178 0.3801 0.1150
vn 0.9934 -0.0000 -0.1150
vn 0.9934 -0.0000 0.1150
vn 0.9178 -0.3801 -0.1150
vn 0.9178 -0.3801 0.1150
vn 0.7024 -0.7024 -0.1150
vn 0.7024 -0.7024 0.1150
vn 0.3801 -0.9178 -0.1150
vn 0.3801 -0.9178 0.1150
vn 0.6236 0.5756 0.5289
vn 0.0592 0.5146 0.8554
vn 0.0169 0.5012 0.8651
vt 0.255295 0.183891
vt 0.360929 0.183891
vt 0.360929 0.342294
vt 0.815886 0.732484
vt 0.735961 0.744753
vt 0.733833 0.733607
vt 0.373783 0.633864
vt 0.421759 0.673104
vt 0.357252 0.671352
vt 0.183047 0.425652
vt 0.205456 0.523331
vt 0.178234 0.522547
vt 0.193727 0.374763
vt 0.214894 0.422534
vt 0.825578 0.437112
vt 0.848100 0.504347
vt 0.761693 0.514002
vt 0.841523 0.376363
vt 0.855497 0.377980
vt 0.259498 0.524441
vt 0.282353 0.404694
vt 0.588257 0.630915
vt 0.577277 0.580273
vt 0.607812 0.593597
vt 0.209211 0.576505
vt 0.257213 0.578990
vt 0.321450 0.525331
vt 0.332828 0.413667
vt 0.257046 0.360357
vt 0.227009 0.366681
vt 0.541222 0.526809
vt 0.383314 0.406776
vt 0.691266 0.419632
vt 0.380842 0.580818
vt 0.318233 0.581050
vt 0.597434 0.530381
vt 0.714106 0.451283
vt 0.382907 0.525177
vt 0.523962 0.578501
vt 0.406675 0.361182
vt 0.666968 0.330010
vt 0.404903 0.312942
vt 0.225206 0.320165
vt 0.857661 0.332145
vt 0.844291 0.327996
vt 0.203063 0.322642
vt 0.813385 0.776511
vt 0.735572 0.772804
vt 0.188391 0.317045
vt 0.182763 0.370570
vt 0.484509 0.381253
vt 0.524644 0.417065
vt 0.525468 0.382081
vt 0.395603 0.307084
vt 0.664730 0.324611
vt 0.542326 0.417422
vt 0.543338 0.382442
vt 0.572842 0.387513
vt 0.560349 0.417786
vt 0.575778 0.418098
vt 0.211064 0.314501
vt 0.249592 0.316916
vt 0.246476 0.307084
vt 0.175146 0.422831
vt 0.738498 0.801245
vt 0.175146 0.422831
vt 0.168606 0.522336
vt 0.463846 0.381441
vt 0.469608 0.415953
vt 0.472993 0.381323
vt 0.332402 0.626714
vt 0.331221 0.671100
vt 0.852329 0.746529
vt 0.852329 0.732484
vt 0.812794 0.803680
vt 0.745062 0.842058
vt 0.462695 0.464959
vt 0.509638 0.416918
vt 0.501793 0.473805
vt 0.557665 0.489727
vt 0.564423 0.426315
vt 0.816206 0.732262
vt 0.852329 0.732262
vt 0.865809 0.349844
vt 0.861888 0.394384
vt 0.796196 0.447548
vt 0.637670 0.531997
vt 0.732792 0.730994
vt 0.484061 0.416245
vt 0.561113 0.382801
vt 0.273308 0.690431
vt 0.318520 0.639738
vt 0.325602 0.693310
vt 0.260366 0.636973
vt 0.554937 0.632944
vt 0.559451 0.681273
vt 0.532551 0.683576
vt 0.332402 0.544977
vt 0.365338 0.585011
vt 0.332402 0.584421
vt 0.378435 0.639898
vt 0.498678 0.686639
vt 0.378177 0.694102
vt 0.516433 0.633990
vt 0.238684 0.687950
vt 0.218839 0.634093
vt 0.367377 0.544977
vt 0.424251 0.587018
vt 0.424517 0.634089
vt 0.138246 0.565659
vt 0.125327 0.567708
vt 0.125327 0.561397
vt 0.138246 0.546687
vt 0.125327 0.543425
vt 0.125327 0.516528
vt 0.138246 0.518293
vt 0.138246 0.484800
vt 0.125327 0.484800
vt 0.125327 0.453073
vt 0.138246 0.451308
vt 0.125328 0.426176
vt 0.138246 0.422914
vt 0.125328 0.408204
vt 0.138246 0.403942
vt 0.138246 0.397280
vt 0.125328 0.401893
vt 0.138246 0.572321
vt 0.125328 0.426176
vt 0.138246 0.422914
vt 0.165193 0.408204
vt 0.165193 0.453073
vt 0.165193 0.561397
vt 0.152274 0.397280
vt 0.165193 0.401893
vt 0.152274 0.403942
vt 0.165193 0.426176
vt 0.152274 0.422914
vt 0.152274 0.451308
vt 0.152274 0.484800
vt 0.165193 0.516528
vt 0.165193 0.484800
vt 0.152274 0.518293
vt 0.165193 0.543425
vt 0.152274 0.546687
vt 0.152274 0.565659
vt 0.152274 0.572321
vt 0.165193 0.567708
vt 0.165193 0.543425
vt 0.458266 0.433225
vt 0.458423 0.415727
vt 0.542255 0.434921
vt 0.560247 0.435285
vt 0.319132 0.307084
vt 0.747843 0.324611
vt 0.469466 0.433451
vt 0.483948 0.433743
vt 0.566894 0.393911
vt 0.458966 0.408226
vt 0.512110 0.384514
vt 0.852329 0.847159
vt 0.812728 0.847159
vt 0.852329 0.803680
vt 0.843953 0.324611
vt 0.575647 0.435596
vt 0.524590 0.434564
vt 0.814120 0.746529
vt 0.852329 0.776511
vt 0.820985 0.890278
vt 0.852329 0.857642
vt 0.852329 0.890278
vt 0.825260 0.956481
vt 0.854042 0.910665
vt 0.852329 0.956481
vt 0.824546 0.910665
vt 0.761569 0.908859
vt 0.756968 0.898507
vt 0.772056 0.953272
vt 0.819793 0.857642
vt 0.755797 0.859472
vt 0.308112 0.151085
vt 0.233417 0.263092
vt 0.308112 0.375100
vt 0.888773 0.732484
vt 0.968698 0.744753
vt 0.890539 0.746529
vt 0.672869 0.375035
vt 0.259688 0.312942
vt 0.891274 0.776511
vt 0.966160 0.801245
vt 0.969087 0.772804
vt 0.959597 0.842058
vt 0.891864 0.803680
vt 0.888452 0.732262
vt 0.857167 0.439543
vt 0.970825 0.733607
vt 0.437328 0.545553
vt 0.883673 0.890278
vt 0.884865 0.857642
vt 0.879399 0.956481
vt 0.883537 0.910665
vt 0.946515 0.908859
vt 0.947691 0.898507
vt 0.932602 0.953272
vt 0.336697 0.366574
vt 0.279528 0.366574
vt 0.255295 0.342294
vt 0.239103 0.305956
vt 0.239103 0.220229
vt 0.279528 0.159611
vt 0.336697 0.159611
vt 0.377121 0.220229
vt 0.382807 0.263092
vt 0.377121 0.305956
vt 0.461438 0.375822
vt 0.891931 0.847159
vt 0.971867 0.730994
vt 0.948862 0.859472
s 1
usemtl broncoMat
f 6/1/1 11/2/1 15/3/1
f 102/4/87 54/5/40 99/6/84
f 123/7/105 51/8/37 83/9/68
f 89/10/74 58/11/44 87/12/72
f 96/13/81 60/14/46 89/10/74
f 100/15/85 53/16/39 98/17/83
f 100/15/85 76/18/62 101/19/86
f 64/20/50 60/14/46 65/21/51
f 114/22/96 126/23/108 285/24/203
f 116/25/98 64/20/50 118/26/100
f 109/27/93 65/21/51 111/28/51
f 77/29/51 60/14/46 74/30/60
f 73/31/59 67/32/53 71/33/57
f 109/27/93 120/34/102 128/35/110
f 106/36/91 71/33/57 105/37/90
f 69/38/55 122/39/104 120/34/102
f 78/40/63 71/33/57 67/32/53
f 72/41/58 78/40/63 68/42/54
f 52/43/38 77/29/51 74/30/60
f 99/44/84 76/18/62 57/45/43
f 80/46/65 74/30/60 96/13/81
f 54/5/40 97/47/82 75/48/61
f 80/49/65 39/50/26 23/49/10
f 70/51/56 93/52/78 66/53/52
f 68/54/54 94/55/79 72/55/58
f 66/53/52 112/56/95 110/57/94
f 51/58/37 91/59/76 83/60/68
f 52/61/38 90/62/75 63/63/49
f 96/50/81 32/64/19 39/50/26
f 97/47/82 59/65/45 75/48/61
f 89/66/74 30/67/17 32/64/19
f 55/68/41 108/69/92 104/70/89
f 48/71/35 83/9/68 26/72/13
f 25/73/12 102/4/87 42/74/29
f 88/75/73 53/76/39 59/65/45
f 53/77/39 103/78/88 98/79/83
f 56/80/42 103/78/88 86/81/71
f 42/74/29 85/82/70 28/83/15
f 54/84/40 101/19/86 99/44/84
f 75/85/61 100/15/85 101/19/86
f 61/86/47 98/17/83 56/87/42
f 85/82/70 99/6/84 57/88/43
f 104/70/89 95/89/80 70/51/56
f 56/87/42 105/37/90 61/86/47
f 106/36/91 285/24/203 126/23/108
f 110/57/94 91/59/76 62/90/48
f 64/20/50 128/35/110 118/26/100
f 69/38/55 111/28/51 67/32/53
f 62/91/48 127/92/109 110/93/94
f 117/94/99 128/35/110 127/92/109
f 125/95/107 55/96/41 104/97/89
f 30/98/17 124/99/106 47/100/34
f 47/100/34 123/7/105 48/71/35
f 119/101/101 70/102/56 66/103/52
f 120/34/102 121/104/103 119/101/101
f 110/93/94 119/101/101 66/103/52
f 128/35/110 119/101/101 127/92/109
f 51/105/37 117/94/99 62/91/48
f 115/106/97 118/26/100 117/94/99
f 87/107/72 116/108/98 124/99/106
f 124/99/106 115/109/97 123/7/105
f 175/110/157 17/111/4 129/112/111
f 177/113/159 129/112/111 131/114/113
f 177/113/159 133/115/115 179/116/161
f 181/117/163 133/115/115 135/118/117
f 181/117/163 137/119/119 183/120/165
f 183/120/165 139/121/121 185/122/167
f 185/122/167 141/123/123 187/124/169
f 19/125/6 141/123/123 8/126/2
f 220/127/202 146/112/128 217/110/199
f 217/110/199 148/114/130 215/113/197
f 215/113/197 150/115/132 213/116/195
f 213/116/195 152/118/134 211/117/193
f 152/118/134 209/120/191 211/117/193
f 209/120/191 156/128/138 207/129/189
f 156/128/138 205/124/187 207/129/189
f 158/123/140 203/125/185 205/124/187
f 160/126/142 201/124/183 203/125/185
f 201/124/183 164/121/146 199/122/181
f 164/121/146 197/120/179 199/122/181
f 166/119/148 195/117/177 197/120/179
f 195/117/177 170/115/152 193/116/175
f 170/115/152 191/113/173 193/116/175
f 164/1/146 156/2/138 148/3/130
f 172/114/154 189/110/171 191/113/173
f 189/110/171 144/111/126 220/127/202
f 157/130/139 165/131/147 173/132/155
f 142/130/124 20/133/7 9/134/3
f 188/135/170 19/125/6 20/133/7
f 140/136/122 188/135/170 142/130/124
f 186/137/168 187/124/169 188/135/170
f 138/131/120 186/137/168 140/136/122
f 184/138/166 185/122/167 186/137/168
f 138/131/120 182/139/164 184/138/166
f 182/139/164 183/120/165 184/138/166
f 134/140/116 182/139/164 136/141/118
f 180/142/162 181/117/163 182/139/164
f 132/143/114 180/142/162 134/140/116
f 178/144/160 179/116/161 180/142/162
f 132/143/114 176/145/158 178/144/160
f 176/145/158 177/113/159 178/144/160
f 130/132/112 21/146/8 176/145/158
f 21/146/8 175/110/157 176/145/158
f 219/146/201 145/132/127 143/147/125
f 219/146/201 217/110/199 218/145/200
f 218/145/200 147/148/129 145/132/127
f 217/110/199 216/144/198 218/145/200
f 147/148/129 214/142/196 149/140/131
f 216/144/198 213/116/195 214/142/196
f 214/142/196 151/141/133 149/140/131
f 213/116/195 212/139/194 214/142/196
f 151/141/133 210/138/192 153/131/135
f 211/117/193 210/138/192 212/139/194
f 210/138/192 155/136/137 153/131/135
f 210/138/192 207/129/189 208/137/190
f 155/136/137 206/135/188 157/130/139
f 207/129/189 206/135/188 208/137/190
f 157/130/139 204/133/186 159/134/141
f 205/124/187 204/133/186 206/135/188
f 204/133/186 161/130/143 159/134/141
f 204/133/186 201/124/183 202/135/184
f 202/135/184 163/136/145 161/130/143
f 201/124/183 200/137/182 202/135/184
f 200/137/182 165/131/147 163/136/145
f 199/122/181 198/138/180 200/137/182
f 198/138/180 167/141/149 165/131/147
f 197/120/179 196/139/178 198/138/180
f 196/139/178 169/140/151 167/141/149
f 195/117/177 194/142/176 196/139/178
f 194/142/176 171/143/153 169/140/151
f 193/116/175 192/144/174 194/142/176
f 171/143/153 190/145/172 173/132/155
f 191/113/173 190/145/172 192/144/174
f 173/132/155 219/146/201 143/147/125
f 189/110/171 219/146/201 190/145/172
f 284/127/202 224/112/128 281/110/199
f 281/110/199 226/114/130 279/113/197
f 279/113/197 228/115/132 277/116/195
f 228/115/132 275/117/193 277/116/195
f 230/118/134 273/120/191 275/117/193
f 273/120/191 234/128/138 271/129/189
f 234/128/138 269/124/187 271/129/189
f 269/124/187 238/126/142 267/125/185
f 238/126/142 265/124/183 267/125/185
f 265/124/183 242/121/146 263/122/181
f 242/121/146 261/120/179 263/122/181
f 244/119/148 259/117/177 261/120/179
f 259/117/177 248/115/152 257/116/175
f 248/115/152 255/113/173 257/116/175
f 242/1/146 234/2/138 226/3/130
f 250/114/154 253/110/171 255/113/173
f 253/110/171 222/111/126 284/127/202
f 235/130/139 243/131/147 251/132/155
f 283/146/201 223/132/127 221/147/125
f 284/127/202 282/145/200 283/146/201
f 282/145/200 225/148/129 223/132/127
f 281/110/199 280/144/198 282/145/200
f 225/148/129 278/142/196 227/140/131
f 280/144/198 277/116/195 278/142/196
f 278/142/196 229/141/133 227/140/131
f 277/116/195 276/139/194 278/142/196
f 229/141/133 274/138/192 231/131/135
f 275/117/193 274/138/192 276/139/194
f 274/138/192 233/136/137 231/131/135
f 274/138/192 271/129/189 272/137/190
f 233/136/137 270/135/188 235/130/139
f 271/129/189 270/135/188 272/137/190
f 270/135/188 237/134/141 235/130/139
f 269/124/187 268/133/186 270/135/188
f 268/133/186 239/130/143 237/134/141
f 268/133/186 265/124/183 266/135/184
f 266/135/184 241/136/145 239/130/143
f 265/124/183 264/137/182 266/135/184
f 264/137/182 243/131/147 241/136/145
f 263/122/181 262/138/180 264/137/182
f 262/138/180 245/141/149 243/131/147
f 261/120/179 260/139/178 262/138/180
f 260/139/178 247/140/151 245/141/149
f 259/117/177 258/142/176 260/139/178
f 258/142/176 249/143/153 247/140/151
f 257/116/175 256/144/174 258/142/176
f 249/143/153 254/145/172 251/132/155
f 255/113/173 254/145/172 256/144/174
f 251/132/155 283/146/201 221/147/125
f 253/110/171 283/146/201 254/145/172
f 27/149/14 108/69/92 84/150/69
f 91/59/76 46/151/33 34/152/21
f 33/62/20 113/153/32 90/62/75
f 37/55/24 107/154/31 94/55/79
f 95/89/80 43/155/30 38/156/25
f 103/78/88 29/157/16 86/81/71
f 81/158/66 41/159/28 103/78/88
f 88/75/73 24/160/11 81/161/66
f 97/47/82 31/162/18 88/75/73
f 44/154/31 85/163/70 107/154/31
f 23/49/10 90/62/75 80/49/65
f 83/60/68 34/152/21 26/164/13
f 45/153/32 92/54/77 113/153/32
f 112/56/95 36/165/23 46/151/33
f 35/54/22 94/55/79 92/54/77
f 93/52/78 38/156/25 36/165/23
f 82/166/67 40/167/27 97/47/82
f 287/168/205 29/169/16 50/170/36
f 84/171/69 49/172/36 27/173/14
f 286/174/204 50/170/36 49/172/36
f 287/168/205 114/175/96 285/176/203
f 55/177/41 286/174/204 84/171/69
f 86/178/71 285/176/203 56/179/42
f 104/97/89 121/104/103 125/95/107
f 122/39/104 125/95/107 121/104/103
f 126/23/108 73/31/59 106/36/91
f 8/180/2 291/181/1 17/182/4
f 353/183/255 305/184/209 333/185/236
f 374/7/273 302/8/206 366/109/265
f 340/10/243 309/11/213 311/14/215
f 347/13/249 311/14/215 325/30/229
f 304/16/208 351/15/253 349/17/251
f 327/18/231 351/15/253 352/19/254
f 315/20/219 311/14/215 309/11/213
f 377/23/276 365/22/264 536/24/307
f 367/25/266 315/20/219 309/11/213
f 360/27/261 316/21/220 315/20/219
f 311/14/215 328/29/220 325/30/229
f 324/31/228 318/32/222 320/38/224
f 371/34/270 360/27/261 379/35/278
f 357/36/259 322/33/226 324/31/228
f 373/39/272 320/38/224 371/34/270
f 329/40/232 322/33/226 330/186/233
f 329/40/232 323/41/227 319/42/223
f 303/43/207 328/29/220 314/187/218
f 350/44/252 327/18/231 352/19/254
f 331/46/234 325/30/229 303/43/207
f 305/184/209 348/188/250 333/185/236
f 39/50/26 331/49/234 23/49/10
f 344/52/246 321/51/225 317/53/221
f 319/54/223 345/55/247 343/54/77
f 363/56/263 317/53/221 361/57/262
f 302/58/206 342/59/245 313/90/217
f 303/61/207 341/62/244 331/49/234
f 32/64/19 347/50/249 39/50/26
f 310/189/214 348/188/250 326/190/230
f 30/67/17 340/66/243 32/64/19
f 359/69/260 306/68/210 355/70/257
f 48/71/35 334/9/237 374/7/273
f 353/183/255 25/73/12 42/74/29
f 304/191/208 339/192/242 310/189/214
f 354/78/256 304/77/208 349/79/251
f 307/80/211 354/78/256 349/79/251
f 336/193/239 42/74/29 28/83/15
f 305/84/209 352/19/254 326/85/230
f 326/85/230 351/15/253 310/194/214
f 349/17/251 312/86/216 307/87/211
f 336/193/239 350/195/252 353/183/255
f 346/89/248 355/70/257 321/51/225
f 307/87/211 356/37/258 357/36/259
f 357/36/259 536/24/307 307/87/211
f 342/59/245 361/57/262 313/90/217
f 379/35/278 315/20/219 369/26/268
f 320/38/224 362/28/220 360/27/261
f 313/91/217 378/92/277 368/94/267
f 368/94/267 379/35/278 369/26/268
f 306/96/210 376/95/275 355/97/257
f 30/98/17 375/99/274 338/107/241
f 47/100/34 374/7/273 375/99/274
f 321/102/225 370/101/269 317/103/221
f 372/104/271 371/34/270 370/101/269
f 361/93/262 370/101/269 378/92/277
f 370/101/269 379/35/278 378/92/277
f 302/105/206 368/94/267 366/106/265
f 366/106/265 369/26/268 367/25/266
f 338/107/241 367/108/266 309/196/213
f 375/99/274 366/109/265 367/108/266
f 380/112/279 22/127/9 426/110/293
f 428/113/295 380/112/279 426/110/293
f 384/115/283 428/113/295 430/116/297
f 432/117/299 384/115/283 430/116/297
f 388/119/287 432/117/299 434/120/301
f 390/121/289 434/120/301 436/122/303
f 392/123/291 436/122/303 438/124/305
f 19/125/6 392/123/291 438/124/305
f 471/127/201 397/112/127 395/111/125
f 468/110/200 399/114/129 397/112/127
f 466/113/198 401/115/131 399/114/129
f 464/116/196 403/118/133 401/115/131
f 460/120/192 403/118/133 462/117/194
f 460/120/192 407/128/137 405/119/135
f 456/124/188 407/128/137 458/129/190
f 454/125/186 409/123/139 456/124/188
f 452/124/184 411/126/141 454/125/186
f 452/124/184 415/121/145 413/123/143
f 448/120/180 415/121/145 450/122/182
f 446/117/178 417/119/147 448/120/180
f 446/117/178 421/115/151 419/118/149
f 442/113/174 421/115/151 444/116/176
f 411/180/141 419/181/149 395/182/125
f 440/110/172 423/114/153 442/113/174
f 440/110/172 395/111/125 425/112/155
f 412/130/144 404/131/136 396/132/128
f 20/133/7 393/130/292 9/134/3
f 19/125/6 439/135/306 20/133/7
f 393/130/292 437/137/304 391/136/290
f 438/124/305 437/137/304 439/135/306
f 437/137/304 389/131/288 391/136/290
f 436/122/303 435/138/302 437/137/304
f 435/138/302 387/141/286 389/131/288
f 434/120/301 433/139/300 435/138/302
f 433/139/300 385/140/284 387/141/286
f 432/117/299 431/142/298 433/139/300
f 431/142/298 383/143/282 385/140/284
f 430/116/297 429/144/296 431/142/298
f 383/143/282 427/145/294 381/132/280
f 428/113/295 427/145/294 429/144/296
f 381/132/280 21/146/8 18/147/5
f 426/110/293 21/146/8 427/145/294
f 396/132/128 470/146/202 394/147/126
f 470/146/202 468/110/200 471/127/201
f 398/148/130 469/145/199 396/132/128
f 467/144/197 468/110/200 469/145/199
f 398/148/130 465/142/195 467/144/197
f 467/144/197 464/116/196 466/113/198
f 402/141/134 465/142/195 400/140/132
f 463/139/193 464/116/196 465/142/195
f 402/141/134 461/138/191 463/139/193
f 461/138/191 462/117/194 463/139/193
f 406/136/138 461/138/191 404/131/136
f 461/138/191 458/129/190 460/120/192
f 406/136/138 457/135/187 459/137/189
f 457/135/187 458/129/190 459/137/189
f 408/130/140 455/133/185 457/135/187
f 455/133/185 456/124/188 457/135/187
f 412/130/144 455/133/185 410/134/142
f 455/133/185 452/124/184 454/125/186
f 414/136/146 453/135/183 412/130/144
f 451/137/181 452/124/184 453/135/183
f 416/131/148 451/137/181 414/136/146
f 449/138/179 450/122/182 451/137/181
f 418/141/150 449/138/179 416/131/148
f 447/139/177 448/120/180 449/138/179
f 420/140/152 447/139/177 418/141/150
f 445/142/175 446/117/178 447/139/177
f 422/143/154 445/142/175 420/140/152
f 443/144/173 444/116/176 445/142/175
f 422/143/154 441/145/171 443/144/173
f 441/145/171 442/113/174 443/144/173
f 394/147/126 441/145/171 424/132/156
f 470/146/202 440/110/172 441/145/171
f 532/110/200 473/111/125 535/127/201
f 532/110/200 477/114/129 475/112/127
f 530/113/198 479/115/131 477/114/129
f 528/116/196 481/118/133 479/115/131
f 524/120/192 481/118/133 526/117/194
f 524/120/192 485/128/137 483/119/135
f 520/124/188 485/128/137 522/129/190
f 520/124/188 489/126/141 487/123/139
f 516/124/184 489/126/141 518/125/186
f 516/124/184 493/121/145 491/123/143
f 512/120/180 493/121/145 514/122/182
f 510/117/178 495/119/147 512/120/180
f 510/117/178 499/115/151 497/118/149
f 506/113/174 499/115/151 508/116/176
f 489/180/141 497/181/149 473/182/125
f 504/110/172 501/114/153 506/113/174
f 535/127/201 503/112/155 504/110/172
f 490/130/144 482/131/136 474/132/128
f 474/132/128 534/146/202 472/147/126
f 533/145/199 535/127/201 534/146/202
f 476/148/130 533/145/199 474/132/128
f 531/144/197 532/110/200 533/145/199
f 476/148/130 529/142/195 531/144/197
f 531/144/197 528/116/196 530/113/198
f 480/141/134 529/142/195 478/140/132
f 527/139/193 528/116/196 529/142/195
f 480/141/134 525/138/191 527/139/193
f 525/138/191 526/117/194 527/139/193
f 484/136/138 525/138/191 482/131/136
f 525/138/191 522/129/190 524/120/192
f 484/136/138 521/135/187 523/137/189
f 521/135/187 522/129/190 523/137/189
f 488/134/142 521/135/187 486/130/140
f 519/133/185 520/124/188 521/135/187
f 490/130/144 519/133/185 488/134/142
f 519/133/185 516/124/184 518/125/186
f 492/136/146 517/135/183 490/130/144
f 515/137/181 516/124/184 517/135/183
f 492/136/146 513/138/179 515/137/181
f 513/138/179 514/122/182 515/137/181
f 496/141/150 513/138/179 494/131/148
f 511/139/177 512/120/180 513/138/179
f 498/140/152 511/139/177 496/141/150
f 509/142/175 510/117/178 511/139/177
f 500/143/154 509/142/175 498/140/152
f 507/144/173 508/116/176 509/142/175
f 500/143/154 505/145/171 507/144/173
f 505/145/171 506/113/174 507/144/173
f 502/132/156 534/146/202 505/145/171
f 534/146/202 504/110/172 505/145/171
f 359/69/260 27/149/14 335/150/238
f 342/59/245 46/151/33 363/56/263
f 364/153/32 33/62/20 341/62/244
f 358/154/31 37/55/24 345/55/247
f 346/89/248 43/155/30 359/69/260
f 29/157/16 354/78/256 337/81/240
f 41/159/28 332/158/235 354/78/256
f 339/192/242 24/160/11 31/162/18
f 348/188/250 31/162/18 40/167/27
f 336/163/239 44/154/31 358/154/31
f 341/62/244 23/49/10 331/49/234
f 334/60/237 34/152/21 342/59/245
f 343/54/77 45/153/32 364/153/32
f 363/56/263 36/165/23 344/52/246
f 345/55/247 35/54/22 343/54/77
f 344/52/246 38/156/25 346/89/248
f 333/185/236 40/167/27 25/73/12
f 538/197/309 29/169/16 337/198/240
f 335/199/238 49/172/36 537/200/308
f 537/200/308 50/170/36 538/197/309
f 365/201/264 538/197/309 536/202/307
f 537/200/308 306/203/210 335/199/238
f 337/198/240 536/202/307 538/197/309
f 355/97/257 372/104/271 321/102/225
f 373/39/272 376/95/275 377/23/276
f 324/31/228 377/23/276 357/36/259
f 15/3/1 16/204/1 17/182/4
f 17/182/4 1/205/1 2/206/1
f 2/206/1 3/207/1 4/181/1
f 4/181/1 5/208/1 6/1/1
f 6/1/1 7/209/1 8/180/2
f 8/180/2 10/210/1 11/2/1
f 11/2/1 12/211/1 13/212/1
f 13/212/1 14/213/1 15/3/1
f 15/3/1 17/182/4 2/206/1
f 2/206/1 4/181/1 6/1/1
f 6/1/1 8/180/2 11/2/1
f 11/2/1 13/212/1 15/3/1
f 15/3/1 2/206/1 6/1/1
f 102/4/87 82/166/67 54/5/40
f 123/7/105 115/109/97 51/8/37
f 89/10/74 60/14/46 58/11/44
f 96/13/81 74/30/60 60/14/46
f 100/15/85 59/194/45 53/16/39
f 100/15/85 61/86/47 76/18/62
f 64/20/50 58/11/44 60/14/46
f 114/22/96 125/95/107 126/23/108
f 116/25/98 58/11/44 64/20/50
f 109/27/93 64/20/50 65/21/51
f 77/29/51 65/21/51 60/14/46
f 73/31/59 69/38/55 67/32/53
f 109/27/93 69/38/55 120/34/102
f 106/36/91 73/31/59 71/33/57
f 69/38/55 73/31/59 122/39/104
f 78/40/63 79/186/64 71/33/57
f 72/41/58 79/186/64 78/40/63
f 52/43/38 63/187/49 77/29/51
f 99/44/84 101/19/86 76/18/62
f 80/46/65 52/43/38 74/30/60
f 54/5/40 82/166/67 97/47/82
f 80/49/65 96/50/81 39/50/26
f 70/51/56 95/89/80 93/52/78
f 68/54/54 92/54/77 94/55/79
f 66/53/52 93/52/78 112/56/95
f 51/58/37 62/90/48 91/59/76
f 52/61/38 80/49/65 90/62/75
f 96/50/81 89/66/74 32/64/19
f 97/47/82 88/75/73 59/65/45
f 89/66/74 87/67/72 30/67/17
f 55/68/41 84/150/69 108/69/92
f 48/71/35 123/7/105 83/9/68
f 25/73/12 82/166/67 102/4/87
f 88/75/73 81/161/66 53/76/39
f 53/77/39 81/158/66 103/78/88
f 56/80/42 98/79/83 103/78/88
f 42/74/29 102/4/87 85/82/70
f 54/84/40 75/85/61 101/19/86
f 75/85/61 59/194/45 100/15/85
f 61/86/47 100/15/85 98/17/83
f 85/82/70 102/4/87 99/6/84
f 104/70/89 108/69/92 95/89/80
f 56/87/42 106/36/91 105/37/90
f 106/36/91 56/87/42 285/24/203
f 110/57/94 112/56/95 91/59/76
f 64/20/50 109/27/93 128/35/110
f 69/38/55 109/27/93 111/28/51
f 62/91/48 117/94/99 127/92/109
f 117/94/99 118/26/100 128/35/110
f 125/95/107 114/22/96 55/96/41
f 30/98/17 87/107/72 124/99/106
f 47/100/34 124/99/106 123/7/105
f 119/101/101 121/104/103 70/102/56
f 120/34/102 122/39/104 121/104/103
f 110/93/94 127/92/109 119/101/101
f 128/35/110 120/34/102 119/101/101
f 51/105/37 115/106/97 117/94/99
f 115/106/97 116/25/98 118/26/100
f 87/107/72 58/196/44 116/108/98
f 124/99/106 116/108/98 115/109/97
f 175/110/157 22/127/9 17/111/4
f 177/113/159 175/110/157 129/112/111
f 177/113/159 131/114/113 133/115/115
f 181/117/163 179/116/161 133/115/115
f 181/117/163 135/118/117 137/119/119
f 183/120/165 137/119/119 139/121/121
f 185/122/167 139/121/121 141/123/123
f 19/125/6 187/124/169 141/123/123
f 220/127/202 144/111/126 146/112/128
f 217/110/199 146/112/128 148/114/130
f 215/113/197 148/114/130 150/115/132
f 213/116/195 150/115/132 152/118/134
f 152/118/134 154/119/136 209/120/191
f 209/120/191 154/119/136 156/128/138
f 156/128/138 158/123/140 205/124/187
f 158/123/140 160/126/142 203/125/185
f 160/126/142 162/123/144 201/124/183
f 201/124/183 162/123/144 164/121/146
f 164/121/146 166/119/148 197/120/179
f 166/119/148 168/118/150 195/117/177
f 195/117/177 168/118/150 170/115/152
f 170/115/152 172/114/154 191/113/173
f 148/3/130 146/204/128 144/182/126
f 144/182/126 174/205/156 172/206/154
f 172/206/154 170/207/152 168/181/150
f 168/181/150 166/208/148 164/1/146
f 164/1/146 162/209/144 160/180/142
f 160/180/142 158/210/140 156/2/138
f 156/2/138 154/211/136 152/212/134
f 152/212/134 150/213/132 148/3/130
f 148/3/130 144/182/126 172/206/154
f 172/206/154 168/181/150 164/1/146
f 164/1/146 160/180/142 156/2/138
f 156/2/138 152/212/134 148/3/130
f 148/3/130 172/206/154 164/1/146
f 172/114/154 174/112/156 189/110/171
f 189/110/171 174/112/156 144/111/126
f 173/132/155 143/147/125 145/132/127
f 145/132/127 147/148/129 149/140/131
f 149/140/131 151/141/133 153/131/135
f 153/131/135 155/136/137 157/130/139
f 157/130/139 159/134/141 161/130/143
f 161/130/143 163/136/145 165/131/147
f 165/131/147 167/141/149 169/140/151
f 169/140/151 171/143/153 173/132/155
f 173/132/155 145/132/127 149/140/131
f 149/140/131 153/131/135 157/130/139
f 157/130/139 161/130/143 165/131/147
f 165/131/147 169/140/151 173/132/155
f 173/132/155 149/140/131 157/130/139
f 142/130/124 188/135/170 20/133/7
f 188/135/170 187/124/169 19/125/6
f 140/136/122 186/137/168 188/135/170
f 186/137/168 185/122/167 187/124/169
f 138/131/120 184/138/166 186/137/168
f 184/138/166 183/120/165 185/122/167
f 138/131/120 136/141/118 182/139/164
f 182/139/164 181/117/163 183/120/165
f 134/140/116 180/142/162 182/139/164
f 180/142/162 179/116/161 181/117/163
f 132/143/114 178/144/160 180/142/162
f 178/144/160 177/113/159 179/116/161
f 132/143/114 130/132/112 176/145/158
f 176/145/158 175/110/157 177/113/159
f 130/132/112 18/147/5 21/146/8
f 21/146/8 22/127/9 175/110/157
f 219/146/201 218/145/200 145/132/127
f 219/146/201 220/127/202 217/110/199
f 218/145/200 216/144/198 147/148/129
f 217/110/199 215/113/197 216/144/198
f 147/148/129 216/144/198 214/142/196
f 216/144/198 215/113/197 213/116/195
f 214/142/196 212/139/194 151/141/133
f 213/116/195 211/117/193 212/139/194
f 151/141/133 212/139/194 210/138/192
f 211/117/193 209/120/191 210/138/192
f 210/138/192 208/137/190 155/136/137
f 210/138/192 209/120/191 207/129/189
f 155/136/137 208/137/190 206/135/188
f 207/129/189 205/124/187 206/135/188
f 157/130/139 206/135/188 204/133/186
f 205/124/187 203/125/185 204/133/186
f 204/133/186 202/135/184 161/130/143
f 204/133/186 203/125/185 201/124/183
f 202/135/184 200/137/182 163/136/145
f 201/124/183 199/122/181 200/137/182
f 200/137/182 198/138/180 165/131/147
f 199/122/181 197/120/179 198/138/180
f 198/138/180 196/139/178 167/141/149
f 197/120/179 195/117/177 196/139/178
f 196/139/178 194/142/176 169/140/151
f 195/117/177 193/116/175 194/142/176
f 194/142/176 192/144/174 171/143/153
f 193/116/175 191/113/173 192/144/174
f 171/143/153 192/144/174 190/145/172
f 191/113/173 189/110/171 190/145/172
f 173/132/155 190/145/172 219/146/201
f 189/110/171 220/127/202 219/146/201
f 284/127/202 222/111/126 224/112/128
f 281/110/199 224/112/128 226/114/130
f 279/113/197 226/114/130 228/115/132
f 228/115/132 230/118/134 275/117/193
f 230/118/134 232/119/136 273/120/191
f 273/120/191 232/119/136 234/128/138
f 234/128/138 236/123/140 269/124/187
f 269/124/187 236/123/140 238/126/142
f 238/126/142 240/123/144 265/124/183
f 265/124/183 240/123/144 242/121/146
f 242/121/146 244/119/148 261/120/179
f 244/119/148 246/118/150 259/117/177
f 259/117/177 246/118/150 248/115/152
f 248/115/152 250/114/154 255/113/173
f 226/3/130 224/204/128 222/182/126
f 222/182/126 252/205/156 250/206/154
f 250/206/154 248/207/152 246/181/150
f 246/181/150 244/208/148 242/1/146
f 242/1/146 240/209/144 238/180/142
f 238/180/142 236/210/140 234/2/138
f 234/2/138 232/211/136 230/212/134
f 230/212/134 228/213/132 226/3/130
f 226/3/130 222/182/126 250/206/154
f 250/206/154 246/181/150 242/1/146
f 242/1/146 238/180/142 234/2/138
f 234/2/138 230/212/134 226/3/130
f 226/3/130 250/206/154 242/1/146
f 250/114/154 252/112/156 253/110/171
f 253/110/171 252/112/156 222/111/126
f 251/132/155 221/147/125 223/132/127
f 223/132/127 225/148/129 227/140/131
f 227/140/131 229/141/133 231/131/135
f 231/131/135 233/136/137 235/130/139
f 235/130/139 237/134/141 239/130/143
f 239/130/143 241/136/145 243/131/147
f 243/131/147 245/141/149 247/140/151
f 247/140/151 249/143/153 251/132/155
f 251/132/155 223/132/127 227/140/131
f 227/140/131 231/131/135 235/130/139
f 235/130/139 239/130/143 243/131/147
f 243/131/147 247/140/151 251/132/155
f 251/132/155 227/140/131 235/130/139
f 283/146/201 282/145/200 223/132/127
f 284/127/202 281/110/199 282/145/200
f 282/145/200 280/144/198 225/148/129
f 281/110/199 279/113/197 280/144/198
f 225/148/129 280/144/198 278/142/196
f 280/144/198 279/113/197 277/116/195
f 278/142/196 276/139/194 229/141/133
f 277/116/195 275/117/193 276/139/194
f 229/141/133 276/139/194 274/138/192
f 275/117/193 273/120/191 274/138/192
f 274/138/192 272/137/190 233/136/137
f 274/138/192 273/120/191 271/129/189
f 233/136/137 272/137/190 270/135/188
f 271/129/189 269/124/187 270/135/188
f 270/135/188 268/133/186 237/134/141
f 269/124/187 267/125/185 268/133/186
f 268/133/186 266/135/184 239/130/143
f 268/133/186 267/125/185 265/124/183
f 266/135/184 264/137/182 241/136/145
f 265/124/183 263/122/181 264/137/182
f 264/137/182 262/138/180 243/131/147
f 263/122/181 261/120/179 262/138/180
f 262/138/180 260/139/178 245/141/149
f 261/120/179 259/117/177 260/139/178
f 260/139/178 258/142/176 247/140/151
f 259/117/177 257/116/175 258/142/176
f 258/142/176 256/144/174 249/143/153
f 257/116/175 255/113/173 256/144/174
f 249/143/153 256/144/174 254/145/172
f 255/113/173 253/110/171 254/145/172
f 251/132/155 254/145/172 283/146/201
f 253/110/171 284/127/202 283/146/201
f 27/149/14 43/155/30 108/69/92
f 91/59/76 112/56/95 46/151/33
f 33/62/20 45/153/32 113/153/32
f 37/55/24 44/154/31 107/154/31
f 95/89/80 108/69/92 43/155/30
f 103/78/88 41/159/28 29/157/16
f 81/158/66 24/214/11 41/159/28
f 88/75/73 31/162/18 24/160/11
f 97/47/82 40/167/27 31/162/18
f 44/154/31 28/163/15 85/163/70
f 23/49/10 33/62/20 90/62/75
f 83/60/68 91/59/76 34/152/21
f 45/153/32 35/54/22 92/54/77
f 112/56/95 93/52/78 36/165/23
f 35/54/22 37/55/24 94/55/79
f 93/52/78 95/89/80 38/156/25
f 82/166/67 25/73/12 40/167/27
f 287/168/205 86/178/71 29/169/16
f 84/171/69 286/174/204 49/172/36
f 286/174/204 287/168/205 50/170/36
f 287/168/205 286/174/204 114/175/96
f 55/177/41 114/175/96 286/174/204
f 86/178/71 287/168/205 285/176/203
f 104/97/89 70/102/56 121/104/103
f 122/39/104 126/23/108 125/95/107
f 126/23/108 122/39/104 73/31/59
f 17/182/4 301/204/1 300/3/1
f 300/3/1 299/213/1 298/212/1
f 298/212/1 297/211/1 296/2/1
f 296/2/1 295/210/1 8/180/2
f 8/180/2 294/209/1 293/1/1
f 293/1/1 292/208/1 291/181/1
f 291/181/1 290/207/1 289/206/1
f 289/206/1 288/205/1 17/182/4
f 17/182/4 300/3/1 298/212/1
f 298/212/1 296/2/1 8/180/2
f 8/180/2 293/1/1 291/181/1
f 291/181/1 289/206/1 17/182/4
f 17/182/4 298/212/1 8/180/2
f 353/183/255 350/195/252 305/184/209
f 374/7/273 334/9/237 302/8/206
f 340/10/243 338/12/241 309/11/213
f 347/13/249 340/10/243 311/14/215
f 304/16/208 310/194/214 351/15/253
f 327/18/231 312/86/216 351/15/253
f 315/20/219 316/21/220 311/14/215
f 377/23/276 376/95/275 365/22/264
f 367/25/266 369/26/268 315/20/219
f 360/27/261 362/28/220 316/21/220
f 311/14/215 316/21/220 328/29/220
f 324/31/228 322/33/226 318/32/222
f 371/34/270 320/38/224 360/27/261
f 357/36/259 356/37/258 322/33/226
f 373/39/272 324/31/228 320/38/224
f 329/40/232 318/32/222 322/33/226
f 329/40/232 330/186/233 323/41/227
f 303/43/207 325/30/229 328/29/220
f 350/44/252 308/45/212 327/18/231
f 331/46/234 347/13/249 325/30/229
f 305/184/209 326/190/230 348/188/250
f 39/50/26 347/50/249 331/49/234
f 344/52/246 346/89/248 321/51/225
f 319/54/223 323/55/227 345/55/247
f 363/56/263 344/52/246 317/53/221
f 302/58/206 334/60/237 342/59/245
f 303/61/207 314/63/218 341/62/244
f 32/64/19 340/66/243 347/50/249
f 310/189/214 339/192/242 348/188/250
f 30/67/17 338/67/241 340/66/243
f 359/69/260 335/150/238 306/68/210
f 48/71/35 26/72/13 334/9/237
f 353/183/255 333/185/236 25/73/12
f 304/191/208 332/215/235 339/192/242
f 354/78/256 332/158/235 304/77/208
f 307/80/211 337/81/240 354/78/256
f 336/193/239 353/183/255 42/74/29
f 305/84/209 350/44/252 352/19/254
f 326/85/230 352/19/254 351/15/253
f 349/17/251 351/15/253 312/86/216
f 336/193/239 308/216/212 350/195/252
f 346/89/248 359/69/260 355/70/257
f 307/87/211 312/86/216 356/37/258
f 357/36/259 377/23/276 536/24/307
f 342/59/245 363/56/263 361/57/262
f 379/35/278 360/27/261 315/20/219
f 320/38/224 318/32/222 362/28/220
f 313/91/217 361/93/262 378/92/277
f 368/94/267 378/92/277 379/35/278
f 306/96/210 365/22/264 376/95/275
f 30/98/17 47/100/34 375/99/274
f 47/100/34 48/71/35 374/7/273
f 321/102/225 372/104/271 370/101/269
f 372/104/271 373/39/272 371/34/270
f 361/93/262 317/103/221 370/101/269
f 370/101/269 371/34/270 379/35/278
f 302/105/206 313/91/217 368/94/267
f 366/106/265 368/94/267 369/26/268
f 338/107/241 375/99/274 367/108/266
f 375/99/274 374/7/273 366/109/265
f 380/112/279 17/111/4 22/127/9
f 428/113/295 382/114/281 380/112/279
f 384/115/283 382/114/281 428/113/295
f 432/117/299 386/118/285 384/115/283
f 388/119/287 386/118/285 432/117/299
f 390/121/289 388/119/287 434/120/301
f 392/123/291 390/121/289 436/122/303
f 19/125/6 8/126/2 392/123/291
f 471/127/201 468/110/200 397/112/127
f 468/110/200 466/113/198 399/114/129
f 466/113/198 464/116/196 401/115/131
f 464/116/196 462/117/194 403/118/133
f 460/120/192 405/119/135 403/118/133
f 460/120/192 458/129/190 407/128/137
f 456/124/188 409/123/139 407/128/137
f 454/125/186 411/126/141 409/123/139
f 452/124/184 413/123/143 411/126/141
f 452/124/184 450/122/182 415/121/145
f 448/120/180 417/119/147 415/121/145
f 446/117/178 419/118/149 417/119/147
f 446/117/178 444/116/176 421/115/151
f 442/113/174 423/114/153 421/115/151
f 395/182/125 397/204/127 399/3/129
f 399/3/129 401/213/131 403/212/133
f 403/212/133 405/211/135 407/2/137
f 407/2/137 409/210/139 411/180/141
f 411/180/141 413/209/143 415/1/145
f 415/1/145 417/208/147 419/181/149
f 419/181/149 421/207/151 423/206/153
f 423/206/153 425/205/155 395/182/125
f 395/182/125 399/3/129 403/212/133
f 403/212/133 407/2/137 411/180/141
f 411/180/141 415/1/145 419/181/149
f 419/181/149 423/206/153 395/182/125
f 395/182/125 403/212/133 411/180/141
f 440/110/172 425/112/155 423/114/153
f 440/110/172 471/127/201 395/111/125
f 396/132/128 394/147/126 424/132/156
f 424/132/156 422/143/154 420/140/152
f 420/140/152 418/141/150 416/131/148
f 416/131/148 414/136/146 412/130/144
f 412/130/144 410/134/142 408/130/140
f 408/130/140 406/136/138 404/131/136
f 404/131/136 402/141/134 400/140/132
f 400/140/132 398/148/130 396/132/128
f 396/132/128 424/132/156 420/140/152
f 420/140/152 416/131/148 412/130/144
f 412/130/144 408/130/140 404/131/136
f 404/131/136 400/140/132 396/132/128
f 396/132/128 420/140/152 412/130/144
f 20/133/7 439/135/306 393/130/292
f 19/125/6 438/124/305 439/135/306
f 393/130/292 439/135/306 437/137/304
f 438/124/305 436/122/303 437/137/304
f 437/137/304 435/138/302 389/131/288
f 436/122/303 434/120/301 435/138/302
f 435/138/302 433/139/300 387/141/286
f 434/120/301 432/117/299 433/139/300
f 433/139/300 431/142/298 385/140/284
f 432/117/299 430/116/297 431/142/298
f 431/142/298 429/144/296 383/143/282
f 430/116/297 428/113/295 429/144/296
f 383/143/282 429/144/296 427/145/294
f 428/113/295 426/110/293 427/145/294
f 381/132/280 427/145/294 21/146/8
f 426/110/293 22/127/9 21/146/8
f 396/132/128 469/145/199 470/146/202
f 470/146/202 469/145/199 468/110/200
f 398/148/130 467/144/197 469/145/199
f 467/144/197 466/113/198 468/110/200
f 398/148/130 400/140/132 465/142/195
f 467/144/197 465/142/195 464/116/196
f 402/141/134 463/139/193 465/142/195
f 463/139/193 462/117/194 464/116/196
f 402/141/134 404/131/136 461/138/191
f 461/138/191 460/120/192 462/117/194
f 406/136/138 459/137/189 461/138/191
f 461/138/191 459/137/189 458/129/190
f 406/136/138 408/130/140 457/135/187
f 457/135/187 456/124/188 458/129/190
f 408/130/140 410/134/142 455/133/185
f 455/133/185 454/125/186 456/124/188
f 412/130/144 453/135/183 455/133/185
f 455/133/185 453/135/183 452/124/184
f 414/136/146 451/137/181 453/135/183
f 451/137/181 450/122/182 452/124/184
f 416/131/148 449/138/179 451/137/181
f 449/138/179 448/120/180 450/122/182
f 418/141/150 447/139/177 449/138/179
f 447/139/177 446/117/178 448/120/180
f 420/140/152 445/142/175 447/139/177
f 445/142/175 444/116/176 446/117/178
f 422/143/154 443/144/173 445/142/175
f 443/144/173 442/113/174 444/116/176
f 422/143/154 424/132/156 441/145/171
f 441/145/171 440/110/172 442/113/174
f 394/147/126 470/146/202 441/145/171
f 470/146/202 471/127/201 440/110/172
f 532/110/200 475/112/127 473/111/125
f 532/110/200 530/113/198 477/114/129
f 530/113/198 528/116/196 479/115/131
f 528/116/196 526/117/194 481/118/133
f 524/120/192 483/119/135 481/118/133
f 524/120/192 522/129/190 485/128/137
f 520/124/188 487/123/139 485/128/137
f 520/124/188 518/125/186 489/126/141
f 516/124/184 491/123/143 489/126/141
f 516/124/184 514/122/182 493/121/145
f 512/120/180 495/119/147 493/121/145
f 510/117/178 497/118/149 495/119/147
f 510/117/178 508/116/176 499/115/151
f 506/113/174 501/114/153 499/115/151
f 473/182/125 475/204/127 477/3/129
f 477/3/129 479/213/131 481/212/133
f 481/212/133 483/211/135 485/2/137
f 485/2/137 487/210/139 489/180/141
f 489/180/141 491/209/143 493/1/145
f 493/1/145 495/208/147 497/181/149
f 497/181/149 499/207/151 501/206/153
f 501/206/153 503/205/155 473/182/125
f 473/182/125 477/3/129 481/212/133
f 481/212/133 485/2/137 489/180/141
f 489/180/141 493/1/145 497/181/149
f 497/181/149 501/206/153 473/182/125
f 473/182/125 481/212/133 489/180/141
f 504/110/172 503/112/155 501/114/153
f 535/127/201 473/111/125 503/112/155
f 474/132/128 472/147/126 502/132/156
f 502/132/156 500/143/154 498/140/152
f 498/140/152 496/141/150 494/131/148
f 494/131/148 492/136/146 490/130/144
f 490/130/144 488/134/142 486/130/140
f 486/130/140 484/136/138 482/131/136
f 482/131/136 480/141/134 478/140/132
f 478/140/132 476/148/130 474/132/128
f 474/132/128 502/132/156 498/140/152
f 498/140/152 494/131/148 490/130/144
f 490/130/144 486/130/140 482/131/136
f 482/131/136 478/140/132 474/132/128
f 474/132/128 498/140/152 490/130/144
f 474/132/128 533/145/199 534/146/202
f 533/145/199 532/110/200 535/127/201
f 476/148/130 531/144/197 533/145/199
f 531/144/197 530/113/198 532/110/200
f 476/148/130 478/140/132 529/142/195
f 531/144/197 529/142/195 528/116/196
f 480/141/134 527/139/193 529/142/195
f 527/139/193 526/117/194 528/116/196
f 480/141/134 482/131/136 525/138/191
f 525/138/191 524/120/192 526/117/194
f 484/136/138 523/137/189 525/138/191
f 525/138/191 523/137/189 522/129/190
f 484/136/138 486/130/140 521/135/187
f 521/135/187 520/124/188 522/129/190
f 488/134/142 519/133/185 521/135/187
f 519/133/185 518/125/186 520/124/188
f 490/130/144 517/135/183 519/133/185
f 519/133/185 517/135/183 516/124/184
f 492/136/146 515/137/181 517/135/183
f 515/137/181 514/122/182 516/124/184
f 492/136/146 494/131/148 513/138/179
f 513/138/179 512/120/180 514/122/182
f 496/141/150 511/139/177 513/138/179
f 511/139/177 510/117/178 512/120/180
f 498/140/152 509/142/175 511/139/177
f 509/142/175 508/116/176 510/117/178
f 500/143/154 507/144/173 509/142/175
f 507/144/173 506/113/174 508/116/176
f 500/143/154 502/132/156 505/145/171
f 505/145/171 504/110/172 506/113/174
f 502/132/156 472/147/126 534/146/202
f 534/146/202 535/127/201 504/110/172
f 359/69/260 43/155/30 27/149/14
f 342/59/245 34/152/21 46/151/33
f 364/153/32 45/153/32 33/62/20
f 358/154/31 44/154/31 37/55/24
f 346/89/248 38/156/25 43/155/30
f 29/157/16 41/159/28 354/78/256
f 41/159/28 24/214/11 332/158/235
f 339/192/242 332/215/235 24/160/11
f 348/188/250 339/192/242 31/162/18
f 336/163/239 28/163/15 44/154/31
f 341/62/244 33/62/20 23/49/10
f 334/60/237 26/164/13 34/152/21
f 343/54/77 35/54/22 45/153/32
f 363/56/263 46/151/33 36/165/23
f 345/55/247 37/55/24 35/54/22
f 344/52/246 36/165/23 38/156/25
f 333/185/236 348/188/250 40/167/27
f 538/197/309 50/170/36 29/169/16
f 335/199/238 27/173/14 49/172/36
f 537/200/308 49/172/36 50/170/36
f 365/201/264 537/200/308 538/197/309
f 537/200/308 365/201/264 306/203/210
f 337/198/240 307/217/211 536/202/307
f 355/97/257 376/95/275 372/104/271
f 373/39/272 372/104/271 376/95/275
f 324/31/228 373/39/272 377/23/276
o Street
v -7.720965 -0.432021 4.217997
v 10.164928 -0.432021 4.217997
v -7.720965 -0.432021 -13.667896
v 10.164928 -0.432021 -13.667896
vn -0.0000 1.0000 -0.0000
vt 2.470161 -1.470161
vt -1.470161 2.470161
vt -1.470161 -1.470161
vt 2.470161 2.470160
s 0
usemtl Street_Asphalt
f 540/218/310 541/219/310 539/220/310
f 540/218/310 542/221/310 541/219/310
o pavement
v 2.375806 -0.383968 1.922146
v 7.927581 -0.383968 1.922146
v 2.375806 -0.383968 -3.629629
v 7.927581 -0.383968 -3.629629
v 2.375806 -0.658974 -3.629629
v 2.375806 -0.658974 1.922146
v 7.927581 -0.658974 1.922146
v 7.927581 -0.658974 -3.629629
vn -0.0000 1.0000 -0.0000
vn -0.0000 -1.0000 -0.0000
vn -0.0000 -0.0000 -1.0000
vn -0.0000 -0.0000 1.0000
vn 1.0000 -0.0000 -0.0000
vn -1.0000 -0.0000 -0.0000
vt 4.201183 -3.201183
vt -3.201183 4.201183
vt -3.201183 -3.201183
vt 4.201183 0.316663
vt -3.201183 0.683337
vt 4.201183 0.683337
vt -3.201183 0.316663
vt 4.201183 4.201183
s 0
usemtl Paving.014
f 544/222/311 545/223/311 543/224/311
f 547/223/312 549/222/312 548/224/312
f 550/225/313 545/226/313 546/227/313
f 548/228/314 544/227/314 543/226/314
f 549/228/315 546/227/315 544/226/315
f 547/225/316 543/226/316 545/227/316
f 544/222/311 546/229/311 545/223/311
f 547/223/312 550/229/312 549/222/312
f 550/225/313 547/228/313 545/226/313
f 548/228/314 549/225/314 544/227/314
f 549/228/315 550/225/315 546/227/315
f 547/225/316 548/228/316 543/226/316
o lamp
v 2.095908 1.603825 -0.218004
v 1.969674 1.603825 -0.208723
v 2.090339 1.603825 -0.293751
v 1.964105 1.603825 -0.284470
v 2.110350 1.578069 -0.210722
v 2.105521 1.593350 -0.213157
v 2.070645 1.607581 -0.210593
v 2.033401 1.609469 -0.205064
v 1.995750 1.607581 -0.205086
v 1.960873 1.593350 -0.202522
v 1.956452 1.578069 -0.199407
v 1.959334 1.607581 -0.223450
v 1.953058 1.609469 -0.245580
v 1.956030 1.607581 -0.268390
v 1.954492 1.593350 -0.289318
v 1.949663 1.578069 -0.291753
v 1.989368 1.607581 -0.291882
v 2.026612 1.609469 -0.297410
v 2.064263 1.607581 -0.297389
v 2.099140 1.593350 -0.299953
v 2.103560 1.578069 -0.303068
v 2.100678 1.607581 -0.279025
v 2.106955 1.609469 -0.256895
v 2.103982 1.607581 -0.234084
v 2.076414 1.578069 -0.195108
v 2.073976 1.594355 -0.198953
v 2.034682 1.578069 -0.187647
v 2.034360 1.595230 -0.192016
v 1.992306 1.578069 -0.188924
v 1.994156 1.594355 -0.193084
v 1.933168 1.578069 -0.218747
v 1.939743 1.594355 -0.220524
v 1.924032 1.578069 -0.243446
v 1.931313 1.595230 -0.243981
v 1.929457 1.578069 -0.269216
v 1.936222 1.594355 -0.268420
v 1.983599 1.578069 -0.307367
v 1.986037 1.594355 -0.303522
v 2.025331 1.578069 -0.314828
v 2.025652 1.595230 -0.310459
v 2.067706 1.578069 -0.313550
v 2.065857 1.594355 -0.309390
v 2.126845 1.578069 -0.283728
v 2.120270 1.594355 -0.281951
v 2.135981 1.578069 -0.259029
v 2.128700 1.595230 -0.258493
v 2.130555 1.578069 -0.233259
v 2.123791 1.594355 -0.234055
v 1.988336 1.615620 -0.272251
v 1.987953 1.618342 -0.248146
v 1.991857 1.615620 -0.224355
v 2.028151 1.618342 -0.276472
v 2.030006 1.621313 -0.251237
v 2.031862 1.618342 -0.226003
v 2.068156 1.615620 -0.278120
v 2.072060 1.618342 -0.254329
v 2.071677 1.615620 -0.230224
v 2.106297 1.581866 -0.212765
v 2.099725 1.595848 -0.216079
v 1.966179 1.595848 -0.206261
v 1.960163 1.581866 -0.202021
v 1.960287 1.595848 -0.286396
v 1.953716 1.581866 -0.289709
v 2.093834 1.595848 -0.296214
v 2.099850 1.581866 -0.300453
v 2.074272 1.582083 -0.198054
v 2.071054 1.597184 -0.203524
v 2.034440 1.582299 -0.190940
v 2.033980 1.598280 -0.197196
v 1.993995 1.582083 -0.192152
v 1.996379 1.597184 -0.198034
v 1.938227 1.582083 -0.220275
v 1.947564 1.597184 -0.222651
v 1.929519 1.582299 -0.243850
v 1.939944 1.598280 -0.244616
v 1.934685 1.582083 -0.268445
v 1.944269 1.597184 -0.267459
v 1.985741 1.582083 -0.304421
v 1.988959 1.597184 -0.298950
v 2.025573 1.582299 -0.311535
v 2.026033 1.598280 -0.305279
v 2.066018 1.582083 -0.310323
v 2.063634 1.597184 -0.304440
v 2.121786 1.582083 -0.282200
v 2.112449 1.597184 -0.279824
v 2.130494 1.582299 -0.258625
v 2.120069 1.598280 -0.257859
v 2.125327 1.582083 -0.234030
v 2.115743 1.597184 -0.235015
v 1.969096 1.606328 -0.277506
v 1.966106 1.608586 -0.268257
v 1.963843 1.610618 -0.246373
v 1.969282 1.608586 -0.225055
v 1.981629 1.606328 -0.212290
v 1.981515 1.612383 -0.270198
v 1.980417 1.614196 -0.259156
v 1.982109 1.614196 -0.236152
v 1.984809 1.612383 -0.225389
v 1.987709 1.609446 -0.215875
v 1.991259 1.608586 -0.285982
v 1.990602 1.612383 -0.276601
v 1.994736 1.612383 -0.220383
v 1.996757 1.608586 -0.211200
v 1.999229 1.614939 -0.272502
v 1.998974 1.616967 -0.260993
v 1.999372 1.617649 -0.248985
v 2.000735 1.616967 -0.237048
v 2.002670 1.614939 -0.225700
v 2.008688 1.614196 -0.279077
v 2.008724 1.616967 -0.267863
v 2.011385 1.616967 -0.231678
v 2.012989 1.614196 -0.220580
v 2.018901 1.618363 -0.262804
v 2.019642 1.619074 -0.250475
v 2.020712 1.618363 -0.238171
v 2.027087 1.610618 -0.290939
v 2.028655 1.617649 -0.269620
v 2.029549 1.619074 -0.257457
v 2.030464 1.619074 -0.245018
v 2.031358 1.617649 -0.232855
v 2.032925 1.610618 -0.211536
v 2.040371 1.619074 -0.251999
v 2.047024 1.614196 -0.281895
v 2.048628 1.616967 -0.270797
v 2.050082 1.618363 -0.258867
v 2.050982 1.618363 -0.246626
v 2.051289 1.616967 -0.234612
v 2.051325 1.614196 -0.223398
v 2.059278 1.616967 -0.265426
v 2.060641 1.617649 -0.253490
v 2.061038 1.616967 -0.241482
v 2.063256 1.608586 -0.291275
v 2.065277 1.612383 -0.282091
v 2.067724 1.614939 -0.271540
v 2.070287 1.614939 -0.236669
v 2.069410 1.612383 -0.225874
v 2.068754 1.608586 -0.216493
v 2.075203 1.612383 -0.277086
v 2.077904 1.614196 -0.266323
v 2.079596 1.614196 -0.243319
v 2.078498 1.612383 -0.232277
v 2.078384 1.606328 -0.290185
v 2.083560 1.606328 -0.219784
v 2.090731 1.608586 -0.277419
v 2.096170 1.610618 -0.256102
v 2.093907 1.608586 -0.234218
v 2.678971 -0.382509 -0.277338
v 2.675775 -0.382509 -0.320815
v 2.639720 -0.382509 -0.296308
v 2.678307 0.072464 -0.278315
v 2.675260 0.072464 -0.319751
v 2.640899 0.072464 -0.296395
v 2.677380 0.307649 -0.279679
v 2.674543 0.307649 -0.318266
v 2.642544 0.307649 -0.296516
v 2.676676 0.465241 -0.280714
v 2.673998 0.465241 -0.317139
v 2.643792 0.465241 -0.296607
v 2.676241 0.592251 -0.281354
v 2.673661 0.592251 -0.316442
v 2.644564 0.592251 -0.296664
v 2.676057 0.707895 -0.281618
v 2.673518 0.707895 -0.316155
v 2.644878 0.707897 -0.296687
v 2.675703 0.819684 -0.281878
v 2.673206 0.819684 -0.315845
v 2.645045 0.819948 -0.296700
v 2.674863 0.915269 -0.282458
v 2.672459 0.915269 -0.315149
v 2.645364 0.915608 -0.296723
v 2.673741 0.988200 -0.283007
v 2.671430 0.988200 -0.314441
v 2.645251 0.988912 -0.296715
v 2.671614 1.043584 -0.283437
v 2.669389 1.043584 -0.313705
v 2.643997 1.044527 -0.296622
v 2.669244 1.083737 -0.283699
v 2.667083 1.083737 -0.313100
v 2.642314 1.084352 -0.296499
v 2.666802 1.112770 -0.283813
v 2.664684 1.112770 -0.312630
v 2.640388 1.112540 -0.296357
v 2.664047 1.135042 -0.283811
v 2.661958 1.135042 -0.312228
v 2.638101 1.133460 -0.296189
v 2.660700 1.153934 -0.283713
v 2.658632 1.153934 -0.311836
v 2.635249 1.150801 -0.295979
v 2.656606 1.171564 -0.283525
v 2.654555 1.171564 -0.311423
v 2.631648 1.167053 -0.295715
v 2.651710 1.189064 -0.283253
v 2.649671 1.189064 -0.310976
v 2.627213 1.183416 -0.295389
v 2.646027 1.206771 -0.282899
v 2.643998 1.206771 -0.310495
v 2.621972 1.200088 -0.295003
v 2.639550 1.224746 -0.282466
v 2.637528 1.224746 -0.309977
v 2.615943 1.217027 -0.294560
v 2.632212 1.243041 -0.281949
v 2.630193 1.243041 -0.309415
v 2.609085 1.234227 -0.294056
v 2.623880 1.261731 -0.281339
v 2.621861 1.261731 -0.308800
v 2.601290 1.251719 -0.293483
v 2.614396 1.280849 -0.280626
v 2.612375 1.280849 -0.308117
v 2.592305 1.269704 -0.292822
v 2.602886 1.301141 -0.279813
v 2.600870 1.301141 -0.307238
v 2.581170 1.289235 -0.292003
v 2.588885 1.322754 -0.278921
v 2.586889 1.322754 -0.306073
v 2.567938 1.309981 -0.291031
v 2.573027 1.344708 -0.277975
v 2.571063 1.344708 -0.304690
v 2.553164 1.331025 -0.289944
v 2.556087 1.366025 -0.277005
v 2.554163 1.366025 -0.303172
v 2.537479 1.351509 -0.288791
v 2.538849 1.385976 -0.276035
v 2.536968 1.385975 -0.301610
v 2.521490 1.370818 -0.287616
v 2.521992 1.404151 -0.275092
v 2.520155 1.404151 -0.300078
v 2.505732 1.388606 -0.286457
v 2.505923 1.420475 -0.274194
v 2.504127 1.420475 -0.298616
v 2.490128 1.405045 -0.285310
v 2.489267 1.435826 -0.273294
v 2.487519 1.435826 -0.297070
v 2.473597 1.420840 -0.284095
v 2.472323 1.450140 -0.272389
v 2.470625 1.450140 -0.295488
v 2.457039 1.435475 -0.282877
v 2.455454 1.463346 -0.271467
v 2.453803 1.463346 -0.293933
v 2.440765 1.448827 -0.281681
v 2.437806 1.475957 -0.270499
v 2.436203 1.475957 -0.292310
v 2.423687 1.461668 -0.280425
v 2.418905 1.488216 -0.269463
v 2.417353 1.488216 -0.290571
v 2.405618 1.474118 -0.279097
v 2.399236 1.499919 -0.268354
v 2.397733 1.499919 -0.288790
v 2.386880 1.485996 -0.277719
v 2.378989 1.511176 -0.267184
v 2.377533 1.511175 -0.286986
v 2.367915 1.497154 -0.276325
v 2.358618 1.521855 -0.265989
v 2.357206 1.521854 -0.285189
v 2.349007 1.507632 -0.274935
v 2.338357 1.531837 -0.264778
v 2.336987 1.531837 -0.283425
v 2.330335 1.517340 -0.273562
v 2.317868 1.541259 -0.263496
v 2.316530 1.541259 -0.281696
v 2.311403 1.526459 -0.272170
v 2.296022 1.550591 -0.262026
v 2.294704 1.550591 -0.279956
v 2.290929 1.535477 -0.270665
v 2.270044 1.560542 -0.260297
v 2.268752 1.560542 -0.277867
v 2.265877 1.545426 -0.268823
v 2.237593 1.571043 -0.258456
v 2.236381 1.571043 -0.274941
v 2.234070 1.556764 -0.266484
v 2.206654 1.579637 -0.256888
v 2.205545 1.579638 -0.271968
v 2.203309 1.566693 -0.264223
v 2.182117 1.585159 -0.255625
v 2.181087 1.585159 -0.269629
v 2.178716 1.573355 -0.262415
v 2.160370 1.588958 -0.254297
v 2.159380 1.588959 -0.267762
v 2.157842 1.577505 -0.260880
v 2.137525 1.591994 -0.252784
v 2.136710 1.592007 -0.266044
v 2.136821 1.580716 -0.259562
v 2.124977 1.596913 -0.258557
v 2.129004 1.586100 -0.267103
v 2.131121 1.586049 -0.254249
v 2.697382 -0.435976 -0.250251
v 2.690027 -0.435976 -0.350303
v 2.607057 -0.435976 -0.293907
v 2.664822 -0.441475 -0.298153
vn 0.0989 -0.8351 -0.5411
vn 0.0368 -0.9371 -0.3472
vn -0.0377 -0.8579 -0.5125
vn 0.7162 -0.6959 -0.0527
vn 0.5196 -0.7820 -0.3441
vn 0.6078 -0.7928 -0.0447
vn -0.1621 0.9867 0.0119
vn -0.3702 0.8703 0.3250
vn -0.1351 0.9541 0.2672
vn -0.2627 0.4705 -0.8424
vn -0.3720 0.7730 -0.5139
vn -0.1943 0.8070 -0.5577
vn -0.1051 -0.8369 0.5372
vn 0.0600 -0.5753 0.8157
vn -0.1260 -0.5688 0.8128
vn -0.9167 0.3940 0.0674
vn -0.8377 0.3661 -0.4052
vn -0.9177 0.3915 0.0675
vn 0.5644 -0.7820 0.2644
vn 0.6576 -0.6692 0.3460
vn -0.2515 -0.5263 -0.8123
vn -0.0577 -0.6170 -0.7849
vn -0.0635 -0.4996 -0.8639
vn 0.5207 0.4949 0.6957
vn 0.2940 0.2611 0.9195
vn 0.5797 0.3037 0.7561
vn 0.3681 -0.5959 -0.7137
vn 0.1322 -0.6553 -0.7437
vn 0.3404 -0.7343 -0.5873
vn 0.3720 0.7730 0.5139
vn 0.2627 0.4705 0.8424
vn -0.1825 -0.8369 -0.5160
vn -0.0600 -0.5753 -0.8157
vn -0.6571 0.5853 0.4750
vn -0.4629 0.3037 0.8328
vn -0.4134 0.4949 0.7643
vn 0.1943 0.8070 0.5577
vn 0.0646 0.4726 0.8789
vn -0.1107 0.8070 0.5801
vn 0.0425 0.8151 0.5778
vn -0.2928 0.7730 0.5627
vn -0.1367 0.4705 0.8717
vn -0.1728 0.9541 -0.2446
vn -0.4137 0.8703 -0.2673
vn 0.5999 -0.6692 -0.4385
vn -0.1564 0.2611 0.9526
vn 0.3810 -0.8908 0.2476
vn 0.2140 -0.9723 0.0937
vn 0.3652 -0.9305 -0.0269
vn 0.2515 -0.5263 0.8123
vn 0.0577 -0.6170 0.7849
vn 0.0635 -0.4996 0.8639
vn -0.0000 1.0000 -0.0000
vn 0.1728 0.9541 0.2446
vn 0.1621 0.9867 -0.0119
vn -0.0188 0.9665 -0.2560
vn 0.3702 0.8703 -0.3250
vn 0.4134 0.4949 -0.7643
vn 0.2928 0.7730 -0.5627
vn -0.3652 -0.9305 0.0269
vn -0.6419 -0.6845 -0.3456
vn -0.3761 -0.8882 -0.2639
vn -0.0710 0.2485 -0.9660
vn 0.1367 0.4705 -0.8717
vn 0.1564 0.2611 -0.9526
vn -0.1300 -0.5263 0.8403
vn -0.1322 -0.6553 0.7437
vn -0.3681 -0.5959 0.7137
vn -0.3404 -0.7343 0.5873
vn -0.4148 0.9094 0.0305
vn -0.7195 0.5853 -0.3737
vn -0.5453 0.8373 0.0401
vn -0.5207 0.4949 -0.6957
vn 0.1351 0.9541 -0.2672
vn 0.1107 0.8070 -0.5801
vn 0.4685 -0.5959 0.6522
vn 0.2395 -0.6553 0.7164
vn -0.4764 -0.5955 -0.6469
vn -0.5797 0.3037 -0.7561
vn -0.7162 -0.6959 0.0527
vn -0.5196 -0.7820 0.3441
vn -0.6078 -0.7928 0.0447
vn 0.9167 0.3940 -0.0674
vn 0.8377 0.3661 0.4052
vn 0.9177 0.3915 -0.0675
vn -0.5644 -0.7820 -0.2644
vn -0.6576 -0.6692 -0.3460
vn -0.0646 0.4726 -0.8789
vn -0.0425 0.8151 -0.5778
vn 0.1260 -0.5688 -0.8128
vn 0.1300 -0.5263 -0.8403
vn -0.5999 -0.6692 0.4385
vn -0.4685 -0.5959 -0.6522
vn -0.2395 -0.6553 -0.7164
vn 0.0188 0.9665 0.2560
vn 0.1980 -0.9723 -0.1240
vn 0.1167 -0.9931 -0.0086
vn 0.4148 0.9094 -0.0305
vn 0.6571 0.5853 -0.4750
vn 0.7195 0.5853 0.3737
vn 0.5453 0.8373 -0.0401
vn 0.5844 -0.6845 -0.4358
vn 0.2387 -0.8100 -0.5356
vn 0.3767 -0.5955 -0.7096
vn 0.0529 -0.9802 -0.1909
vn -0.0211 -0.9780 -0.2076
vn 0.2489 -0.5737 0.7803
vn -0.2435 -0.5688 -0.7856
vn 0.6851 -0.7267 -0.0504
vn 0.3685 -0.8240 0.4304
vn 0.4722 -0.5953 0.6501
vn -0.0431 -0.9384 0.3428
vn 0.0377 -0.8579 0.5125
vn -0.1284 -0.9917 0.0094
vn -0.0601 -0.9958 0.0688
vn -0.1068 -0.9864 0.1249
vn 0.0329 -0.9928 -0.1150
vn -0.0105 -0.9980 -0.0625
vn 0.1247 -0.9862 0.1087
vn 0.1763 -0.8978 -0.4035
vn 0.6419 -0.6845 0.3456
vn -0.6851 -0.7267 0.0504
vn 0.1074 -0.9862 -0.1258
vn 0.1834 -0.9456 -0.2687
vn 0.3348 -0.8879 -0.3154
vn -0.2308 -0.8186 0.5260
vn -0.1264 -0.9330 0.3369
vn 0.2024 -0.8324 0.5158
vn -0.3767 -0.5955 0.7096
vn 0.2190 -0.9416 0.2556
vn 0.0996 -0.9628 -0.2512
vn -0.5844 -0.6845 0.4358
vn 0.0094 -0.9780 0.2085
vn 0.0803 -0.9802 0.1811
vn 0.0493 -0.9928 0.1089
vn -0.1743 -0.9330 -0.3148
vn -0.0809 -0.9800 -0.1816
vn -0.1584 -0.9707 -0.1809
vn -0.1904 -0.9386 0.2878
vn -0.3335 -0.8882 0.3161
vn -0.2041 -0.9716 0.1198
vn 0.1228 -0.9335 -0.3368
vn 0.0872 -0.9371 0.3380
vn 0.1950 -0.9247 0.3270
vn -0.0928 -0.9384 -0.3328
vn 0.0710 0.2485 0.9660
vn 0.1352 -0.9628 0.2339
vn -0.3053 -0.8186 -0.4866
vn 0.0466 -0.9989 -0.0034
vn -0.0535 -0.9800 0.1915
vn -0.0012 -0.9980 0.0634
vn -0.0347 -0.9994 0.0026
vn -0.0696 -0.9958 -0.0592
vn -0.2194 -0.9716 -0.0887
vn -0.1303 -0.9707 0.2021
vn -0.1239 -0.9864 -0.1079
vn 0.4137 0.8703 0.2673
vn -0.2305 -0.9386 -0.2569
vn -0.7694 0.3661 0.5234
vn -0.2940 0.2611 -0.9195
vn 0.7694 0.3661 -0.5234
vn 0.4629 0.3037 -0.8328
vn -0.4226 -0.7343 -0.5312
vn 0.4226 -0.7343 0.5312
vn -0.3597 0.1610 0.9191
vn 0.9831 0.1679 -0.0723
vn 0.9973 0.0024 -0.0733
vn -0.4161 0.2928 0.8609
vn -0.4290 0.1679 0.8876
vn -0.5542 0.1679 -0.8153
vn -0.5622 0.0024 -0.8270
vn -0.5622 0.0022 -0.8270
vn -0.5622 0.0010 -0.8270
vn -0.4352 0.0037 0.9003
vn -0.4352 0.0035 0.9003
vn -0.4352 0.0024 0.9004
vn -0.4352 0.0022 0.9004
vn -0.4352 0.0010 0.9004
vn 0.9973 0.0022 -0.0733
vn 0.9973 0.0056 -0.0733
vn -0.4352 0.0012 0.9003
vn -0.4353 0.0012 0.9003
vn 0.9972 0.0115 -0.0733
vn -0.4353 0.0009 0.9003
vn -0.4351 0.0008 0.9004
vn 0.9970 0.0262 -0.0733
vn -0.4339 -0.0050 0.9009
vn -0.4332 -0.0056 0.9013
vn 0.9962 0.0479 -0.0732
vn -0.4317 -0.0149 0.9019
vn -0.4309 -0.0158 0.9023
vn 0.9948 0.0707 -0.0731
vn -0.4300 -0.0261 0.9024
vn -0.4293 -0.0273 0.9027
vn 0.9920 0.1028 -0.0729
vn -0.4286 -0.0425 0.9025
vn -0.4280 -0.0441 0.9027
vn 0.9863 0.1483 -0.0725
vn -0.4266 -0.0660 0.9020
vn -0.4261 -0.0678 0.9022
vn 0.9771 0.2003 -0.0718
vn -0.4231 -0.0932 0.9013
vn -0.4226 -0.0947 0.9013
vn 0.9661 0.2481 -0.0710
vn -0.4185 -0.1185 0.9004
vn -0.4181 -0.1195 0.9005
vn 0.9551 0.2879 -0.0702
vn -0.4135 -0.1398 0.8997
vn -0.4133 -0.1405 0.8997
vn 0.9439 0.3229 -0.0694
vn -0.4083 -0.1586 0.8990
vn -0.4081 -0.1591 0.8990
vn 0.9318 0.3564 -0.0685
vn -0.4025 -0.1765 0.8982
vn -0.4024 -0.1769 0.8982
vn 0.9181 0.3906 -0.0675
vn -0.3957 -0.1947 0.8975
vn -0.3956 -0.1949 0.8975
vn 0.9019 0.4268 -0.0663
vn -0.3874 -0.2136 0.8968
vn -0.3871 -0.2139 0.8969
vn 0.8803 0.4700 -0.0647
vn -0.3765 -0.2347 0.8962
vn -0.3755 -0.2353 0.8965
vn 0.8521 0.5195 -0.0626
vn -0.3627 -0.2569 0.8958
vn -0.3614 -0.2577 0.8961
vn 0.8226 0.5654 -0.0605
vn -0.3491 -0.2768 0.8953
vn -0.3484 -0.2773 0.8954
vn 0.7944 0.6045 -0.0584
vn -0.3364 -0.2945 0.8945
vn -0.3360 -0.2947 0.8946
vn 0.7675 0.6386 -0.0564
vn -0.3241 -0.3104 0.8937
vn -0.3240 -0.3103 0.8937
vn 0.7427 0.6674 -0.0546
vn -0.3127 -0.3240 0.8929
vn 0.7207 0.6913 -0.0530
vn -0.3125 -0.3245 0.8928
vn -0.3015 -0.3366 0.8921
vn 0.6932 0.7189 -0.0510
vn -0.3013 -0.3364 0.8922
vn -0.2865 -0.3488 0.8923
vn 0.6596 0.7501 -0.0485
vn -0.2705 -0.3617 0.8922
vn -0.2679 -0.3622 0.8928
vn 0.6290 0.7761 -0.0462
vn -0.2551 -0.3731 0.8920
vn -0.2529 -0.3738 0.8924
vn 0.5971 0.8010 -0.0439
vn -0.2397 -0.3852 0.8912
vn -0.2375 -0.3861 0.8914
vn 0.5611 0.8267 -0.0412
vn -0.2231 -0.3983 0.8897
vn -0.2213 -0.3994 0.8897
vn 0.5261 0.8496 -0.0387
vn -0.2073 -0.4113 0.8876
vn -0.2062 -0.4124 0.8873
vn 0.4969 0.8670 -0.0365
vn -0.1940 -0.4229 0.8852
vn -0.1931 -0.4239 0.8849
vn 0.4734 0.8802 -0.0348
vn -0.1824 -0.4318 0.8833
vn -0.1815 -0.4324 0.8832
vn 0.4514 0.8917 -0.0332
vn -0.1713 -0.4390 0.8820
vn -0.1707 -0.4393 0.8820
vn 0.4282 0.9031 -0.0315
vn -0.1587 -0.4460 0.8809
vn -0.1585 -0.4460 0.8809
vn 0.4036 0.9144 -0.0297
vn -0.1442 -0.4527 0.8799
vn 0.3737 0.9271 -0.0275
vn -0.1437 -0.4530 0.8798
vn -0.1280 -0.4591 0.8791
vn 0.3316 0.9431 -0.0244
vn -0.1270 -0.4597 0.8789
vn -0.1110 -0.4647 0.8785
vn 0.2870 0.9577 -0.0211
vn -0.1099 -0.4653 0.8783
vn -0.0953 -0.4697 0.8777
vn 0.2431 0.9698 -0.0179
vn -0.0944 -0.4704 0.8774
vn -0.0769 -0.4761 0.8760
vn 0.1953 0.9806 -0.0144
vn -0.0760 -0.4773 0.8754
vn -0.0487 -0.4870 0.8721
vn 0.1521 0.9883 -0.0112
vn 0.1519 0.9883 -0.0107
vn -0.0257 -0.4968 0.8675
vn -0.0275 -0.4936 0.8693
vn 0.2324 0.9725 -0.0138
vn 0.2335 0.9723 -0.0134
vn 0.0772 -0.5127 0.8551
vn 0.3737 0.9273 -0.0220
vn 0.2843 -0.5069 0.8138
vn 0.0932 -0.5172 0.8508
vn 0.9973 0.0037 -0.0733
vn 0.9973 0.0035 -0.0733
vn -0.0943 -0.9955 0.0069
vn 0.0411 -0.9955 -0.0851
vn -0.0000 -1.0000 -0.0000
vn 0.0531 -0.9955 0.0782
vn -0.5621 0.0037 -0.8270
vn -0.5621 0.0035 -0.8270
vn 0.9536 0.2928 -0.0701
vn -0.5375 0.2928 -0.7908
vn -0.5622 0.0012 -0.8270
vn -0.5623 0.0009 -0.8269
vn -0.5621 0.0008 -0.8271
vn -0.5610 -0.0050 -0.8278
vn -0.5604 -0.0056 -0.8282
vn -0.5589 -0.0149 -0.8291
vn -0.5582 -0.0158 -0.8296
vn -0.5574 -0.0261 -0.8299
vn -0.5567 -0.0273 -0.8302
vn -0.5560 -0.0425 -0.8301
vn -0.5555 -0.0441 -0.8304
vn -0.5539 -0.0660 -0.8300
vn -0.5534 -0.0678 -0.8301
vn -0.5504 -0.0932 -0.8297
vn -0.5499 -0.0947 -0.8298
vn -0.5457 -0.1185 -0.8296
vn -0.5453 -0.1195 -0.8296
vn -0.5407 -0.1398 -0.8295
vn -0.5404 -0.1405 -0.8296
vn -0.5354 -0.1586 -0.8296
vn -0.5352 -0.1591 -0.8296
vn -0.5295 -0.1765 -0.8297
vn -0.5294 -0.1769 -0.8297
vn -0.5227 -0.1947 -0.8300
vn -0.5226 -0.1949 -0.8300
vn -0.5144 -0.2136 -0.8305
vn -0.5141 -0.2139 -0.8306
vn -0.5035 -0.2347 -0.8315
vn -0.5026 -0.2353 -0.8319
vn -0.4898 -0.2569 -0.8331
vn -0.4885 -0.2577 -0.8336
vn -0.4763 -0.2768 -0.8346
vn -0.4756 -0.2773 -0.8348
vn -0.4636 -0.2945 -0.8357
vn -0.4632 -0.2947 -0.8358
vn -0.4513 -0.3104 -0.8367
vn -0.4399 -0.3240 -0.8376
vn -0.4398 -0.3245 -0.8375
vn -0.4287 -0.3366 -0.8384
vn -0.4286 -0.3364 -0.8386
vn -0.4140 -0.3488 -0.8408
vn -0.4152 -0.3480 -0.8405
vn -0.3981 -0.3617 -0.8430
vn -0.3956 -0.3622 -0.8440
vn -0.3828 -0.3731 -0.8451
vn -0.3807 -0.3738 -0.8458
vn -0.3675 -0.3852 -0.8465
vn -0.3654 -0.3861 -0.8470
vn -0.3508 -0.3983 -0.8475
vn -0.3490 -0.3993 -0.8478
vn -0.3349 -0.4113 -0.8478
vn -0.3338 -0.4124 -0.8476
vn -0.3213 -0.4229 -0.8473
vn -0.3204 -0.4239 -0.8472
vn -0.3096 -0.4318 -0.8472
vn -0.3088 -0.4324 -0.8472
vn -0.2984 -0.4390 -0.8475
vn -0.2979 -0.4393 -0.8475
vn -0.2858 -0.4460 -0.8482
vn -0.2713 -0.4527 -0.8494
vn -0.2709 -0.4530 -0.8493
vn -0.2552 -0.4591 -0.8509
vn -0.2541 -0.4597 -0.8509
vn -0.2383 -0.4647 -0.8528
vn -0.2371 -0.4653 -0.8528
vn -0.2226 -0.4697 -0.8543
vn -0.2217 -0.4704 -0.8542
vn -0.2042 -0.4761 -0.8554
vn -0.2032 -0.4773 -0.8549
vn -0.1757 -0.4870 -0.8556
vn -0.1757 -0.4874 -0.8553
vn -0.1456 -0.4943 -0.8570
vn -0.1310 -0.4956 -0.8586
vn -0.1316 -0.4945 -0.8591
vn 0.4459 -0.4424 -0.7781
vn -0.6283 -0.7715 0.1004
vn -0.2917 0.5239 -0.8003
vn -0.2879 -0.3481 0.8922
vn 0.5260 0.8496 -0.0387
vn -0.0488 -0.4874 0.8718
vn -0.4513 -0.3103 -0.8367
vn -0.2856 -0.4460 -0.8482
vn -0.1453 -0.4951 -0.8566
vt 0.859375 0.562500
vt 0.828125 0.593750
vt 0.859375 0.625000
vt 0.515625 0.375000
vt 0.500000 0.312500
vt 0.500000 0.375000
vt 0.750000 0.562500
vt 0.625000 0.312500
vt 0.812500 0.562500
vt 0.562500 0.562500
vt 0.625000 0.500000
vt 0.625000 0.562500
vt 0.640625 0.687500
vt 0.578125 0.625000
vt 0.578125 0.687500
vt 0.562500 0.375000
vt 0.500000 0.437500
vt 0.515625 0.437500
vt 0.515625 0.062500
vt 0.500000 0.125000
vt 0.515625 0.125000
vt 0.562500 1.000000
vt 0.500000 0.062500
vt 0.500000 1.000000
vt 0.515625 0.250000
vt 0.500000 0.187500
vt 0.500000 0.250000
vt 0.625000 1.000000
vt 0.562500 0.062500
vt 0.859375 0.687500
vt 0.578125 0.125000
vt 0.562500 0.312500
vt 0.562500 0.250000
vt 0.875000 0.687500
vt 0.562500 0.125000
vt 0.875000 0.562500
vt 0.875000 0.625000
vt 0.875000 0.500000
vt 0.562500 0.187500
vt 0.687500 0.562500
vt 0.625000 0.437500
vt 0.515625 0.312500
vt 0.687500 0.515625
vt 0.718750 0.546875
vt 0.750000 0.515625
vt 0.515625 0.562500
vt 0.500000 0.625000
vt 0.515625 0.625000
vt 0.750000 0.625000
vt 0.812500 0.687500
vt 0.750000 0.687500
vt 0.687500 0.625000
vt 0.687500 0.750000
vt 0.562500 0.750000
vt 0.625000 0.750000
vt 0.750000 0.734375
vt 0.578125 0.937500
vt 0.812500 0.734375
vt 0.562500 0.687500
vt 0.500000 0.687500
vt 0.515625 0.687500
vt 0.515625 0.750000
vt 0.500000 0.750000
vt 0.750000 0.500000
vt 0.812500 0.500000
vt 0.562500 0.437500
vt 0.687500 0.500000
vt 0.562500 0.500000
vt 0.687500 0.687500
vt 0.625000 0.687500
vt 0.515625 0.500000
vt 0.500000 0.562500
vt 0.578125 0.000000
vt 0.500000 0.500000
vt 0.515625 0.875000
vt 0.500000 0.812500
vt 0.500000 0.875000
vt 0.625000 0.812500
vt 0.562500 0.875000
vt 0.500000 0.937500
vt 0.515625 0.937500
vt 0.562500 0.625000
vt 0.625000 0.625000
vt 0.578125 0.187500
vt 0.515625 0.187500
vt 0.515625 0.812500
vt 0.515625 1.000000
vt 0.812500 0.625000
vt 0.625000 0.062500
vt 0.781250 0.546875
vt 0.750000 0.578125
vt 0.625000 0.187500
vt 0.625000 0.125000
vt 0.625000 0.375000
vt 0.750000 0.750000
vt 0.562500 0.812500
vt 0.562500 0.937500
vt 0.578125 0.312500
vt 0.625000 0.250000
vt 0.859375 0.531250
vt 0.578125 0.250000
vt 0.796875 0.593750
vt 0.796875 0.625000
vt 0.578125 0.562500
vt 0.578125 1.000000
vt 0.578125 0.062500
vt 0.578125 0.375000
vt 0.656250 0.515625
vt 0.578125 0.500000
vt 0.671875 0.656250
vt 0.640625 0.625000
vt 0.750000 0.671875
vt 0.734375 0.656250
vt 0.718750 0.671875
vt 0.781250 0.609375
vt 0.765625 0.625000
vt 0.718750 0.578125
vt 0.843750 0.546875
vt 0.578125 0.437500
vt 0.578125 0.875000
vt 0.781250 0.578125
vt 0.812500 0.546875
vt 0.812500 0.515625
vt 0.640625 0.718750
vt 0.671875 0.687500
vt 0.640625 0.562500
vt 0.578125 0.750000
vt 0.687500 0.546875
vt 0.812500 0.578125
vt 0.578125 0.812500
vt 0.703125 0.625000
vt 0.703125 0.593750
vt 0.718750 0.609375
vt 0.828125 0.687500
vt 0.796875 0.656250
vt 0.796875 0.687500
vt 0.687500 0.703125
vt 0.687500 0.734375
vt 0.718750 0.703125
vt 0.828125 0.562500
vt 0.671875 0.593750
vt 0.671875 0.562500
vt 0.828125 0.656250
vt 0.687500 0.578125
vt 0.859375 0.718750
vt 0.750000 0.609375
vt 0.703125 0.656250
vt 0.734375 0.625000
vt 0.750000 0.640625
vt 0.765625 0.656250
vt 0.781250 0.703125
vt 0.703125 0.687500
vt 0.781250 0.671875
vt 0.812500 0.750000
vt 0.562500 0.000000
vt 0.812500 0.703125
vt 0.625000 0.000000
vt 0.515625 0.000000
vt 0.500000 0.000000
vt 0.625000 0.937500
vt 0.000000 0.000000
vt 0.625000 0.875000
vt 0.875000 0.750000
s 1
usemtl steel
f 653/230/317 662/231/318 671/232/319
f 624/233/320 581/234/321 583/235/322
f 600/236/323 562/237/324 601/238/325
f 588/239/326 554/240/327 567/241/328
f 682/242/329 631/243/330 633/244/331
f 584/245/332 585/246/333 583/235/334
f 624/233/320 585/246/335 626/247/336
f 616/248/337 577/249/338 618/250/339
f 556/251/340 575/252/341 555/253/342
f 611/254/343 579/255/344 561/256/345
f 551/257/346 576/258/347 556/251/340
f 687/259/348 619/260/349 671/232/319
f 582/261/350 561/256/351 560/262/352
f 557/263/353 578/264/354 576/258/347
f 559/265/355 578/264/354 558/266/356
f 552/267/357 580/268/358 559/265/355
f 599/269/359 554/240/327 564/270/360
f 622/271/361 561/256/345 581/234/321
f 560/262/352 579/255/362 580/268/358
f 641/272/363 646/273/364 642/274/365
f 628/275/366 589/276/367 630/277/368
f 603/278/369 607/279/370 606/280/371
f 602/281/372 567/241/328 599/269/359
f 572/282/373 570/283/374 553/284/375
f 695/285/376 639/286/377 696/287/378
f 589/276/379 592/288/380 591/289/381
f 632/290/382 589/276/367 591/289/383
f 615/291/384 591/289/383 571/292/385
f 563/293/386 582/261/350 562/294/324
f 563/293/386 586/295/387 584/245/388
f 564/296/360 565/297/389 586/295/387
f 605/298/390 553/284/375 569/299/391
f 613/300/392 587/301/393 628/275/366
f 609/302/394 696/287/378 639/286/377
f 566/303/395 586/295/387 565/297/389
f 636/304/396 593/305/397 595/306/398
f 606/280/371 572/307/373 605/298/390
f 596/308/399 597/309/400 595/306/401
f 636/304/396 597/309/402 638/310/403
f 567/241/328 590/311/404 588/239/326
f 569/299/391 590/311/404 568/312/405
f 621/313/406 618/250/339 620/314/407
f 553/284/375 592/288/380 569/299/391
f 634/315/408 571/292/385 593/305/397
f 608/316/409 575/252/410 616/248/337
f 570/283/374 591/289/381 592/288/380
f 604/317/411 557/318/353 607/279/370
f 647/319/412 646/273/364 656/320/413
f 633/244/331 630/277/368 632/290/382
f 604/317/411 559/321/355 558/322/356
f 600/236/323 564/270/360 563/323/386
f 601/238/325 603/278/369 600/236/323
f 573/324/414 594/325/415 572/282/373
f 573/324/414 598/326/416 596/308/417
f 623/327/418 611/254/343 622/271/361
f 562/294/324 560/262/352 552/328/357
f 601/238/325 552/328/357 559/321/355
f 653/230/317 619/260/349 621/313/406
f 644/329/419 621/313/406 610/330/420
f 661/331/421 670/332/422 662/231/318
f 630/277/368 629/333/423 628/275/366
f 609/334/394 616/248/337 617/335/424
f 626/247/336 625/336/425 624/233/320
f 629/333/423 640/337/426 612/338/427
f 618/250/339 617/335/424 616/248/337
f 682/242/329 673/339/428 666/340/429
f 680/341/430 675/342/431 679/343/432
f 670/332/422 665/344/433 669/345/434
f 655/346/435 656/320/413 646/273/364
f 649/347/436 653/230/317 644/329/419
f 642/274/365 623/327/418 625/336/425
f 610/330/420 620/314/407 611/254/343
f 612/338/427 641/272/363 627/348/437
f 637/349/438 634/315/408 636/304/396
f 657/350/439 648/351/440 647/319/412
f 628/275/366 612/338/427 613/300/392
f 643/352/441 648/351/440 649/347/436
f 648/351/440 643/352/441 647/319/412
f 682/242/329 692/353/442 683/354/443
f 650/355/444 631/243/330 666/340/429
f 613/300/392 627/348/437 626/247/336
f 692/353/442 633/244/331 614/356/445
f 641/272/363 640/337/426 645/357/446
f 661/331/421 658/358/447 657/350/439
f 635/359/448 615/291/384 634/315/408
f 667/360/449 666/340/429 673/339/428
f 660/361/450 663/362/451 655/346/435
f 662/231/318 658/358/447 661/331/421
f 686/363/452 677/364/453 685/365/454
f 603/278/369 605/298/390 602/281/372
f 688/366/455 694/367/456 689/368/457
f 695/285/376 635/359/448 637/349/438
f 614/356/445 632/290/382 615/291/384
f 641/272/363 645/357/446 646/273/364
f 643/352/441 649/347/436 644/329/419
f 652/369/458 662/231/318 653/230/317
f 659/370/459 651/371/460 650/355/444
f 650/355/444 645/357/446 640/337/426
f 652/369/458 649/347/436 648/351/440
f 671/232/319 678/372/461 687/259/348
f 577/249/462 580/268/358 579/255/362
f 576/258/347 577/249/462 575/252/341
f 655/346/435 645/357/446 654/373/463
f 617/335/424 693/374/464 609/334/394
f 658/358/447 662/231/318 652/369/458
f 658/358/447 652/369/458 648/351/440
f 659/370/459 654/373/463 651/371/460
f 667/360/449 660/361/450 659/370/459
f 686/363/452 687/259/348 678/372/461
f 664/375/465 657/350/439 656/320/413
f 673/339/428 674/376/466 667/360/449
f 669/345/434 665/344/433 664/375/465
f 665/344/433 661/331/421 657/350/439
f 671/232/319 670/332/422 678/372/461
f 668/377/467 664/375/465 663/362/451
f 677/364/453 678/372/461 670/332/422
f 660/361/450 654/373/463 659/370/459
f 669/345/434 668/377/467 672/378/468
f 677/364/453 669/345/434 676/379/469
f 683/354/443 674/376/466 673/339/428
f 668/377/467 663/362/451 667/360/449
f 675/342/431 672/378/468 668/377/467
f 696/287/378 690/380/470 695/285/376
f 679/343/432 689/368/457 680/341/430
f 676/379/469 675/342/431 680/341/430
f 688/366/455 684/381/471 683/354/443
f 681/382/472 685/365/454 677/364/453
f 574/383/473 556/384/340 598/326/416
f 690/380/470 685/365/454 681/382/472
f 693/374/464 687/259/348 686/363/452
f 681/382/472 676/379/469 680/341/430
f 684/381/471 689/368/457 679/343/432
f 689/368/457 684/381/471 688/366/455
f 696/287/378 691/385/474 690/380/470
f 691/385/474 685/365/454 690/380/470
f 693/374/464 691/385/474 696/287/378
f 551/386/346 607/279/370 557/318/353
f 688/366/455 692/353/442 694/367/456
f 643/352/441 610/330/420 623/327/418
f 656/320/413 657/350/439 647/319/412
f 651/371/460 654/373/463 645/357/446
f 660/361/450 655/346/435 654/373/463
f 664/375/465 655/346/435 663/362/451
f 682/242/329 683/354/443 673/339/428
f 653/230/317 649/347/436 652/369/458
f 667/360/449 663/362/451 660/361/450
f 681/382/472 677/364/453 676/379/469
f 674/376/466 668/377/467 667/360/449
f 684/381/471 679/343/432 674/376/466
f 672/378/468 676/379/469 669/345/434
f 638/310/403 637/349/438 636/304/396
f 639/286/377 608/387/409 609/302/394
f 642/274/365 627/348/437 641/272/363
f 691/385/474 686/363/452 685/365/454
f 679/343/432 675/342/431 674/376/466
f 665/344/433 670/332/422 661/331/421
f 690/380/470 689/368/457 695/285/376
f 690/380/470 681/382/472 680/341/430
f 598/326/416 555/388/342 597/309/400
f 581/234/475 584/245/332 583/235/334
f 642/274/365 647/319/412 643/352/441
f 588/239/326 589/276/379 587/301/476
f 666/340/429 659/370/459 650/355/444
f 599/269/359 603/278/369 602/281/372
f 587/301/476 565/297/389 588/239/326
f 593/305/477 596/308/399 595/306/401
f 695/285/376 689/368/457 694/367/456
f 594/325/415 571/292/478 570/283/374
f 638/310/403 555/388/479 608/387/409
f 620/314/407 577/249/338 579/255/344
f 625/336/425 622/271/361 624/233/320
f 626/247/336 566/303/480 613/300/392
f 694/367/456 614/356/445 635/359/448
f 602/281/372 569/299/391 568/312/405
f 574/389/473 606/280/371 607/279/370
f 832/390/481 834/390/481 829/390/481
f 698/390/482 700/390/483 697/390/482
f 835/390/484 699/390/485 837/390/484
f 699/390/486 701/390/487 698/390/486
f 711/390/488 713/390/489 710/390/488
f 705/390/490 706/390/491 708/390/491
f 699/390/485 700/390/492 702/390/492
f 711/390/493 712/390/494 714/390/494
f 712/390/495 716/390/496 715/390/496
f 714/390/494 715/390/497 717/390/498
f 715/390/496 719/390/499 718/390/499
f 717/390/498 718/390/500 720/390/501
f 719/390/499 721/390/502 718/390/499
f 720/390/501 721/390/503 723/390/504
f 722/390/502 724/390/505 721/390/502
f 723/390/504 724/390/506 726/390/507
f 724/390/505 728/390/508 727/390/508
f 726/390/507 727/390/509 729/390/510
f 727/390/508 731/390/511 730/390/511
f 729/390/510 730/390/512 732/390/513
f 731/390/511 733/390/514 730/390/511
f 732/390/513 733/390/515 735/390/516
f 734/390/514 736/390/517 733/390/514
f 735/390/516 736/390/518 738/390/519
f 736/390/517 740/390/520 739/390/520
f 738/390/519 739/390/521 741/390/522
f 739/390/520 743/390/523 742/390/523
f 741/390/522 742/390/524 744/390/525
f 743/390/523 745/390/526 742/390/523
f 744/390/525 745/390/527 747/390/528
f 745/390/526 749/390/529 748/390/529
f 747/390/528 748/390/530 750/390/531
f 748/390/529 752/390/532 751/390/532
f 750/390/531 751/390/533 753/390/534
f 752/390/532 754/390/535 751/390/532
f 753/390/534 754/390/536 756/390/537
f 755/390/535 757/390/538 754/390/535
f 756/390/537 757/390/539 759/390/540
f 758/390/538 760/390/541 757/390/538
f 759/390/540 760/390/542 762/390/543
f 760/390/541 764/390/544 763/390/544
f 762/390/543 763/390/545 765/390/546
f 764/390/544 766/390/547 763/390/544
f 765/390/546 766/390/548 768/390/549
f 767/390/547 769/390/550 766/390/547
f 768/390/549 769/390/551 771/390/552
f 769/390/550 773/390/553 772/390/553
f 769/390/551 774/390/554 771/390/552
f 772/390/553 776/390/555 775/390/555
f 772/390/556 777/390/557 774/390/554
f 776/390/555 778/390/558 775/390/555
f 775/390/559 780/390/560 777/390/557
f 779/390/558 781/390/561 778/390/558
f 780/390/560 781/390/562 783/390/563
f 782/390/561 784/390/564 781/390/561
f 783/390/563 784/390/565 786/390/566
f 784/390/564 788/390/567 787/390/567
f 786/390/566 787/390/568 789/390/569
f 788/390/567 790/390/570 787/390/567
f 789/390/569 790/390/571 792/390/572
f 791/390/570 793/390/573 790/390/570
f 792/390/572 793/390/574 795/390/575
f 793/390/573 797/390/576 796/390/576
f 795/390/575 796/390/577 798/390/578
f 796/390/576 800/390/579 799/390/579
f 798/390/578 799/390/580 801/390/581
f 799/390/579 803/390/582 802/390/582
f 801/390/581 802/390/583 804/390/584
f 802/390/582 806/390/585 805/390/585
f 804/390/584 805/390/586 807/390/587
f 806/390/585 808/390/588 805/390/585
f 805/390/586 810/390/589 807/390/587
f 809/390/588 811/390/590 808/390/588
f 808/390/591 813/390/592 810/390/589
f 812/390/590 814/390/593 811/390/590
f 811/390/594 816/390/595 813/390/592
f 814/390/593 818/390/596 817/390/596
f 814/390/597 819/390/598 816/390/595
f 818/390/596 820/390/599 817/390/596
f 817/390/600 822/390/601 819/390/598
f 820/390/599 824/390/602 823/390/602
f 820/390/603 825/390/604 822/390/601
f 823/390/602 827/390/605 826/390/606
f 825/390/604 826/390/607 828/390/608
f 826/390/606 830/390/609 829/390/610
f 826/390/607 831/390/611 828/390/608
f 832/390/612 829/390/610 830/390/609
f 834/390/613 831/390/611 829/390/614
f 710/390/495 712/390/495 709/390/495
f 704/390/615 706/390/616 703/390/615
f 837/390/617 836/390/618 838/390/619
f 836/390/618 835/390/620 838/390/619
f 705/390/621 707/390/622 704/390/621
f 707/390/622 711/390/488 710/390/488
f 701/390/483 703/390/615 700/390/483
f 836/390/623 697/390/482 835/390/623
f 701/390/487 705/390/621 704/390/621
f 836/390/624 699/390/486 698/390/486
f 706/390/491 711/390/493 708/390/491
f 714/390/489 716/390/625 713/390/489
f 717/390/625 719/390/626 716/390/625
f 720/390/627 722/390/628 719/390/626
f 723/390/629 725/390/630 722/390/628
f 726/390/631 728/390/632 725/390/630
f 729/390/633 731/390/634 728/390/632
f 732/390/635 734/390/636 731/390/634
f 735/390/637 737/390/638 734/390/636
f 738/390/639 740/390/640 737/390/638
f 741/390/641 743/390/642 740/390/640
f 744/390/643 746/390/644 743/390/642
f 747/390/645 749/390/646 746/390/644
f 750/390/647 752/390/648 749/390/646
f 753/390/649 755/390/650 752/390/648
f 756/390/651 758/390/652 755/390/650
f 759/390/653 761/390/654 758/390/652
f 762/390/655 764/390/656 761/390/654
f 765/390/657 767/390/658 764/390/656
f 768/390/659 770/390/660 767/390/658
f 770/390/660 774/390/661 773/390/662
f 773/390/662 777/390/663 776/390/664
f 776/390/664 780/390/665 779/390/666
f 780/390/665 782/390/667 779/390/666
f 783/390/668 785/390/669 782/390/667
f 786/390/670 788/390/671 785/390/669
f 789/390/672 791/390/673 788/390/671
f 792/390/674 794/390/675 791/390/673
f 795/390/676 797/390/677 794/390/675
f 798/390/678 800/390/679 797/390/677
f 801/390/680 803/390/681 800/390/679
f 804/390/682 806/390/683 803/390/681
f 806/390/683 810/390/684 809/390/685
f 809/390/685 813/390/686 812/390/687
f 812/390/687 816/390/688 815/390/689
f 815/390/689 819/390/690 818/390/691
f 818/390/691 822/390/692 821/390/693
f 821/390/693 825/390/694 824/390/695
f 825/390/694 827/390/696 824/390/695
f 827/390/696 831/390/697 830/390/698
f 833/390/699 830/390/699 831/390/699
f 835/390/620 837/390/617 838/390/619
f 831/390/700 834/390/700 833/390/700
f 830/390/701 833/390/701 832/390/701
f 702/390/492 703/390/490 705/390/490
f 707/390/616 709/390/495 706/390/616
f 624/233/320 622/271/361 581/234/321
f 600/236/323 563/323/386 562/237/324
f 588/239/326 565/297/389 554/240/327
f 682/242/329 666/340/429 631/243/330
f 584/245/332 586/295/387 585/246/333
f 624/233/320 583/235/322 585/246/335
f 616/248/337 575/252/410 577/249/338
f 556/251/340 576/258/347 575/252/341
f 611/254/343 620/314/407 579/255/344
f 551/257/346 557/263/353 576/258/347
f 687/259/348 617/335/424 619/260/349
f 582/261/350 581/234/475 561/256/351
f 557/263/353 558/266/356 578/264/354
f 559/265/355 580/268/358 578/264/354
f 552/267/357 560/262/352 580/268/358
f 599/269/359 567/241/328 554/240/327
f 622/271/361 611/254/343 561/256/345
f 560/262/352 561/256/351 579/255/362
f 628/275/366 587/301/393 589/276/367
f 603/278/369 604/317/411 607/279/370
f 602/281/372 568/312/405 567/241/328
f 572/282/373 594/325/415 570/283/374
f 695/285/376 637/349/438 639/286/377
f 589/276/379 590/311/404 592/288/380
f 632/290/382 630/277/368 589/276/367
f 615/291/384 632/290/382 591/289/383
f 563/293/386 584/245/388 582/261/350
f 563/293/386 564/296/360 586/295/387
f 564/296/360 554/240/327 565/297/389
f 605/298/390 572/307/373 553/284/375
f 613/300/392 566/303/480 587/301/393
f 609/302/394 693/374/464 696/287/378
f 566/303/395 585/246/333 586/295/387
f 636/304/396 634/315/408 593/305/397
f 606/280/371 573/391/414 572/307/373
f 596/308/399 598/326/416 597/309/400
f 636/304/396 595/306/398 597/309/402
f 567/241/328 568/312/405 590/311/404
f 569/299/391 592/288/380 590/311/404
f 621/313/406 619/260/349 618/250/339
f 553/284/375 570/283/374 592/288/380
f 634/315/408 615/291/384 571/292/385
f 608/316/409 555/253/479 575/252/410
f 570/283/374 571/292/478 591/289/381
f 604/317/411 558/322/356 557/318/353
f 647/319/412 642/274/365 646/273/364
f 633/244/331 631/243/330 630/277/368
f 604/317/411 601/238/325 559/321/355
f 600/236/323 599/269/359 564/270/360
f 601/238/325 604/317/411 603/278/369
f 573/324/414 596/308/417 594/325/415
f 573/324/414 574/383/473 598/326/416
f 623/327/418 610/330/420 611/254/343
f 562/294/324 582/261/350 560/262/352
f 601/238/325 562/237/324 552/328/357
f 653/230/317 671/232/319 619/260/349
f 644/329/419 653/230/317 621/313/406
f 630/277/368 631/243/330 629/333/423
f 609/334/394 608/316/409 616/248/337
f 626/247/336 627/348/437 625/336/425
f 629/333/423 650/355/444 640/337/426
f 618/250/339 619/260/349 617/335/424
f 642/274/365 643/352/441 623/327/418
f 610/330/420 621/313/406 620/314/407
f 612/338/427 640/337/426 641/272/363
f 637/349/438 635/359/448 634/315/408
f 657/350/439 658/358/447 648/351/440
f 628/275/366 629/333/423 612/338/427
f 650/355/444 629/333/423 631/243/330
f 613/300/392 612/338/427 627/348/437
f 692/353/442 682/242/329 633/244/331
f 635/359/448 614/356/445 615/291/384
f 667/360/449 659/370/459 666/340/429
f 686/363/452 678/372/461 677/364/453
f 603/278/369 606/280/371 605/298/390
f 695/285/376 694/367/456 635/359/448
f 614/356/445 633/244/331 632/290/382
f 650/355/444 651/371/460 645/357/446
f 577/249/462 578/264/354 580/268/358
f 576/258/347 578/264/354 577/249/462
f 655/346/435 646/273/364 645/357/446
f 617/335/424 687/259/348 693/374/464
f 664/375/465 665/344/433 657/350/439
f 671/232/319 662/231/318 670/332/422
f 669/345/434 664/375/465 668/377/467
f 677/364/453 670/332/422 669/345/434
f 683/354/443 684/381/471 674/376/466
f 676/379/469 672/378/468 675/342/431
f 574/383/473 551/392/346 556/384/340
f 693/374/464 686/363/452 691/385/474
f 551/386/346 574/389/473 607/279/370
f 688/366/455 683/354/443 692/353/442
f 643/352/441 644/329/419 610/330/420
f 664/375/465 656/320/413 655/346/435
f 674/376/466 675/342/431 668/377/467
f 638/310/403 639/286/377 637/349/438
f 639/286/377 638/310/403 608/387/409
f 642/274/365 625/336/425 627/348/437
f 690/380/470 680/341/430 689/368/457
f 598/326/416 556/384/340 555/388/342
f 581/234/475 582/261/350 584/245/332
f 588/239/326 590/311/404 589/276/379
f 599/269/359 600/236/323 603/278/369
f 587/301/476 566/303/395 565/297/389
f 593/305/477 594/325/415 596/308/399
f 594/325/415 593/305/477 571/292/478
f 638/310/403 597/309/402 555/388/479
f 620/314/407 618/250/339 577/249/338
f 625/336/425 623/327/418 622/271/361
f 626/247/336 585/246/335 566/303/480
f 694/367/456 692/353/442 614/356/445
f 602/281/372 605/298/390 569/299/391
f 574/389/473 573/391/414 606/280/371
f 698/390/482 701/390/483 700/390/483
f 835/390/484 697/390/485 699/390/485
f 699/390/486 702/390/487 701/390/487
f 711/390/488 714/390/489 713/390/489
f 705/390/490 703/390/490 706/390/491
f 699/390/485 697/390/485 700/390/492
f 711/390/493 709/390/493 712/390/494
f 712/390/495 713/390/495 716/390/496
f 714/390/494 712/390/494 715/390/497
f 715/390/496 716/390/496 719/390/499
f 717/390/498 715/390/497 718/390/500
f 719/390/499 722/390/502 721/390/502
f 720/390/501 718/390/500 721/390/503
f 722/390/502 725/390/505 724/390/505
f 723/390/504 721/390/503 724/390/506
f 724/390/505 725/390/505 728/390/508
f 726/390/507 724/390/506 727/390/509
f 727/390/508 728/390/508 731/390/511
f 729/390/510 727/390/509 730/390/512
f 731/390/511 734/390/514 733/390/514
f 732/390/513 730/390/512 733/390/515
f 734/390/514 737/390/517 736/390/517
f 735/390/516 733/390/515 736/390/518
f 736/390/517 737/390/517 740/390/520
f 738/390/519 736/390/518 739/390/521
f 739/390/520 740/390/520 743/390/523
f 741/390/522 739/390/521 742/390/524
f 743/390/523 746/390/526 745/390/526
f 744/390/525 742/390/524 745/390/527
f 745/390/526 746/390/526 749/390/529
f 747/390/528 745/390/527 748/390/530
f 748/390/529 749/390/529 752/390/532
f 750/390/531 748/390/530 751/390/533
f 752/390/532 755/390/535 754/390/535
f 753/390/534 751/390/533 754/390/536
f 755/390/535 758/390/538 757/390/538
f 756/390/537 754/390/536 757/390/539
f 758/390/538 761/390/541 760/390/541
f 759/390/540 757/390/539 760/390/542
f 760/390/541 761/390/541 764/390/544
f 762/390/543 760/390/542 763/390/545
f 764/390/544 767/390/547 766/390/547
f 765/390/546 763/390/545 766/390/548
f 767/390/547 770/390/550 769/390/550
f 768/390/549 766/390/548 769/390/551
f 769/390/550 770/390/550 773/390/553
f 769/390/551 772/390/556 774/390/554
f 772/390/553 773/390/553 776/390/555
f 772/390/556 775/390/559 777/390/557
f 776/390/555 779/390/558 778/390/558
f 775/390/559 778/390/702 780/390/560
f 779/390/558 782/390/561 781/390/561
f 780/390/560 778/390/702 781/390/562
f 782/390/561 785/390/564 784/390/564
f 783/390/563 781/390/562 784/390/565
f 784/390/564 785/390/564 788/390/567
f 786/390/566 784/390/565 787/390/568
f 788/390/567 791/390/570 790/390/570
f 789/390/569 787/390/568 790/390/571
f 791/390/570 794/390/703 793/390/573
f 792/390/572 790/390/571 793/390/574
f 793/390/573 794/390/703 797/390/576
f 795/390/575 793/390/574 796/390/577
f 796/390/576 797/390/576 800/390/579
f 798/390/578 796/390/577 799/390/580
f 799/390/579 800/390/579 803/390/582
f 801/390/581 799/390/580 802/390/583
f 802/390/582 803/390/582 806/390/585
f 804/390/584 802/390/583 805/390/586
f 806/390/585 809/390/588 808/390/588
f 805/390/586 808/390/591 810/390/589
f 809/390/588 812/390/590 811/390/590
f 808/390/591 811/390/594 813/390/592
f 812/390/590 815/390/593 814/390/593
f 811/390/594 814/390/597 816/390/595
f 814/390/593 815/390/593 818/390/596
f 814/390/597 817/390/600 819/390/598
f 818/390/596 821/390/599 820/390/599
f 817/390/600 820/390/603 822/390/601
f 820/390/599 821/390/599 824/390/602
f 820/390/603 823/390/704 825/390/604
f 823/390/602 824/390/602 827/390/605
f 825/390/604 823/390/704 826/390/607
f 826/390/606 827/390/605 830/390/609
f 826/390/607 829/390/614 831/390/611
f 710/390/495 713/390/495 712/390/495
f 704/390/615 707/390/616 706/390/616
f 705/390/621 708/390/622 707/390/622
f 707/390/622 708/390/622 711/390/488
f 701/390/483 704/390/615 703/390/615
f 836/390/623 698/390/482 697/390/482
f 701/390/487 702/390/487 705/390/621
f 836/390/624 837/390/624 699/390/486
f 706/390/491 709/390/493 711/390/493
f 714/390/489 717/390/625 716/390/625
f 717/390/625 720/390/627 719/390/626
f 720/390/627 723/390/629 722/390/628
f 723/390/629 726/390/631 725/390/630
f 726/390/631 729/390/633 728/390/632
f 729/390/633 732/390/635 731/390/634
f 732/390/635 735/390/637 734/390/636
f 735/390/637 738/390/639 737/390/638
f 738/390/639 741/390/641 740/390/640
f 741/390/641 744/390/643 743/390/642
f 744/390/643 747/390/645 746/390/644
f 747/390/645 750/390/647 749/390/646
f 750/390/647 753/390/649 752/390/648
f 753/390/649 756/390/651 755/390/650
f 756/390/651 759/390/653 758/390/652
f 759/390/653 762/390/655 761/390/654
f 762/390/655 765/390/657 764/390/656
f 765/390/657 768/390/659 767/390/658
f 768/390/659 771/390/705 770/390/660
f 770/390/660 771/390/705 774/390/661
f 773/390/662 774/390/661 777/390/663
f 776/390/664 777/390/663 780/390/665
f 780/390/665 783/390/668 782/390/667
f 783/390/668 786/390/670 785/390/669
f 786/390/670 789/390/672 788/390/671
f 789/390/672 792/390/674 791/390/673
f 792/390/674 795/390/676 794/390/675
f 795/390/676 798/390/678 797/390/677
f 798/390/678 801/390/680 800/390/679
f 801/390/680 804/390/682 803/390/681
f 804/390/682 807/390/706 806/390/683
f 806/390/683 807/390/706 810/390/684
f 809/390/685 810/390/684 813/390/686
f 812/390/687 813/390/686 816/390/688
f 815/390/689 816/390/688 819/390/690
f 818/390/691 819/390/690 822/390/692
f 821/390/693 822/390/692 825/390/694
f 825/390/694 828/390/707 827/390/696
f 827/390/696 828/390/707 831/390/697
f 702/390/492 700/390/492 703/390/490
f 707/390/616 710/390/495 709/390/495
o stop
v 2.460676 0.372892 -0.769599
v 2.455285 0.370658 -0.769599
v 2.458172 0.371313 -0.769599
v 2.406956 0.370650 -0.769599
v 2.401565 0.372882 -0.769599
v 2.404069 0.371304 -0.769599
v 2.367386 0.407050 -0.769599
v 2.365152 0.412441 -0.769599
v 2.365806 0.409554 -0.769599
v 2.365144 0.460770 -0.769599
v 2.367376 0.466161 -0.769599
v 2.365798 0.463657 -0.769599
v 2.401544 0.500340 -0.769599
v 2.406935 0.502574 -0.769599
v 2.404048 0.501920 -0.769599
v 2.455263 0.502582 -0.769599
v 2.460655 0.500350 -0.769599
v 2.458151 0.501929 -0.769599
v 2.494834 0.466182 -0.769599
v 2.497068 0.460791 -0.769599
v 2.496413 0.463678 -0.769599
v 2.497076 0.412463 -0.769599
v 2.494844 0.407071 -0.769599
v 2.496422 0.409575 -0.769599
v 2.431110 0.436616 -0.769599
v 2.492603 0.465147 -0.766089
v 2.459621 0.498119 -0.766089
v 2.457042 0.499250 -0.766089
v 2.454418 0.500273 -0.766089
v 2.407781 0.500265 -0.766089
v 2.405158 0.499241 -0.766089
v 2.402579 0.498109 -0.766089
v 2.369607 0.465127 -0.766089
v 2.368476 0.462548 -0.766089
v 2.367453 0.459924 -0.766089
v 2.367461 0.413288 -0.766089
v 2.368485 0.410664 -0.766089
v 2.369617 0.408085 -0.766089
v 2.402599 0.375114 -0.766089
v 2.405178 0.373983 -0.766089
v 2.407802 0.372960 -0.766089
v 2.454438 0.372967 -0.766089
v 2.457062 0.373991 -0.766089
v 2.459641 0.375123 -0.766089
v 2.492612 0.408105 -0.766089
v 2.493743 0.410684 -0.766089
v 2.494766 0.413308 -0.766089
v 2.494759 0.459945 -0.766089
v 2.493735 0.462568 -0.766089
v 2.436680 -0.410160 -0.755645
v 2.446429 -0.410160 -0.761242
v 2.452073 -0.410160 -0.770964
v 2.452100 -0.410160 -0.782205
v 2.446503 -0.410160 -0.791954
v 2.436781 -0.410160 -0.797598
v 2.425540 -0.410160 -0.797626
v 2.415791 -0.410160 -0.792029
v 2.410147 -0.410160 -0.782307
v 2.410120 -0.410160 -0.771066
v 2.415717 -0.410160 -0.761317
v 2.425438 -0.410160 -0.755672
v 2.432572 -0.410160 -0.771126
v 2.435130 -0.410160 -0.772595
v 2.436612 -0.410160 -0.775147
v 2.436619 -0.410160 -0.778097
v 2.435150 -0.410160 -0.780656
v 2.432598 -0.410160 -0.782137
v 2.429648 -0.410160 -0.782144
v 2.427089 -0.410160 -0.780675
v 2.425608 -0.410160 -0.778124
v 2.425601 -0.410160 -0.775174
v 2.427070 -0.410160 -0.772615
v 2.429621 -0.410160 -0.771134
v 2.437936 0.439585 -0.778447
v 2.436116 0.439585 -0.781617
v 2.426104 0.439585 -0.771654
v 2.429265 0.439585 -0.769818
v 2.432921 0.439585 -0.769809
v 2.436092 0.439585 -0.771630
v 2.426128 0.439585 -0.781641
v 2.424293 0.439585 -0.778480
v 2.432954 0.439585 -0.783453
v 2.437927 0.439585 -0.774791
v 2.424284 0.439585 -0.774824
v 2.429299 0.439585 -0.783461
v 2.417280 0.426100 -0.772531
v 2.417280 0.426100 -0.764831
v 2.444502 0.426100 -0.772531
v 2.444502 0.426100 -0.764831
v 2.461230 0.371697 -0.766313
v 2.461133 0.371906 -0.766089
v 2.461217 0.371725 -0.766201
v 2.461182 0.371802 -0.766119
v 2.455659 0.369637 -0.766089
v 2.455738 0.369421 -0.766313
v 2.455698 0.369529 -0.766119
v 2.455728 0.369450 -0.766201
v 2.458591 0.370302 -0.766089
v 2.458679 0.370088 -0.766313
v 2.458635 0.370195 -0.766119
v 2.458668 0.370117 -0.766201
v 2.406504 0.369413 -0.766313
v 2.406583 0.369629 -0.766089
v 2.406514 0.369442 -0.766201
v 2.406543 0.369521 -0.766119
v 2.401107 0.371896 -0.766089
v 2.401011 0.371687 -0.766313
v 2.401059 0.371792 -0.766119
v 2.401024 0.371715 -0.766201
v 2.403651 0.370293 -0.766089
v 2.403562 0.370079 -0.766313
v 2.403606 0.370186 -0.766119
v 2.403574 0.370108 -0.766201
v 2.366191 0.406496 -0.766313
v 2.366400 0.406593 -0.766089
v 2.366219 0.406509 -0.766201
v 2.366295 0.406544 -0.766119
v 2.363915 0.411988 -0.766313
v 2.364131 0.412067 -0.766089
v 2.363944 0.411999 -0.766201
v 2.364023 0.412028 -0.766119
v 2.364582 0.409047 -0.766313
v 2.364795 0.409135 -0.766089
v 2.364610 0.409058 -0.766201
v 2.364689 0.409091 -0.766119
v 2.363907 0.461222 -0.766313
v 2.364123 0.461143 -0.766089
v 2.363936 0.461212 -0.766201
v 2.364015 0.461183 -0.766119
v 2.366390 0.466619 -0.766089
v 2.366181 0.466715 -0.766313
v 2.366286 0.466667 -0.766119
v 2.366209 0.466702 -0.766201
v 2.364786 0.464076 -0.766089
v 2.364573 0.464164 -0.766313
v 2.364680 0.464120 -0.766119
v 2.364602 0.464152 -0.766201
v 2.400990 0.501535 -0.766313
v 2.401086 0.501327 -0.766089
v 2.401003 0.501507 -0.766201
v 2.401038 0.501431 -0.766119
v 2.406482 0.503811 -0.766313
v 2.406561 0.503595 -0.766089
v 2.406492 0.503782 -0.766201
v 2.406521 0.503703 -0.766119
v 2.403540 0.503144 -0.766313
v 2.403629 0.502931 -0.766089
v 2.403552 0.503116 -0.766201
v 2.403585 0.503037 -0.766119
v 2.455716 0.503819 -0.766313
v 2.455637 0.503603 -0.766089
v 2.455706 0.503790 -0.766201
v 2.455677 0.503711 -0.766119
v 2.461112 0.501336 -0.766089
v 2.461209 0.501545 -0.766313
v 2.461161 0.501441 -0.766119
v 2.461196 0.501517 -0.766201
v 2.458569 0.502940 -0.766089
v 2.458658 0.503153 -0.766313
v 2.458613 0.503046 -0.766119
v 2.458646 0.503124 -0.766201
v 2.496029 0.466736 -0.766313
v 2.495820 0.466640 -0.766089
v 2.496001 0.466724 -0.766201
v 2.495924 0.466688 -0.766119
v 2.498089 0.461165 -0.766089
v 2.498305 0.461244 -0.766313
v 2.498197 0.461205 -0.766119
v 2.498276 0.461234 -0.766201
v 2.497638 0.464186 -0.766313
v 2.497424 0.464097 -0.766089
v 2.497609 0.464174 -0.766201
v 2.497531 0.464141 -0.766119
v 2.498313 0.412010 -0.766313
v 2.498097 0.412089 -0.766089
v 2.498284 0.412020 -0.766201
v 2.498205 0.412049 -0.766119
v 2.495830 0.406614 -0.766089
v 2.496039 0.406517 -0.766313
v 2.495934 0.406565 -0.766119
v 2.496011 0.406530 -0.766201
v 2.497647 0.409068 -0.766313
v 2.497433 0.409157 -0.766089
v 2.497618 0.409080 -0.766201
v 2.497540 0.409112 -0.766119
v 2.461133 0.371906 -0.769599
v 2.461230 0.371697 -0.769375
v 2.461182 0.371802 -0.769569
v 2.461217 0.371725 -0.769487
v 2.455738 0.369421 -0.769375
v 2.455659 0.369637 -0.769599
v 2.455728 0.369450 -0.769487
v 2.455698 0.369529 -0.769569
v 2.458679 0.370088 -0.769375
v 2.458591 0.370302 -0.769599
v 2.458668 0.370117 -0.769487
v 2.458635 0.370195 -0.769569
v 2.406583 0.369629 -0.769599
v 2.406504 0.369413 -0.769375
v 2.406543 0.369521 -0.769569
v 2.406514 0.369442 -0.769487
v 2.401011 0.371687 -0.769375
v 2.401107 0.371896 -0.769599
v 2.401024 0.371715 -0.769487
v 2.401059 0.371792 -0.769569
v 2.403562 0.370079 -0.769375
v 2.403651 0.370293 -0.769599
v 2.403574 0.370108 -0.769487
v 2.403606 0.370186 -0.769569
v 2.366400 0.406593 -0.769599
v 2.366191 0.406496 -0.769375
v 2.366295 0.406544 -0.769569
v 2.366219 0.406509 -0.769487
v 2.363915 0.411988 -0.769375
v 2.364131 0.412067 -0.769599
v 2.363944 0.411999 -0.769487
v 2.364023 0.412028 -0.769569
v 2.364795 0.409135 -0.769599
v 2.364582 0.409047 -0.769375
v 2.364689 0.409091 -0.769569
v 2.364610 0.409058 -0.769487
v 2.364123 0.461143 -0.769599
v 2.363907 0.461222 -0.769375
v 2.364015 0.461183 -0.769569
v 2.363936 0.461212 -0.769487
v 2.366181 0.466715 -0.769375
v 2.366390 0.466619 -0.769599
v 2.366209 0.466702 -0.769487
v 2.366286 0.466667 -0.769569
v 2.364573 0.464164 -0.769375
v 2.364786 0.464076 -0.769599
v 2.364602 0.464152 -0.769487
v 2.364680 0.464120 -0.769569
v 2.401086 0.501327 -0.769599
v 2.400990 0.501535 -0.769375
v 2.401038 0.501431 -0.769569
v 2.401003 0.501507 -0.769487
v 2.406482 0.503811 -0.769375
v 2.406561 0.503595 -0.769599
v 2.406492 0.503782 -0.769487
v 2.406521 0.503703 -0.769569
v 2.403629 0.502931 -0.769599
v 2.403540 0.503144 -0.769375
v 2.403585 0.503037 -0.769569
v 2.403552 0.503116 -0.769487
v 2.455637 0.503603 -0.769599
v 2.455716 0.503819 -0.769375
v 2.455677 0.503711 -0.769569
v 2.455706 0.503790 -0.769487
v 2.461209 0.501545 -0.769375
v 2.461112 0.501336 -0.769599
v 2.461196 0.501517 -0.769487
v 2.461161 0.501441 -0.769569
v 2.458658 0.503153 -0.769375
v 2.458569 0.502940 -0.769599
v 2.458646 0.503124 -0.769487
v 2.458613 0.503046 -0.769569
v 2.495820 0.466640 -0.769599
v 2.496029 0.466736 -0.769375
v 2.495924 0.466688 -0.769569
v 2.496001 0.466724 -0.769487
v 2.498305 0.461244 -0.769375
v 2.498089 0.461165 -0.769599
v 2.498276 0.461234 -0.769487
v 2.498197 0.461205 -0.769569
v 2.497424 0.464097 -0.769599
v 2.497638 0.464186 -0.769375
v 2.497531 0.464141 -0.769569
v 2.497609 0.464174 -0.769487
v 2.498097 0.412089 -0.769599
v 2.498313 0.412010 -0.769375
v 2.498205 0.412049 -0.769569
v 2.498284 0.412020 -0.769487
v 2.496039 0.406517 -0.769375
v 2.495830 0.406614 -0.769599
v 2.496011 0.406530 -0.769487
v 2.495934 0.406565 -0.769569
v 2.497433 0.409157 -0.769599
v 2.497647 0.409068 -0.769375
v 2.497540 0.409112 -0.769569
v 2.497618 0.409080 -0.769487
v 2.432862 0.471825 -0.770034
v 2.432921 0.471601 -0.769809
v 2.432891 0.471795 -0.769921
v 2.432913 0.471713 -0.769839
v 2.436092 0.471601 -0.771630
v 2.435928 0.471825 -0.771794
v 2.436070 0.471713 -0.771652
v 2.436010 0.471795 -0.771712
v 2.437927 0.471601 -0.774791
v 2.437703 0.471825 -0.774852
v 2.437897 0.471713 -0.774799
v 2.437815 0.471795 -0.774821
v 2.437936 0.471601 -0.778447
v 2.437712 0.471825 -0.778387
v 2.437906 0.471713 -0.778439
v 2.437824 0.471795 -0.778417
v 2.436116 0.471601 -0.781617
v 2.435951 0.471825 -0.781453
v 2.436094 0.471713 -0.781595
v 2.436033 0.471795 -0.781535
v 2.432954 0.471601 -0.783453
v 2.432894 0.471825 -0.783229
v 2.432946 0.471713 -0.783423
v 2.432924 0.471795 -0.783341
v 2.429299 0.471601 -0.783461
v 2.429358 0.471825 -0.783237
v 2.429307 0.471713 -0.783431
v 2.429328 0.471795 -0.783349
v 2.426128 0.471601 -0.781641
v 2.426292 0.471825 -0.781477
v 2.426150 0.471713 -0.781619
v 2.426210 0.471795 -0.781559
v 2.424293 0.471601 -0.778480
v 2.424517 0.471825 -0.778419
v 2.424323 0.471713 -0.778472
v 2.424405 0.471795 -0.778449
v 2.424284 0.471601 -0.774824
v 2.424508 0.471825 -0.774884
v 2.424314 0.471713 -0.774832
v 2.424396 0.471795 -0.774854
v 2.426104 0.471601 -0.771654
v 2.426268 0.471825 -0.771817
v 2.426126 0.471713 -0.771676
v 2.426186 0.471795 -0.771736
v 2.429265 0.471601 -0.769818
v 2.429326 0.471825 -0.770042
v 2.429274 0.471713 -0.769848
v 2.429296 0.471795 -0.769930
v 2.432921 -0.405819 -0.769809
v 2.432981 -0.406043 -0.769585
v 2.432929 -0.405931 -0.769779
v 2.432951 -0.406013 -0.769697
v 2.436255 -0.406043 -0.771465
v 2.436092 -0.405819 -0.771630
v 2.436173 -0.406013 -0.771547
v 2.436113 -0.405931 -0.771608
v 2.438151 -0.406043 -0.774730
v 2.437927 -0.405819 -0.774791
v 2.438039 -0.406013 -0.774761
v 2.437957 -0.405931 -0.774783
v 2.438160 -0.406043 -0.778506
v 2.437936 -0.405819 -0.778447
v 2.438048 -0.406013 -0.778476
v 2.437966 -0.405931 -0.778455
v 2.436280 -0.406043 -0.781781
v 2.436116 -0.405819 -0.781617
v 2.436198 -0.406013 -0.781699
v 2.436138 -0.405931 -0.781639
v 2.433015 -0.406043 -0.783676
v 2.432954 -0.405819 -0.783453
v 2.432985 -0.406013 -0.783565
v 2.432962 -0.405931 -0.783483
v 2.429239 -0.406043 -0.783686
v 2.429299 -0.405819 -0.783461
v 2.429269 -0.406013 -0.783574
v 2.429291 -0.405931 -0.783491
v 2.425965 -0.406043 -0.781806
v 2.426128 -0.405819 -0.781641
v 2.426046 -0.406013 -0.781723
v 2.426106 -0.405931 -0.781663
v 2.424069 -0.406043 -0.778540
v 2.424293 -0.405819 -0.778480
v 2.424181 -0.406013 -0.778510
v 2.424263 -0.405931 -0.778488
v 2.424060 -0.406043 -0.774765
v 2.424284 -0.405819 -0.774824
v 2.424172 -0.406013 -0.774794
v 2.424254 -0.405931 -0.774816
v 2.425940 -0.406043 -0.771490
v 2.426104 -0.405819 -0.771654
v 2.426022 -0.406013 -0.771572
v 2.426082 -0.405931 -0.771632
v 2.429205 -0.406043 -0.769594
v 2.429265 -0.405819 -0.769818
v 2.429235 -0.406013 -0.769706
v 2.429257 -0.405931 -0.769788
v 2.436620 -0.406043 -0.755869
v 2.436680 -0.406267 -0.755645
v 2.436650 -0.406073 -0.755757
v 2.436672 -0.406155 -0.755675
v 2.446429 -0.406267 -0.761242
v 2.446265 -0.406043 -0.761407
v 2.446407 -0.406155 -0.761264
v 2.446347 -0.406073 -0.761324
v 2.452073 -0.406267 -0.770964
v 2.451849 -0.406043 -0.771024
v 2.452043 -0.406155 -0.770972
v 2.451961 -0.406073 -0.770994
v 2.452100 -0.406267 -0.782205
v 2.451876 -0.406043 -0.782146
v 2.452070 -0.406155 -0.782197
v 2.451988 -0.406073 -0.782175
v 2.446503 -0.406267 -0.791954
v 2.446339 -0.406043 -0.791791
v 2.446481 -0.406155 -0.791932
v 2.446421 -0.406073 -0.791872
v 2.436781 -0.406267 -0.797598
v 2.436721 -0.406043 -0.797375
v 2.436773 -0.406155 -0.797568
v 2.436751 -0.406073 -0.797486
v 2.425540 -0.406267 -0.797626
v 2.425600 -0.406043 -0.797401
v 2.425548 -0.406155 -0.797596
v 2.425570 -0.406073 -0.797514
v 2.415791 -0.406267 -0.792029
v 2.415955 -0.406043 -0.791864
v 2.415813 -0.406155 -0.792007
v 2.415873 -0.406073 -0.791946
v 2.410147 -0.406267 -0.782307
v 2.410371 -0.406043 -0.782246
v 2.410177 -0.406155 -0.782299
v 2.410259 -0.406073 -0.782277
v 2.410120 -0.406267 -0.771066
v 2.410344 -0.406043 -0.771125
v 2.410150 -0.406155 -0.771074
v 2.410232 -0.406073 -0.771095
v 2.415717 -0.406267 -0.761317
v 2.415881 -0.406043 -0.761480
v 2.415739 -0.406155 -0.761339
v 2.415799 -0.406073 -0.761398
v 2.425438 -0.406267 -0.755672
v 2.425499 -0.406043 -0.755896
v 2.425447 -0.406155 -0.755702
v 2.425469 -0.406073 -0.755784
v 2.432572 0.471601 -0.771126
v 2.432631 0.471825 -0.770902
v 2.432580 0.471713 -0.771096
v 2.432601 0.471795 -0.771014
v 2.435294 0.471825 -0.772431
v 2.435130 0.471601 -0.772595
v 2.435212 0.471795 -0.772513
v 2.435152 0.471713 -0.772573
v 2.436836 0.471825 -0.775086
v 2.436612 0.471601 -0.775147
v 2.436724 0.471795 -0.775117
v 2.436642 0.471713 -0.775139
v 2.436843 0.471825 -0.778157
v 2.436619 0.471601 -0.778097
v 2.436731 0.471795 -0.778127
v 2.436649 0.471713 -0.778105
v 2.435314 0.471825 -0.780819
v 2.435150 0.471601 -0.780656
v 2.435232 0.471795 -0.780738
v 2.435172 0.471713 -0.780678
v 2.432659 0.471825 -0.782361
v 2.432598 0.471601 -0.782137
v 2.432629 0.471795 -0.782249
v 2.432606 0.471713 -0.782167
v 2.429589 0.471825 -0.782369
v 2.429648 0.471601 -0.782144
v 2.429618 0.471795 -0.782256
v 2.429640 0.471713 -0.782174
v 2.426926 0.471825 -0.780840
v 2.427089 0.471601 -0.780675
v 2.427008 0.471795 -0.780758
v 2.427068 0.471713 -0.780697
v 2.425384 0.471825 -0.778184
v 2.425608 0.471601 -0.778124
v 2.425496 0.471795 -0.778154
v 2.425578 0.471713 -0.778132
v 2.425377 0.471825 -0.775114
v 2.425601 0.471601 -0.775174
v 2.425489 0.471795 -0.775144
v 2.425571 0.471713 -0.775166
v 2.426906 0.471825 -0.772451
v 2.427070 0.471601 -0.772615
v 2.426988 0.471795 -0.772533
v 2.427048 0.471713 -0.772593
v 2.429561 0.471825 -0.770910
v 2.429621 0.471601 -0.771134
v 2.429591 0.471795 -0.771022
v 2.429613 0.471713 -0.771104
v 2.419827 0.425745 -0.772307
v 2.419693 0.425948 -0.772531
v 2.419851 0.426132 -0.772307
v 2.419802 0.425773 -0.772419
v 2.419882 0.425865 -0.772307
v 2.419855 0.425888 -0.772414
v 2.419765 0.426041 -0.772501
v 2.419753 0.425847 -0.772501
v 2.419821 0.425940 -0.772472
v 2.419890 0.426007 -0.772307
v 2.419823 0.426108 -0.772419
v 2.419862 0.425988 -0.772414
v 2.418593 0.423889 -0.772307
v 2.418246 0.423717 -0.772307
v 2.418355 0.423935 -0.772531
v 2.418504 0.423793 -0.772307
v 2.418559 0.423901 -0.772419
v 2.418473 0.423808 -0.772414
v 2.418257 0.423752 -0.772419
v 2.418377 0.423729 -0.772307
v 2.418383 0.423764 -0.772414
v 2.418471 0.423918 -0.772501
v 2.418297 0.423832 -0.772501
v 2.418411 0.423820 -0.772472
v 2.416022 0.423857 -0.772307
v 2.415699 0.424072 -0.772307
v 2.415942 0.424087 -0.772531
v 2.415894 0.423886 -0.772307
v 2.416015 0.423893 -0.772419
v 2.415891 0.423921 -0.772414
v 2.415735 0.424079 -0.772419
v 2.415775 0.423965 -0.772307
v 2.415808 0.423976 -0.772414
v 2.415985 0.423977 -0.772501
v 2.415824 0.424085 -0.772501
v 2.415871 0.423980 -0.772472
v 2.414708 0.426068 -0.772307
v 2.414733 0.426455 -0.772307
v 2.414867 0.426252 -0.772531
v 2.414669 0.426193 -0.772307
v 2.414736 0.426092 -0.772419
v 2.414698 0.426213 -0.772414
v 2.414757 0.426427 -0.772419
v 2.414678 0.426335 -0.772307
v 2.414704 0.426313 -0.772414
v 2.414794 0.426160 -0.772501
v 2.414806 0.426353 -0.772501
v 2.414739 0.426260 -0.772472
v 2.415966 0.428311 -0.772307
v 2.416314 0.428483 -0.772307
v 2.416205 0.428266 -0.772531
v 2.416055 0.428408 -0.772307
v 2.416001 0.428299 -0.772419
v 2.416086 0.428392 -0.772414
v 2.416302 0.428449 -0.772419
v 2.416183 0.428471 -0.772307
v 2.416176 0.428437 -0.772414
v 2.416089 0.428283 -0.772501
v 2.416262 0.428369 -0.772501
v 2.416148 0.428381 -0.772472
v 2.418537 0.428343 -0.772307
v 2.418860 0.428128 -0.772307
v 2.418618 0.428114 -0.772531
v 2.418666 0.428315 -0.772307
v 2.418545 0.428307 -0.772419
v 2.418668 0.428280 -0.772414
v 2.418825 0.428121 -0.772419
v 2.418784 0.428236 -0.772307
v 2.418751 0.428224 -0.772414
v 2.418574 0.428223 -0.772501
v 2.418736 0.428116 -0.772501
v 2.418689 0.428220 -0.772472
v 2.416314 0.428483 -0.765055
v 2.415966 0.428311 -0.765055
v 2.416205 0.428266 -0.764831
v 2.416183 0.428471 -0.765055
v 2.416302 0.428449 -0.764943
v 2.416176 0.428437 -0.764948
v 2.416001 0.428299 -0.764943
v 2.416055 0.428408 -0.765055
v 2.416086 0.428392 -0.764948
v 2.416262 0.428369 -0.764861
v 2.416089 0.428283 -0.764861
v 2.416148 0.428381 -0.764890
v 2.414733 0.426455 -0.765055
v 2.414708 0.426068 -0.765055
v 2.414867 0.426252 -0.764831
v 2.414678 0.426335 -0.765055
v 2.414757 0.426427 -0.764943
v 2.414704 0.426313 -0.764948
v 2.414736 0.426092 -0.764943
v 2.414669 0.426193 -0.765055
v 2.414698 0.426213 -0.764948
v 2.414806 0.426353 -0.764861
v 2.414794 0.426160 -0.764861
v 2.414739 0.426260 -0.764890
v 2.415699 0.424072 -0.765055
v 2.416022 0.423857 -0.765055
v 2.415942 0.424087 -0.764831
v 2.415775 0.423965 -0.765055
v 2.415735 0.424079 -0.764943
v 2.415808 0.423976 -0.764948
v 2.416015 0.423893 -0.764943
v 2.415894 0.423886 -0.765055
v 2.415891 0.423921 -0.764948
v 2.415824 0.424085 -0.764861
v 2.415985 0.423977 -0.764861
v 2.415871 0.423980 -0.764890
v 2.418246 0.423717 -0.765055
v 2.418593 0.423889 -0.765055
v 2.418355 0.423935 -0.764831
v 2.418377 0.423729 -0.765055
v 2.418257 0.423752 -0.764943
v 2.418383 0.423764 -0.764948
v 2.418559 0.423901 -0.764943
v 2.418504 0.423793 -0.765055
v 2.418473 0.423808 -0.764948
v 2.418297 0.423832 -0.764861
v 2.418471 0.423918 -0.764861
v 2.418411 0.423820 -0.764890
v 2.419851 0.426132 -0.765055
v 2.419693 0.425948 -0.764831
v 2.419827 0.425745 -0.765055
v 2.419823 0.426108 -0.764943
v 2.419890 0.426007 -0.765055
v 2.419862 0.425988 -0.764948
v 2.419753 0.425847 -0.764861
v 2.419765 0.426041 -0.764861
v 2.419821 0.425940 -0.764890
v 2.419882 0.425865 -0.765055
v 2.419802 0.425773 -0.764943
v 2.419855 0.425888 -0.764948
v 2.418860 0.428128 -0.765055
v 2.418537 0.428343 -0.765055
v 2.418618 0.428114 -0.764831
v 2.418784 0.428236 -0.765055
v 2.418825 0.428121 -0.764943
v 2.418751 0.428224 -0.764948
v 2.418545 0.428307 -0.764943
v 2.418666 0.428315 -0.765055
v 2.418668 0.428280 -0.764948
v 2.418736 0.428116 -0.764861
v 2.418574 0.428223 -0.764861
v 2.418689 0.428220 -0.764890
v 2.446389 0.424353 -0.772307
v 2.446395 0.424597 -0.772531
v 2.446630 0.424657 -0.772307
v 2.446385 0.424390 -0.772419
v 2.446503 0.424420 -0.772307
v 2.446494 0.424454 -0.772414
v 2.446508 0.424631 -0.772501
v 2.446387 0.424479 -0.772501
v 2.446496 0.424517 -0.772472
v 2.446591 0.424532 -0.772307
v 2.446594 0.424653 -0.772419
v 2.446556 0.424533 -0.772414
v 2.444317 0.423535 -0.772307
v 2.443933 0.423592 -0.772307
v 2.444146 0.423709 -0.772531
v 2.444188 0.423507 -0.772307
v 2.444295 0.423565 -0.772419
v 2.444172 0.423537 -0.772414
v 2.443962 0.423614 -0.772419
v 2.444047 0.423528 -0.772307
v 2.444072 0.423552 -0.772414
v 2.444232 0.423628 -0.772501
v 2.444041 0.423657 -0.772501
v 2.444128 0.423582 -0.772472
v 2.442188 0.424978 -0.772307
v 2.442046 0.425339 -0.772307
v 2.442253 0.425212 -0.772531
v 2.442099 0.425075 -0.772307
v 2.442203 0.425012 -0.772419
v 2.442117 0.425105 -0.772414
v 2.442079 0.425324 -0.772419
v 2.442047 0.425207 -0.772307
v 2.442080 0.425198 -0.772414
v 2.442227 0.425098 -0.772501
v 2.442156 0.425278 -0.772501
v 2.442134 0.425165 -0.772472
v 2.442374 0.427543 -0.772307
v 2.442615 0.427847 -0.772307
v 2.442609 0.427604 -0.772531
v 2.442413 0.427669 -0.772307
v 2.442410 0.427547 -0.772419
v 2.442448 0.427668 -0.772414
v 2.442619 0.427810 -0.772419
v 2.442501 0.427780 -0.772307
v 2.442510 0.427746 -0.772414
v 2.442496 0.427569 -0.772501
v 2.442617 0.427721 -0.772501
v 2.442508 0.427683 -0.772472
v 2.444687 0.428665 -0.772307
v 2.445071 0.428608 -0.772307
v 2.444858 0.428491 -0.772531
v 2.444816 0.428694 -0.772307
v 2.444709 0.428636 -0.772419
v 2.444833 0.428663 -0.772414
v 2.445042 0.428586 -0.772419
v 2.444957 0.428673 -0.772307
v 2.444932 0.428648 -0.772414
v 2.444772 0.428572 -0.772501
v 2.444963 0.428543 -0.772501
v 2.444876 0.428618 -0.772472
v 2.446816 0.427222 -0.772307
v 2.446958 0.426861 -0.772307
v 2.446751 0.426988 -0.772531
v 2.446905 0.427125 -0.772307
v 2.446801 0.427188 -0.772419
v 2.446887 0.427095 -0.772414
v 2.446925 0.426876 -0.772419
v 2.446957 0.426993 -0.772307
v 2.446924 0.427002 -0.772414
v 2.446777 0.427102 -0.772501
v 2.446848 0.426922 -0.772501
v 2.446870 0.427035 -0.772472
v 2.445071 0.428608 -0.765055
v 2.444687 0.428665 -0.765055
v 2.444858 0.428491 -0.764831
v 2.444957 0.428673 -0.765055
v 2.445042 0.428586 -0.764943
v 2.444932 0.428648 -0.764948
v 2.444709 0.428636 -0.764943
v 2.444816 0.428694 -0.765055
v 2.444833 0.428663 -0.764948
v 2.444963 0.428543 -0.764861
v 2.444772 0.428572 -0.764861
v 2.444876 0.428618 -0.764890
v 2.442615 0.427847 -0.765055
v 2.442374 0.427543 -0.765055
v 2.442609 0.427604 -0.764831
v 2.442501 0.427780 -0.765055
v 2.442619 0.427810 -0.764943
v 2.442510 0.427746 -0.764948
v 2.442410 0.427547 -0.764943
v 2.442413 0.427669 -0.765055
v 2.442448 0.427668 -0.764948
v 2.442617 0.427721 -0.764861
v 2.442496 0.427569 -0.764861
v 2.442508 0.427683 -0.764890
v 2.442046 0.425339 -0.765055
v 2.442188 0.424978 -0.765055
v 2.442253 0.425212 -0.764831
v 2.442047 0.425207 -0.765055
v 2.442079 0.425324 -0.764943
v 2.442080 0.425198 -0.764948
v 2.442203 0.425012 -0.764943
v 2.442099 0.425075 -0.765055
v 2.442117 0.425105 -0.764948
v 2.442156 0.425278 -0.764861
v 2.442227 0.425098 -0.764861
v 2.442134 0.425165 -0.764890
v 2.443933 0.423592 -0.765055
v 2.444317 0.423535 -0.765055
v 2.444146 0.423709 -0.764831
v 2.444047 0.423528 -0.765055
v 2.443962 0.423614 -0.764943
v 2.444072 0.423552 -0.764948
v 2.444295 0.423565 -0.764943
v 2.444188 0.423507 -0.765055
v 2.444172 0.423537 -0.764948
v 2.444041 0.423657 -0.764861
v 2.444232 0.423628 -0.764861
v 2.444128 0.423582 -0.764890
v 2.446630 0.424657 -0.765055
v 2.446395 0.424597 -0.764831
v 2.446389 0.424353 -0.765055
v 2.446594 0.424653 -0.764943
v 2.446591 0.424532 -0.765055
v 2.446556 0.424533 -0.764948
v 2.446387 0.424479 -0.764861
v 2.446508 0.424631 -0.764861
v 2.446496 0.424517 -0.764890
v 2.446503 0.424420 -0.765055
v 2.446385 0.424390 -0.764943
v 2.446494 0.424454 -0.764948
v 2.446958 0.426861 -0.765055
v 2.446816 0.427222 -0.765055
v 2.446751 0.426988 -0.764831
v 2.446957 0.426993 -0.765055
v 2.446925 0.426876 -0.764943
v 2.446924 0.427002 -0.764948
v 2.446801 0.427188 -0.764943
v 2.446905 0.427125 -0.765055
v 2.446887 0.427095 -0.764948
v 2.446848 0.426922 -0.764861
v 2.446777 0.427102 -0.764861
v 2.446870 0.427035 -0.764890
v 2.440252 0.438024 -0.776032
v 2.440476 0.437800 -0.776062
v 2.440364 0.437994 -0.776047
v 2.440446 0.437912 -0.776058
v 2.439034 0.438024 -0.780384
v 2.439234 0.437800 -0.780500
v 2.439134 0.437994 -0.780442
v 2.439207 0.437912 -0.780484
v 2.448406 0.437800 -0.771442
v 2.448183 0.437800 -0.771650
v 2.448182 0.438024 -0.771419
v 2.448376 0.437800 -0.771553
v 2.448376 0.437912 -0.771437
v 2.448347 0.437907 -0.771544
v 2.448183 0.437912 -0.771618
v 2.448294 0.437800 -0.771630
v 2.448290 0.437907 -0.771598
v 2.448294 0.437994 -0.771429
v 2.448182 0.437994 -0.771533
v 2.448289 0.437965 -0.771538
v 2.448406 0.414382 -0.771442
v 2.448182 0.414158 -0.771419
v 2.448183 0.414382 -0.771650
v 2.448373 0.414273 -0.771435
v 2.448373 0.414382 -0.771550
v 2.448348 0.414276 -0.771542
v 2.448180 0.414192 -0.771533
v 2.448292 0.414192 -0.771426
v 2.448288 0.414217 -0.771537
v 2.448292 0.414383 -0.771625
v 2.448180 0.414273 -0.771616
v 2.448288 0.414276 -0.771598
v 2.426403 0.437800 -0.783938
v 2.426518 0.438024 -0.783738
v 2.426418 0.437912 -0.783911
v 2.426460 0.437994 -0.783838
v 2.423164 0.438024 -0.780384
v 2.422964 0.437800 -0.780500
v 2.423064 0.437994 -0.780442
v 2.422991 0.437912 -0.780484
v 2.435680 0.438024 -0.783738
v 2.435796 0.437800 -0.783938
v 2.435738 0.437994 -0.783838
v 2.435781 0.437912 -0.783911
v 2.414001 0.438024 -0.771419
v 2.414001 0.437800 -0.771650
v 2.413777 0.437800 -0.771442
v 2.414004 0.437990 -0.771533
v 2.413891 0.437991 -0.771426
v 2.413896 0.437966 -0.771537
v 2.413891 0.437800 -0.771625
v 2.414004 0.437910 -0.771616
v 2.413895 0.437906 -0.771598
v 2.413810 0.437910 -0.771435
v 2.413810 0.437800 -0.771550
v 2.413836 0.437906 -0.771542
v 2.421723 0.437800 -0.776062
v 2.421947 0.438024 -0.776032
v 2.421753 0.437912 -0.776058
v 2.421835 0.437994 -0.776047
v 2.431099 0.438024 -0.784966
v 2.431099 0.437800 -0.785197
v 2.431099 0.437994 -0.785081
v 2.431099 0.437912 -0.785166
v 2.440252 0.414158 -0.776032
v 2.440476 0.414382 -0.776062
v 2.440364 0.414188 -0.776047
v 2.440446 0.414270 -0.776058
v 2.439234 0.414382 -0.780500
v 2.439034 0.414158 -0.780384
v 2.439207 0.414270 -0.780484
v 2.439134 0.414188 -0.780442
v 2.413777 0.414382 -0.771442
v 2.414001 0.414382 -0.771650
v 2.414001 0.414158 -0.771419
v 2.413807 0.414383 -0.771553
v 2.413807 0.414271 -0.771437
v 2.413836 0.414275 -0.771544
v 2.414001 0.414271 -0.771618
v 2.413889 0.414383 -0.771630
v 2.413894 0.414275 -0.771598
v 2.413889 0.414188 -0.771429
v 2.414001 0.414188 -0.771533
v 2.413894 0.414218 -0.771538
v 2.422534 0.414158 -0.770837
v 2.422062 0.414382 -0.771101
v 2.422261 0.414382 -0.771308
v 2.422384 0.414191 -0.770961
v 2.422410 0.414191 -0.770981
v 2.422330 0.414216 -0.771039
v 2.422169 0.414382 -0.771127
v 2.422212 0.414273 -0.771057
v 2.422250 0.414276 -0.771086
v 2.422311 0.414273 -0.771152
v 2.422240 0.414382 -0.771201
v 2.422282 0.414276 -0.771118
v 2.440136 0.414382 -0.771101
v 2.439664 0.414158 -0.770837
v 2.439938 0.414382 -0.771308
v 2.439986 0.414273 -0.771057
v 2.440030 0.414382 -0.771127
v 2.439948 0.414276 -0.771086
v 2.439788 0.414191 -0.770981
v 2.439814 0.414191 -0.770961
v 2.439869 0.414216 -0.771039
v 2.439959 0.414382 -0.771201
v 2.439888 0.414273 -0.771152
v 2.439916 0.414276 -0.771118
v 2.422534 0.438024 -0.770837
v 2.422261 0.437800 -0.771308
v 2.422062 0.437800 -0.771101
v 2.422410 0.437991 -0.770981
v 2.422384 0.437991 -0.770961
v 2.422330 0.437966 -0.771039
v 2.422240 0.437800 -0.771201
v 2.422311 0.437909 -0.771152
v 2.422282 0.437906 -0.771118
v 2.422212 0.437909 -0.771057
v 2.422169 0.437800 -0.771127
v 2.422250 0.437906 -0.771086
v 2.426518 0.414158 -0.783738
v 2.426403 0.414382 -0.783938
v 2.426460 0.414188 -0.783838
v 2.426418 0.414270 -0.783911
v 2.422964 0.414382 -0.780500
v 2.423164 0.414158 -0.780384
v 2.422991 0.414270 -0.780484
v 2.423064 0.414188 -0.780442
v 2.435796 0.414382 -0.783938
v 2.435680 0.414158 -0.783738
v 2.435781 0.414270 -0.783911
v 2.435738 0.414188 -0.783838
v 2.440136 0.437800 -0.771101
v 2.439938 0.437800 -0.771308
v 2.439664 0.438024 -0.770837
v 2.440030 0.437800 -0.771127
v 2.439986 0.437909 -0.771057
v 2.439948 0.437906 -0.771086
v 2.439888 0.437909 -0.771152
v 2.439959 0.437800 -0.771201
v 2.439916 0.437906 -0.771118
v 2.439814 0.437991 -0.770961
v 2.439788 0.437991 -0.770981
v 2.439869 0.437966 -0.771039
v 2.421723 0.414382 -0.776062
v 2.421947 0.414158 -0.776032
v 2.421753 0.414270 -0.776058
v 2.421835 0.414188 -0.776047
v 2.431099 0.414382 -0.785197
v 2.431099 0.414158 -0.784966
v 2.431099 0.414270 -0.785166
v 2.431099 0.414188 -0.785081
v 2.438512 0.437800 -0.775803
v 2.438736 0.438024 -0.775833
v 2.438542 0.437912 -0.775807
v 2.438624 0.437994 -0.775818
v 2.437519 0.437800 -0.779510
v 2.437720 0.438024 -0.779626
v 2.437546 0.437912 -0.779525
v 2.437619 0.437994 -0.779568
v 2.448406 0.437800 -0.769909
v 2.448182 0.438024 -0.769909
v 2.448182 0.437800 -0.769685
v 2.448376 0.437912 -0.769909
v 2.448376 0.437800 -0.769797
v 2.448347 0.437907 -0.769802
v 2.448182 0.437994 -0.769797
v 2.448294 0.437994 -0.769909
v 2.448289 0.437965 -0.769802
v 2.448294 0.437800 -0.769715
v 2.448182 0.437912 -0.769715
v 2.448289 0.437907 -0.769744
v 2.448406 0.414382 -0.769909
v 2.448182 0.414382 -0.769685
v 2.448182 0.414158 -0.769909
v 2.448376 0.414383 -0.769797
v 2.448376 0.414271 -0.769909
v 2.448347 0.414275 -0.769802
v 2.448182 0.414271 -0.769715
v 2.448294 0.414383 -0.769715
v 2.448289 0.414275 -0.769744
v 2.448294 0.414188 -0.769909
v 2.448182 0.414188 -0.769797
v 2.448289 0.414218 -0.769802
v 2.427277 0.438024 -0.782424
v 2.427393 0.437800 -0.782223
v 2.427335 0.437994 -0.782323
v 2.427377 0.437912 -0.782250
v 2.424680 0.437800 -0.779510
v 2.424479 0.438024 -0.779625
v 2.424653 0.437912 -0.779525
v 2.424579 0.437994 -0.779568
v 2.434805 0.437800 -0.782223
v 2.434922 0.438024 -0.782424
v 2.434821 0.437912 -0.782250
v 2.434864 0.437994 -0.782323
v 2.414001 0.438024 -0.769909
v 2.413777 0.437800 -0.769909
v 2.414001 0.437800 -0.769685
v 2.413889 0.437994 -0.769909
v 2.414001 0.437994 -0.769797
v 2.413894 0.437965 -0.769802
v 2.413807 0.437800 -0.769797
v 2.413807 0.437912 -0.769909
v 2.413836 0.437907 -0.769802
v 2.414001 0.437912 -0.769715
v 2.413889 0.437800 -0.769715
v 2.413894 0.437907 -0.769744
v 2.423463 0.438024 -0.775833
v 2.423687 0.437800 -0.775803
v 2.423575 0.437994 -0.775818
v 2.423656 0.437912 -0.775807
v 2.431099 0.437800 -0.783216
v 2.431099 0.438024 -0.783448
v 2.431099 0.437912 -0.783247
v 2.431099 0.437994 -0.783332
v 2.438512 0.414382 -0.775803
v 2.438736 0.414158 -0.775833
v 2.438542 0.414270 -0.775807
v 2.438624 0.414188 -0.775818
v 2.437720 0.414158 -0.779625
v 2.437519 0.414382 -0.779510
v 2.437619 0.414188 -0.779568
v 2.437546 0.414270 -0.779525
v 2.413777 0.414382 -0.769909
v 2.414001 0.414158 -0.769909
v 2.414001 0.414382 -0.769685
v 2.413807 0.414271 -0.769909
v 2.413807 0.414383 -0.769797
v 2.413836 0.414275 -0.769802
v 2.414001 0.414188 -0.769797
v 2.413889 0.414188 -0.769909
v 2.413894 0.414218 -0.769802
v 2.413889 0.414383 -0.769715
v 2.414001 0.414271 -0.769715
v 2.413894 0.414275 -0.769744
v 2.423687 0.414382 -0.769909
v 2.423463 0.414382 -0.769685
v 2.423463 0.414158 -0.769909
v 2.423657 0.414383 -0.769797
v 2.423657 0.414271 -0.769909
v 2.423628 0.414275 -0.769802
v 2.423463 0.414271 -0.769715
v 2.423574 0.414383 -0.769715
v 2.423570 0.414275 -0.769744
v 2.423574 0.414188 -0.769909
v 2.423463 0.414188 -0.769797
v 2.423570 0.414218 -0.769802
v 2.438736 0.414382 -0.769685
v 2.438512 0.414382 -0.769909
v 2.438736 0.414158 -0.769909
v 2.438624 0.414383 -0.769715
v 2.438736 0.414271 -0.769715
v 2.438629 0.414275 -0.769744
v 2.438542 0.414271 -0.769909
v 2.438542 0.414383 -0.769797
v 2.438571 0.414275 -0.769802
v 2.438736 0.414188 -0.769797
v 2.438624 0.414188 -0.769909
v 2.438629 0.414218 -0.769802
v 2.423463 0.437800 -0.769685
v 2.423687 0.437800 -0.769909
v 2.423463 0.438024 -0.769909
v 2.423574 0.437800 -0.769715
v 2.423463 0.437912 -0.769715
v 2.423570 0.437907 -0.769744
v 2.423657 0.437912 -0.769909
v 2.423657 0.437800 -0.769797
v 2.423628 0.437907 -0.769802
v 2.423463 0.437994 -0.769797
v 2.423574 0.437994 -0.769909
v 2.423570 0.437965 -0.769802
v 2.427393 0.414382 -0.782223
v 2.427277 0.414158 -0.782424
v 2.427377 0.414270 -0.782250
v 2.427335 0.414188 -0.782323
v 2.424479 0.414158 -0.779625
v 2.424680 0.414382 -0.779510
v 2.424579 0.414188 -0.779568
v 2.424653 0.414270 -0.779525
v 2.434922 0.414158 -0.782424
v 2.434805 0.414382 -0.782223
v 2.434864 0.414188 -0.782323
v 2.434821 0.414270 -0.782250
v 2.438736 0.438024 -0.769909
v 2.438512 0.437800 -0.769909
v 2.438736 0.437800 -0.769685
v 2.438626 0.437990 -0.769909
v 2.438736 0.437990 -0.769799
v 2.438629 0.437966 -0.769802
v 2.438545 0.437800 -0.769799
v 2.438545 0.437910 -0.769909
v 2.438570 0.437906 -0.769802
v 2.438736 0.437910 -0.769718
v 2.438626 0.437800 -0.769718
v 2.438629 0.437906 -0.769743
v 2.423463 0.414158 -0.775833
v 2.423687 0.414382 -0.775803
v 2.423575 0.414188 -0.775818
v 2.423656 0.414270 -0.775807
v 2.431099 0.414158 -0.783448
v 2.431099 0.414382 -0.783216
v 2.431099 0.414188 -0.783332
v 2.431099 0.414270 -0.783247
vn -0.0000 -0.0000 1.0000
vn -0.0898 -0.1083 0.9901
vn -0.0536 -0.1295 0.9901
vn -0.7762 0.6171 0.1291
vn -0.6174 0.7760 -0.1293
vn -0.7762 0.6171 -0.1292
vn -0.9853 0.1121 0.1290
vn -0.9852 -0.1125 -0.1290
vn -0.9852 -0.1125 0.1291
vn 0.6171 0.7762 0.1292
vn 0.3792 0.9158 -0.1327
vn 0.3791 0.9158 0.1327
vn -0.3791 -0.9158 0.1329
vn -0.6171 -0.7762 -0.1293
vn -0.3791 -0.9158 -0.1329
vn -0.9158 0.3792 0.1327
vn -0.9158 0.3792 -0.1326
vn -0.1122 -0.9853 0.1288
vn 0.1125 -0.9853 -0.1288
vn 0.1125 -0.9853 0.1288
vn 0.9853 -0.1121 0.1291
vn 0.9852 0.1125 -0.1290
vn 0.9852 0.1125 0.1291
vn 0.0898 -0.1083 -0.9901
vn -0.0000 -0.0000 -1.0000
vn 0.3795 -0.9157 -0.1324
vn 0.3795 -0.9157 0.1324
vn -0.9853 0.1121 -0.1290
vn 0.1122 0.9853 -0.1288
vn 0.1122 0.9853 0.1288
vn -0.1083 0.0898 0.9901
vn -0.1295 0.0536 0.9901
vn 0.7762 -0.6171 0.1291
vn 0.9158 -0.3792 -0.1326
vn 0.9158 -0.3792 0.1326
vn 0.7760 0.6174 0.1289
vn 0.6171 0.7762 -0.1292
vn 0.6174 -0.7760 0.1291
vn 0.7762 -0.6171 -0.1292
vn -0.1125 0.9852 0.1292
vn -0.3795 0.9156 -0.1327
vn -0.3795 0.9156 0.1327
vn 0.0131 -0.1400 0.9901
vn 0.0536 -0.1295 0.9901
vn -0.1124 0.9852 -0.1292
vn 0.1401 0.0131 0.9901
vn 0.1294 0.0536 0.9901
vn -0.7760 -0.6174 0.1289
vn -0.6171 -0.7762 0.1293
vn 0.0898 0.1083 0.9901
vn 0.0536 0.1295 0.9901
vn -0.9157 -0.3795 -0.1325
vn -0.9157 -0.3795 0.1325
vn -0.0131 0.1401 0.9901
vn -0.0537 0.1295 0.9901
vn -0.1400 0.0131 0.9901
vn 0.1082 0.0898 0.9901
vn -0.0898 0.1082 0.9901
vn 0.1401 -0.0131 0.9901
vn -0.1401 -0.0131 0.9901
vn 0.9853 -0.1121 -0.1291
vn -0.1122 -0.9853 -0.1288
vn -0.0131 -0.1400 0.9901
vn 0.0898 -0.1083 0.9901
vn 0.1083 -0.0898 0.9901
vn -0.1082 -0.0898 0.9901
vn -0.7760 -0.6174 -0.1289
vn 0.0131 0.1400 0.9901
vn -0.1294 -0.0536 0.9901
vn 0.9157 0.3795 0.1325
vn 0.9157 0.3795 -0.1325
vn -0.6174 0.7760 0.1292
vn 0.1295 -0.0536 0.9901
vn 0.2542 0.1320 0.9581
vn 0.7054 -0.0000 0.7088
vn 0.6993 0.1320 0.7025
vn -0.1083 0.0897 -0.9901
vn -0.0898 0.1083 -0.9901
vn 0.1083 -0.0898 -0.9901
vn 0.1295 -0.0536 -0.9901
vn 0.0130 0.1400 -0.9901
vn -0.0131 0.1401 -0.9901
vn -0.0537 0.1295 -0.9901
vn 0.1082 0.0898 -0.9901
vn 0.0898 0.1083 -0.9901
vn 0.0536 0.1296 -0.9901
vn -0.0131 -0.1400 -0.9901
vn 0.0131 -0.1400 -0.9901
vn -0.0898 -0.1083 -0.9901
vn -0.0536 -0.1295 -0.9901
vn 0.1401 -0.0131 -0.9901
vn 0.1400 0.0131 -0.9901
vn 0.0536 -0.1295 -0.9901
vn -0.1401 0.0131 -0.9901
vn -0.1400 -0.0131 -0.9901
vn 0.1294 0.0536 -0.9901
vn -0.1082 -0.0898 -0.9901
vn -0.1294 -0.0536 -0.9901
vn -0.1295 0.0536 -0.9901
vn 0.7760 0.6174 -0.1289
vn 0.9573 0.1380 -0.2540
vn 0.7088 -0.0000 -0.7054
vn 0.9666 -0.0000 -0.2565
vn -0.7020 0.1380 0.6986
vn -0.2612 -0.0000 0.9653
vn -0.7088 -0.0000 0.7054
vn -0.6986 0.1380 -0.7020
vn -0.9653 -0.0000 -0.2612
vn -0.7054 -0.0000 -0.7088
vn 0.7020 0.1380 -0.6986
vn 0.2612 -0.0000 -0.9653
vn 0.6992 0.1320 0.7026
vn -0.2587 0.1380 0.9561
vn 0.2565 -0.0000 0.9666
vn -0.9561 0.1380 -0.2587
vn -0.9666 -0.0000 0.2565
vn 0.2587 0.1380 -0.9561
vn -0.2565 -0.0000 -0.9666
vn 0.0271 0.9944 0.1020
vn 0.1036 0.9892 0.1041
vn 0.0744 0.9944 0.0748
vn 0.9561 0.1380 0.2587
vn 0.9653 -0.0000 0.2612
vn -0.9573 0.1380 0.2540
vn -0.2540 0.1380 -0.9573
vn 0.9581 0.1320 -0.2542
vn 0.7026 0.1320 -0.6992
vn -0.7026 0.1320 0.6992
vn -0.2589 0.1320 0.9568
vn -0.6992 0.1320 -0.7026
vn -0.9568 0.1320 -0.2589
vn 0.2589 0.1320 -0.9568
vn -0.6985 0.1380 -0.7021
vn -0.2565 -0.0000 -0.9665
vn 0.2565 -0.0000 0.9665
vn -0.9665 -0.0000 0.2565
vn -0.9581 0.1320 0.2542
vn -0.2542 0.1320 -0.9581
vn 0.9568 0.1320 0.2589
vn 0.9665 -0.0000 -0.2565
vn 0.2540 0.1380 0.9573
vn -0.2587 0.1320 0.9569
vn -0.9569 0.1321 -0.2588
vn -0.9581 0.1320 0.2543
vn 0.2591 0.1320 -0.9568
vn 0.9568 0.1321 0.2590
vn 0.9581 0.1321 -0.2542
vn -0.6993 0.1320 -0.7026
vn 0.7024 0.1321 -0.6994
vn -0.9561 0.1378 -0.2585
vn -0.9573 0.1381 0.2540
vn 0.7019 0.1380 -0.6987
vn 0.9574 0.1378 -0.2539
vn 0.6985 0.1380 0.7022
vn -0.7021 0.1380 0.6986
vn 0.2587 0.1380 -0.9560
vn 0.9561 0.1379 0.2586
vn -0.2586 0.1380 0.9561
vn 0.8328 -0.5535 -0.0000
vn 0.8329 -0.5535 -0.0000
vn -0.1038 0.9891 -0.1041
vn -0.0377 0.9891 -0.1420
vn -0.1040 0.9892 0.1036
vn 0.1021 0.9944 -0.0271
vn -0.1424 0.9891 0.0377
vn 0.1417 0.9892 -0.0377
vn -0.1016 0.9944 -0.0276
vn 0.1423 0.9891 0.0384
vn 0.0383 0.9892 -0.1418
vn -0.0275 0.9944 0.1018
vn 0.1017 0.9944 0.0276
vn -0.1415 0.9892 -0.0384
vn -0.0744 0.9944 -0.0748
vn 0.1034 0.9892 0.1041
vn 0.0377 0.9891 0.1420
vn 0.0275 0.9944 -0.1018
vn -0.0382 0.9892 0.1418
vn -0.0747 0.9944 0.0744
vn 0.1043 0.9891 -0.1036
vn 0.0745 0.9944 0.0748
vn -0.0270 0.9944 -0.1020
vn 0.0747 0.9944 -0.0744
vn -0.1020 0.9944 0.0271
vn -0.0629 -0.9980 -0.0000
vn 0.0629 0.9980 -0.0000
vn 0.0630 0.9980 -0.0000
vn -0.8957 -0.4446 -0.0000
vn -0.8958 -0.4446 -0.0000
vn -0.8329 0.5534 -0.0000
vn -0.8329 0.5535 -0.0000
vn 0.8958 0.4445 -0.0000
vn 0.3671 -0.9302 -0.0000
vn 0.3672 -0.9301 -0.0000
vn -0.6219 -0.7831 -0.0000
vn 0.6219 0.7831 -0.0000
vn 0.6220 0.7830 -0.0000
vn -0.9891 0.1471 -0.0000
vn -0.3672 0.9301 -0.0000
vn -0.3671 0.9302 -0.0000
vn 0.9891 -0.1471 -0.0000
vn 0.1454 0.9893 -0.0104
vn -0.0915 0.9944 0.0528
vn -0.1178 0.9929 0.0155
vn 0.0297 0.9991 -0.0288
vn 0.1278 0.9835 0.1280
vn 0.1190 0.9850 -0.1252
vn -0.0298 0.9991 -0.0288
vn -0.1277 0.9836 0.1277
vn 0.1277 0.9836 0.1277
vn -0.0735 0.9891 -0.1277
vn 0.0913 0.9944 0.0527
vn 0.0529 0.9944 0.0914
vn 0.9825 0.1323 -0.1312
vn 0.9835 -0.1284 0.1274
vn 0.9800 -0.1399 -0.1414
vn 0.0001 0.9891 -0.1474
vn -0.0528 0.9944 0.0914
vn 0.0739 0.9891 -0.1277
vn -0.1430 0.9793 0.1430
vn -0.1454 0.9893 -0.0104
vn -0.1268 0.9891 -0.0744
vn 0.0298 -0.9991 -0.0288
vn -0.1179 -0.9929 0.0155
vn 0.1449 -0.9894 -0.0104
vn 0.9884 0.1294 -0.0800
vn 0.8559 -0.1315 -0.5002
vn 0.8558 0.1316 -0.5002
vn -0.9825 -0.1324 -0.1311
vn -0.9835 0.1283 0.1274
vn -0.9800 0.1400 -0.1414
vn 0.4953 0.1379 0.8577
vn -0.0000 -0.1380 0.9904
vn -0.0000 0.1380 0.9904
vn -0.1279 0.1279 0.9835
vn 0.1281 -0.1281 0.9835
vn 0.1279 0.1279 0.9835
vn 0.8577 -0.1380 0.4952
vn 0.8577 0.1380 0.4953
vn -0.1430 0.1430 0.9793
vn -0.1281 -0.1281 0.9835
vn -0.4952 0.1380 0.8577
vn -0.9835 -0.1280 0.1280
vn -0.9826 0.1331 0.1294
vn -0.9826 -0.1331 0.1293
vn 0.9827 -0.1330 0.1293
vn 0.9827 0.1330 0.1293
vn -0.4952 -0.1380 0.8578
vn -0.8577 0.1380 0.4953
vn 0.9835 0.1281 0.1280
vn -0.4958 0.1315 -0.8584
vn -0.0001 -0.1316 -0.9913
vn -0.4956 -0.1316 -0.8585
vn -0.0402 -0.1919 -0.9806
vn -0.0805 0.1495 -0.9855
vn -0.0404 0.1921 -0.9806
vn 0.4956 0.1316 -0.8585
vn 0.0001 0.1316 -0.9913
vn -0.8558 0.1316 -0.5002
vn -0.9884 -0.1292 -0.0800
vn -0.9884 0.1294 -0.0800
vn 0.0401 0.1919 -0.9806
vn 0.0805 -0.1495 -0.9855
vn 0.0403 -0.1920 -0.9806
vn 0.4956 -0.1316 -0.8585
vn -0.8558 -0.1316 -0.5003
vn 0.1281 -0.9835 0.1281
vn -0.1279 -0.9835 0.1281
vn 0.9827 -0.1854 0.0052
vn 0.9884 -0.1294 -0.0801
vn -0.0738 -0.9891 -0.1277
vn 0.0913 -0.9944 0.0527
vn -0.1270 -0.9891 -0.0744
vn -0.0000 -0.9891 -0.1474
vn 0.0526 -0.9944 0.0914
vn -0.8578 -0.1380 0.4952
vn -0.0527 -0.9944 0.0914
vn 0.0001 -0.9944 0.1055
vn 0.1272 0.9891 -0.0744
vn -0.0297 -0.9991 -0.0288
vn -0.1282 -0.9834 0.1281
vn -0.1185 -0.9850 -0.1254
vn -0.1451 -0.9894 -0.0104
vn 0.1175 -0.9929 0.0155
vn -0.0914 -0.9944 0.0527
vn 0.1270 -0.9891 -0.0744
vn -0.9827 0.1851 0.0052
vn 0.0738 -0.9891 -0.1277
vn -0.0001 0.9944 0.1055
vn 0.1177 0.9929 0.0155
vn 0.1282 -0.9834 0.1281
vn 0.6986 0.1380 0.7020
vn -0.1041 0.9892 0.1036
vn -0.0748 0.9944 0.0744
vn -0.0377 0.9892 -0.1420
vn -0.0271 0.9944 -0.1020
vn -0.1018 0.9944 -0.0275
vn -0.1420 0.9892 0.0377
vn 0.1018 0.9944 0.0275
vn 0.1418 0.9892 0.0384
vn -0.1036 0.9892 -0.1041
vn 0.0748 0.9944 -0.0744
vn 0.0384 0.9892 -0.1418
vn -0.1418 0.9892 -0.0384
vn 0.0377 0.9892 0.1420
vn -0.0384 0.9892 0.1418
vn 0.1020 0.9944 -0.0271
vn 0.1041 0.9892 -0.1036
vn 0.1420 0.9892 -0.0377
vn 0.8713 -0.3945 -0.2918
vn 0.8714 -0.3937 -0.2926
vn 0.8705 -0.3998 -0.2870
vn 0.6849 -0.2869 -0.6698
vn 0.4171 -0.0263 -0.9085
vn 0.4177 -0.0184 -0.9084
vn 0.7153 0.1987 -0.6700
vn 0.7153 0.1987 -0.6699
vn 0.7155 0.1986 -0.6698
vn 0.9140 0.2812 -0.2925
vn 0.9139 0.2822 -0.2918
vn 0.9136 0.2878 -0.2872
vn 0.9660 -0.0609 -0.2514
vn 0.9659 -0.0610 -0.2515
vn 0.8349 -0.0527 -0.5478
vn 0.7002 -0.6511 -0.2930
vn 0.7008 -0.6507 -0.2922
vn 0.7049 -0.6483 -0.2877
vn 0.4303 -0.8670 -0.2513
vn 0.4302 -0.8670 -0.2513
vn 0.4314 -0.8665 -0.2510
vn 0.0944 -0.9517 -0.2922
vn 0.0952 -0.9514 -0.2929
vn 0.0897 -0.9536 -0.2875
vn 0.0943 -0.7365 -0.6698
vn 0.0941 -0.7366 -0.6697
vn 0.1859 -0.3746 -0.9084
vn 0.1928 -0.3711 -0.9084
vn 0.5297 -0.5202 -0.6700
vn 0.5298 -0.5201 -0.6699
vn 0.5300 -0.5201 -0.6698
vn 0.3707 -0.7498 -0.5481
vn -0.2134 -0.9320 -0.2930
vn -0.2127 -0.9324 -0.2923
vn -0.2083 -0.9348 -0.2878
vn -0.5358 -0.8060 -0.2514
vn -0.5359 -0.8061 -0.2512
vn -0.7773 -0.5573 -0.2921
vn -0.7766 -0.5578 -0.2928
vn -0.7813 -0.5541 -0.2873
vn -0.5909 -0.4496 -0.6699
vn -0.2314 -0.3481 -0.9084
vn -0.2245 -0.3525 -0.9085
vn -0.1854 -0.7189 -0.6700
vn -0.1853 -0.7189 -0.6700
vn -0.1850 -0.7188 -0.6701
vn -0.4631 -0.6967 -0.5478
vn -0.9139 -0.2813 -0.2926
vn -0.9139 -0.2822 -0.2918
vn -0.9140 -0.2872 -0.2867
vn -0.9660 0.0609 -0.2511
vn -0.9661 0.0608 -0.2510
vn -0.8711 0.3948 -0.2920
vn -0.8712 0.3940 -0.2928
vn -0.8703 0.4001 -0.2872
vn -0.6848 0.2869 -0.6698
vn -0.6849 0.2869 -0.6698
vn -0.6848 0.2869 -0.6699
vn -0.4171 0.0263 -0.9085
vn -0.4172 0.0184 -0.9086
vn -0.7155 -0.1986 -0.6698
vn -0.7154 -0.1987 -0.6699
vn -0.7152 -0.1987 -0.6701
vn -0.8352 0.0526 -0.5475
vn -0.7005 0.6508 -0.2927
vn -0.7012 0.6504 -0.2920
vn -0.7053 0.6480 -0.2874
vn -0.4303 0.8670 -0.2512
vn -0.4302 0.8670 -0.2513
vn -0.4306 0.8669 -0.2511
vn -0.0936 0.9518 -0.2920
vn -0.0945 0.9515 -0.2928
vn -0.0882 0.9538 -0.2872
vn -0.0944 0.7365 -0.6698
vn -0.0946 0.7365 -0.6698
vn -0.0940 0.7366 -0.6697
vn -0.1859 0.3744 -0.9084
vn -0.1933 0.3709 -0.9083
vn -0.5300 0.5201 -0.6698
vn -0.5299 0.5201 -0.6699
vn -0.5296 0.5202 -0.6700
vn -0.3714 0.7495 -0.5480
vn 0.2132 0.9321 -0.2928
vn 0.2124 0.9325 -0.2921
vn 0.2076 0.9350 -0.2874
vn 0.5358 0.8060 -0.2514
vn 0.5359 0.8061 -0.2512
vn 0.7773 0.5573 -0.2920
vn 0.7766 0.5578 -0.2928
vn 0.7816 0.5538 -0.2870
vn 0.5910 0.4496 -0.6698
vn 0.5911 0.4495 -0.6697
vn 0.5905 0.4498 -0.6701
vn 0.2312 0.3481 -0.9085
vn 0.2247 0.3524 -0.9085
vn 0.1856 0.7188 -0.6700
vn 0.1856 0.7187 -0.6701
vn 0.4631 0.6967 -0.5478
vn -0.0944 0.9515 0.2928
vn -0.0935 0.9518 0.2920
vn -0.0882 0.9538 0.2872
vn -0.4303 0.8670 0.2513
vn -0.4302 0.8670 0.2513
vn -0.4300 0.8671 0.2514
vn -0.7013 0.6503 0.2920
vn -0.7006 0.6508 0.2928
vn -0.7056 0.6478 0.2873
vn -0.5301 0.5200 0.6698
vn -0.5302 0.5200 0.6697
vn -0.1859 0.3744 0.9084
vn -0.1784 0.3780 0.9085
vn -0.0945 0.7365 0.6698
vn -0.0946 0.7365 0.6698
vn -0.0951 0.7364 0.6698
vn -0.3707 0.7498 0.5481
vn -0.8713 0.3939 0.2928
vn -0.8711 0.3948 0.2920
vn -0.8703 0.4001 0.2872
vn -0.9660 0.0608 0.2511
vn -0.9660 0.0609 0.2512
vn -0.9139 -0.2823 0.2919
vn -0.9139 -0.2814 0.2927
vn -0.9139 -0.2873 0.2868
vn -0.7155 -0.1986 0.6697
vn -0.7154 -0.1987 0.6699
vn -0.7160 -0.1985 0.6693
vn -0.4170 0.0263 0.9085
vn -0.4166 0.0342 0.9085
vn -0.6848 0.2869 0.6699
vn -0.6847 0.2869 0.6699
vn -0.6846 0.2870 0.6700
vn -0.8352 0.0526 0.5475
vn -0.7765 -0.5580 0.2929
vn -0.7771 -0.5574 0.2921
vn -0.7813 -0.5541 0.2873
vn -0.5358 -0.8060 0.2514
vn -0.5358 -0.8060 0.2515
vn -0.2129 -0.9323 0.2923
vn -0.2136 -0.9319 0.2930
vn -0.2084 -0.9347 0.2878
vn -0.1852 -0.7189 0.6700
vn -0.1853 -0.7189 0.6699
vn -0.2316 -0.3481 0.9084
vn -0.2386 -0.3437 0.9082
vn -0.5909 -0.4496 0.6699
vn -0.5910 -0.4495 0.6698
vn -0.5913 -0.4494 0.6696
vn -0.4637 -0.6965 0.5476
vn 0.0953 -0.9514 0.2929
vn 0.0945 -0.9517 0.2922
vn 0.0897 -0.9536 0.2875
vn 0.4302 -0.8671 0.2513
vn 0.4297 -0.8673 0.2514
vn 0.7009 -0.6507 0.2922
vn 0.7002 -0.6511 0.2930
vn 0.7053 -0.6480 0.2876
vn 0.5297 -0.5202 0.6700
vn 0.5298 -0.5201 0.6699
vn 0.1859 -0.3746 0.9084
vn 0.1791 -0.3780 0.9083
vn 0.0943 -0.7366 0.6698
vn 0.0945 -0.7365 0.6698
vn 0.0951 -0.7364 0.6698
vn 0.3707 -0.7497 0.5482
vn 0.9139 0.2822 0.2918
vn 0.9139 0.2813 0.2926
vn 0.9136 0.2878 0.2872
vn 0.7152 0.1987 0.6700
vn 0.7153 0.1987 0.6699
vn 0.7149 0.1988 0.6704
vn 0.4171 -0.0263 0.9085
vn 0.4162 -0.0342 0.9086
vn 0.6849 -0.2869 0.6698
vn 0.6850 -0.2868 0.6697
vn 0.6852 -0.2868 0.6695
vn 0.8715 -0.3936 0.2926
vn 0.8713 -0.3945 0.2918
vn 0.8707 -0.3995 0.2868
vn 0.9660 -0.0609 0.2514
vn 0.9660 -0.0609 0.2513
vn 0.8349 -0.0526 0.5479
vn 0.7765 0.5579 0.2928
vn 0.7772 0.5574 0.2920
vn 0.7813 0.5542 0.2872
vn 0.5359 0.8060 0.2514
vn 0.5365 0.8055 0.2515
vn 0.2128 0.9324 0.2921
vn 0.2136 0.9320 0.2928
vn 0.2083 0.9349 0.2874
vn 0.1856 0.7188 0.6699
vn 0.1856 0.7188 0.6700
vn 0.1856 0.7189 0.6699
vn 0.2312 0.3481 0.9085
vn 0.2377 0.3437 0.9085
vn 0.5909 0.4496 0.6698
vn 0.5911 0.4495 0.6698
vn 0.5917 0.4492 0.6694
vn 0.4631 0.6967 0.5478
vn 0.4897 -0.8216 -0.2918
vn 0.4903 -0.8210 -0.2926
vn 0.4861 -0.8255 -0.2870
vn 0.3984 -0.6267 -0.6697
vn 0.3984 -0.6266 -0.6698
vn 0.3272 -0.2599 -0.9085
vn 0.3316 -0.2538 -0.9086
vn 0.7008 -0.2457 -0.6697
vn 0.7006 -0.2457 -0.6699
vn 0.7000 -0.2459 -0.6705
vn 0.9108 -0.2913 -0.2925
vn 0.9113 -0.2906 -0.2917
vn 0.9141 -0.2863 -0.2870
vn 0.7577 -0.6023 -0.2514
vn 0.7578 -0.6022 -0.2514
vn 0.6552 -0.5204 -0.5476
vn 0.2027 -0.9345 -0.2925
vn 0.2035 -0.9346 -0.2917
vn 0.2084 -0.9350 -0.2868
vn -0.1422 -0.9574 -0.2513
vn -0.1423 -0.9574 -0.2513
vn -0.4670 -0.8348 -0.2917
vn -0.4661 -0.8350 -0.2925
vn -0.4722 -0.8335 -0.2867
vn -0.3437 -0.6581 -0.6699
vn -0.3439 -0.6580 -0.6699
vn -0.3433 -0.6582 -0.6701
vn -0.0615 -0.4133 -0.9085
vn -0.0542 -0.4144 -0.9085
vn 0.1372 -0.7298 -0.6698
vn 0.1369 -0.7299 -0.6697
vn -0.1230 -0.8279 -0.5473
vn -0.7077 -0.6431 -0.2925
vn -0.7072 -0.6440 -0.2917
vn -0.7046 -0.6490 -0.2870
vn -0.9003 -0.3555 -0.2512
vn -0.9002 -0.3556 -0.2513
vn -0.9564 -0.0130 -0.2918
vn -0.9562 -0.0138 -0.2925
vn -0.9579 -0.0079 -0.2871
vn -0.7418 -0.0313 -0.6699
vn -0.7417 -0.0313 -0.6700
vn -0.7420 -0.0313 -0.6697
vn -0.3888 -0.1534 -0.9085
vn -0.3861 -0.1608 -0.9083
vn -0.5630 -0.4840 -0.6699
vn -0.5629 -0.4841 -0.6699
vn -0.7786 -0.3071 -0.5473
vn -0.9107 0.2914 -0.2927
vn -0.9112 0.2907 -0.2919
vn -0.9140 0.2866 -0.2872
vn -0.7578 0.6021 -0.2513
vn -0.7579 0.6021 -0.2513
vn -0.7581 0.6018 -0.2512
vn -0.4896 0.8217 -0.2919
vn -0.4902 0.8210 -0.2927
vn -0.4859 0.8256 -0.2870
vn -0.3983 0.6267 -0.6698
vn -0.3272 0.2599 -0.9085
vn -0.3316 0.2538 -0.9086
vn -0.7006 0.2458 -0.6699
vn -0.7006 0.2457 -0.6699
vn -0.6552 0.5204 -0.5476
vn -0.2026 0.9345 -0.2925
vn -0.2035 0.9346 -0.2917
vn -0.2084 0.9350 -0.2868
vn 0.1422 0.9574 -0.2513
vn 0.1423 0.9574 -0.2512
vn 0.4670 0.8348 -0.2917
vn 0.4661 0.8350 -0.2925
vn 0.4722 0.8335 -0.2868
vn 0.3438 0.6581 -0.6699
vn 0.3440 0.6580 -0.6698
vn 0.3434 0.6581 -0.6700
vn 0.0615 0.4133 -0.9085
vn 0.0538 0.4144 -0.9085
vn -0.1373 0.7297 -0.6698
vn -0.1373 0.7298 -0.6698
vn -0.1369 0.7299 -0.6697
vn 0.1230 0.8279 -0.5473
vn 0.7077 0.6431 -0.2927
vn 0.7073 0.6439 -0.2919
vn 0.7049 0.6486 -0.2872
vn 0.9003 0.3554 -0.2511
vn 0.9004 0.3554 -0.2511
vn 0.9003 0.3555 -0.2512
vn 0.9564 0.0130 -0.2917
vn 0.9562 0.0138 -0.2925
vn 0.9579 0.0079 -0.2870
vn 0.7418 0.0313 -0.6699
vn 0.7417 0.0313 -0.6700
vn 0.7421 0.0313 -0.6695
vn 0.3885 0.1535 -0.9086
vn 0.3859 0.1608 -0.9084
vn 0.5629 0.4840 -0.6700
vn 0.5629 0.4841 -0.6700
vn 0.5629 0.4841 -0.6699
vn 0.7786 0.3071 -0.5473
vn 0.4659 0.8351 0.2926
vn 0.4669 0.8348 0.2918
vn 0.4728 0.8332 0.2867
vn 0.1422 0.9574 0.2513
vn 0.1423 0.9574 0.2513
vn -0.2036 0.9346 0.2917
vn -0.2028 0.9345 0.2925
vn -0.2084 0.9350 0.2868
vn -0.1373 0.7298 0.6698
vn -0.1372 0.7298 0.6698
vn -0.1375 0.7297 0.6698
vn 0.0615 0.4132 0.9085
vn 0.0692 0.4121 0.9085
vn 0.3438 0.6581 0.6699
vn 0.3439 0.6580 0.6699
vn 0.3444 0.6579 0.6697
vn 0.1230 0.8279 0.5473
vn -0.4902 0.8210 0.2927
vn -0.4896 0.8216 0.2919
vn -0.4859 0.8256 0.2870
vn -0.7578 0.6021 0.2513
vn -0.7579 0.6021 0.2513
vn -0.7581 0.6018 0.2512
vn -0.9112 0.2908 0.2919
vn -0.9107 0.2915 0.2927
vn -0.9140 0.2865 0.2872
vn -0.7006 0.2458 0.6699
vn -0.7004 0.2458 0.6700
vn -0.7009 0.2457 0.6696
vn -0.3272 0.2599 0.9085
vn -0.3228 0.2660 0.9083
vn -0.3984 0.6267 0.6698
vn -0.3984 0.6267 0.6697
vn -0.6552 0.5204 0.5476
vn -0.9561 -0.0138 0.2926
vn -0.9564 -0.0129 0.2918
vn -0.9579 -0.0079 0.2871
vn -0.9003 -0.3555 0.2512
vn -0.7073 -0.6439 0.2917
vn -0.7077 -0.6431 0.2925
vn -0.7050 -0.6486 0.2868
vn -0.5630 -0.4840 0.6699
vn -0.5631 -0.4840 0.6699
vn -0.5628 -0.4840 0.6701
vn -0.3888 -0.1534 0.9085
vn -0.3914 -0.1461 0.9086
vn -0.7418 -0.0313 0.6699
vn -0.7417 -0.0313 0.6700
vn -0.7786 -0.3071 0.5473
vn -0.4665 -0.8348 0.2923
vn -0.4674 -0.8346 0.2915
vn -0.4728 -0.8332 0.2867
vn -0.1426 -0.9574 0.2510
vn -0.1427 -0.9574 0.2510
vn -0.1431 -0.9574 0.2509
vn 0.2040 -0.9345 0.2918
vn 0.2032 -0.9344 0.2926
vn 0.2091 -0.9349 0.2868
vn 0.1374 -0.7296 0.6700
vn 0.1375 -0.7296 0.6700
vn 0.1369 -0.7296 0.6700
vn -0.0615 -0.4131 0.9086
vn -0.0696 -0.4119 0.9086
vn -0.3438 -0.6579 0.6701
vn -0.3437 -0.6579 0.6701
vn -0.3433 -0.6580 0.6702
vn -0.1229 -0.8275 0.5478
vn 0.9113 -0.2906 0.2918
vn 0.9108 -0.2914 0.2926
vn 0.9141 -0.2863 0.2870
vn 0.7008 -0.2457 0.6697
vn 0.7010 -0.2456 0.6695
vn 0.3272 -0.2599 0.9085
vn 0.3225 -0.2661 0.9084
vn 0.3983 -0.6267 0.6698
vn 0.3981 -0.6268 0.6698
vn 0.3975 -0.6270 0.6700
vn 0.4903 -0.8209 0.2926
vn 0.4897 -0.8216 0.2919
vn 0.4859 -0.8256 0.2870
vn 0.7577 -0.6023 0.2514
vn 0.7578 -0.6022 0.2514
vn 0.6552 -0.5204 0.5476
vn 0.9561 0.0138 0.2926
vn 0.9564 0.0130 0.2918
vn 0.9579 0.0079 0.2870
vn 0.9004 0.3554 0.2511
vn 0.9004 0.3553 0.2511
vn 0.7074 0.6437 0.2918
vn 0.7078 0.6430 0.2926
vn 0.7052 0.6483 0.2871
vn 0.5628 0.4841 0.6700
vn 0.5627 0.4841 0.6701
vn 0.5630 0.4839 0.6700
vn 0.3885 0.1535 0.9086
vn 0.3915 0.1461 0.9085
vn 0.7418 0.0313 0.6699
vn 0.7415 0.0313 0.6702
vn 0.7786 0.3071 0.5473
vn 0.7596 0.4636 -0.4562
vn 0.8598 0.4954 -0.1240
vn 0.8526 0.1316 -0.5057
vn 0.4024 0.4710 -0.7850
vn 0.0597 0.5090 -0.8587
vn 0.4430 0.1331 -0.8866
vn 0.0576 0.1379 -0.9888
vn 0.4206 0.7880 -0.4497
vn 0.4842 0.8665 -0.1213
vn 0.0866 0.8708 -0.4840
vn 0.7669 -0.4589 -0.4487
vn 0.8448 -0.1137 -0.5229
vn 0.8531 -0.5110 -0.1054
vn 0.4079 -0.8033 -0.4339
vn 0.0792 -0.8672 -0.4916
vn 0.4927 -0.8627 -0.1144
vn 0.1345 -0.9807 -0.1417
vn 0.0545 -0.5126 -0.8569
vn 0.4569 -0.1225 -0.8811
vn 0.3912 -0.4548 -0.8001
vn -0.0795 0.8673 -0.4915
vn -0.4928 0.8626 -0.1141
vn -0.1349 0.9807 -0.1415
vn -0.0547 0.5125 -0.8570
vn -0.4085 0.8030 -0.4340
vn -0.4569 0.1226 -0.8810
vn -0.8448 0.1138 -0.5228
vn -0.3916 0.4543 -0.8001
vn -0.7673 0.4580 -0.4489
vn -0.8529 0.5112 -0.1056
vn -0.7595 -0.4636 -0.4563
vn -0.8597 -0.4954 -0.1241
vn -0.8526 -0.1316 -0.5057
vn -0.4020 -0.4711 -0.7851
vn -0.0599 -0.5091 -0.8586
vn -0.4430 -0.1331 -0.8866
vn -0.0579 -0.1380 -0.9887
vn -0.4205 -0.7880 -0.4497
vn -0.4839 -0.8667 -0.1214
vn -0.0866 -0.8707 -0.4841
vn -0.0815 -0.9643 -0.2520
vn -0.2388 -0.9673 -0.0857
vn -0.1726 -0.6991 -0.6939
vn -0.2405 -0.9343 -0.2631
vn -0.4570 -0.3469 -0.8190
vn -0.8374 -0.3499 -0.4199
vn -0.4334 -0.7306 -0.5277
vn -0.6956 -0.7013 -0.1560
vn -0.9827 -0.1851 0.0051
vn -0.5184 -0.7347 -0.4376
vn 0.1726 -0.6993 -0.6937
vn 0.4569 -0.3471 -0.8190
vn 0.2409 -0.9342 -0.2632
vn 0.4333 -0.7306 -0.5277
vn 0.2391 -0.9672 -0.0857
vn 0.0815 -0.9643 -0.2519
vn 0.6955 -0.7014 -0.1562
vn 0.8373 -0.3500 -0.4200
vn 0.5184 -0.7346 -0.4378
vn -0.2379 0.9674 -0.0864
vn -0.0798 0.9643 -0.2526
vn -0.6954 0.7015 -0.1560
vn -0.2419 0.9338 -0.2636
vn -0.8375 0.3499 -0.4198
vn -0.4330 0.7304 -0.5282
vn -0.5189 0.7346 -0.4371
vn -0.1722 0.6990 -0.6940
vn -0.4568 0.3471 -0.8191
vn 0.4567 0.3471 -0.8191
vn 0.1721 0.6990 -0.6941
vn 0.8374 0.3499 -0.4199
vn 0.4333 0.7306 -0.5277
vn 0.6951 0.7017 -0.1561
vn 0.9827 0.1850 0.0051
vn 0.2416 0.9340 -0.2632
vn 0.5190 0.7346 -0.4371
vn 0.0789 0.9645 -0.2521
vn 0.2368 0.9678 -0.0858
vn 0.8623 0.4915 0.1215
vn 0.8623 0.1216 0.4916
vn 0.9835 0.1280 0.1279
vn 0.4916 0.8623 0.1216
vn 0.7728 0.4488 0.4487
vn 0.1213 0.8623 0.4916
vn 0.1214 0.4916 0.8623
vn 0.4490 0.7726 0.4489
vn 0.4915 0.1216 0.8624
vn 0.1279 0.1281 0.9835
vn 0.4490 0.4489 0.7726
vn 0.8623 -0.1216 0.4915
vn 0.8625 -0.4915 0.1203
vn 0.4486 -0.4491 0.7727
vn 0.7727 -0.4490 0.4488
vn 0.1217 -0.4916 0.8623
vn 0.4916 -0.1216 0.8623
vn 0.4486 -0.7728 0.4490
vn 0.4920 -0.8621 0.1210
vn 0.1218 -0.8622 0.4917
vn -0.4918 0.8623 0.1210
vn -0.1215 0.8624 0.4915
vn -0.8625 0.4915 0.1203
vn -0.4490 0.7726 0.4488
vn -0.8623 0.1216 0.4915
vn -0.4915 0.1216 0.8623
vn -0.7729 0.4488 0.4486
vn -0.1216 0.4915 0.8624
vn -0.4491 0.4489 0.7725
vn -0.8623 -0.4916 0.1216
vn -0.8623 -0.1216 0.4916
vn -0.9835 -0.1281 0.1279
vn -0.4487 -0.7728 0.4489
vn -0.7726 -0.4491 0.4487
vn -0.1218 -0.8622 0.4917
vn -0.4917 -0.8622 0.1217
vn -0.1217 -0.4916 0.8623
vn -0.4915 -0.1216 0.8623
vn -0.1280 -0.1281 0.9835
vn -0.4486 -0.4491 0.7727
vn 0.8623 -0.1216 0.4916
vn 0.8622 -0.4917 0.1216
vn 0.9835 -0.1280 0.1280
vn 0.7726 -0.4491 0.4488
vn 0.4487 -0.7728 0.4489
vn 0.4487 -0.4491 0.7727
vn 0.4916 -0.8623 0.1217
vn -0.4916 -0.1216 0.8623
vn -0.1217 -0.4915 0.8623
vn -0.8623 -0.1215 0.4916
vn -0.4488 -0.4489 0.7727
vn -0.8624 -0.4915 0.1215
vn -0.4915 -0.8624 0.1217
vn -0.7727 -0.4490 0.4488
vn -0.1216 -0.8622 0.4917
vn -0.4485 -0.7729 0.4489
vn 0.4915 0.1216 0.8623
vn 0.1216 0.4915 0.8623
vn 0.7729 0.4488 0.4486
vn 0.4491 0.4489 0.7725
vn 0.8623 0.4915 0.1216
vn 0.8623 0.1216 0.4915
vn 0.4490 0.7727 0.4488
vn 0.1215 0.8624 0.4915
vn 0.4914 0.8624 0.1216
vn -0.4993 0.8590 0.1135
vn -0.1137 0.8591 0.4990
vn -0.8591 0.4991 0.1135
vn -0.4353 0.7882 0.4351
vn -0.8590 0.1133 0.4992
vn -0.9794 0.1429 0.1429
vn -0.4992 0.1133 0.8590
vn -0.7884 0.4347 0.4353
vn -0.1135 0.4991 0.8591
vn -0.4351 0.4351 0.7883
vn 0.3316 0.8011 0.4983
vn 0.0983 0.8653 0.4914
vn 0.1952 0.4714 0.8600
vn 0.0540 0.5119 0.8573
vn 0.5421 0.6815 0.4916
vn 0.3239 0.4005 0.8571
vn 0.8011 0.3320 0.4980
vn 0.8652 0.0985 0.4917
vn 0.4714 0.1953 0.8600
vn 0.5121 0.0541 0.8572
vn 0.6814 0.5424 0.4915
vn 0.4002 0.3239 0.8573
vn -0.8011 0.3317 0.4983
vn -0.8653 0.0983 0.4916
vn -0.4714 0.1952 0.8601
vn -0.5121 0.0540 0.8572
vn -0.6815 0.5421 0.4916
vn -0.4005 0.3239 0.8572
vn -0.0985 0.8652 0.4916
vn -0.3319 0.8009 0.4983
vn -0.1953 0.4713 0.8601
vn -0.0542 0.5123 0.8571
vn -0.5423 0.6813 0.4917
vn -0.3240 0.4004 0.8572
vn -0.3317 -0.8010 0.4984
vn -0.0983 -0.8653 0.4914
vn -0.1952 -0.4715 0.8600
vn -0.0540 -0.5120 0.8573
vn -0.5421 -0.6814 0.4918
vn -0.3238 -0.4004 0.8572
vn -0.8652 -0.0985 0.4917
vn -0.5121 -0.0541 0.8572
vn -0.8011 -0.3320 0.4980
vn -0.4713 -0.1953 0.8600
vn -0.6814 -0.5424 0.4915
vn -0.4002 -0.3239 0.8572
vn 0.8011 -0.3317 0.4982
vn 0.6815 -0.5421 0.4916
vn 0.4714 -0.1952 0.8601
vn 0.4004 -0.3239 0.8572
vn 0.8652 -0.0983 0.4916
vn 0.5121 -0.0540 0.8572
vn 0.3320 -0.8011 0.4981
vn 0.5423 -0.6813 0.4916
vn 0.1953 -0.4713 0.8601
vn 0.3239 -0.4003 0.8572
vn 0.0986 -0.8653 0.4915
vn 0.0541 -0.5119 0.8573
vn 0.0540 0.5119 -0.8573
vn 0.1952 0.4714 -0.8600
vn 0.0983 0.8653 -0.4914
vn 0.3316 0.8011 -0.4983
vn 0.3239 0.4005 -0.8571
vn 0.5421 0.6815 -0.4916
vn 0.5121 0.0541 -0.8572
vn 0.4714 0.1953 -0.8600
vn 0.8652 0.0986 -0.4916
vn 0.8011 0.3320 -0.4981
vn 0.4002 0.3239 -0.8573
vn 0.6814 0.5424 -0.4915
vn -0.5121 0.0540 -0.8572
vn -0.4714 0.1952 -0.8601
vn -0.8653 0.0983 -0.4916
vn -0.8011 0.3317 -0.4982
vn -0.4005 0.3239 -0.8572
vn -0.6815 0.5421 -0.4916
vn -0.0542 0.5123 -0.8571
vn -0.1953 0.4713 -0.8601
vn -0.0985 0.8652 -0.4916
vn -0.3319 0.8009 -0.4983
vn -0.3240 0.4004 -0.8571
vn -0.5423 0.6813 -0.4917
vn -0.0540 -0.5120 -0.8573
vn -0.1952 -0.4715 -0.8600
vn -0.0983 -0.8653 -0.4914
vn -0.3317 -0.8010 -0.4984
vn -0.3238 -0.4004 -0.8572
vn -0.5421 -0.6814 -0.4918
vn -0.5121 -0.0541 -0.8572
vn -0.4714 -0.1953 -0.8600
vn -0.8652 -0.0986 -0.4916
vn -0.8011 -0.3320 -0.4981
vn -0.4002 -0.3239 -0.8573
vn -0.6814 -0.5424 -0.4915
vn 0.4004 -0.3239 -0.8572
vn 0.4714 -0.1952 -0.8601
vn 0.6815 -0.5421 -0.4916
vn 0.8011 -0.3317 -0.4982
vn 0.5121 -0.0540 -0.8572
vn 0.8653 -0.0983 -0.4916
vn 0.3239 -0.4003 -0.8572
vn 0.1953 -0.4713 -0.8601
vn 0.5423 -0.6813 -0.4916
vn 0.3320 -0.8011 -0.4981
vn 0.6174 -0.7760 -0.1291
vn 0.0541 -0.5119 -0.8573
vn 0.0986 -0.8653 -0.4915
vn 0.3662 0.8545 0.3684
vn 0.1332 0.8544 0.5023
vn 0.6137 0.4931 0.6166
vn 0.2230 0.4931 0.8409
vn 0.5023 0.8540 0.1356
vn 0.8399 0.4929 0.2272
vn 0.5020 0.8545 -0.1333
vn 0.8408 0.4932 -0.2231
vn 0.3684 0.8544 -0.3666
vn 0.6164 0.4932 -0.6139
vn 0.1358 0.8544 -0.5016
vn 0.2275 0.4931 -0.8397
vn -0.1332 0.8544 -0.5023
vn -0.2230 0.4931 -0.8409
vn -0.3665 0.8544 -0.3683
vn -0.6136 0.4932 -0.6166
vn -0.5016 0.8544 -0.1357
vn -0.8398 0.4930 -0.2271
vn -0.5026 0.8542 0.1333
vn -0.8409 0.4930 0.2232
vn -0.3684 0.8544 0.3665
vn -0.6167 0.4930 0.6136
vn -0.1357 0.8544 0.5016
vn -0.2271 0.4931 0.8398
vn 0.5976 0.5313 0.6005
vn 0.2173 0.5313 0.8188
vn 0.3211 0.8904 0.3227
vn 0.1168 0.8904 0.4400
vn 0.8178 0.5313 0.2212
vn 0.4394 0.8904 0.1189
vn 0.8188 0.5313 -0.2173
vn 0.4400 0.8904 -0.1168
vn 0.6005 0.5313 -0.5976
vn 0.3227 0.8904 -0.3211
vn 0.2212 0.5313 -0.8178
vn 0.1189 0.8904 -0.4394
vn -0.2173 0.5313 -0.8188
vn -0.1168 0.8904 -0.4400
vn -0.5976 0.5313 -0.6005
vn -0.3211 0.8904 -0.3227
vn -0.8178 0.5313 -0.2212
vn -0.4394 0.8904 -0.1189
vn -0.8188 0.5313 0.2173
vn -0.4400 0.8904 0.1168
vn -0.6005 0.5313 0.5976
vn -0.3227 0.8904 0.3211
vn -0.2212 0.5313 0.8178
vn -0.1189 0.8904 0.4394
vn 0.3666 0.8544 0.3683
vn 0.1333 0.8544 0.5023
vn 0.6137 0.4931 0.6167
vn 0.5016 0.8544 0.1357
vn 0.8398 0.4931 0.2272
vn 0.5023 0.8544 -0.1333
vn 0.8409 0.4931 -0.2231
vn 0.3683 0.8544 -0.3666
vn 0.6167 0.4931 -0.6137
vn 0.1357 0.8544 -0.5016
vn 0.2272 0.4931 -0.8398
vn -0.1333 0.8544 -0.5023
vn -0.2231 0.4931 -0.8409
vn -0.3666 0.8544 -0.3683
vn -0.6137 0.4931 -0.6167
vn -0.8398 0.4931 -0.2272
vn -0.5023 0.8544 0.1333
vn -0.8409 0.4931 0.2231
vn -0.3683 0.8544 0.3666
vn -0.6167 0.4931 0.6137
vn -0.2272 0.4931 0.8398
vn 0.2231 0.4931 0.8409
vn -0.2174 0.5313 -0.8188
vn -0.3213 0.8903 -0.3226
vn -0.8177 0.5314 -0.2212
vn -0.4390 0.8906 -0.1189
vn -0.8188 0.5314 0.2172
vn -0.4401 0.8903 0.1167
vn -0.6006 0.5313 0.5975
vn -0.2212 0.5314 0.8178
vn -0.1188 0.8904 0.4394
vn 0.2172 0.5314 0.8188
vn 0.3213 0.8903 0.3226
vn 0.8178 0.5312 0.2212
vn 0.4393 0.8904 0.1189
vn 0.8189 0.5313 -0.2171
vn 0.4402 0.8903 -0.1167
vn 0.6001 0.5316 -0.5977
vn 0.3224 0.8905 -0.3211
vn 0.2212 0.5314 -0.8177
vn 0.1187 0.8904 -0.4394
vn -0.1167 0.8904 -0.4400
vn 0.2256 -0.1499 -0.9626
vn 0.2257 -0.1500 -0.9626
vn 0.5889 -0.3914 -0.7071
vn 0.7939 -0.5276 -0.3022
vn 0.7940 -0.5277 -0.3019
vn -0.0171 -0.2704 -0.9626
vn -0.0170 -0.2705 -0.9626
vn -0.0445 -0.7058 -0.7070
vn -0.0599 -0.9513 -0.3024
vn -0.0600 -0.9512 -0.3027
vn -0.2426 -0.1204 -0.9626
vn -0.2427 -0.1204 -0.9626
vn -0.6334 -0.3144 -0.7071
vn -0.6334 -0.3143 -0.7071
vn -0.8539 -0.4238 -0.3021
vn -0.8540 -0.4239 -0.3017
vn -0.2256 0.1499 -0.9626
vn -0.5889 0.3914 -0.7071
vn -0.5890 0.3914 -0.7071
vn -0.7940 0.5276 -0.3020
vn -0.7940 0.5276 -0.3019
vn 0.0170 0.2703 -0.9626
vn 0.0171 0.2703 -0.9626
vn 0.0445 0.7058 -0.7070
vn 0.0600 0.9513 -0.3023
vn 0.0600 0.9514 -0.3020
vn 0.2426 0.1204 -0.9626
vn 0.6333 0.3143 -0.7072
vn 0.6334 0.3143 -0.7071
vn 0.8540 0.4238 -0.3017
vn 0.8540 0.4238 -0.3019
vn 0.8540 0.4238 0.3019
vn 0.8540 0.4238 0.3017
vn 0.6334 0.3143 0.7071
vn 0.2426 0.1204 0.9626
vn 0.0599 0.9513 0.3023
vn 0.0600 0.9514 0.3020
vn 0.0445 0.7058 0.7070
vn 0.0170 0.2703 0.9626
vn -0.7940 0.5276 0.3019
vn -0.7940 0.5276 0.3020
vn -0.5889 0.3914 0.7071
vn -0.2256 0.1499 0.9626
vn -0.8540 -0.4239 0.3017
vn -0.8539 -0.4238 0.3020
vn -0.6334 -0.3144 0.7071
vn -0.6334 -0.3143 0.7071
vn -0.2426 -0.1204 0.9626
vn -0.0599 -0.9512 0.3027
vn -0.0600 -0.9513 0.3024
vn -0.0445 -0.7058 0.7070
vn -0.0171 -0.2705 0.9626
vn -0.0170 -0.2704 0.9626
vn 0.7940 -0.5277 0.3019
vn 0.7939 -0.5276 0.3022
vn 0.7939 -0.5276 0.3023
vn 0.5889 -0.3914 0.7071
vn 0.2257 -0.1500 0.9626
vn 0.2256 -0.1499 0.9626
vn 0.2163 0.9763 -0.0000
vn 0.2178 0.9760 -0.0000
vn 0.5532 0.8330 -0.0000
vn 0.5537 0.8327 -0.0000
vn 0.8158 0.5783 -0.0000
vn 0.8161 0.5779 -0.0000
vn 0.9090 -0.4168 -0.0000
vn 0.9086 -0.4176 -0.0000
vn 0.9086 -0.4177 -0.0000
vn 0.9980 -0.0629 -0.0000
vn 0.9538 0.3004 -0.0000
vn 0.9540 0.3000 -0.0000
vn 0.9540 0.2999 -0.0000
vn -0.9540 -0.2997 -0.0000
vn -0.9540 -0.2999 -0.0000
vn -0.9980 0.0629 -0.0000
vn -0.9087 0.4174 -0.0000
vn -0.9085 0.4180 -0.0000
vn -0.0933 0.9956 -0.0000
vn -0.0939 0.9956 -0.0000
vn -0.4440 0.8960 -0.0000
vn -0.4451 0.8955 -0.0000
vn -0.7357 0.6774 -0.0000
vn -0.7371 0.6758 -0.0000
vn -0.7356 0.6774 -0.0000
vn 0.7367 -0.6762 -0.0000
vn 0.7364 -0.6766 -0.0000
vn 0.4445 -0.8958 -0.0000
vn 0.4440 -0.8960 -0.0000
vn 0.4440 -0.8961 -0.0000
vn 0.0933 -0.9956 -0.0000
vn 0.0940 -0.9956 -0.0000
vn -0.8158 -0.5783 -0.0000
vn -0.8156 -0.5787 -0.0000
vn -0.5532 -0.8330 -0.0000
vn -0.5537 -0.8327 -0.0000
vn -0.2171 -0.9762 -0.0000
vn -0.2179 -0.9760 -0.0000
vn 0.0994 -0.2519 -0.9626
vn 0.0995 -0.2520 -0.9626
vn 0.2597 -0.6577 -0.7071
vn 0.2596 -0.6577 -0.7071
vn 0.3501 -0.8868 -0.3018
vn 0.3501 -0.8868 -0.3016
vn -0.1684 -0.2121 -0.9626
vn -0.1684 -0.2120 -0.9627
vn -0.4398 -0.5537 -0.7071
vn -0.4398 -0.5538 -0.7071
vn -0.4398 -0.5538 -0.7070
vn -0.5930 -0.7466 -0.3016
vn -0.2679 0.0398 -0.9626
vn -0.6994 0.1040 -0.7071
vn -0.9430 0.1402 -0.3019
vn -0.0994 0.2519 -0.9626
vn -0.0995 0.2519 -0.9626
vn -0.2596 0.6577 -0.7071
vn -0.2597 0.6577 -0.7071
vn -0.3500 0.8868 -0.3018
vn -0.3501 0.8868 -0.3016
vn 0.1685 0.2121 -0.9626
vn 0.1684 0.2121 -0.9626
vn 0.4397 0.5537 -0.7071
vn 0.4399 0.5537 -0.7070
vn 0.5929 0.7465 -0.3019
vn 0.5930 0.7466 -0.3016
vn 0.2679 -0.0398 -0.9626
vn 0.6994 -0.1040 -0.7071
vn 0.9430 -0.1402 -0.3018
vn 0.9430 -0.1402 0.3019
vn 0.9430 -0.1402 0.3018
vn 0.6994 -0.1040 0.7071
vn 0.2679 -0.0398 0.9626
vn 0.5930 0.7466 0.3016
vn 0.5929 0.7465 0.3019
vn 0.4397 0.5537 0.7071
vn 0.4398 0.5537 0.7071
vn 0.1685 0.2121 0.9626
vn 0.1684 0.2121 0.9626
vn -0.3501 0.8868 0.3016
vn -0.3500 0.8868 0.3018
vn -0.2596 0.6577 0.7071
vn -0.0995 0.2520 0.9626
vn -0.0994 0.2519 0.9626
vn -0.9430 0.1402 0.3019
vn -0.9430 0.1402 0.3018
vn -0.6994 0.1040 0.7072
vn -0.6994 0.1040 0.7071
vn -0.2679 0.0398 0.9626
vn -0.5930 -0.7466 0.3016
vn -0.4398 -0.5537 0.7071
vn -0.1684 -0.2120 0.9627
vn 0.3501 -0.8868 0.3016
vn 0.3501 -0.8868 0.3019
vn 0.2596 -0.6577 0.7071
vn 0.2597 -0.6577 0.7071
vn 0.0995 -0.2520 0.9626
vn 0.0994 -0.2518 0.9627
vn 0.7352 0.6779 -0.0000
vn 0.7362 0.6767 -0.0000
vn 0.9302 0.3671 -0.0000
vn 0.9302 0.3672 -0.0000
vn 1.0000 0.0082 -0.0000
vn 1.0000 0.0083 -0.0000
vn 0.5076 -0.8616 -0.0000
vn 0.5064 -0.8623 -0.0000
vn 0.7829 -0.6222 -0.0000
vn 0.7832 -0.6218 -0.0000
vn 0.9544 -0.2984 -0.0000
vn 0.9542 -0.2990 -0.0000
vn -0.9542 0.2991 -0.0000
vn -0.9543 0.2989 -0.0000
vn -0.7829 0.6222 -0.0000
vn -0.7832 0.6218 -0.0000
vn -0.5070 0.8619 -0.0000
vn -0.5076 0.8616 -0.0000
vn 0.4929 0.8701 -0.0000
vn 0.4934 0.8698 -0.0000
vn 0.1470 0.9891 -0.0000
vn -0.2186 0.9758 -0.0000
vn 0.2186 -0.9758 -0.0000
vn -0.1477 -0.9890 -0.0000
vn -0.1470 -0.9891 -0.0000
vn -0.4934 -0.8698 -0.0000
vn -0.4923 -0.8704 -0.0000
vn -1.0000 -0.0083 -0.0000
vn -1.0000 -0.0082 -0.0000
vn -0.9301 -0.3674 -0.0000
vn -0.9302 -0.3671 -0.0000
vn -0.7359 -0.6771 -0.0000
vn -0.4354 0.4920 -0.7539
vn 0.0002 0.4920 -0.8706
vn -0.2602 0.8537 -0.4511
vn 0.0002 0.8537 -0.5208
vn 0.4353 0.4920 -0.7540
vn 0.2606 0.8536 -0.4510
vn -0.7514 0.4923 -0.4394
vn -0.8696 0.4889 -0.0700
vn -0.4488 0.8541 -0.2629
vn -0.5198 0.8534 -0.0398
vn 0.7516 0.4921 -0.4393
vn 0.4494 0.8538 -0.2628
vn 0.8693 0.4893 -0.0701
vn 0.5193 0.8536 -0.0400
vn -0.0000 -0.8537 -0.5208
vn -0.4353 -0.4919 -0.7540
vn -0.0001 -0.4920 -0.8706
vn -0.5191 -0.8538 -0.0399
vn -0.8694 -0.4892 -0.0700
vn 0.2603 -0.8537 -0.4511
vn 0.4352 -0.4920 -0.7540
vn -0.4492 -0.8539 -0.2628
vn -0.7515 -0.4922 -0.4393
vn 0.4494 -0.8538 -0.2628
vn 0.7517 -0.4919 -0.4392
vn -0.2605 -0.8536 -0.4510
vn 0.5192 -0.8537 -0.0399
vn 0.8694 -0.4891 -0.0702
vn -0.0001 0.8904 0.4552
vn 0.4235 0.5314 0.7336
vn -0.0000 0.5314 0.8471
vn -0.2278 0.8903 0.3942
vn -0.4238 0.5313 0.7336
vn 0.3940 0.8905 0.2276
vn 0.4766 0.8769 0.0627
vn 0.7334 0.5316 0.4237
vn 0.8515 0.5123 0.1120
vn -0.3942 0.8904 0.2276
vn -0.7334 0.5315 0.4237
vn 0.2278 0.8903 0.3942
vn -0.4765 0.8769 0.0629
vn -0.8513 0.5125 0.1124
vn 0.4953 -0.1379 0.8577
vn 0.0001 -0.5314 0.8471
vn 0.4236 -0.5314 0.7336
vn 0.0002 -0.8904 0.4552
vn 0.2274 -0.8904 0.3942
vn 0.8514 -0.5125 0.1121
vn 0.4762 -0.8771 0.0628
vn -0.4234 -0.5314 0.7337
vn -0.2274 -0.8904 0.3943
vn 0.7337 -0.5313 0.4236
vn 0.3943 -0.8904 0.2276
vn -0.7337 -0.5313 0.4235
vn -0.3944 -0.8903 0.2276
vn -0.8514 -0.5124 0.1121
vn -0.4768 -0.8768 0.0627
vn 0.3673 -0.9301 -0.0000
vn -0.6220 -0.7830 -0.0000
vn 0.8722 -0.3881 -0.2977
vn 0.6849 -0.2869 -0.6697
vn 0.4165 -0.0342 -0.9085
vn 0.7152 0.1987 -0.6701
vn 0.9142 0.2753 -0.2973
vn 0.9660 -0.0609 -0.2513
vn 0.6958 -0.6536 -0.2977
vn 0.4294 -0.8674 -0.2514
vn 0.1001 -0.9494 -0.2978
vn 0.0945 -0.7365 -0.6698
vn 0.1791 -0.3780 -0.9083
vn 0.5295 -0.5202 -0.6700
vn -0.2181 -0.9294 -0.2977
vn -0.5358 -0.8060 -0.2516
vn -0.7724 -0.5610 -0.2978
vn -0.5910 -0.4495 -0.6698
vn -0.2382 -0.3438 -0.9083
vn -0.1857 -0.7189 -0.6699
vn -0.9138 -0.2760 -0.2980
vn -0.9660 0.0609 -0.2512
vn -0.8720 0.3884 -0.2979
vn -0.6849 0.2869 -0.6697
vn -0.4169 0.0342 -0.9083
vn -0.7157 -0.1986 -0.6696
vn -0.6962 0.6533 -0.2976
vn -0.4300 0.8671 -0.2513
vn -0.1001 0.9494 -0.2978
vn -0.0951 0.7364 -0.6698
vn -0.1784 0.3780 -0.9085
vn -0.5302 0.5200 -0.6697
vn 0.2182 0.9294 -0.2977
vn 0.5358 0.8060 -0.2515
vn 0.7721 0.5614 -0.2980
vn 0.5917 0.4492 -0.6694
vn 0.2377 0.3437 -0.9085
vn 0.1855 0.7189 -0.6699
vn -0.1000 0.9494 0.2978
vn -0.4306 0.8669 0.2511
vn -0.6960 0.6535 0.2977
vn -0.5300 0.5201 0.6698
vn -0.1933 0.3709 0.9083
vn -0.0941 0.7366 0.6697
vn -0.8720 0.3883 0.2979
vn -0.9661 0.0608 0.2510
vn -0.9138 -0.2761 0.2980
vn -0.7149 -0.1988 0.6704
vn -0.4175 0.0184 0.9085
vn -0.6849 0.2868 0.6698
vn -0.7721 -0.5614 0.2980
vn -0.5359 -0.8061 0.2512
vn -0.2184 -0.9294 0.2977
vn -0.1850 -0.7188 0.6701
vn -0.2245 -0.3525 0.9085
vn -0.5906 -0.4497 0.6701
vn 0.1003 -0.9493 0.2978
vn 0.4306 -0.8669 0.2512
vn 0.6955 -0.6538 0.2979
vn 0.5296 -0.5202 0.6700
vn 0.1928 -0.3711 0.9084
vn 0.0938 -0.7366 0.6698
vn 0.9142 0.2754 0.2974
vn 0.7158 0.1986 0.6695
vn 0.4181 -0.0184 0.9082
vn 0.6847 -0.2869 0.6699
vn 0.8721 -0.3883 0.2978
vn 0.7722 0.5612 0.2979
vn 0.5353 0.8064 0.2513
vn 0.2184 0.9294 0.2977
vn 0.1856 0.7187 0.6701
vn 0.2247 0.3524 0.9085
vn 0.5904 0.4498 0.6702
vn 0.4941 -0.8168 -0.2977
vn 0.3228 -0.2660 -0.9083
vn 0.7013 -0.2455 -0.6693
vn 0.9078 -0.2958 -0.2975
vn 0.7575 -0.6024 -0.2514
vn 0.1976 -0.9340 -0.2977
vn -0.1421 -0.9574 -0.2513
vn -0.4606 -0.8362 -0.2978
vn -0.3445 -0.6579 -0.6697
vn -0.0688 -0.4121 -0.9085
vn 0.1374 -0.7297 -0.6698
vn -0.7104 -0.6378 -0.2975
vn -0.9546 -0.0191 -0.2974
vn -0.7415 -0.0313 -0.6702
vn -0.3914 -0.1460 -0.9086
vn -0.5630 -0.4839 -0.6699
vn -0.9077 0.2958 -0.2975
vn -0.7575 0.6024 -0.2515
vn -0.4941 0.8168 -0.2977
vn -0.3984 0.6267 -0.6697
vn -0.3229 0.2660 -0.9083
vn -0.7005 0.2458 -0.6700
vn -0.1974 0.9340 -0.2977
vn 0.1421 0.9574 -0.2513
vn 0.4606 0.8362 -0.2977
vn 0.3445 0.6579 -0.6697
vn 0.0692 0.4121 -0.9085
vn -0.1376 0.7297 -0.6698
vn 0.7101 0.6381 -0.2976
vn 0.9004 0.3553 -0.2511
vn 0.9546 0.0191 -0.2974
vn 0.7412 0.0313 -0.6705
vn 0.3911 0.1461 -0.9087
vn 0.4597 0.8366 0.2979
vn 0.1421 0.9574 0.2513
vn -0.1978 0.9340 0.2976
vn -0.1369 0.7299 0.6697
vn 0.0538 0.4144 0.9085
vn 0.3433 0.6581 0.6700
vn -0.4942 0.8168 0.2977
vn -0.7575 0.6024 0.2514
vn -0.9077 0.2959 0.2976
vn -0.7000 0.2459 0.6705
vn -0.3316 0.2538 0.9086
vn -0.3983 0.6266 0.6698
vn -0.9545 -0.0191 0.2975
vn -0.9003 -0.3554 0.2512
vn -0.7101 -0.6380 0.2976
vn -0.5633 -0.4839 0.6697
vn -0.3861 -0.1608 0.9083
vn -0.4609 -0.8362 0.2974
vn -0.1421 -0.9574 0.2512
vn 0.1978 -0.9339 0.2977
vn 0.1380 -0.7295 0.6699
vn -0.0534 -0.4143 0.9086
vn -0.3442 -0.6578 0.6700
vn 0.9077 -0.2959 0.2976
vn 0.7006 -0.2457 0.6699
vn 0.3320 -0.2538 0.9085
vn 0.3989 -0.6265 0.6696
vn 0.4943 -0.8167 0.2977
vn 0.7576 -0.6024 0.2514
vn 0.9545 0.0191 0.2977
vn 0.9003 0.3554 0.2511
vn 0.7101 0.6381 0.2976
vn 0.5625 0.4843 0.6701
vn 0.3855 0.1608 0.9086
vn 0.7420 0.0312 0.6696
vn 0.2255 -0.1499 -0.9626
vn -0.2255 0.1499 0.9626
vn -0.0932 0.9956 -0.0000
vn 0.0932 -0.9956 -0.0000
vn 0.3501 -0.8868 -0.3019
vn -0.0995 0.2520 -0.9626
vn -0.3500 0.8868 -0.3019
vn -0.3500 0.8868 0.3019
vt 0.309734 0.060053
vt 0.280241 0.045901
vt 0.298122 0.033965
vt 0.485182 0.872082
vt 0.492015 0.949801
vt 0.492015 0.872082
vt 0.485182 0.859821
vt 0.492015 0.749927
vt 0.485182 0.749927
vt 0.567267 0.485182
vt 0.561572 0.492015
vt 0.561572 0.485182
vt 0.438596 0.485182
vt 0.432901 0.492015
vt 0.438596 0.492015
vt 0.485182 0.866387
vt 0.492015 0.866387
vt 0.445162 0.485182
vt 0.555055 0.492015
vt 0.555055 0.485182
vt 0.485182 0.749976
vt 0.492015 0.859870
vt 0.485182 0.859870
vt 0.567098 0.660462
vt 0.560488 0.659138
vt 0.566077 0.662663
vt 0.561621 0.492015
vt 0.561621 0.485182
vt 0.492015 0.859821
vt 0.555007 0.492015
vt 0.555007 0.485182
vt 0.063937 0.699950
vt 0.049782 0.729437
vt 0.037844 0.711560
vt 0.485182 0.737716
vt 0.492015 0.743410
vt 0.485182 0.743410
vt 0.644986 0.485182
vt 0.567267 0.492015
vt 0.485182 0.659997
vt 0.492015 0.737716
vt 0.445113 0.485182
vt 0.438548 0.492015
vt 0.438548 0.485182
vt 0.680654 0.050400
vt 0.669808 0.019542
vt 0.690893 0.023743
vt 0.445113 0.492015
vt 0.959416 0.676645
vt 0.990279 0.665802
vt 0.986078 0.686883
vt 0.355182 0.485182
vt 0.432901 0.485182
vt 0.703963 0.945698
vt 0.733456 0.959850
vt 0.715576 0.971786
vt 0.492015 0.743362
vt 0.485182 0.743362
vt 0.333044 0.955351
vt 0.343890 0.986209
vt 0.322805 0.982008
vt 0.032551 0.690727
vt 0.056132 0.681387
vt 0.951806 0.695289
vt 0.975086 0.705356
vt 0.304327 0.971018
vt 0.314396 0.947743
vt 0.949760 0.305801
vt 0.981147 0.315024
vt 0.957565 0.324364
vt 0.023418 0.339949
vt 0.492015 0.749976
vt 0.445162 0.492015
vt 0.318960 0.028673
vt 0.328301 0.052250
vt 0.941191 0.287578
vt 0.709370 0.034733
vt 0.963916 0.276314
vt 0.072507 0.718173
vt 0.699301 0.058008
vt 0.054282 0.329106
vt 0.038612 0.300395
vt 0.061892 0.310462
vt 0.492015 0.737669
vt 0.485182 0.737669
vt 0.694738 0.977077
vt 0.685397 0.953501
vt 0.027620 0.318868
vt 0.485182 0.866435
vt 0.492015 0.866435
vt 0.661706 0.043573
vt 0.432854 0.492015
vt 0.432854 0.485182
vt 0.975854 0.294191
vt 0.504127 0.882987
vt 0.511204 0.811525
vt 0.511204 0.882987
vt 0.355626 0.871866
vt 0.434092 0.947134
vt 0.357828 0.870845
vt 0.433070 0.949335
vt 0.439680 0.950660
vt 0.644543 0.737931
vt 0.645865 0.744542
vt 0.648121 0.743608
vt 0.554830 0.954417
vt 0.446125 0.952121
vt 0.445290 0.954399
vt 0.560441 0.950679
vt 0.553996 0.952138
vt 0.642341 0.738952
vt 0.438745 0.952916
vt 0.644521 0.871913
vt 0.645845 0.865303
vt 0.642319 0.870891
vt 0.567051 0.949357
vt 0.561375 0.952936
vt 0.445338 0.655380
vt 0.554044 0.657677
vt 0.554879 0.655398
vt 0.433117 0.660440
vt 0.439728 0.659118
vt 0.438794 0.656862
vt 0.649603 0.750153
vt 0.647324 0.750987
vt 0.566031 0.947155
vt 0.446173 0.657659
vt 0.357849 0.738906
vt 0.434138 0.662642
vt 0.647306 0.858858
vt 0.649585 0.859693
vt 0.561423 0.656881
vt 0.350566 0.859645
vt 0.352862 0.750939
vt 0.350584 0.750104
vt 0.648101 0.866238
vt 0.355648 0.737885
vt 0.354323 0.744495
vt 0.352067 0.743560
vt 0.354304 0.865255
vt 0.352047 0.866189
vt 0.352845 0.858810
vt 0.500084 0.804899
vt 0.485182 0.872129
vt 0.492015 0.872129
vt 0.512264 -1.075456
vt 0.519340 0.811525
vt 0.512264 0.811525
vt 0.488911 -1.075456
vt 0.495968 0.811525
vt 0.488911 0.811525
vt 0.519395 -1.075456
vt 0.512338 0.811525
vt 0.519395 0.811525
vt 0.511258 -1.075456
vt 0.504201 0.811525
vt 0.511258 0.811525
vt 0.512516 -1.076456
vt 0.534276 -1.085147
vt 0.534276 -1.076456
vt 0.495968 -1.075456
vt 0.504127 0.811525
vt 0.512338 -1.075456
vt 0.504178 0.811525
vt 0.504201 -1.075456
vt 0.496041 0.811525
vt 0.504260 0.492485
vt 0.533911 0.474230
vt 0.511569 0.496681
vt 0.504104 -1.075456
vt 0.504104 0.811525
vt 0.504178 -1.075456
vt 0.497102 0.811525
vt 0.496041 -1.075456
vt 0.488965 0.811525
vt 0.520653 -1.076456
vt 0.542413 -1.085147
vt 0.542413 -1.076456
vt 0.465726 -1.076456
vt 0.487425 -1.085147
vt 0.487425 -1.076456
vt 0.542579 -1.076456
vt 0.520880 -1.085147
vt 0.520880 -1.076456
vt 0.534443 -1.076456
vt 0.512743 -1.085147
vt 0.512743 -1.076456
vt 0.509058 0.882987
vt 0.503347 -1.085147
vt 0.503347 0.882987
vt 0.512516 -1.085147
vt 0.495789 -1.085147
vt 0.495789 -1.076456
vt 0.487652 -1.085147
vt 0.487652 -1.076456
vt 0.473863 -1.076456
vt 0.495562 -1.085147
vt 0.495562 -1.076456
vt 0.520653 -1.085147
vt 0.474029 -1.085147
vt 0.474029 -1.076456
vt 0.465892 -1.085147
vt 0.465892 -1.076456
vt 0.504127 -1.075456
vt 0.495968 0.882987
vt 0.512338 0.882987
vt 0.504178 0.882987
vt 0.504201 0.882987
vt 0.496041 0.882987
vt 0.497048 0.882987
vt 0.504104 0.882987
vt 0.512264 0.882987
vt 0.497102 0.882987
vt 0.488965 0.882987
vt 0.519340 0.882987
vt 0.488911 0.882987
vt 0.519395 0.882987
vt 0.511258 0.882987
vt 0.504899 0.882987
vt 0.499204 -1.085147
vt 0.499204 0.882987
vt 0.511484 0.882987
vt 0.504899 -1.085147
vt 0.499247 0.882987
vt 0.504958 -1.085147
vt 0.504958 0.882987
vt 0.491110 0.882987
vt 0.496821 -1.085147
vt 0.496821 0.882987
vt 0.517195 0.882987
vt 0.511484 -1.085147
vt 0.496762 0.882987
vt 0.491067 -1.085147
vt 0.491067 0.882987
vt 0.511544 0.882987
vt 0.517239 -1.085147
vt 0.517239 0.882987
vt 0.503407 0.882987
vt 0.509102 -1.085147
vt 0.509102 0.882987
vt 0.498561 0.780634
vt 0.482374 0.776492
vt 0.498561 0.776492
vt 0.496762 -1.085147
vt 0.511544 -1.085147
vt 0.503407 -1.085147
vt 0.489330 0.519028
vt 0.496689 0.521018
vt 0.496174 0.522957
vt 0.489278 0.497467
vt 0.487288 0.504826
vt 0.485349 0.504311
vt 0.514820 0.512131
vt 0.512864 0.504764
vt 0.514801 0.504240
vt 0.504066 0.522938
vt 0.503542 0.521001
vt 0.487304 0.511679
vt 0.485368 0.512203
vt 0.509423 0.498837
vt 0.510838 0.497415
vt 0.503994 0.493485
vt 0.496627 0.495441
vt 0.496103 0.493505
vt 0.509469 0.517560
vt 0.510891 0.518975
vt 0.490745 0.517606
vt 0.503480 0.495425
vt 0.490700 0.498882
vt 0.512881 0.511617
vt 0.466408 0.498561
vt 0.471371 0.482374
vt 0.466407 0.482374
vt 0.472022 0.498561
vt 0.467058 0.482374
vt 0.472022 0.482374
vt 0.498561 0.781354
vt 0.482374 0.776899
vt 0.482374 0.781354
vt 0.472201 0.785921
vt 0.466816 0.786260
vt 0.469215 0.781426
vt 0.498561 0.782219
vt 0.482374 0.786361
vt 0.498561 0.786361
vt 0.498561 0.785954
vt 0.482374 0.781499
vt 0.498561 0.781499
vt 0.534189 0.498561
vt 0.529563 0.482374
vt 0.529563 0.498561
vt 0.463829 0.781766
vt 0.466228 0.776932
vt 0.471613 0.776593
vt 0.474600 0.781087
vt 0.472201 0.785921
vt 0.466816 0.786260
vt 0.466228 0.776932
vt 0.471613 0.776593
vt 0.524811 0.498561
vt 0.528706 0.482374
vt 0.524811 0.482374
vt 0.535141 0.498561
vt 0.531246 0.482374
vt 0.535141 0.482374
vt 0.498561 0.779728
vt 0.482374 0.784647
vt 0.498561 0.784647
vt 0.534995 0.783408
vt 0.530770 0.786764
vt 0.529976 0.781427
vt 0.525764 0.498561
vt 0.530390 0.482374
vt 0.530390 0.498561
vt 0.498561 0.783125
vt 0.482374 0.778206
vt 0.498561 0.778206
vt 0.520489 0.506875
vt 0.514837 0.514895
vt 0.517106 0.506430
vt 0.525751 0.784783
vt 0.524957 0.779445
vt 0.529182 0.776089
vt 0.534202 0.778070
vt 0.534201 0.778070
vt 0.529976 0.781426
vt 0.534995 0.783408
vt 0.524957 0.779445
vt 0.529182 0.776089
vt 0.519178 0.495279
vt 0.538191 0.493207
vt 0.538191 0.496579
vt 0.480943 0.495279
vt 0.461897 0.493207
vt 0.483015 0.493207
vt 0.489835 0.524075
vt 0.485283 0.514895
vt 0.491529 0.521141
vt 0.496629 0.807540
vt 0.493207 0.755272
vt 0.496629 0.755272
vt 0.500060 0.526815
vt 0.508592 0.521141
vt 0.510286 0.524075
vt 0.517106 0.493207
vt 0.479631 0.506875
vt 0.482349 0.516589
vt 0.517106 0.506430
vt 0.506941 0.807540
vt 0.516847 0.755272
vt 0.516847 0.807541
vt 0.496629 0.755272
vt 0.493207 0.807541
vt 0.496629 0.807541
vt 0.491788 0.807540
vt 0.500060 0.755272
vt 0.500060 0.807541
vt 0.461897 0.807541
vt 0.483015 0.755272
vt 0.483015 0.807541
vt 0.485732 0.755272
vt 0.485732 0.807540
vt 0.538191 0.755272
vt 0.517106 0.807540
vt 0.517106 0.755272
vt 0.508333 0.807541
vt 0.493207 0.755272
vt 0.506364 0.807540
vt 0.506364 0.755272
vt 0.514636 0.807541
vt 0.506364 0.807540
vt 0.508333 0.755272
vt 0.514389 0.807541
vt 0.489577 0.807540
vt 0.500060 0.755272
vt 0.489577 0.755272
vt 0.479890 0.755272
vt 0.461896 0.807541
vt 0.479890 0.807541
vt 0.510544 0.807540
vt 0.500060 0.807540
vt 0.516847 0.807540
vt 0.506941 0.755272
vt 0.506941 0.807541
vt 0.520231 0.807540
vt 0.538192 0.755272
vt 0.520231 0.755272
vt 0.518218 0.807540
vt 0.510544 0.755272
vt 0.524521 0.807540
vt 0.516847 0.755272
vt 0.496331 0.755272
vt 0.506941 0.755272
vt 0.489835 0.524075
vt 0.485283 0.514895
vt 0.514636 0.755272
vt 0.514636 0.807540
vt 0.500060 0.523427
vt 0.517772 0.516589
vt 0.480943 0.495279
vt 0.461897 0.493207
vt 0.461897 0.496579
vt 0.483015 0.506430
vt 0.496331 0.807541
vt 0.510286 0.524075
vt 0.483015 0.493207
vt 0.497048 -1.075456
vt 0.497048 0.811525
vt 0.484348 0.504045
vt 0.466093 0.474394
vt 0.488544 0.496737
vt 0.504336 0.523937
vt 0.487785 0.554572
vt 0.495909 0.523958
vt 0.484368 0.512473
vt 0.453733 0.495922
vt 0.515800 0.503969
vt 0.546375 0.495697
vt 0.466257 0.542213
vt 0.488600 0.519761
vt 0.511625 0.519706
vt 0.512608 0.554512
vt 0.453794 0.520745
vt 0.495832 0.492505
vt 0.512384 0.461870
vt 0.487560 0.461930
vt 0.515821 0.512397
vt 0.534076 0.542048
vt 0.546435 0.520521
vt 0.722190 0.937130
vt 0.351992 0.962178
vt 0.047454 0.348049
vt 0.291508 0.068621
vt 0.966244 0.657701
vt 0.499061 0.780652
vt 0.498561 0.780876
vt 0.474735 0.780862
vt 0.474963 0.780952
vt 0.474911 0.780652
vt 0.474886 0.781069
vt 0.474763 0.781294
vt 0.474977 0.781175
vt 0.498561 0.781239
vt 0.499061 0.781480
vt 0.498800 0.780884
vt 0.498800 0.781230
vt 0.498561 0.776251
vt 0.499061 0.776475
vt 0.498800 0.776076
vt 0.498800 0.776243
vt 0.471392 0.499061
vt 0.471870 0.498561
vt 0.471371 0.498561
vt 0.471486 0.776363
vt 0.471870 0.776076
vt 0.471392 0.776106
vt 0.471741 0.776337
vt 0.471873 0.776555
vt 0.471878 0.776311
vt 0.498929 0.776197
vt 0.465908 0.498561
vt 0.466386 0.499061
vt 0.498561 0.776639
vt 0.498800 0.776451
vt 0.498561 0.776451
vt 0.499061 0.776881
vt 0.498561 0.776899
vt 0.465965 0.776928
vt 0.465930 0.776686
vt 0.465696 0.776881
vt 0.466070 0.776694
vt 0.466325 0.776688
vt 0.465908 0.776451
vt 0.498800 0.776631
vt 0.498929 0.776582
vt 0.498561 0.781614
vt 0.499061 0.781373
vt 0.498800 0.781969
vt 0.498800 0.781623
vt 0.499061 0.782201
vt 0.498561 0.781977
vt 0.463694 0.781991
vt 0.463466 0.781901
vt 0.463518 0.782201
vt 0.463544 0.781784
vt 0.463667 0.781559
vt 0.463452 0.781677
vt 0.498800 0.781796
vt 0.498929 0.781672
vt 0.498561 0.786602
vt 0.499061 0.786378
vt 0.498800 0.786777
vt 0.498800 0.786611
vt 0.467037 0.499061
vt 0.466559 0.498561
vt 0.467058 0.498561
vt 0.466943 0.786490
vt 0.466559 0.786777
vt 0.467037 0.786747
vt 0.466689 0.786516
vt 0.466556 0.786298
vt 0.466551 0.786542
vt 0.498929 0.786656
vt 0.472521 0.498561
vt 0.472043 0.499061
vt 0.498561 0.786402
vt 0.498800 0.786222
vt 0.498800 0.786402
vt 0.499061 0.785973
vt 0.498561 0.786214
vt 0.472464 0.785925
vt 0.472500 0.786168
vt 0.472734 0.785973
vt 0.472360 0.786159
vt 0.472104 0.786165
vt 0.472521 0.786402
vt 0.498929 0.786271
vt 0.466559 0.482374
vt 0.467037 0.481874
vt 0.482374 0.786602
vt 0.482135 0.786777
vt 0.482374 0.786777
vt 0.481874 0.786378
vt 0.466556 0.786298
vt 0.466551 0.786543
vt 0.466294 0.786378
vt 0.466689 0.786516
vt 0.466943 0.786490
vt 0.482135 0.786611
vt 0.482005 0.786656
vt 0.482374 0.781977
vt 0.481874 0.782201
vt 0.482374 0.782218
vt 0.482374 0.781614
vt 0.482135 0.781969
vt 0.481874 0.781373
vt 0.463667 0.781559
vt 0.463466 0.781373
vt 0.463694 0.781991
vt 0.463466 0.781901
vt 0.482135 0.781796
vt 0.482135 0.781623
vt 0.482005 0.781672
vt 0.482374 0.776639
vt 0.481874 0.776881
vt 0.482374 0.776451
vt 0.482135 0.776631
vt 0.466386 0.481874
vt 0.465908 0.482374
vt 0.466325 0.776688
vt 0.466386 0.776421
vt 0.466070 0.776694
vt 0.465965 0.776928
vt 0.482135 0.776451
vt 0.482005 0.776582
vt 0.471870 0.482374
vt 0.471392 0.481874
vt 0.482374 0.776076
vt 0.482135 0.776242
vt 0.482135 0.776076
vt 0.481874 0.776475
vt 0.482374 0.776251
vt 0.471878 0.776311
vt 0.472135 0.776475
vt 0.471486 0.776363
vt 0.482005 0.776197
vt 0.481874 0.781480
vt 0.482374 0.781239
vt 0.474763 0.781293
vt 0.474963 0.781480
vt 0.474735 0.780862
vt 0.474963 0.780952
vt 0.482374 0.780876
vt 0.481874 0.780652
vt 0.482374 0.780634
vt 0.482135 0.781230
vt 0.482135 0.780884
vt 0.482374 0.786213
vt 0.481874 0.785973
vt 0.482374 0.785954
vt 0.482135 0.786402
vt 0.482135 0.786222
vt 0.472043 0.481874
vt 0.472521 0.482374
vt 0.472104 0.786165
vt 0.472043 0.786432
vt 0.472360 0.786159
vt 0.472464 0.785925
vt 0.472500 0.786168
vt 0.482005 0.786271
vt 0.534208 0.499061
vt 0.534654 0.498561
vt 0.534184 0.777808
vt 0.534422 0.777752
vt 0.534208 0.777535
vt 0.534426 0.777892
vt 0.534453 0.778147
vt 0.534562 0.777927
vt 0.498561 0.777919
vt 0.499061 0.778185
vt 0.498561 0.777711
vt 0.498800 0.777909
vt 0.529293 0.498561
vt 0.529543 0.499061
vt 0.528933 0.498561
vt 0.529284 0.498800
vt 0.528723 0.499061
vt 0.528706 0.498561
vt 0.528947 0.775973
vt 0.529017 0.775739
vt 0.528723 0.775816
vt 0.529140 0.775806
vt 0.529374 0.775910
vt 0.529239 0.775706
vt 0.529103 0.498800
vt 0.529233 0.498929
vt 0.524584 0.498561
vt 0.524795 0.499061
vt 0.524420 0.498561
vt 0.524577 0.498800
vt 0.499061 0.779707
vt 0.498561 0.779233
vt 0.524739 0.779591
vt 0.524420 0.779233
vt 0.524490 0.779707
vt 0.524691 0.779340
vt 0.524897 0.779189
vt 0.524653 0.779205
vt 0.524420 0.498800
vt 0.524534 0.498929
vt 0.498561 0.785142
vt 0.499061 0.784668
vt 0.525494 0.498561
vt 0.525299 0.498800
vt 0.525299 0.498561
vt 0.525744 0.499061
vt 0.525768 0.785045
vt 0.525530 0.785101
vt 0.525744 0.785317
vt 0.525527 0.784961
vt 0.525499 0.784706
vt 0.525299 0.785142
vt 0.525485 0.498800
vt 0.525434 0.498929
vt 0.530659 0.498561
vt 0.530409 0.499061
vt 0.531019 0.498561
vt 0.530669 0.498800
vt 0.531230 0.499061
vt 0.531246 0.498561
vt 0.531006 0.786880
vt 0.530935 0.787114
vt 0.531230 0.787037
vt 0.530812 0.787047
vt 0.530578 0.786943
vt 0.530714 0.787147
vt 0.530860 0.498800
vt 0.531011 0.498800
vt 0.530968 0.498929
vt 0.535532 0.498561
vt 0.535157 0.499061
vt 0.498561 0.783620
vt 0.498800 0.783422
vt 0.498800 0.783620
vt 0.499061 0.783146
vt 0.498561 0.783412
vt 0.535214 0.783262
vt 0.535381 0.783440
vt 0.535462 0.783146
vt 0.535262 0.783513
vt 0.535055 0.783664
vt 0.535532 0.783620
vt 0.498929 0.783476
vt 0.531019 0.482374
vt 0.531230 0.481874
vt 0.530659 0.482374
vt 0.531011 0.482135
vt 0.530409 0.481874
vt 0.530578 0.786943
vt 0.530714 0.787147
vt 0.530409 0.787159
vt 0.530812 0.787047
vt 0.530935 0.787114
vt 0.530860 0.482135
vt 0.530968 0.482005
vt 0.525494 0.482374
vt 0.525744 0.481874
vt 0.525764 0.482374
vt 0.525299 0.482374
vt 0.525485 0.482135
vt 0.481874 0.784668
vt 0.482374 0.785142
vt 0.525228 0.784668
vt 0.525526 0.784961
vt 0.525768 0.785045
vt 0.525530 0.785101
vt 0.525299 0.482135
vt 0.525434 0.482005
vt 0.482374 0.779233
vt 0.481874 0.779707
vt 0.482374 0.779728
vt 0.524584 0.482374
vt 0.524420 0.482135
vt 0.524420 0.482374
vt 0.524795 0.481874
vt 0.524897 0.779189
vt 0.524653 0.779205
vt 0.524795 0.778935
vt 0.524691 0.779340
vt 0.524577 0.482135
vt 0.524534 0.482005
vt 0.528933 0.482374
vt 0.528723 0.481874
vt 0.529293 0.482374
vt 0.528941 0.482135
vt 0.529543 0.481874
vt 0.529374 0.775909
vt 0.529239 0.775706
vt 0.529543 0.775694
vt 0.529140 0.775806
vt 0.529017 0.775739
vt 0.529103 0.482135
vt 0.529284 0.482135
vt 0.529233 0.482005
vt 0.481874 0.778185
vt 0.482374 0.777919
vt 0.534562 0.777927
vt 0.534724 0.778185
vt 0.534426 0.777892
vt 0.534184 0.777808
vt 0.534654 0.482374
vt 0.534208 0.481874
vt 0.534189 0.482374
vt 0.482135 0.777718
vt 0.482374 0.777711
vt 0.482374 0.783412
vt 0.481874 0.783146
vt 0.482374 0.783125
vt 0.482374 0.783620
vt 0.482135 0.783422
vt 0.535157 0.481874
vt 0.535532 0.482374
vt 0.535055 0.783664
vt 0.535157 0.783918
vt 0.535262 0.783513
vt 0.535381 0.783440
vt 0.482135 0.783620
vt 0.482005 0.783476
vt 0.497129 0.807780
vt 0.496619 0.808040
vt 0.538691 0.807540
vt 0.538421 0.807780
vt 0.538691 0.807780
vt 0.538186 0.807790
vt 0.538437 0.807540
vt 0.538192 0.807540
vt 0.538412 0.808040
vt 0.538440 0.496601
vt 0.538173 0.497093
vt 0.538691 0.496619
vt 0.538412 0.497110
vt 0.496853 0.755034
vt 0.497129 0.755272
vt 0.496613 0.755027
vt 0.496841 0.754772
vt 0.538167 0.497093
vt 0.538691 0.496595
vt 0.538191 0.496579
vt 0.538180 0.755027
vt 0.538671 0.754772
vt 0.538167 0.754772
vt 0.538432 0.755272
vt 0.538691 0.755272
vt 0.538418 0.755035
vt 0.496978 0.755035
vt 0.461920 0.497093
vt 0.461652 0.496595
vt 0.461897 0.496579
vt 0.461907 0.807786
vt 0.461680 0.808041
vt 0.461920 0.808040
vt 0.461656 0.807540
vt 0.461397 0.807541
vt 0.461670 0.807778
vt 0.497129 0.807778
vt 0.497129 0.807540
vt 0.461397 0.496613
vt 0.461679 0.497109
vt 0.461397 0.497129
vt 0.461397 0.807778
vt 0.497129 0.755033
vt 0.496619 0.754772
vt 0.461397 0.755272
vt 0.461666 0.755033
vt 0.461397 0.755033
vt 0.461901 0.755023
vt 0.461651 0.755272
vt 0.461896 0.755272
vt 0.461676 0.754772
vt 0.461648 0.496601
vt 0.461914 0.497093
vt 0.461397 0.496619
vt 0.461676 0.497110
vt 0.480389 0.495834
vt 0.480230 0.755028
vt 0.480389 0.754772
vt 0.480389 0.755272
vt 0.496099 0.755272
vt 0.495844 0.755035
vt 0.495834 0.755272
vt 0.495974 0.755028
vt 0.496331 0.755272
vt 0.495834 0.754772
vt 0.495905 0.755035
vt 0.480309 0.755035
vt 0.480375 0.755035
vt 0.519891 0.755028
vt 0.519999 0.755272
vt 0.519732 0.754772
vt 0.519812 0.755035
vt 0.519732 0.495834
vt 0.495974 0.755028
vt 0.495834 0.755272
vt 0.519732 0.755272
vt 0.519732 0.755035
vt 0.495974 0.807785
vt 0.495834 0.808040
vt 0.496099 0.807541
vt 0.495834 0.807777
vt 0.495905 0.807777
vt 0.480229 0.807784
vt 0.480389 0.807540
vt 0.480389 0.808040
vt 0.480389 0.807777
vt 0.519999 0.807540
vt 0.519891 0.807784
vt 0.519732 0.807540
vt 0.519812 0.807777
vt 0.495974 0.807785
vt 0.495834 0.807540
vt 0.496331 0.807540
vt 0.495834 0.808040
vt 0.495834 0.807777
vt 0.519732 0.808040
vt 0.519732 0.807777
vt 0.493207 0.808040
vt 0.492707 0.807540
vt 0.493207 0.807540
vt 0.538440 0.493207
vt 0.538691 0.492968
vt 0.538691 0.493207
vt 0.538191 0.492707
vt 0.538191 0.807790
vt 0.538430 0.807909
vt 0.538191 0.808040
vt 0.538440 0.807540
vt 0.538191 0.807540
vt 0.538430 0.807780
vt 0.538430 0.492968
vt 0.538430 0.492839
vt 0.492707 0.755272
vt 0.493207 0.755023
vt 0.538691 0.755272
vt 0.538430 0.755033
vt 0.538691 0.755033
vt 0.538191 0.755022
vt 0.538440 0.755272
vt 0.538430 0.754772
vt 0.538691 0.493207
vt 0.538191 0.492707
vt 0.493207 0.754772
vt 0.492707 0.755033
vt 0.492707 0.754772
vt 0.461647 0.493207
vt 0.461897 0.492707
vt 0.461397 0.493207
vt 0.461658 0.492968
vt 0.492707 0.807541
vt 0.493207 0.808040
vt 0.461647 0.807541
vt 0.461397 0.808040
vt 0.461397 0.807541
vt 0.461897 0.807790
vt 0.461658 0.807909
vt 0.461658 0.807780
vt 0.461397 0.492968
vt 0.461658 0.492839
vt 0.493207 0.754772
vt 0.493207 0.755272
vt 0.461658 0.492968
vt 0.461397 0.492968
vt 0.461897 0.492707
vt 0.461647 0.493207
vt 0.461897 0.755023
vt 0.461658 0.754904
vt 0.461897 0.754772
vt 0.461647 0.755272
vt 0.461897 0.755272
vt 0.461658 0.755033
vt 0.461658 0.492839
vt 0.492958 0.755272
vt 0.493207 0.755023
vt 0.492968 0.755033
vt 0.483015 0.755023
vt 0.483515 0.755272
vt 0.483515 0.754772
vt 0.483515 0.755033
vt 0.483515 0.493207
vt 0.483015 0.492707
vt 0.492968 0.754772
vt 0.516856 0.755272
vt 0.517106 0.755023
vt 0.516606 0.755272
vt 0.516867 0.755033
vt 0.493207 0.755023
vt 0.492707 0.755272
vt 0.517106 0.492707
vt 0.516606 0.493207
vt 0.517106 0.754772
vt 0.516867 0.754772
vt 0.516606 0.755033
vt 0.483515 0.807541
vt 0.483015 0.807790
vt 0.492968 0.807780
vt 0.492839 0.807780
vt 0.493207 0.807790
vt 0.492958 0.807541
vt 0.492707 0.808040
vt 0.483254 0.808040
vt 0.483015 0.808040
vt 0.483254 0.807780
vt 0.483383 0.807780
vt 0.517106 0.492707
vt 0.493207 0.807786
vt 0.492970 0.808040
vt 0.493207 0.808040
vt 0.516860 0.807540
vt 0.516735 0.807778
vt 0.516606 0.807540
vt 0.517106 0.807786
vt 0.516606 0.808040
vt 0.516868 0.807778
vt 0.492970 0.807778
vt 0.492837 0.807778
vt 0.561561 0.484932
vt 0.554998 0.484932
vt 0.561530 0.484682
vt 0.695343 0.978606
vt 0.716112 0.973330
vt 0.561582 0.484932
vt 0.567275 0.484932
vt 0.561609 0.484682
vt 0.567267 0.484682
vt 0.734186 0.961322
vt 0.484932 0.866424
vt 0.484932 0.859861
vt 0.484682 0.866393
vt 0.484682 0.859870
vt 0.991837 0.666327
vt 0.484932 0.866445
vt 0.484932 0.872136
vt 0.484682 0.866472
vt 0.976595 0.706009
vt 0.987549 0.687595
vt 0.567284 0.484932
vt 0.644970 0.484932
vt 0.644924 0.484682
vt 0.734381 0.961117
vt 0.976400 0.706214
vt 0.484932 0.866375
vt 0.484932 0.859813
vt 0.484682 0.866344
vt 0.031023 0.691332
vt 0.036299 0.712097
vt 0.484932 0.866397
vt 0.484932 0.872089
vt 0.484682 0.866424
vt 0.484682 0.872082
vt 0.048310 0.730167
vt 0.445137 0.484932
vt 0.554983 0.484932
vt 0.554918 0.484682
vt 0.695061 0.978613
vt 0.438559 0.484932
vt 0.445122 0.484932
vt 0.438591 0.484682
vt 0.445113 0.484682
vt 0.343365 0.987766
vt 0.438538 0.484932
vt 0.432847 0.484932
vt 0.438511 0.484682
vt 0.303675 0.972526
vt 0.322092 0.983479
vt 0.484932 0.949784
vt 0.485182 0.949801
vt 0.484932 0.872098
vt 0.484682 0.949738
vt 0.303470 0.972332
vt 0.438608 0.484932
vt 0.445170 0.484932
vt 0.438639 0.484682
vt 0.318354 0.027145
vt 0.297585 0.032421
vt 0.438586 0.484932
vt 0.432894 0.484932
vt 0.438559 0.484682
vt 0.432901 0.484682
vt 0.279511 0.044429
vt 0.484932 0.749951
vt 0.484932 0.859797
vt 0.484682 0.859733
vt 0.021868 0.339707
vt 0.031015 0.691049
vt 0.484932 0.743374
vt 0.484932 0.749936
vt 0.484682 0.743405
vt 0.484682 0.749927
vt 0.021861 0.339424
vt 0.484932 0.743352
vt 0.484932 0.737661
vt 0.484682 0.743325
vt 0.037103 0.299742
vt 0.026148 0.318156
vt 0.355199 0.484932
vt 0.432839 0.484682
vt 0.355245 0.484682
vt 0.279316 0.044634
vt 0.037298 0.299537
vt 0.484932 0.743401
vt 0.484932 0.737708
vt 0.484682 0.743374
vt 0.484682 0.737716
vt 0.965388 0.275584
vt 0.484932 0.743422
vt 0.484932 0.749985
vt 0.484682 0.743453
vt 0.982675 0.314419
vt 0.977398 0.293654
vt 0.484932 0.859846
vt 0.484932 0.750000
vt 0.484682 0.750064
vt 0.991830 0.666044
vt 0.982682 0.314702
vt 0.567314 0.485182
vt 0.561631 0.484932
vt 0.567322 0.484932
vt 0.561658 0.484682
vt 0.710023 0.033225
vt 0.691606 0.022272
vt 0.561609 0.484932
vt 0.555047 0.484932
vt 0.561578 0.484682
vt 0.555055 0.484682
vt 0.670333 0.017985
vt 0.555032 0.484932
vt 0.445185 0.484932
vt 0.445250 0.484682
vt 0.670050 0.017992
vt 0.318637 0.027138
vt 0.484932 0.737699
vt 0.484932 0.660013
vt 0.484682 0.660059
vt 0.965183 0.275389
vt 0.710228 0.033419
vt 0.555007 0.954899
vt 0.561530 0.953422
vt 0.561530 0.492515
vt 0.554998 0.492265
vt 0.561561 0.492265
vt 0.567267 0.949822
vt 0.561609 0.492515
vt 0.567275 0.492265
vt 0.567267 0.492515
vt 0.561582 0.492265
vt 0.650066 0.859870
vt 0.492515 0.866393
vt 0.492265 0.859861
vt 0.492515 0.859870
vt 0.492265 0.866424
vt 0.644986 0.872129
vt 0.648555 0.866472
vt 0.492515 0.866472
vt 0.492265 0.872136
vt 0.492265 0.866445
vt 0.350084 0.859821
vt 0.351561 0.866344
vt 0.492515 0.866344
vt 0.492265 0.859813
vt 0.492265 0.866375
vt 0.355160 0.872082
vt 0.492515 0.866424
vt 0.492265 0.872089
vt 0.492515 0.872082
vt 0.492265 0.866397
vt 0.445113 0.954881
vt 0.438591 0.492515
vt 0.445122 0.492265
vt 0.445113 0.492515
vt 0.438559 0.492265
vt 0.432854 0.949801
vt 0.438511 0.953369
vt 0.438511 0.492515
vt 0.432847 0.492265
vt 0.438538 0.492265
vt 0.445162 0.654899
vt 0.438639 0.656375
vt 0.438639 0.492515
vt 0.445170 0.492265
vt 0.438608 0.492265
vt 0.432901 0.659975
vt 0.438559 0.492515
vt 0.432894 0.492265
vt 0.432901 0.492515
vt 0.438586 0.492265
vt 0.350102 0.749927
vt 0.492515 0.743405
vt 0.492265 0.749936
vt 0.492515 0.749927
vt 0.492265 0.743374
vt 0.355182 0.737669
vt 0.351614 0.743325
vt 0.492515 0.743325
vt 0.492265 0.737661
vt 0.492265 0.743352
vt 0.645008 0.737716
vt 0.492515 0.743374
vt 0.492265 0.737708
vt 0.492515 0.737716
vt 0.492265 0.743401
vt 0.650084 0.749976
vt 0.648608 0.743453
vt 0.492515 0.743453
vt 0.492265 0.749985
vt 0.492265 0.743422
vt 0.567314 0.659997
vt 0.561658 0.656428
vt 0.561657 0.492515
vt 0.567322 0.492265
vt 0.561630 0.492265
vt 0.567314 0.492015
vt 0.555055 0.654917
vt 0.561578 0.492515
vt 0.555047 0.492265
vt 0.555055 0.492515
vt 0.561609 0.492265
vt 0.554967 0.654917
vt 0.445250 0.654899
vt 0.554967 0.492515
vt 0.445185 0.492265
vt 0.445250 0.492515
vt 0.555032 0.492265
vt 0.567377 0.660059
vt 0.492515 0.660059
vt 0.492265 0.737699
vt 0.492265 0.660013
vt 0.492015 0.659997
vt 0.355245 0.737606
vt 0.355245 0.492515
vt 0.432884 0.492265
vt 0.355199 0.492265
vt 0.355182 0.492015
vt 0.350102 0.750016
vt 0.350084 0.859733
vt 0.492515 0.750016
vt 0.492265 0.859797
vt 0.492515 0.859733
vt 0.492265 0.749951
vt 0.355223 0.872144
vt 0.432792 0.949738
vt 0.492515 0.949738
vt 0.492265 0.872098
vt 0.492265 0.949784
vt 0.445201 0.954881
vt 0.554918 0.954899
vt 0.554918 0.492515
vt 0.445137 0.492265
vt 0.554983 0.492265
vt 0.567330 0.949760
vt 0.644924 0.872191
vt 0.567330 0.492515
vt 0.644969 0.492265
vt 0.644924 0.492515
vt 0.567284 0.492265
vt 0.644986 0.492015
vt 0.650066 0.859782
vt 0.650084 0.750064
vt 0.492515 0.859782
vt 0.492265 0.750000
vt 0.492515 0.750064
vt 0.492265 0.859846
vt 0.511021 0.497231
vt 0.504061 0.493235
vt 0.511188 0.497039
vt 0.504143 0.883487
vt 0.511188 0.883487
vt 0.515051 0.504172
vt 0.515292 0.504089
vt 0.504089 0.883487
vt 0.515070 0.512198
vt 0.515320 0.512246
vt 0.504122 0.883487
vt 0.512246 0.883487
vt 0.511074 0.519158
vt 0.511267 0.519325
vt 0.519325 0.883487
vt 0.504133 0.523188
vt 0.504216 0.523428
vt 0.511242 0.883487
vt 0.504216 0.883487
vt 0.496108 0.523207
vt 0.496059 0.523457
vt 0.504183 0.883487
vt 0.496059 0.883487
vt 0.489148 0.519211
vt 0.488981 0.519403
vt 0.496026 0.883487
vt 0.488981 0.883487
vt 0.485118 0.512270
vt 0.484877 0.512353
vt 0.519379 0.883487
vt 0.512353 0.883487
vt 0.485098 0.504245
vt 0.484848 0.504196
vt 0.512320 0.883487
vt 0.504196 0.883487
vt 0.489094 0.497284
vt 0.488902 0.497117
vt 0.497117 0.883487
vt 0.496035 0.493255
vt 0.495952 0.493014
vt 0.495952 0.883487
vt 0.504109 0.492985
vt 0.495985 0.883487
vt 0.504109 0.883487
vt 0.511204 -1.075956
vt 0.511204 -1.075456
vt 0.504127 0.492985
vt 0.511386 0.496864
vt 0.511204 0.497048
vt 0.504194 0.492735
vt 0.504104 -1.075956
vt 0.515550 0.504037
vt 0.515301 0.504104
vt 0.512264 -1.075956
vt 0.515570 0.512331
vt 0.515320 0.512264
vt 0.519340 -1.075956
vt 0.519340 -1.075456
vt 0.511441 0.519523
vt 0.511258 0.519340
vt 0.504201 -1.075956
vt 0.504269 0.523687
vt 0.504201 0.523437
vt 0.496041 -1.075956
vt 0.495975 0.523707
vt 0.496041 0.523457
vt 0.488965 -1.075956
vt 0.488965 -1.075456
vt 0.488782 0.519578
vt 0.488965 0.519395
vt 0.512338 -1.075956
vt 0.484618 0.512406
vt 0.484868 0.512338
vt 0.504178 -1.075956
vt 0.484598 0.504112
vt 0.484848 0.504178
vt 0.497102 -1.075956
vt 0.497102 -1.075456
vt 0.488727 0.496919
vt 0.488911 0.497102
vt 0.495968 -1.075956
vt 0.495900 0.492755
vt 0.495968 0.493005
vt 0.504127 -1.075956
vt 0.534094 0.474046
vt 0.512450 0.461620
vt 0.534261 0.473854
vt 0.534261 -1.075956
vt 0.534310 0.473921
vt 0.546841 0.495504
vt 0.473921 -1.075956
vt 0.495547 -1.076206
vt 0.495504 -1.075956
vt 0.546875 0.495629
vt 0.546935 0.520586
vt 0.495629 -1.075956
vt 0.520635 -1.076206
vt 0.520586 -1.075956
vt 0.534476 0.542355
vt 0.520711 -1.075956
vt 0.542398 -1.076206
vt 0.542355 -1.075956
vt 0.512676 0.554762
vt 0.534259 0.542231
vt 0.512759 0.555003
vt 0.534427 -1.075956
vt 0.512759 -1.075956
vt 0.487719 0.554822
vt 0.487670 0.555072
vt 0.512725 -1.075956
vt 0.487670 -1.075956
vt 0.466075 0.542396
vt 0.465908 0.542588
vt 0.487637 -1.075956
vt 0.465908 -1.075956
vt 0.453544 0.520813
vt 0.453303 0.520896
vt 0.520896 -1.075956
vt 0.453483 0.495855
vt 0.453233 0.495807
vt 0.520862 -1.075956
vt 0.495807 -1.075956
vt 0.465909 0.474212
vt 0.465717 0.474045
vt 0.495773 -1.075956
vt 0.474045 -1.075956
vt 0.487493 0.461681
vt 0.487410 0.461440
vt 0.465741 -1.075956
vt 0.487410 -1.075956
vt 0.512498 0.461370
vt 0.487443 -1.075956
vt 0.512498 -1.075956
vt 0.509058 0.883487
vt 0.503347 0.495925
vt 0.509241 0.499020
vt 0.509058 0.499204
vt 0.504899 0.883487
vt 0.512614 0.504831
vt 0.512365 0.504899
vt 0.511484 0.883487
vt 0.512381 0.511484
vt 0.512631 0.511550
vt 0.517195 0.883487
vt 0.509102 0.517195
vt 0.509285 0.517378
vt 0.503407 0.883487
vt 0.503474 0.520751
vt 0.503407 0.520501
vt 0.496821 0.883487
vt 0.496755 0.520768
vt 0.496821 0.520517
vt 0.491110 0.883487
vt 0.490928 0.517422
vt 0.491110 0.517239
vt 0.517239 0.883487
vt 0.511544 0.883487
vt 0.487554 0.511611
vt 0.487804 0.511544
vt 0.504958 0.883487
vt 0.487538 0.504892
vt 0.487788 0.504958
vt 0.499247 0.883487
vt 0.490883 0.499065
vt 0.491067 0.499247
vt 0.491067 0.883487
vt 0.496762 0.883487
vt 0.496694 0.495691
vt 0.496762 0.495941
vt 0.503347 0.883487
vt 0.503413 0.495675
vt 0.472135 0.776475
vt 0.466294 0.786378
vt 0.463518 0.782201
vt 0.474911 0.780652
vt 0.482374 0.786402
vt 0.498561 0.786777
vt 0.498561 0.776076
vt 0.529543 0.775694
vt 0.524795 0.778935
vt 0.530409 0.787159
vt 0.535157 0.783918
vt 0.534724 0.778185
vt 0.531230 0.787037
vt 0.525744 0.785317
vt 0.489594 0.807790
vt 0.500043 0.807790
vt 0.489641 0.808040
vt 0.499996 0.808040
vt 0.499996 0.527313
vt 0.500078 0.807790
vt 0.510526 0.807790
vt 0.500125 0.808040
vt 0.510479 0.808040
vt 0.500125 0.527313
vt 0.510479 0.524539
vt 0.516831 0.807790
vt 0.506950 0.807790
vt 0.516786 0.808040
vt 0.479141 0.506975
vt 0.481885 0.516785
vt 0.497129 0.807540
vt 0.510556 0.807791
vt 0.518205 0.807790
vt 0.518171 0.808040
vt 0.510591 0.524474
vt 0.518171 0.516894
vt 0.524509 0.807790
vt 0.516860 0.807791
vt 0.524474 0.808040
vt 0.489530 0.524474
vt 0.538173 0.808040
vt 0.516831 0.807791
vt 0.506950 0.807790
vt 0.516785 0.808041
vt 0.506975 0.808040
vt 0.520980 0.506975
vt 0.499996 0.754772
vt 0.489594 0.755022
vt 0.500043 0.755022
vt 0.479138 0.506880
vt 0.506880 0.754772
vt 0.506925 0.755022
vt 0.495834 0.807541
vt 0.510479 0.524539
vt 0.500125 0.754772
vt 0.510526 0.755022
vt 0.510479 0.754772
vt 0.500078 0.755022
vt 0.516786 0.754772
vt 0.506950 0.755022
vt 0.516831 0.755022
vt 0.520982 0.506880
vt 0.506880 0.808040
vt 0.506925 0.807790
vt 0.518171 0.516894
vt 0.518171 0.754772
vt 0.510556 0.755022
vt 0.518205 0.755022
vt 0.518218 0.755272
vt 0.516894 0.754772
vt 0.524509 0.755022
vt 0.524474 0.754772
vt 0.524521 0.755272
vt 0.506880 0.808040
vt 0.506925 0.807791
vt 0.516785 0.754772
vt 0.506950 0.755022
vt 0.506975 0.754772
vt 0.516831 0.755022
vt 0.497129 0.755272
vt 0.461914 0.754772
vt 0.500060 0.522909
vt 0.500060 0.808040
vt 0.491770 0.807790
vt 0.461897 0.808040
vt 0.508333 0.520692
vt 0.508333 0.808040
vt 0.500043 0.807790
vt 0.508350 0.807790
vt 0.485732 0.514636
vt 0.506364 0.808040
vt 0.514654 0.807791
vt 0.514636 0.808040
vt 0.506355 0.807791
vt 0.514389 0.514636
vt 0.514402 0.807790
vt 0.514389 0.808040
vt 0.508320 0.807791
vt 0.491788 0.520692
vt 0.491788 0.808040
vt 0.485719 0.807791
vt 0.491800 0.807790
vt 0.517106 0.808040
vt 0.516606 0.506364
vt 0.506364 0.808040
vt 0.514654 0.807790
vt 0.506355 0.807790
vt 0.491788 0.755272
vt 0.500078 0.755022
vt 0.491770 0.755022
vt 0.500060 0.754772
vt 0.506373 0.755022
vt 0.506364 0.754772
vt 0.483515 0.506364
vt 0.500043 0.755022
vt 0.508350 0.755022
vt 0.508333 0.754772
vt 0.514636 0.755272
vt 0.506355 0.755022
vt 0.514654 0.755022
vt 0.514636 0.754772
vt 0.506373 0.807790
vt 0.514402 0.755022
vt 0.514389 0.755272
vt 0.508320 0.755022
vt 0.514389 0.754772
vt 0.491800 0.755022
vt 0.485719 0.755022
vt 0.491788 0.754772
vt 0.506373 0.755022
vt 0.506373 0.807791
vt 0.493207 0.808040
vt 0.506355 0.755022
vt 0.538191 0.754772
vt 0.483015 0.754772
vt 0.496595 0.754772
vt 0.496613 0.808040
vt 0.465726 -1.085147
vt 0.542579 -1.085147
vt 0.534443 -1.085147
vt 0.509058 -1.085147
vt 0.473863 -1.085147
vt 0.499247 -1.085147
vt 0.491110 -1.085147
vt 0.517195 -1.085147
vt 0.471870 0.498800
vt 0.465908 0.498800
vt 0.466559 0.498800
vt 0.472521 0.498800
vt 0.466559 0.482135
vt 0.467037 0.786747
vt 0.465908 0.482135
vt 0.471870 0.482135
vt 0.471392 0.776106
vt 0.472521 0.482135
vt 0.472734 0.785973
vt 0.534467 0.498800
vt 0.498800 0.777718
vt 0.528941 0.498800
vt 0.498800 0.779233
vt 0.498800 0.785142
vt 0.535532 0.498800
vt 0.530669 0.482135
vt 0.482135 0.785142
vt 0.482135 0.779233
vt 0.482135 0.777909
vt 0.534468 0.482135
vt 0.535532 0.482135
vt 0.538691 0.497129
vt 0.538691 0.496841
vt 0.538542 0.755034
vt 0.495834 0.755035
vt 0.492968 0.808040
vt 0.538691 0.808040
vt 0.538430 0.492707
vt 0.492968 0.808040
vt 0.492968 0.754772
vt 0.461397 0.754772
vt 0.483515 0.492968
vt 0.516867 0.492707
vt 0.483254 0.492707
vt 0.516606 0.492970
vt 0.555007 0.484682
vt 0.716364 0.973218
vt 0.987648 0.687338
vt 0.484682 0.872129
vt 0.567329 0.484682
vt 0.484682 0.859821
vt 0.036411 0.712348
vt 0.445201 0.484682
vt 0.343647 0.987759
vt 0.322349 0.983578
vt 0.432854 0.484682
vt 0.484682 0.872144
vt 0.048514 0.730362
vt 0.445162 0.484682
vt 0.297334 0.032533
vt 0.484682 0.750016
vt 0.026050 0.318413
vt 0.484682 0.737669
vt 0.432885 0.484932
vt 0.977286 0.293403
vt 0.484682 0.749976
vt 0.484682 0.859782
vt 0.567314 0.484682
vt 0.691348 0.022173
vt 0.554967 0.484682
vt 0.484682 0.737653
vt 0.555007 0.492515
vt 0.561609 0.953389
vt 0.648588 0.866392
vt 0.492515 0.872129
vt 0.492515 0.859821
vt 0.351594 0.866424
vt 0.438591 0.953402
vt 0.432854 0.492515
vt 0.445162 0.492515
vt 0.438559 0.656408
vt 0.351581 0.743405
vt 0.492515 0.737669
vt 0.648575 0.743374
vt 0.492515 0.749976
vt 0.567314 0.492515
vt 0.561578 0.656395
vt 0.644946 0.737653
vt 0.492515 0.737653
vt 0.432839 0.660037
vt 0.432839 0.492515
vt 0.492515 0.872144
vt 0.445201 0.492515
vt 0.504143 0.492994
vt 0.511213 0.497063
vt 0.497063 0.883487
vt 0.515301 0.504122
vt 0.515311 0.512280
vt 0.512280 0.883487
vt 0.511242 0.519349
vt 0.504183 0.523438
vt 0.496026 0.523448
vt 0.488956 0.519379
vt 0.484868 0.512320
vt 0.484857 0.504163
vt 0.504163 0.883487
vt 0.488926 0.497093
vt 0.488926 0.883487
vt 0.495985 0.493005
vt 0.497048 -1.075956
vt 0.511258 -1.075956
vt 0.519395 -1.075956
vt 0.488911 -1.075956
vt 0.512532 0.461379
vt 0.512532 -1.075956
vt 0.473878 -1.076206
vt 0.495580 -1.076206
vt 0.546902 0.520711
vt 0.520669 -1.076206
vt 0.534427 0.542422
vt 0.512725 0.555012
vt 0.487637 0.555063
vt 0.465883 0.542564
vt 0.542564 -1.075956
vt 0.453294 0.520862
vt 0.453242 0.495773
vt 0.465741 0.474020
vt 0.487443 0.461431
vt 0.499204 0.883487
vt 0.509102 0.883487
vt 0.489641 0.524539
vt 0.506975 0.808040
vt 0.510591 0.808041
vt 0.516894 0.808040
vt 0.481950 0.516894
vt 0.518235 0.516785
vt 0.489641 0.754772
vt 0.510591 0.754772
vt 0.481950 0.516894
vt 0.516860 0.755022
vt 0.518235 0.516786
vt 0.485732 0.808040
vt 0.485732 0.754772
s 1
usemtl STOP
f 878/393/708 944/394/709 948/395/710
f 872/424/708 968/425/738 972/426/739
f 881/437/708 932/438/750 936/439/751
f 887/441/708 1004/442/753 1009/443/754
f 866/446/708 992/447/757 996/448/758
f 869/451/708 981/452/761 985/453/762
f 872/424/708 965/454/763 873/455/708
f 992/447/757 864/456/708 1001/457/764
f 869/451/708 977/458/765 870/459/708
f 887/441/708 1001/457/764 864/456/708
f 884/460/708 1013/461/766 885/462/708
f 957/463/767 873/455/708 965/454/763
f 878/393/708 941/466/770 879/467/708
f 883/468/708 929/469/771 1016/470/772
f 871/471/708 977/458/765 968/425/738
f 881/437/708 929/469/771 882/472/708
f 875/473/708 953/474/773 876/475/708
f 1004/442/753 885/462/708 1013/461/766
f 866/446/708 989/478/775 867/479/708
f 875/473/708 957/463/767 961/480/776
f 944/394/709 876/475/708 953/474/773
f 880/483/708 941/466/770 932/438/750
f 981/452/761 867/479/708 989/478/775
f 884/460/708 1016/470/772 1021/486/780
f 887/441/708 864/456/708 865/822/708
f 865/822/708 866/446/708 887/441/708
f 866/446/708 867/479/708 887/441/708
f 867/479/708 868/823/708 869/451/708
f 869/451/708 870/459/708 871/471/708
f 871/471/708 872/424/708 875/473/708
f 872/424/708 873/455/708 875/473/708
f 873/455/708 874/824/708 875/473/708
f 875/473/708 876/475/708 877/825/708
f 877/825/708 878/393/708 879/467/708
f 879/467/708 880/483/708 881/437/708
f 881/437/708 882/472/708 883/468/708
f 883/468/708 884/460/708 887/441/708
f 884/460/708 885/462/708 887/441/708
f 885/462/708 886/826/708 887/441/708
f 867/479/708 869/451/708 887/441/708
f 869/451/708 871/471/708 887/441/708
f 875/473/708 877/825/708 871/471/708
f 877/825/708 879/467/708 871/471/708
f 881/437/708 883/468/708 887/441/708
f 871/471/708 881/437/708 887/441/708
f 991/1340/1567 996/448/758 998/1341/1566
f 994/1346/1569 996/448/758 992/447/757
f 1006/1351/1573 1009/443/754 1004/442/753
f 1003/1355/1575 1009/443/754 1011/1356/1572
f 994/1360/1569 1001/457/764 1003/1361/1575
f 967/1365/1579 972/426/739 974/1366/1578
f 970/1371/1581 972/426/739 968/425/738
f 991/1375/1567 981/452/761 989/478/775
f 983/1380/1585 985/453/762 981/452/761
f 979/1384/1587 985/453/762 987/1385/1584
f 979/1390/1587 968/425/738 977/458/765
f 943/1394/1591 948/395/710 950/1395/1590
f 946/1400/1593 948/395/710 944/394/709
f 959/1404/1595 965/454/763 967/1405/1579
f 959/1410/1595 961/480/776 957/463/767
f 955/1414/1599 961/480/776 963/1415/1597
f 946/1419/1593 953/474/773 955/1420/1599
f 1018/1425/1603 1021/486/780 1016/470/772
f 1015/1429/1605 1021/486/780 1023/1430/1602
f 1006/1434/1573 1013/461/766 1015/1435/1605
f 931/1440/1609 936/439/751 938/1441/1608
f 934/1446/1611 936/439/751 932/438/750
f 934/1450/1611 941/466/770 943/1451/1591
f 1018/1455/1603 929/469/771 931/1456/1609
f 878/393/708 877/825/708 944/394/709
f 872/424/708 871/471/708 968/425/738
f 881/437/708 880/483/708 932/438/750
f 887/441/708 886/826/708 1004/442/753
f 866/446/708 865/822/708 992/447/757
f 869/451/708 868/823/708 981/452/761
f 872/424/708 972/426/739 965/454/763
f 992/447/757 865/822/708 864/456/708
f 869/451/708 985/453/762 977/458/765
f 887/441/708 1009/443/754 1001/457/764
f 884/460/708 1021/486/780 1013/461/766
f 957/463/767 874/824/708 873/455/708
f 878/393/708 948/395/710 941/466/770
f 883/468/708 882/472/708 929/469/771
f 871/471/708 870/459/708 977/458/765
f 881/437/708 936/439/751 929/469/771
f 875/473/708 961/480/776 953/474/773
f 1004/442/753 886/826/708 885/462/708
f 866/446/708 996/448/758 989/478/775
f 875/473/708 874/824/708 957/463/767
f 944/394/709 877/825/708 876/475/708
f 880/483/708 879/467/708 941/466/770
f 981/452/761 868/823/708 867/479/708
f 884/460/708 883/468/708 1016/470/772
f 871/471/708 879/467/708 881/437/708
f 991/1340/1567 989/478/775 996/448/758
f 994/1346/1569 998/1937/1566 996/448/758
f 1006/1351/1573 1011/1938/1572 1009/443/754
f 1003/1355/1575 1001/457/764 1009/443/754
f 994/1360/1569 992/447/757 1001/457/764
f 967/1365/1579 965/454/763 972/426/739
f 970/1371/1581 974/1942/1578 972/426/739
f 991/1375/1567 983/1944/1585 981/452/761
f 983/1380/1585 987/1945/1584 985/453/762
f 979/1384/1587 977/458/765 985/453/762
f 979/1390/1587 970/1948/1581 968/425/738
f 943/1394/1591 941/466/770 948/395/710
f 946/1400/1593 950/1950/1590 948/395/710
f 959/1404/1595 957/463/767 965/454/763
f 959/1410/1595 963/1952/1597 961/480/776
f 955/1414/1599 953/474/773 961/480/776
f 946/1419/1593 944/394/709 953/474/773
f 1018/1425/1603 1023/1955/1602 1021/486/780
f 1015/1429/1605 1013/461/766 1021/486/780
f 1006/1434/1573 1004/442/753 1013/461/766
f 931/1440/1609 929/469/771 936/439/751
f 934/1446/1611 938/1959/1608 936/439/751
f 934/1450/1611 932/438/750 941/466/770
f 1018/1455/1603 1016/470/772 929/469/771
usemtl Metal
f 969/396/711 1073/397/712 1064/398/713
f 964/399/714 1052/400/715 956/401/716
f 993/402/717 1092/403/718 997/404/719
f 949/405/720 1040/406/721 1044/407/722
f 973/408/723 1064/398/713 1068/409/724
f 940/410/725 1028/411/726 933/412/727
f 1012/413/728 1100/414/729 1005/415/730
f 1024/416/731 841/417/732 839/418/732
f 933/412/727 1032/419/733 937/420/734
f 964/399/714 1068/409/724 1061/421/735
f 997/404/719 1085/422/736 988/423/737
f 1017/427/740 1117/428/741 1020/429/742
f 1000/430/743 1088/431/744 993/402/717
f 928/432/745 1112/433/746 1017/427/740
f 980/434/747 1081/435/748 984/436/749
f 988/423/737 1076/440/752 980/434/747
f 952/444/755 1040/406/721 945/445/756
f 956/401/716 1057/449/759 960/450/760
f 1020/429/742 1109/464/768 1012/413/728
f 940/410/725 1044/407/722 1037/465/769
f 960/450/760 1049/476/774 952/477/755
f 1008/481/777 1100/414/729 1105/482/778
f 984/436/749 1073/484/712 976/485/779
f 1121/487/781 917/488/782 1124/489/783
f 1065/490/784 851/491/732 849/492/732
f 1072/493/785 853/494/732 851/491/732
f 1113/495/786 862/496/732 1116/497/787
f 1084/498/788 852/499/732 1077/500/789
f 1084/498/788 856/501/732 854/502/732
f 1113/495/786 839/418/732 861/503/732
f 1077/500/789 853/494/732 1080/504/790
f 1096/505/791 859/506/732 857/507/732
f 1089/508/792 856/501/732 1093/509/793
f 1036/510/794 840/511/732 1029/512/795
f 1041/513/796 844/514/732 1045/515/797
f 1108/516/798 862/496/732 860/517/732
f 1096/505/791 855/518/732 1089/508/792
f 1036/510/794 844/514/732 842/519/732
f 1041/513/796 845/520/732 843/521/732
f 1108/516/798 858/522/732 1101/523/799
f 1029/512/795 841/417/732 1033/524/800
f 1060/525/801 846/526/732 1053/527/802
f 1101/523/799 859/506/732 1104/528/803
f 1048/529/804 847/530/732 845/520/732
f 1053/527/802 847/530/732 1056/531/805
f 1065/490/784 850/532/732 1069/533/806
f 1060/525/801 850/532/732 848/534/732
f 858/522/732 860/517/732 863/535/732
f 856/501/732 855/518/732 863/535/732
f 840/511/732 842/519/732 863/535/732
f 844/514/732 843/521/732 863/535/732
f 859/506/732 858/522/732 863/535/732
f 861/503/732 839/418/732 863/535/732
f 847/530/732 846/526/732 863/535/732
f 857/507/732 859/506/732 863/535/732
f 843/521/732 845/520/732 863/535/732
f 845/520/732 847/530/732 863/535/732
f 848/534/732 850/532/732 863/535/732
f 846/526/732 848/534/732 863/535/732
f 862/496/732 861/503/732 863/535/732
f 850/532/732 849/492/732 863/535/732
f 849/492/732 851/491/732 863/535/732
f 860/517/732 862/496/732 863/535/732
f 853/494/732 852/499/732 863/535/732
f 852/499/732 854/502/732 863/535/732
f 839/418/732 841/417/732 863/535/732
f 851/491/732 853/494/732 863/535/732
f 855/518/732 857/507/732 863/535/732
f 854/502/732 856/501/732 863/535/732
f 841/417/732 840/511/732 863/535/732
f 842/519/732 844/514/732 863/535/732
f 1000/536/743 1105/482/778 1097/537/807
f 1181/538/808 913/539/809 912/540/810
f 1209/541/811 915/542/812 914/543/813
f 1197/544/814 919/545/815 918/546/816
f 1185/547/817 920/548/818 913/549/809
f 1217/550/781 889/551/782 1220/552/819
f 1213/553/820 916/554/821 915/542/812
f 1201/555/822 922/556/823 919/545/815
f 1189/557/824 923/558/825 920/548/818
f 1169/559/826 1221/560/827 1172/561/828
f 1177/562/829 912/540/810 921/563/830
f 1205/564/831 914/565/813 922/556/823
f 1193/566/832 918/567/816 923/558/825
f 1228/568/833 892/569/809 1232/570/834
f 1256/571/835 899/572/812 1260/573/836
f 1244/574/837 896/575/815 1248/576/838
f 1232/577/834 893/578/818 1236/579/839
f 1269/580/840 900/581/841 1264/582/832
f 1260/573/836 888/583/842 1217/550/781
f 1248/576/838 897/584/843 1252/585/844
f 1236/579/839 894/586/841 1240/587/845
f 1220/588/819 890/589/830 1224/590/846
f 1224/590/846 891/591/847 1228/568/833
f 1252/585/844 898/592/813 1256/593/835
f 1240/587/845 895/594/816 1244/595/837
f 1168/596/848 917/488/782 916/554/821
f 1164/597/849 916/554/821 1121/487/781
f 1152/598/850 922/556/823 1156/599/851
f 1140/600/852 923/558/825 1144/601/845
f 1124/602/783 921/563/830 1128/603/853
f 1128/603/853 912/540/810 1132/604/854
f 1156/599/851 914/565/813 1160/605/835
f 1144/601/845 918/567/816 1148/606/855
f 1132/604/854 913/539/809 1136/607/856
f 1160/608/835 915/542/812 1164/597/849
f 1148/609/855 919/545/815 1152/598/850
f 1136/610/856 920/548/818 1140/600/852
f 1273/611/857 901/612/816 1269/613/840
f 1277/614/858 902/615/815 1273/611/857
f 1305/616/859 909/617/847 1301/618/860
f 1293/619/861 906/620/842 1289/621/848
f 1281/622/862 903/623/843 1277/614/858
f 1309/624/863 910/625/809 1305/626/859
f 1297/627/864 907/628/782 1293/629/861
f 1285/630/865 904/631/813 1281/632/862
f 1312/633/866 1421/634/867 1324/635/866
f 1264/582/832 911/636/818 1309/624/863
f 1301/618/860 908/637/830 1297/627/864
f 1289/621/848 905/638/812 1285/630/865
f 1149/639/868 1288/640/826 1145/641/869
f 1161/642/870 1300/643/871 1157/644/872
f 1133/645/873 1272/646/874 1129/647/875
f 1141/648/876 1288/640/826 1284/649/877
f 1157/644/872 1296/650/878 1153/651/879
f 1129/647/875 1268/652/880 1125/653/881
f 1120/654/882 1308/655/883 1165/656/884
f 1141/648/876 1280/657/885 1137/658/886
f 1153/651/879 1292/659/887 1149/639/868
f 1125/653/881 1265/660/888 1120/654/882
f 1165/656/884 1304/661/889 1161/642/870
f 1137/658/886 1276/662/890 1133/645/873
f 1336/663/891 1420/664/891 1409/665/891
f 1372/666/892 1384/667/893 1445/668/893
f 1348/669/894 1408/670/895 1397/671/895
f 1446/672/708 1386/673/708 925/674/708
f 1349/675/896 1385/676/897 1360/677/896
f 1373/678/898 1432/679/898 1314/680/898
f 1456/681/899 1565/682/900 1468/683/899
f 1398/684/708 1410/685/708 925/674/708
f 1422/686/708 1433/687/708 925/674/708
f 1386/673/708 1398/684/708 925/674/708
f 1410/685/708 1422/686/708 925/674/708
f 1433/687/708 1446/672/708 925/674/708
f 1313/687/732 924/674/732 1374/688/732
f 1362/689/732 924/674/732 1350/684/732
f 1338/690/732 924/674/732 1326/691/732
f 1374/688/732 924/674/732 1362/689/732
f 1350/684/732 924/674/732 1338/690/732
f 1326/691/732 924/674/732 1313/687/732
f 1480/692/901 1564/693/901 1553/694/901
f 1516/695/902 1528/696/903 1589/697/903
f 1481/698/904 1541/699/904 1492/700/904
f 1590/701/708 1530/702/708 927/703/708
f 1493/704/905 1529/705/906 1504/706/905
f 1517/707/907 1576/708/907 1458/709/907
f 1600/710/908 1757/711/909 1753/712/910
f 1542/713/708 1554/714/708 927/703/708
f 1566/715/708 1577/716/708 927/703/708
f 1530/702/708 1542/713/708 927/703/708
f 1554/714/708 1566/715/708 927/703/708
f 1577/716/708 1590/701/708 927/703/708
f 1457/717/732 926/718/732 1518/719/732
f 1506/702/732 926/718/732 1494/713/732
f 1482/720/732 926/718/732 1470/721/732
f 1518/719/732 926/718/732 1506/702/732
f 1494/713/732 926/718/732 1482/720/732
f 1470/721/732 926/718/732 1457/717/732
f 1734/722/911 1761/723/912 1610/724/913
f 1708/725/914 1796/726/915 1862/727/916
f 1633/728/917 1789/729/918 1784/730/919
f 1608/731/920 1772/732/921 1620/733/922
f 1660/734/923 1793/735/924 1640/736/925
f 1734/722/911 1753/712/910 1884/737/926
f 1657/738/927 1789/729/918 1636/739/928
f 1697/722/929 1817/740/930 1664/710/931
f 1601/741/932 1668/742/933 1605/743/934
f 1672/744/935 1797/745/936 1646/746/937
f 1785/747/938 1901/748/939 1812/749/940
f 1798/750/941 1837/751/942 1860/752/943
f 1877/753/944 1785/747/938 1788/754/945
f 1773/755/942 1886/756/946 1848/757/947
f 1901/748/939 1792/758/948 1812/749/940
f 1849/759/949 1752/760/950 1816/761/951
f 1897/761/952 1788/762/945 1809/763/953
f 1881/764/954 1756/765/955 1792/758/948
f 1861/745/956 1897/761/952 1809/763/953
f 1632/766/957 1748/767/958 1721/768/959
f 1685/769/960 1645/770/961 1710/771/962
f 1641/772/963 1748/767/958 1661/773/964
f 1637/774/965 1744/775/966 1656/776/967
f 1732/777/968 1622/778/969 1696/779/970
f 1605/780/934 1728/781/971 1641/772/963
f 1632/782/957 1724/783/972 1637/774/965
f 1697/722/929 1774/723/973 1850/737/974
f 1601/741/932 1698/784/975 1665/785/976
f 1720/786/977 1876/787/978 1725/739/979
f 1749/734/980 1873/730/981 1720/786/977
f 1821/788/982 1752/760/950 1756/789/955
f 1749/734/980 1880/735/983 1900/790/984
f 1640/736/925 1757/711/909 1604/791/985
f 1684/792/986 1825/793/987 1674/794/988
f 1745/738/989 1876/787/978 1896/795/990
f 1664/710/931 1820/711/991 1669/791/992
f 1744/775/966 1709/796/993 1656/776/967
f 1729/797/994 1820/711/991 1880/735/983
f 1660/734/923 1784/730/919 1813/790/995
f 1708/725/914 1808/795/996 1657/738/927
f 1684/792/986 1896/795/990 1838/798/997
f 1173/799/998 921/563/830 917/800/782
f 1204/801/890 1257/802/999 1208/803/1000
f 1188/804/883 1241/805/1001 1192/806/1002
f 1200/807/1003 1253/808/1004 1204/801/890
f 1176/809/1005 1221/560/827 1225/810/1006
f 1192/806/1002 1245/811/1007 1196/812/880
f 1184/813/1008 1237/814/1009 1188/804/883
f 1196/812/880 1249/815/1010 1200/807/1003
f 1212/816/877 1216/817/1011 1169/559/826
f 1212/816/877 1257/802/999 1261/818/1012
f 1180/819/1013 1233/820/1014 1184/813/1008
f 1180/819/1013 1225/810/1006 1229/821/1015
f 1315/827/1016 1316/828/1017 1312/633/1018
f 1319/829/1019 1317/830/1019 1315/831/1019
f 1313/687/1020 1320/832/1020 1319/829/1021
f 1318/833/1022 1323/834/1023 1320/832/1024
f 1321/835/1025 1322/836/1026 1314/680/1027
f 1321/835/1028 1317/837/1028 1323/838/1029
f 1317/830/1030 1320/832/1030 1323/834/1030
f 1327/839/1031 1328/840/1032 1324/635/1033
f 1327/839/1034 1332/841/1035 1329/842/1036
f 1330/843/1037 1331/844/1038 1325/845/1039
f 1334/846/1040 1332/847/1040 1330/848/1041
f 1326/691/1042 1335/849/1042 1334/846/1043
f 1333/850/1044 1329/851/1045 1335/849/1046
f 1329/842/1047 1332/841/1047 1335/852/1047
f 1339/853/1048 1340/854/1049 1336/663/1050
f 1343/855/1051 1341/856/1051 1339/857/1052
f 1342/858/1053 1343/855/1054 1337/859/1055
f 1346/860/1056 1344/861/1056 1342/862/1056
f 1338/690/1057 1347/863/1057 1346/860/1058
f 1345/864/1059 1341/865/1060 1347/863/1061
f 1341/856/1062 1344/866/1062 1347/867/1062
f 1351/868/1063 1352/869/1064 1348/669/1065
f 1351/868/1066 1356/870/1066 1353/871/1067
f 1354/872/1068 1355/873/1069 1349/675/1070
f 1358/874/1071 1356/875/1072 1354/876/1073
f 1350/684/1074 1359/877/1074 1358/874/1075
f 1357/878/1076 1353/879/1077 1359/877/1078
f 1353/871/1079 1356/880/1079 1359/881/1079
f 1363/882/1080 1364/883/1081 1360/677/1082
f 1363/882/1083 1368/884/1084 1365/885/1085
f 1366/886/1086 1367/887/1087 1361/888/1088
f 1370/889/1089 1368/890/1090 1366/891/1091
f 1362/689/1092 1371/892/1092 1370/889/1093
f 1369/893/1094 1365/894/1095 1371/892/1096
f 1365/885/1097 1368/884/1097 1371/895/1097
f 1375/896/1098 1376/897/1099 1372/666/1100
f 1375/898/1101 1380/899/1101 1377/900/1102
f 1378/901/1103 1379/902/1104 1373/678/1105
f 1382/903/1106 1380/904/1107 1378/905/1108
f 1374/688/1109 1383/906/1109 1382/903/1110
f 1381/907/1111 1377/908/1111 1383/906/1112
f 1377/900/1113 1380/899/1113 1383/909/1113
f 1387/910/1114 1388/911/1115 1384/667/1116
f 1391/912/1117 1389/913/1118 1387/914/1119
f 1390/915/1120 1391/912/1121 1385/676/1122
f 1394/916/1123 1392/917/1123 1390/918/1124
f 1386/673/1125 1395/919/1125 1394/916/1126
f 1393/920/1127 1389/890/1128 1395/919/1129
f 1389/913/1130 1392/921/1130 1395/922/1130
f 1399/923/1131 1400/924/1132 1396/925/1133
f 1403/926/1134 1401/927/1134 1399/923/1135
f 1402/928/1136 1403/926/1137 1397/671/1138
f 1406/929/1139 1404/879/1140 1402/930/1141
f 1398/684/1142 1407/877/1142 1406/929/1143
f 1405/931/1144 1401/932/1145 1407/877/1146
f 1401/933/1147 1404/934/1147 1407/935/1147
f 1411/936/1148 1412/937/1149 1408/670/1150
f 1415/938/1151 1413/939/1151 1411/936/1152
f 1414/940/1153 1415/941/1154 1409/665/1155
f 1418/942/1156 1416/865/1156 1414/943/1157
f 1410/685/1158 1419/944/1158 1418/942/1159
f 1417/945/1160 1413/861/1161 1419/944/1162
f 1413/939/1163 1416/946/1163 1419/947/1163
f 1423/948/1164 1424/949/1165 1420/664/1166
f 1423/950/1167 1428/951/1167 1425/952/1168
f 1426/953/1169 1427/954/1170 1421/634/1171
f 1430/850/1172 1428/955/1172 1426/956/1173
f 1422/686/1174 1431/849/1174 1430/850/1175
f 1429/957/1176 1425/847/1177 1431/849/1178
f 1425/952/1179 1428/951/1179 1431/958/1179
f 1435/959/1180 1436/960/1181 1432/679/1182
f 1439/961/1183 1437/834/1184 1435/962/1185
f 1433/687/1186 1440/832/1186 1439/961/1187
f 1438/963/1188 1443/964/1189 1440/832/1190
f 1441/965/1191 1442/966/1192 1434/967/1193
f 1441/965/1194 1437/968/1194 1443/969/1195
f 1437/834/1196 1440/832/1196 1443/964/1196
f 1447/970/1197 1448/971/1198 1444/972/1199
f 1447/970/1200 1452/973/1200 1449/974/1201
f 1450/975/1202 1451/976/1203 1445/668/1204
f 1454/977/1205 1452/908/1206 1450/978/1207
f 1446/672/1208 1455/979/1208 1454/977/1209
f 1453/980/1210 1449/981/1211 1455/979/1212
f 1449/974/1213 1452/973/1213 1455/982/1213
f 1459/983/1214 1460/984/1215 1456/681/1216
f 1463/985/1217 1461/986/1217 1459/987/1218
f 1457/717/1219 1464/988/1219 1463/985/1220
f 1462/989/1221 1467/990/1222 1464/988/1223
f 1465/991/1224 1466/992/1225 1458/709/1226
f 1460/993/1227 1467/994/1227 1465/991/1228
f 1461/986/1229 1464/988/1229 1467/990/1229
f 1471/995/1230 1472/996/1231 1468/683/1232
f 1475/997/1233 1473/998/1233 1471/995/1234
f 1474/999/1235 1475/997/1236 1469/1000/1237
f 1478/1001/1238 1476/1002/1239 1474/1003/1240
f 1470/721/1241 1479/1004/1241 1478/1001/1242
f 1477/1005/1243 1473/1006/1243 1479/1004/1244
f 1473/998/1245 1476/1007/1245 1479/1008/1245
f 1483/1009/1246 1484/1010/1247 1480/692/1248
f 1487/1011/1249 1485/1012/1249 1483/1009/1250
f 1486/1013/1251 1487/1014/1252 1481/698/1253
f 1490/1015/1254 1488/1016/1255 1486/1017/1256
f 1482/720/1257 1491/1018/1257 1490/1015/1258
f 1489/1019/1259 1485/1020/1259 1491/1018/1260
f 1485/1012/1261 1488/1021/1261 1491/1022/1261
f 1495/1023/1262 1496/1024/1263 1492/700/1264
f 1499/1025/1265 1497/1026/1266 1495/1027/1267
f 1498/1028/1268 1499/1025/1269 1493/704/1270
f 1502/1029/1271 1500/1030/1271 1498/1031/1271
f 1494/713/1272 1503/1032/1272 1502/1029/1273
f 1501/1033/1274 1497/1034/1274 1503/1032/1275
f 1497/1026/1276 1500/1035/1276 1503/1036/1276
f 1507/1037/1277 1508/1038/1278 1504/706/1279
f 1511/1039/1280 1509/1040/1280 1507/1037/1281
f 1510/1041/1282 1511/1039/1283 1505/1042/1284
f 1514/1043/1285 1512/1044/1286 1510/1045/1287
f 1506/702/1288 1515/1046/1288 1514/1043/1289
f 1513/1047/1290 1509/1048/1291 1515/1046/1292
f 1509/1049/1293 1512/1050/1293 1515/1051/1293
f 1519/1052/1294 1520/1053/1295 1516/695/1296
f 1519/1054/1297 1524/1055/1298 1521/1056/1299
f 1522/1057/1300 1523/1058/1301 1517/707/1302
f 1526/1059/1303 1524/1060/1304 1522/1061/1305
f 1518/719/1306 1527/1062/1306 1526/1059/1307
f 1525/1063/1308 1521/1064/1309 1527/1062/1310
f 1521/1056/1311 1524/1055/1311 1527/1065/1311
f 1531/1066/1312 1532/1067/1313 1528/696/1314
f 1535/1068/1315 1533/1069/1315 1531/1066/1316
f 1534/1070/1317 1535/1068/1318 1529/705/1319
f 1538/1071/1320 1536/1072/1321 1534/1073/1322
f 1530/702/1323 1539/1074/1323 1538/1071/1324
f 1537/1043/1325 1533/1075/1326 1539/1074/1327
f 1533/1069/1328 1536/1076/1328 1539/1077/1328
f 1543/1078/1329 1544/1079/1330 1540/1080/1331
f 1547/1081/1332 1545/1082/1333 1543/1078/1334
f 1546/1083/1335 1547/1084/1336 1541/699/1337
f 1550/1033/1338 1548/1034/1339 1546/1085/1340
f 1542/713/1341 1551/1086/1341 1550/1033/1342
f 1549/1087/1343 1545/1088/1344 1551/1086/1344
f 1545/1082/1345 1548/1089/1345 1551/1090/1345
f 1555/1091/1346 1556/1092/1347 1552/1093/1348
f 1559/1094/1349 1557/1095/1349 1555/1096/1349
f 1558/1097/1350 1559/1094/1351 1553/694/1352
f 1562/1098/1353 1560/1099/1354 1558/1100/1355
f 1554/714/1356 1563/1101/1356 1562/1098/1357
f 1561/1015/1358 1557/1016/1358 1563/1101/1359
f 1557/1095/1360 1560/1102/1360 1563/1103/1360
f 1567/1104/1361 1568/1105/1362 1564/693/1363
f 1571/1106/1364 1569/1107/1365 1567/1104/1366
f 1570/1108/1367 1571/1106/1368 1565/682/1369
f 1574/1109/1370 1572/1110/1371 1570/1111/1372
f 1566/715/1373 1575/1112/1373 1574/1109/1374
f 1573/1001/1375 1569/1113/1376 1575/1112/1377
f 1569/1114/1378 1572/1115/1378 1575/1116/1378
f 1579/1117/1379 1580/1118/1380 1576/708/1381
f 1583/989/1382 1581/1119/1382 1579/1120/1383
f 1577/716/1384 1584/1121/1384 1583/989/1385
f 1582/1122/1386 1587/986/1387 1584/1121/1388
f 1585/1123/1389 1586/1124/1390 1578/1125/1391
f 1580/1118/1392 1587/1126/1392 1585/1127/1393
f 1581/1119/1394 1584/1121/1394 1587/986/1394
f 1591/1128/1395 1592/1129/1396 1588/1130/1397
f 1595/1131/1398 1593/1132/1398 1591/1128/1399
f 1594/1133/1400 1595/1134/1401 1589/697/1402
f 1598/1135/1403 1596/1064/1404 1594/1136/1405
f 1590/701/1406 1599/1137/1406 1598/1135/1407
f 1597/1059/1408 1593/1138/1408 1599/1137/1409
f 1593/1132/1410 1596/1139/1410 1599/1140/1410
f 1608/731/920 1613/1141/1411 1612/1142/1412
f 1611/1143/1413 1616/1144/1414 1613/1145/1411
f 1614/1146/1415 1615/1147/1416 1609/1148/1417
f 1614/1146/1415 1619/1149/1418 1616/1144/1414
f 1617/1150/1419 1618/1151/1420 1610/724/913
f 1612/1152/1412 1619/1153/1418 1617/1150/1419
f 1613/1145/1411 1616/1144/1414 1619/1149/1418
f 1620/733/922 1625/1154/1421 1624/1155/1422
f 1623/1156/1423 1628/1157/1424 1625/1154/1421
f 1626/1158/1425 1627/1159/1426 1621/1160/1427
f 1630/1161/1428 1628/1162/1424 1626/1163/1425
f 1629/1164/1429 1630/1161/1428 1622/778/969
f 1624/1165/1422 1631/1166/1430 1629/1164/1429
f 1625/1154/1421 1628/1157/1424 1631/1167/1430
f 1647/1168/1431 1648/1169/1432 1644/1170/1433
f 1651/1171/1434 1649/1172/1435 1647/1173/1431
f 1650/1174/1436 1651/1171/1434 1645/770/961
f 1654/1175/1437 1652/1176/1438 1650/1174/1436
f 1646/746/937 1655/1177/1439 1654/1178/1437
f 1653/1179/1440 1649/1180/1435 1655/1181/1439
f 1649/1172/1435 1652/1176/1438 1655/1182/1439
f 1672/744/935 1677/1183/1441 1676/1184/1442
f 1675/1185/1443 1680/1186/1444 1677/1187/1441
f 1678/1188/1445 1679/1189/1446 1673/1190/1447
f 1678/1188/1445 1683/1191/1448 1680/1186/1444
f 1681/1192/1449 1682/1193/1450 1674/794/988
f 1676/1194/1442 1683/1195/1448 1681/1192/1449
f 1677/1187/1441 1680/1186/1444 1683/1191/1448
f 1687/1196/1451 1688/1196/1452 1684/792/986
f 1691/1197/1453 1689/1198/1454 1687/1198/1451
f 1690/1199/1455 1691/1197/1453 1685/769/960
f 1694/1200/1456 1692/1201/1457 1690/1202/1455
f 1693/1203/1458 1694/1200/1456 1686/1204/1459
f 1693/1203/1458 1689/1205/1454 1695/1206/1460
f 1689/1198/1454 1692/1207/1457 1695/1208/1460
f 1699/1209/1461 1700/1210/1462 1696/779/970
f 1699/1209/1461 1704/1211/1463 1701/1212/1464
f 1702/1213/1465 1703/1213/1466 1697/722/929
f 1706/1214/1467 1704/1205/1463 1702/1205/1465
f 1705/1215/1468 1706/1214/1467 1698/784/975
f 1705/1216/1468 1701/1212/1464 1707/1217/1469
f 1701/1212/1464 1704/1211/1463 1707/1217/1469
f 1711/1196/1470 1712/1196/1471 1708/725/914
f 1715/1218/1472 1713/1219/1473 1711/1219/1470
f 1714/1220/1474 1715/1218/1472 1709/796/993
f 1714/1220/1474 1719/1221/1475 1716/1222/1476
f 1717/1223/1477 1718/1224/1478 1710/771/962
f 1717/1223/1477 1713/1225/1473 1719/1226/1475
f 1713/1219/1473 1716/1222/1476 1719/1221/1475
f 1735/1227/1479 1736/1228/1480 1732/777/968
f 1739/1229/1481 1737/1230/1482 1735/1227/1479
f 1738/1231/1483 1739/1232/1481 1733/1233/1484
f 1738/1231/1483 1743/1234/1485 1740/1235/1486
f 1741/1213/1487 1742/1213/1488 1734/722/911
f 1736/1228/1480 1743/1236/1485 1741/1236/1487
f 1737/1230/1482 1740/1237/1486 1743/1236/1485
f 1763/1238/1489 1764/1239/1490 1760/1240/1491
f 1767/1241/1492 1765/1242/1493 1763/1243/1489
f 1766/1244/1494 1767/1241/1492 1761/723/912
f 1770/1245/1495 1768/1246/1496 1766/1247/1494
f 1769/1248/1497 1770/1245/1495 1762/1249/1498
f 1764/1143/1490 1771/1250/1499 1769/1248/1497
f 1765/1242/1493 1768/1251/1496 1771/1252/1499
f 1775/1253/1500 1776/1254/1501 1772/732/921
f 1775/1255/1500 1780/1256/1502 1777/1257/1503
f 1778/1258/1504 1779/1259/1505 1773/755/942
f 1778/1258/1504 1783/1260/1506 1780/1256/1502
f 1781/1261/1507 1782/1262/1508 1774/723/973
f 1781/1263/1507 1777/1264/1503 1783/1265/1506
f 1777/1257/1503 1780/1256/1502 1783/1260/1506
f 1799/1266/1509 1800/1267/1510 1796/726/915
f 1803/1268/1511 1801/1269/1512 1799/1266/1509
f 1802/1270/1513 1803/1271/1511 1797/745/936
f 1806/1272/1514 1804/1273/1515 1802/1274/1513
f 1805/1275/1516 1806/1272/1514 1798/750/941
f 1805/1275/1516 1801/1276/1512 1807/1277/1517
f 1801/1269/1512 1804/1278/1515 1807/1279/1517
f 1827/1280/1518 1828/1253/1519 1824/1281/1520
f 1827/1268/1518 1832/1282/1521 1829/1283/1522
f 1830/1284/1523 1831/1285/1524 1825/793/987
f 1834/1286/1525 1832/1287/1521 1830/1288/1523
f 1833/1289/1526 1834/1286/1525 1826/1290/1527
f 1828/1185/1519 1835/1291/1528 1833/1289/1526
f 1829/1283/1522 1832/1282/1521 1835/1292/1528
f 1839/1293/1529 1840/1294/1530 1836/732/1531
f 1843/1253/1505 1841/1295/1532 1839/1293/1529
f 1842/1296/1504 1843/1297/1505 1837/751/942
f 1842/1296/1504 1847/1298/1533 1844/1299/1534
f 1845/1300/1535 1846/1301/1508 1838/798/997
f 1840/1294/1530 1847/1302/1533 1845/1263/1535
f 1841/1295/1532 1844/1264/1534 1847/1302/1533
f 1851/1303/1536 1852/1304/1537 1848/757/947
f 1855/1305/1538 1853/1306/1539 1851/1303/1536
f 1854/1307/1540 1855/1308/1538 1849/759/949
f 1858/1263/1541 1856/1264/1542 1854/1307/1540
f 1857/1309/1543 1858/1310/1541 1850/737/974
f 1857/1311/1543 1853/1306/1539 1859/1312/1544
f 1853/1306/1539 1856/1313/1542 1859/1312/1544
f 1863/1314/1545 1864/1315/1546 1860/752/943
f 1863/1270/1545 1868/1316/1547 1865/1317/1548
f 1866/1318/1549 1867/1319/1550 1861/745/956
f 1866/1318/1549 1871/1320/1551 1868/1316/1547
f 1869/1301/1552 1870/1300/1553 1862/727/916
f 1864/1315/1546 1871/1321/1551 1869/1322/1552
f 1865/1323/1548 1868/1324/1547 1871/1321/1551
f 1887/1310/1554 1888/1325/1555 1884/737/926
f 1891/1326/1556 1889/1327/1557 1887/1328/1554
f 1890/1239/1558 1891/1326/1556 1885/1240/1559
f 1894/1329/1560 1892/1330/1561 1890/1331/1558
f 1893/1332/1562 1894/1329/1560 1886/756/946
f 1893/1332/1562 1889/1333/1557 1895/1334/1563
f 1889/1327/1557 1892/1335/1561 1895/1336/1563
f 988/423/737 999/1337/1564 997/404/719
f 990/1338/1565 998/1339/1566 999/1337/1564
f 993/402/717 999/1342/1564 995/1343/1568
f 995/1343/1568 998/1344/1566 994/1345/1569
f 1005/415/730 1010/1347/1570 1007/1348/1571
f 1007/1348/1571 1011/1349/1572 1006/1350/1573
f 1000/536/743 1010/1352/1570 1008/481/777
f 1002/1353/1574 1011/1354/1572 1010/1352/1570
f 1000/430/743 995/1357/1568 1002/1358/1574
f 995/1357/1568 1003/1359/1575 1002/1358/1574
f 964/399/714 975/1362/1576 973/408/723
f 966/1363/1577 974/1364/1578 975/1362/1576
f 969/396/711 975/1367/1576 971/1368/1580
f 971/1368/1580 974/1369/1578 970/1370/1581
f 988/423/737 982/1372/1582 990/1373/1565
f 982/1372/1582 991/1374/1567 990/1373/1565
f 980/434/747 986/1376/1583 982/1377/1582
f 982/1377/1582 987/1378/1584 983/1379/1585
f 976/485/779 986/1381/1583 984/436/749
f 978/1382/1586 987/1383/1584 986/1381/1583
f 969/396/711 978/1386/1586 976/1387/779
f 971/1388/1580 979/1389/1587 978/1386/1586
f 940/410/725 951/1391/1588 949/405/720
f 942/1392/1589 950/1393/1590 951/1391/1588
f 945/445/756 951/1396/1588 947/1397/1592
f 947/1397/1592 950/1398/1590 946/1399/1593
f 964/399/714 958/1401/1594 966/1402/1577
f 958/1401/1594 967/1403/1579 966/1402/1577
f 956/401/716 962/1406/1596 958/1407/1594
f 958/1407/1594 963/1408/1597 959/1409/1595
f 952/477/755 962/1411/1596 960/450/760
f 954/1412/1598 963/1413/1597 962/1411/1596
f 945/445/756 954/1416/1598 952/444/755
f 954/1416/1598 946/1417/1593 955/1418/1599
f 1017/427/740 1022/1421/1600 1019/1422/1601
f 1019/1422/1601 1023/1423/1602 1018/1424/1603
f 1012/413/728 1022/1426/1600 1020/429/742
f 1014/1427/1604 1023/1428/1602 1022/1426/1600
f 1012/413/728 1007/1431/1571 1014/1432/1604
f 1007/1431/1571 1015/1433/1605 1014/1432/1604
f 928/1436/745 939/1437/1606 937/420/734
f 930/1438/1607 938/1439/1608 939/1437/1606
f 933/412/727 939/1442/1606 935/1443/1610
f 935/1443/1610 938/1444/1608 934/1445/1611
f 940/410/725 935/1447/1610 942/1448/1589
f 935/1447/1610 943/1449/1591 942/1448/1589
f 928/432/745 1019/1452/1601 930/1453/1607
f 1019/1452/1601 931/1454/1609 930/1453/1607
f 1093/509/793 1086/1457/1612 1095/1458/1613
f 1095/1459/1613 1087/1460/1614 1094/1461/1615
f 1094/1461/1615 1085/422/736 1092/403/718
f 1093/509/793 1091/1462/1616 1089/508/792
f 1095/1463/1613 1090/1464/1617 1091/1465/1616
f 1094/1466/1615 1088/431/744 1090/1464/1617
f 1104/528/803 1103/1467/1618 1101/523/799
f 1106/1468/1619 1102/1469/1620 1103/1470/1618
f 1107/1471/1621 1100/414/729 1102/1469/1620
f 1104/528/803 1098/1472/1622 1106/1473/1619
f 1106/1474/1619 1099/1475/1623 1107/1476/1621
f 1107/1476/1621 1097/537/807 1105/482/778
f 1069/533/806 1062/1477/1624 1071/1478/1625
f 1071/1479/1625 1063/1480/1626 1070/1481/1627
f 1070/1481/1627 1061/421/735 1068/409/724
f 1069/533/806 1067/1482/1628 1065/490/784
f 1071/1483/1625 1066/1484/1629 1067/1485/1628
f 1070/1486/1627 1064/398/713 1066/1484/1629
f 1080/504/790 1079/1487/1630 1077/500/789
f 1082/1488/1631 1078/1489/1632 1079/1490/1630
f 1083/1491/1633 1076/440/752 1078/1489/1632
f 1080/504/790 1074/1492/1634 1082/1493/1631
f 1082/1494/1631 1075/1495/1635 1083/1496/1633
f 1083/1496/1633 1073/484/712 1081/435/748
f 1045/515/797 1038/1497/1636 1047/1498/1637
f 1047/1499/1637 1039/1500/1638 1046/1501/1639
f 1046/1501/1639 1037/465/769 1044/407/722
f 1045/515/797 1043/1502/1640 1041/513/796
f 1047/1503/1637 1042/1504/1641 1043/1505/1640
f 1046/1506/1639 1040/406/721 1042/1504/1641
f 1056/531/805 1055/1507/1642 1053/527/802
f 1058/1508/1643 1054/1509/1644 1055/1510/1642
f 1059/1511/1645 1052/400/715 1054/1509/1644
f 1056/531/805 1050/1512/1646 1058/1513/1643
f 1058/1514/1643 1051/1515/1647 1059/1516/1645
f 1059/1516/1645 1049/476/774 1057/449/759
f 1116/497/787 1115/1517/1648 1113/495/786
f 1118/1518/1649 1114/1519/1650 1115/1520/1648
f 1119/1521/1651 1112/433/746 1114/1519/1650
f 1116/497/787 1110/1522/1652 1118/1523/1649
f 1118/1524/1649 1111/1525/1653 1119/1526/1651
f 1119/1526/1651 1109/464/768 1117/428/741
f 1033/524/800 1026/1527/1654 1035/1528/1655
f 1035/1529/1655 1027/1530/1656 1034/1531/1657
f 1034/1531/1657 1025/1532/1658 1032/419/733
f 1033/524/800 1031/1533/1659 1029/512/795
f 1035/1534/1655 1030/1535/1660 1031/1536/1659
f 1034/1537/1657 1028/411/726 1030/1535/1660
f 1036/510/794 1031/1538/1659 1038/1539/1636
f 1031/1540/1659 1039/1541/1638 1038/1542/1636
f 1030/1543/1660 1037/465/769 1039/1541/1638
f 1113/495/786 1026/1544/1654 1024/416/731
f 1026/1545/1654 1114/1546/1650 1027/1547/1656
f 1027/1547/1656 1112/433/746 1025/1548/1658
f 1041/513/796 1050/1549/1646 1048/529/804
f 1050/1550/1646 1042/1551/1641 1051/1552/1647
f 1051/1552/1647 1040/406/721 1049/1553/774
f 1060/525/801 1055/1554/1642 1062/1555/1624
f 1055/1556/1642 1063/1557/1626 1062/1558/1624
f 1054/1559/1644 1061/421/735 1063/1557/1626
f 1072/493/785 1067/1560/1628 1074/1561/1634
f 1074/1562/1634 1066/1563/1629 1075/1564/1635
f 1066/1563/1629 1073/397/712 1075/1564/1635
f 1084/498/788 1079/1565/1630 1086/1566/1612
f 1086/1567/1612 1078/1568/1632 1087/1569/1614
f 1078/1568/1632 1085/422/736 1087/1569/1614
f 1096/505/791 1091/1570/1616 1098/1571/1622
f 1091/1572/1616 1099/1573/1623 1098/1574/1622
f 1090/1575/1617 1097/1576/807 1099/1573/1623
f 1108/516/798 1103/1577/1618 1110/1578/1652
f 1103/1579/1618 1111/1580/1653 1110/1581/1652
f 1102/1582/1620 1109/464/768 1111/1580/1653
f 1120/654/882 1127/1583/1661 1125/653/881
f 1122/1584/1662 1126/1585/1663 1127/1583/1661
f 1123/1586/1664 1124/489/783 1126/1587/1663
f 1125/653/881 1131/1588/1665 1129/647/875
f 1127/1583/1661 1130/1589/1666 1131/1588/1665
f 1130/1590/1666 1124/602/783 1128/603/853
f 1129/647/875 1135/1591/1667 1133/645/873
f 1131/1588/1665 1134/1592/1668 1135/1591/1667
f 1130/1593/1666 1132/604/854 1134/1594/1668
f 1137/658/886 1135/1591/1667 1139/1595/1669
f 1135/1591/1667 1138/1596/1670 1139/1595/1669
f 1138/1597/1670 1132/604/854 1136/607/856
f 1137/658/886 1143/1598/1671 1141/648/876
f 1139/1595/1669 1142/1599/1672 1143/1598/1671
f 1138/1600/1670 1140/600/852 1142/1601/1672
f 1145/641/869 1143/1598/1671 1147/1602/1673
f 1143/1598/1671 1146/1603/1674 1147/1602/1673
f 1142/1604/1672 1144/601/845 1146/1605/1674
f 1145/641/869 1151/1606/1675 1149/639/868
f 1147/1602/1673 1150/1607/1676 1151/1606/1675
f 1146/1608/1674 1148/606/855 1150/1609/1676
f 1149/639/868 1155/1610/1677 1153/651/879
f 1151/1606/1675 1154/1611/1678 1155/1610/1677
f 1150/1612/1676 1152/598/850 1154/1613/1678
f 1153/651/879 1159/1614/1679 1157/644/872
f 1155/1610/1677 1158/1615/1680 1159/1614/1679
f 1154/1616/1678 1156/599/851 1158/1617/1680
f 1157/644/872 1163/1618/1681 1161/642/870
f 1159/1614/1679 1162/1619/1682 1163/1618/1681
f 1162/1620/1682 1156/599/851 1160/605/835
f 1161/642/870 1167/1621/1683 1165/656/884
f 1163/1618/1681 1166/1622/1684 1167/1621/1683
f 1166/1623/1684 1160/608/835 1164/597/849
f 1120/654/882 1167/1621/1683 1122/1584/1662
f 1167/1621/1683 1123/1624/1664 1122/1584/1662
f 1166/1625/1684 1121/487/781 1123/1626/1664
f 1168/596/848 1175/1627/1685 1173/1628/998
f 1170/1629/1686 1174/1630/1687 1175/1631/1685
f 1171/1632/1688 1172/561/828 1174/1630/1687
f 1173/799/998 1179/1633/1689 1177/562/829
f 1175/1631/1685 1178/1634/1690 1179/1635/1689
f 1174/1630/1687 1176/809/1005 1178/1634/1690
f 1177/562/829 1183/1636/1691 1181/538/808
f 1179/1635/1689 1182/1637/1692 1183/1638/1691
f 1178/1634/1690 1180/819/1013 1182/1637/1692
f 1181/538/808 1187/1639/1693 1185/1640/817
f 1183/1638/1691 1186/1641/1694 1187/1642/1693
f 1182/1637/1692 1184/813/1008 1186/1641/1694
f 1185/547/817 1191/1643/1695 1189/557/824
f 1187/1642/1693 1190/1644/1696 1191/1645/1695
f 1186/1641/1694 1188/804/883 1190/1644/1696
f 1189/557/824 1195/1646/1697 1193/566/832
f 1191/1645/1695 1194/1647/1698 1195/1648/1697
f 1194/1647/1698 1188/804/883 1192/806/1002
f 1193/566/832 1199/1649/1699 1197/1650/814
f 1195/1648/1697 1198/1651/1700 1199/1652/1699
f 1194/1647/1698 1196/812/880 1198/1651/1700
f 1197/544/814 1203/1653/1701 1201/555/822
f 1199/1652/1699 1202/1654/1702 1203/1655/1701
f 1198/1651/1700 1200/807/1003 1202/1654/1702
f 1205/564/831 1203/1653/1701 1207/1656/1703
f 1203/1655/1701 1206/1657/1704 1207/1658/1703
f 1202/1654/1702 1204/801/890 1206/1657/1704
f 1205/564/831 1211/1659/1705 1209/1660/811
f 1207/1658/1703 1210/1661/1706 1211/1662/1705
f 1206/1657/1704 1208/803/1000 1210/1661/1706
f 1209/541/811 1215/1663/1707 1213/553/820
f 1211/1662/1705 1214/1664/1708 1215/1665/1707
f 1210/1661/1706 1212/816/877 1214/1664/1708
f 1213/553/820 1170/1666/1686 1168/596/848
f 1215/1665/1707 1171/1632/1688 1170/1629/1686
f 1214/1664/1708 1169/559/826 1171/1632/1688
f 1216/817/1011 1223/1667/1709 1221/560/827
f 1218/1668/1710 1222/1669/1711 1223/1667/1709
f 1222/1670/1711 1217/550/781 1220/552/819
f 1225/810/1006 1223/1671/1709 1227/1672/1712
f 1223/1673/1709 1226/1674/1713 1227/1675/1712
f 1226/1674/1713 1220/588/819 1224/590/846
f 1229/821/1015 1227/1676/1712 1231/1677/1714
f 1227/1678/1712 1230/1679/1715 1231/1680/1714
f 1230/1679/1715 1224/590/846 1228/568/833
f 1229/821/1015 1235/1681/1716 1233/820/1014
f 1231/1682/1714 1234/1683/1717 1235/1684/1716
f 1234/1683/1717 1228/568/833 1232/570/834
f 1233/820/1014 1239/1685/1718 1237/814/1009
f 1235/1686/1716 1238/1687/1719 1239/1685/1718
f 1234/1688/1717 1236/579/839 1238/1689/1719
f 1237/814/1009 1243/1690/1720 1241/805/1001
f 1239/1685/1718 1242/1691/1721 1243/1690/1720
f 1238/1692/1719 1240/587/845 1242/1693/1721
f 1241/805/1001 1247/1694/1722 1245/811/1007
f 1243/1690/1720 1246/1695/1723 1247/1694/1722
f 1242/1696/1721 1244/595/837 1246/1697/1723
f 1245/811/1007 1251/1698/1677 1249/815/1010
f 1247/1694/1722 1250/1699/1724 1251/1698/1677
f 1250/1700/1724 1244/574/837 1248/576/838
f 1249/815/1010 1255/1701/1725 1253/808/1004
f 1251/1698/1677 1254/1702/1726 1255/1701/1725
f 1250/1703/1724 1252/585/844 1254/1704/1726
f 1253/808/1004 1259/1705/1727 1257/802/999
f 1255/1701/1725 1258/1706/1728 1259/1705/1727
f 1254/1707/1726 1256/593/835 1258/1708/1728
f 1261/818/1012 1259/1705/1727 1263/1709/1683
f 1259/1705/1727 1262/1710/1729 1263/1709/1683
f 1258/1711/1728 1260/573/836 1262/1712/1729
f 1261/818/1012 1218/1668/1710 1216/817/1011
f 1263/1709/1683 1219/1713/1730 1218/1668/1710
f 1262/1714/1729 1217/550/781 1219/1715/1730
f 1264/582/832 1271/1716/1699 1269/580/840
f 1266/1717/1731 1270/1718/1732 1271/1719/1699
f 1270/1718/1732 1265/660/888 1268/652/880
f 1269/613/840 1275/1720/1733 1273/611/857
f 1271/1719/1699 1274/1721/1734 1275/1722/1733
f 1270/1718/1732 1272/646/874 1274/1721/1734
f 1273/611/857 1279/1723/1735 1277/614/858
f 1279/1724/1735 1274/1721/1734 1278/1725/1736
f 1274/1721/1734 1276/662/890 1278/1725/1736
f 1277/614/858 1283/1726/1737 1281/622/862
f 1283/1727/1737 1278/1725/1736 1282/1728/1706
f 1278/1725/1736 1280/657/885 1282/1728/1706
f 1281/632/862 1287/1729/1738 1285/630/865
f 1283/1727/1737 1286/1730/1739 1287/1731/1738
f 1282/1728/1706 1284/649/877 1286/1730/1739
f 1285/630/865 1291/1732/1740 1289/621/848
f 1287/1731/1738 1290/1733/1688 1291/1734/1740
f 1286/1730/1739 1288/640/826 1290/1733/1688
f 1289/621/848 1295/1735/1685 1293/619/861
f 1291/1734/1740 1294/1736/1741 1295/1737/1685
f 1290/1733/1688 1292/659/887 1294/1736/1741
f 1297/627/864 1295/1738/1685 1299/1739/1742
f 1295/1737/1685 1298/1740/1743 1299/1741/1742
f 1298/1740/1743 1292/659/887 1296/650/878
f 1297/627/864 1303/1742/1744 1301/618/860
f 1299/1741/1742 1302/1743/1745 1303/1744/1744
f 1298/1740/1743 1300/643/871 1302/1743/1745
f 1301/618/860 1307/1745/1746 1305/616/859
f 1303/1744/1744 1306/1746/1747 1307/1747/1746
f 1306/1746/1747 1300/643/871 1304/661/889
f 1309/624/863 1307/1748/1746 1311/1749/1748
f 1307/1747/1746 1310/1750/1749 1311/1751/1748
f 1310/1750/1749 1304/661/889 1308/655/883
f 1309/624/863 1266/1752/1731 1264/582/832
f 1311/1751/1748 1267/1753/1750 1266/1717/1731
f 1310/1750/1749 1265/660/888 1267/1753/1750
f 1313/687/1751 1333/850/1752 1326/691/1752
f 1333/850/1753 1315/831/1753 1328/1754/1753
f 1328/840/1754 1312/633/1755 1324/635/1754
f 1338/690/1756 1334/846/1757 1345/864/1756
f 1334/846/1758 1340/943/1758 1345/864/1758
f 1330/843/1759 1336/663/1760 1340/854/1760
f 1350/684/1761 1346/860/1762 1357/878/1761
f 1357/878/1763 1342/862/1764 1352/930/1763
f 1342/858/1765 1348/669/1766 1352/869/1766
f 1350/684/1767 1369/893/1767 1362/689/1767
f 1369/893/1768 1354/876/1768 1364/1755/1769
f 1364/883/1770 1349/675/1771 1360/677/1770
f 1374/688/1772 1370/889/1773 1381/907/1772
f 1381/907/1774 1366/891/1774 1376/978/1774
f 1376/897/1775 1361/888/1776 1372/666/1775
f 1313/687/1777 1382/903/1777 1318/833/1777
f 1382/903/1778 1322/962/1779 1318/833/1779
f 1322/836/1780 1373/678/1781 1314/680/1780
f 1444/972/1782 1435/959/1783 1432/679/1783
f 1435/962/1784 1453/980/1784 1439/961/1784
f 1439/961/1785 1446/672/1785 1433/687/1785
f 1445/668/1786 1388/911/1787 1450/975/1786
f 1450/978/1788 1393/920/1788 1454/977/1788
f 1393/920/1789 1446/672/1789 1454/977/1789
f 1396/925/1790 1390/915/1791 1385/676/1791
f 1400/1756/1792 1394/916/1792 1390/918/1792
f 1394/916/1793 1398/684/1793 1386/673/1793
f 1397/671/1794 1412/937/1795 1402/928/1794
f 1402/930/1796 1417/945/1797 1406/929/1796
f 1417/945/1798 1398/684/1798 1406/929/1798
f 1409/665/1799 1424/949/1800 1414/940/1799
f 1414/943/1801 1429/957/1801 1418/942/1801
f 1429/957/1802 1410/685/1803 1418/942/1803
f 1434/967/1804 1426/953/1805 1421/634/1806
f 1442/1757/1807 1430/850/1807 1426/956/1807
f 1430/850/1808 1433/687/1809 1422/686/1808
f 1445/668/1810 1375/896/1811 1372/666/1811
f 1451/1758/1812 1379/902/1813 1375/898/1813
f 1447/970/1814 1373/678/1815 1379/902/1815
f 1312/633/1816 1441/965/1817 1434/967/1818
f 1316/828/1819 1436/960/1819 1441/965/1819
f 1321/835/1820 1432/679/1821 1436/960/1822
f 1397/671/1823 1351/868/1824 1348/669/1824
f 1403/926/1825 1355/873/1825 1351/868/1825
f 1355/873/1826 1396/925/1827 1349/675/1826
f 1361/888/1828 1387/910/1829 1384/667/1829
f 1367/1759/1830 1391/912/1831 1387/914/1831
f 1391/912/1832 1360/677/1833 1385/676/1834
f 1421/634/1835 1327/839/1836 1324/635/1836
f 1427/954/1837 1331/1760/1838 1327/839/1839
f 1423/948/1840 1325/845/1841 1331/844/1841
f 1408/670/1842 1343/855/1843 1411/936/1842
f 1343/855/1844 1415/938/1845 1411/936/1845
f 1339/853/1846 1409/665/1847 1415/941/1847
f 1470/721/1848 1463/985/1849 1477/1005/1848
f 1477/1005/1850 1459/987/1851 1472/1761/1850
f 1459/983/1852 1468/683/1853 1472/996/1853
f 1470/721/1854 1489/1019/1855 1482/720/1855
f 1478/1001/1856 1484/1762/1857 1489/1019/1858
f 1474/999/1859 1480/692/1859 1484/1010/1859
f 1482/720/1860 1501/1033/1860 1494/713/1860
f 1501/1033/1861 1486/1017/1861 1496/1085/1861
f 1496/1024/1862 1481/698/1862 1492/700/1862
f 1506/702/1863 1502/1029/1864 1513/1047/1863
f 1502/1029/1865 1508/1763/1866 1513/1047/1866
f 1498/1028/1867 1504/706/1868 1508/1038/1868
f 1518/719/1869 1514/1043/1870 1525/1063/1869
f 1514/1043/1871 1520/1764/1872 1525/1063/1872
f 1520/1053/1873 1505/1042/1874 1516/695/1873
f 1518/719/1875 1462/989/1875 1457/717/1875
f 1462/989/1876 1522/1061/1876 1466/1765/1876
f 1522/1057/1877 1458/709/1877 1466/992/1877
f 1576/708/1878 1592/1129/1879 1579/1117/1878
f 1579/1120/1880 1597/1059/1880 1583/989/1880
f 1583/989/1881 1590/701/1881 1577/716/1881
f 1528/696/1882 1594/1133/1883 1589/697/1883
f 1532/1766/1884 1598/1135/1885 1594/1136/1885
f 1598/1135/1886 1530/702/1887 1590/701/1886
f 1529/705/1888 1544/1079/1889 1534/1070/1888
f 1544/1767/1890 1538/1071/1890 1534/1073/1890
f 1549/1087/1891 1530/702/1892 1538/1071/1892
f 1552/1093/1893 1546/1083/1894 1541/699/1894
f 1556/1017/1895 1550/1033/1896 1546/1085/1896
f 1550/1033/1897 1554/714/1897 1542/713/1897
f 1564/693/1898 1558/1097/1898 1553/694/1898
f 1568/1003/1899 1562/1098/1899 1558/1100/1899
f 1562/1098/1900 1566/715/1900 1554/714/1900
f 1565/682/1901 1586/1124/1902 1570/1108/1901
f 1586/987/1903 1574/1109/1904 1570/1111/1904
f 1582/1122/1905 1566/715/1906 1574/1109/1906
f 1589/697/1907 1519/1052/1908 1516/695/1908
f 1595/1131/1909 1523/1058/1910 1519/1054/1910
f 1591/1128/1911 1517/707/1912 1523/1058/1912
f 1578/1125/1913 1460/984/1914 1585/1123/1913
f 1460/993/1915 1580/1118/1916 1585/1127/1916
f 1465/991/1917 1576/708/1918 1580/1118/1918
f 1541/699/1919 1495/1023/1920 1492/700/1920
f 1547/1081/1921 1499/1025/1922 1495/1027/1922
f 1543/1078/1923 1493/704/1924 1499/1025/1924
f 1505/1042/1925 1531/1066/1926 1528/696/1926
f 1511/1039/1927 1535/1068/1927 1531/1066/1927
f 1507/1037/1928 1529/705/1928 1535/1068/1928
f 1565/682/1929 1471/995/1929 1468/683/1929
f 1571/1106/1930 1475/997/1931 1471/995/1931
f 1567/1104/1932 1469/1000/1933 1475/997/1933
f 1481/698/1934 1555/1091/1935 1552/1093/1935
f 1487/1011/1936 1559/1094/1937 1555/1096/1937
f 1483/1009/1938 1553/694/1938 1559/1094/1938
f 1661/773/964 1634/1768/1939 1663/1769/1940
f 1663/1769/1940 1635/1770/1941 1662/1771/1942
f 1662/1772/1942 1633/728/917 1660/734/923
f 1644/1170/1433 1712/1196/1471 1647/1168/1431
f 1647/1173/1431 1717/1223/1477 1651/1171/1434
f 1651/1171/1434 1710/771/962 1645/770/961
f 1641/772/963 1663/1773/1940 1643/1774/1943
f 1643/1774/1943 1662/1775/1942 1642/1776/1944
f 1662/1777/1942 1640/736/925 1642/1778/1944
f 1656/776/967 1639/1779/1945 1637/774/965
f 1658/1780/1946 1638/1781/1947 1639/1779/1945
f 1659/1782/1948 1636/739/928 1638/1783/1947
f 1608/731/920 1624/1155/1422 1611/1784/1413
f 1611/1143/1413 1629/1164/1429 1615/1147/1416
f 1629/1164/1429 1609/1148/1417 1615/1147/1416
f 1605/780/934 1643/1785/1943 1607/1786/1949
f 1643/1785/1943 1606/1787/1950 1607/1786/1949
f 1642/1788/1944 1604/791/985 1606/1789/1950
f 1637/774/965 1634/1790/1939 1632/782/957
f 1639/1791/1945 1635/1792/1941 1634/1790/1939
f 1635/1793/1941 1636/739/928 1633/728/917
f 1610/724/913 1741/1213/1487 1734/722/911
f 1618/1794/1420 1736/1228/1480 1741/1236/1487
f 1614/1146/1415 1732/777/968 1736/1228/1480
f 1601/741/932 1607/1795/1949 1603/1796/1951
f 1603/1796/1951 1606/1797/1950 1602/1798/1952
f 1602/1799/1952 1604/791/985 1600/710/908
f 1720/786/977 1751/1772/1953 1749/734/980
f 1751/1800/1953 1723/1801/1954 1750/1802/1955
f 1750/1802/1955 1721/768/959 1748/767/958
f 1745/738/989 1688/1196/1452 1747/1803/1956
f 1747/1804/1956 1693/1203/1458 1746/1805/1957
f 1746/1805/1957 1686/1204/1459 1744/775/966
f 1710/771/962 1690/1199/1455 1685/769/960
f 1718/1806/1478 1694/1200/1456 1690/1202/1455
f 1714/1220/1474 1686/1204/1459 1694/1200/1456
f 1729/797/994 1751/1777/1953 1731/1807/1958
f 1751/1808/1953 1730/1809/1959 1731/1810/1958
f 1750/1811/1955 1728/781/971 1730/1809/1959
f 1725/739/979 1747/1782/1956 1727/1783/1960
f 1727/1812/1960 1746/1813/1957 1726/1814/1961
f 1726/1814/1961 1744/775/966 1724/783/972
f 1696/779/970 1735/1227/1479 1732/777/968
f 1735/1227/1479 1705/1216/1468 1739/1229/1481
f 1705/1215/1468 1733/1233/1484 1739/1232/1481
f 1600/710/908 1742/1213/1488 1602/1815/1952
f 1602/1816/1952 1738/1231/1483 1603/1817/1951
f 1603/1817/1951 1733/1233/1484 1601/741/932
f 1669/791/992 1731/1788/1958 1671/1818/1962
f 1671/1819/1962 1730/1820/1959 1670/1821/1963
f 1730/1820/1959 1668/1822/933 1670/1821/1963
f 1725/739/979 1722/1793/1964 1720/786/977
f 1727/1823/1960 1723/1824/1954 1722/1825/1964
f 1723/1824/1954 1724/783/972 1721/1826/959
f 1664/710/931 1702/1213/1465 1697/722/929
f 1666/1804/1965 1706/1214/1467 1702/1205/1465
f 1667/1805/1966 1698/784/975 1706/1214/1467
f 1657/738/927 1711/1196/1470 1708/725/914
f 1659/1827/1948 1715/1218/1472 1711/1219/1470
f 1658/1828/1946 1709/796/993 1715/1218/1472
f 1669/791/992 1666/1799/1965 1664/710/931
f 1671/1829/1962 1667/1830/1966 1666/1831/1965
f 1670/1832/1963 1665/785/976 1667/1830/1966
f 1621/1160/1427 1703/1213/1466 1626/1158/1425
f 1626/1163/1425 1699/1209/1461 1630/1161/1428
f 1630/1161/1428 1696/779/970 1622/778/969
f 1646/746/937 1675/1833/1443 1672/744/935
f 1675/1185/1443 1650/1174/1436 1679/1189/1446
f 1650/1174/1436 1673/1190/1447 1679/1189/1446
f 1674/794/988 1687/1196/1451 1684/792/986
f 1682/1834/1450 1691/1197/1453 1687/1198/1451
f 1678/1188/1445 1685/769/960 1691/1197/1453
f 1784/730/919 1815/1835/1967 1813/790/995
f 1815/1836/1967 1787/1837/1968 1814/1773/1969
f 1787/1837/1968 1812/749/940 1814/1773/1969
f 1860/752/943 1805/1275/1516 1798/750/941
f 1864/1315/1546 1800/1838/1510 1805/1275/1516
f 1869/1301/1552 1796/726/915 1800/1267/1510
f 1813/790/995 1795/1839/1970 1793/735/924
f 1795/1840/1970 1814/1841/1969 1794/1842/1971
f 1814/1841/1969 1792/758/948 1794/1842/1971
f 1808/795/996 1791/1843/1972 1789/729/918
f 1810/1844/1973 1790/1845/1974 1791/1846/1972
f 1811/1847/1975 1788/762/945 1790/1845/1974
f 1762/1249/1498 1779/1259/1505 1769/1248/1497
f 1779/1259/1505 1764/1143/1490 1769/1248/1497
f 1775/1253/1500 1760/1240/1491 1764/1239/1490
f 1757/711/909 1795/1839/1970 1759/1848/1976
f 1795/1840/1970 1758/1849/1977 1759/1850/1976
f 1794/1851/1971 1756/765/955 1758/1849/1977
f 1784/730/919 1791/1843/1972 1786/1852/1978
f 1786/1853/1978 1790/1854/1974 1787/1855/1968
f 1787/1855/1968 1788/754/945 1785/747/938
f 1762/1249/1498 1893/1332/1562 1886/756/946
f 1770/1245/1495 1888/1856/1555 1893/1332/1562
f 1888/1325/1555 1761/723/912 1884/737/926
f 1753/712/910 1759/1848/1976 1755/1857/1979
f 1755/1858/1979 1758/1859/1977 1754/1860/1980
f 1754/1860/1980 1756/789/955 1752/760/950
f 1872/1861/1981 1903/1862/1982 1901/748/939
f 1874/1863/1983 1902/1864/1984 1903/1862/1982
f 1875/1852/1985 1900/790/984 1902/1835/1984
f 1897/761/952 1840/1294/1530 1899/1865/1986
f 1899/1865/1986 1845/1263/1535 1898/1866/1987
f 1898/1867/1987 1838/798/997 1896/795/990
f 1861/745/956 1839/1293/1529 1836/732/1531
f 1867/1319/1550 1843/1253/1505 1839/1293/1529
f 1843/1297/1505 1860/752/943 1837/751/942
f 1881/764/954 1903/1868/1982 1883/1869/1988
f 1903/1868/1982 1882/1870/1989 1883/1869/1988
f 1902/1835/1984 1880/735/983 1882/1839/1989
f 1877/1871/944 1899/1872/1986 1879/1873/1990
f 1879/1873/1990 1898/1866/1987 1878/1874/1991
f 1878/1843/1991 1896/795/990 1876/787/978
f 1885/1240/1559 1855/1308/1538 1890/1239/1558
f 1855/1305/1538 1894/1329/1560 1890/1331/1558
f 1851/1303/1536 1886/756/946 1894/1329/1560
f 1752/760/950 1891/1326/1556 1754/1875/1980
f 1754/1875/1980 1887/1328/1554 1755/1858/1979
f 1755/1857/1979 1884/737/926 1753/712/910
f 1881/764/954 1823/1876/1992 1821/1877/982
f 1883/1878/1988 1822/1879/1993 1823/1876/1992
f 1882/1839/1989 1820/711/991 1822/1848/1993
f 1877/753/944 1874/1880/1983 1872/1861/1981
f 1879/1881/1990 1875/1882/1985 1874/1880/1983
f 1878/1843/1991 1873/730/981 1875/1852/1985
f 1816/761/951 1854/1307/1540 1849/759/949
f 1818/1883/1994 1858/1263/1541 1854/1307/1540
f 1819/1857/1995 1850/737/974 1858/1310/1541
f 1809/763/953 1866/1318/1549 1861/745/956
f 1811/1884/1975 1870/1885/1553 1866/1318/1549
f 1810/1867/1973 1862/727/916 1870/1300/1553
f 1821/788/982 1818/1886/1994 1816/761/951
f 1823/1873/1992 1819/1866/1995 1818/1886/1994
f 1822/1848/1993 1817/740/930 1819/1857/1995
f 1773/755/942 1852/1304/1537 1778/1258/1504
f 1852/1304/1537 1782/1887/1508 1778/1258/1504
f 1857/1309/1543 1774/723/973 1782/1262/1508
f 1798/750/941 1833/1289/1526 1826/1290/1527
f 1806/1272/1514 1828/1185/1519 1833/1289/1526
f 1828/1253/1519 1797/745/936 1824/1281/1520
f 1826/1290/1527 1842/1296/1504 1837/751/942
f 1834/1286/1525 1846/1888/1508 1842/1296/1504
f 1830/1284/1523 1838/798/997 1846/1301/1508
f 1610/724/913 1767/1241/1492 1617/1150/1419
f 1617/1150/1419 1763/1243/1489 1612/1152/1412
f 1612/1142/1412 1760/1240/1491 1608/731/920
f 1772/732/921 1623/1156/1423 1620/733/922
f 1776/1254/1501 1627/1889/1426 1623/1156/1423
f 1781/1261/1507 1621/1160/1427 1627/1159/1426
f 1797/745/936 1653/1890/1440 1646/746/937
f 1803/1268/1511 1648/1169/1432 1653/1179/1440
f 1799/1266/1509 1644/1170/1433 1648/1169/1432
f 1674/794/988 1831/1285/1524 1681/1192/1449
f 1681/1192/1449 1827/1268/1518 1676/1194/1442
f 1676/1184/1442 1824/1281/1520 1672/744/935
f 937/420/734 1025/1532/1658 928/1436/745
f 969/396/711 976/1387/779 1073/397/712
f 964/399/714 1061/421/735 1052/400/715
f 993/402/717 1088/431/744 1092/403/718
f 949/405/720 945/445/756 1040/406/721
f 973/408/723 969/396/711 1064/398/713
f 940/410/725 1037/465/769 1028/411/726
f 1012/413/728 1109/464/768 1100/414/729
f 1024/416/731 1033/524/800 841/417/732
f 933/412/727 1028/411/726 1032/419/733
f 964/399/714 973/408/723 1068/409/724
f 997/404/719 1092/403/718 1085/422/736
f 1017/427/740 1112/433/746 1117/428/741
f 1000/430/743 1097/1576/807 1088/431/744
f 928/432/745 1025/1548/1658 1112/433/746
f 980/434/747 1076/440/752 1081/435/748
f 988/423/737 1085/422/736 1076/440/752
f 952/444/755 1049/1553/774 1040/406/721
f 956/401/716 1052/400/715 1057/449/759
f 1020/429/742 1117/428/741 1109/464/768
f 940/410/725 949/405/720 1044/407/722
f 960/450/760 1057/449/759 1049/476/774
f 1008/481/777 1005/415/730 1100/414/729
f 984/436/749 1081/435/748 1073/484/712
f 1121/487/781 916/554/821 917/488/782
f 1065/490/784 1072/493/785 851/491/732
f 1072/493/785 1080/504/790 853/494/732
f 1113/495/786 861/503/732 862/496/732
f 1084/498/788 854/502/732 852/499/732
f 1084/498/788 1093/509/793 856/501/732
f 1113/495/786 1024/416/731 839/418/732
f 1077/500/789 852/499/732 853/494/732
f 1096/505/791 1104/528/803 859/506/732
f 1089/508/792 855/518/732 856/501/732
f 1036/510/794 842/519/732 840/511/732
f 1041/513/796 843/521/732 844/514/732
f 1108/516/798 1116/497/787 862/496/732
f 1096/505/791 857/507/732 855/518/732
f 1036/510/794 1045/515/797 844/514/732
f 1041/513/796 1048/529/804 845/520/732
f 1108/516/798 860/517/732 858/522/732
f 1029/512/795 840/511/732 841/417/732
f 1060/525/801 848/534/732 846/526/732
f 1101/523/799 858/522/732 859/506/732
f 1048/529/804 1056/531/805 847/530/732
f 1053/527/802 846/526/732 847/530/732
f 1065/490/784 849/492/732 850/532/732
f 1060/525/801 1069/533/806 850/532/732
f 1000/536/743 1008/481/777 1105/482/778
f 1181/538/808 1185/1640/817 913/539/809
f 1209/541/811 1213/553/820 915/542/812
f 1197/544/814 1201/555/822 919/545/815
f 1185/547/817 1189/557/824 920/548/818
f 1217/550/781 888/583/842 889/551/782
f 1213/553/820 1168/596/848 916/554/821
f 1201/555/822 1205/564/831 922/556/823
f 1189/557/824 1193/566/832 923/558/825
f 1169/559/826 1216/817/1011 1221/560/827
f 1177/562/829 1181/538/808 912/540/810
f 1205/564/831 1209/1660/811 914/565/813
f 1193/566/832 1197/1650/814 918/567/816
f 1228/568/833 891/591/847 892/569/809
f 1256/571/835 898/1891/813 899/572/812
f 1244/574/837 895/1892/816 896/575/815
f 1232/577/834 892/1893/809 893/578/818
f 1269/580/840 901/1894/816 900/581/841
f 1260/573/836 899/572/812 888/583/842
f 1248/576/838 896/575/815 897/584/843
f 1236/579/839 893/578/818 894/586/841
f 1220/588/819 889/1895/782 890/589/830
f 1224/590/846 890/589/830 891/591/847
f 1252/585/844 897/584/843 898/592/813
f 1240/587/845 894/586/841 895/594/816
f 1168/596/848 1173/1628/998 917/488/782
f 1164/597/849 915/542/812 916/554/821
f 1152/598/850 919/545/815 922/556/823
f 1140/600/852 920/548/818 923/558/825
f 1124/602/783 917/800/782 921/563/830
f 1128/603/853 921/563/830 912/540/810
f 1156/599/851 922/556/823 914/565/813
f 1144/601/845 923/558/825 918/567/816
f 1132/604/854 912/540/810 913/539/809
f 1160/608/835 914/543/813 915/542/812
f 1148/609/855 918/546/816 919/545/815
f 1136/610/856 913/549/809 920/548/818
f 1273/611/857 902/615/815 901/612/816
f 1277/614/858 903/623/843 902/615/815
f 1305/616/859 910/1896/809 909/617/847
f 1293/619/861 907/1897/782 906/620/842
f 1281/622/862 904/1898/813 903/623/843
f 1309/624/863 911/636/818 910/625/809
f 1297/627/864 908/637/830 907/628/782
f 1285/630/865 905/638/812 904/631/813
f 1312/633/866 1434/967/867 1421/634/867
f 1264/582/832 900/581/841 911/636/818
f 1301/618/860 909/617/847 908/637/830
f 1289/621/848 906/620/842 905/638/812
f 1149/639/868 1292/659/887 1288/640/826
f 1161/642/870 1304/661/889 1300/643/871
f 1133/645/873 1276/662/890 1272/646/874
f 1141/648/876 1145/641/869 1288/640/826
f 1157/644/872 1300/643/871 1296/650/878
f 1129/647/875 1272/646/874 1268/652/880
f 1120/654/882 1265/660/888 1308/655/883
f 1141/648/876 1284/649/877 1280/657/885
f 1153/651/879 1296/650/878 1292/659/887
f 1125/653/881 1268/652/880 1265/660/888
f 1165/656/884 1308/655/883 1304/661/889
f 1137/658/886 1280/657/885 1276/662/890
f 1336/663/891 1325/845/891 1420/664/891
f 1372/666/892 1361/888/892 1384/667/893
f 1348/669/894 1337/859/894 1408/670/895
f 1349/675/896 1396/925/897 1385/676/897
f 1373/678/898 1444/972/898 1432/679/898
f 1456/681/899 1578/1125/1996 1565/682/900
f 1480/692/901 1469/1000/1997 1564/693/901
f 1516/695/902 1505/1042/902 1528/696/903
f 1481/698/904 1552/1093/904 1541/699/904
f 1493/704/905 1540/1080/906 1529/705/906
f 1517/707/907 1588/1130/907 1576/708/907
f 1600/710/908 1604/791/985 1757/711/909
f 1734/722/911 1884/737/926 1761/723/912
f 1708/725/914 1644/1170/1433 1796/726/915
f 1633/728/917 1636/739/928 1789/729/918
f 1608/731/920 1760/1240/1491 1772/732/921
f 1660/734/923 1813/790/995 1793/735/924
f 1734/722/911 1600/710/908 1753/712/910
f 1657/738/927 1808/795/996 1789/729/918
f 1697/722/929 1850/737/974 1817/740/930
f 1601/741/932 1665/785/976 1668/742/933
f 1672/744/935 1824/1281/1520 1797/745/936
f 1785/747/938 1872/1861/1981 1901/748/939
f 1798/750/941 1826/1290/1527 1837/751/942
f 1877/753/944 1872/1861/1981 1785/747/938
f 1773/755/942 1762/1249/1498 1886/756/946
f 1901/748/939 1881/764/954 1792/758/948
f 1849/759/949 1885/1240/1559 1752/760/950
f 1897/761/952 1877/1871/944 1788/762/945
f 1881/764/954 1821/1877/982 1756/765/955
f 1861/745/956 1836/732/1531 1897/761/952
f 1632/766/957 1661/773/964 1748/767/958
f 1685/769/960 1673/1190/1447 1645/770/961
f 1641/772/963 1728/781/971 1748/767/958
f 1637/774/965 1724/783/972 1744/775/966
f 1732/777/968 1609/1148/1417 1622/778/969
f 1605/780/934 1668/1822/933 1728/781/971
f 1632/782/957 1721/1826/959 1724/783/972
f 1697/722/929 1621/1160/1427 1774/723/973
f 1601/741/932 1733/1233/1484 1698/784/975
f 1720/786/977 1873/730/981 1876/787/978
f 1749/734/980 1900/790/984 1873/730/981
f 1821/788/982 1816/761/951 1752/760/950
f 1749/734/980 1729/797/994 1880/735/983
f 1640/736/925 1793/735/924 1757/711/909
f 1684/792/986 1838/798/997 1825/793/987
f 1745/738/989 1725/739/979 1876/787/978
f 1664/710/931 1817/740/930 1820/711/991
f 1744/775/966 1686/1204/1459 1709/796/993
f 1729/797/994 1669/791/992 1820/711/991
f 1660/734/923 1633/728/917 1784/730/919
f 1708/725/914 1862/727/916 1808/795/996
f 1684/792/986 1745/738/989 1896/795/990
f 1173/799/998 1177/562/829 921/563/830
f 1204/801/890 1253/808/1004 1257/802/999
f 1188/804/883 1237/814/1009 1241/805/1001
f 1200/807/1003 1249/815/1010 1253/808/1004
f 1176/809/1005 1172/561/828 1221/560/827
f 1192/806/1002 1241/805/1001 1245/811/1007
f 1184/813/1008 1233/820/1014 1237/814/1009
f 1196/812/880 1245/811/1007 1249/815/1010
f 1212/816/877 1261/818/1012 1216/817/1011
f 1212/816/877 1208/803/1000 1257/802/999
f 1180/819/1013 1229/821/1015 1233/820/1014
f 1180/819/1013 1176/809/1005 1225/810/1006
f 1315/827/1016 1317/837/1998 1316/828/1017
f 1319/829/1019 1320/832/1999 1317/830/1019
f 1313/687/1020 1318/833/2000 1320/832/1020
f 1318/833/1022 1322/962/2001 1323/834/1023
f 1321/835/1025 1323/838/2002 1322/836/1026
f 1321/835/1028 1316/828/2003 1317/837/1028
f 1327/839/1031 1329/842/2004 1328/840/1032
f 1327/839/1034 1331/1760/2005 1332/841/1035
f 1330/843/1037 1332/1899/2006 1331/844/1038
f 1334/846/1040 1335/849/2007 1332/847/1040
f 1326/691/1042 1333/850/2008 1335/849/1042
f 1333/850/1044 1328/1754/2009 1329/851/1045
f 1339/853/1048 1341/1900/2010 1340/854/1049
f 1343/855/1051 1344/866/2011 1341/856/1051
f 1342/858/1053 1344/866/2012 1343/855/1054
f 1346/860/1056 1347/863/2013 1344/861/1056
f 1338/690/1057 1345/864/2014 1347/863/1057
f 1345/864/1059 1340/943/2015 1341/865/1060
f 1351/868/1063 1353/871/2016 1352/869/1064
f 1351/868/1066 1355/873/2017 1356/870/1066
f 1354/872/1068 1356/870/2018 1355/873/1069
f 1358/874/1071 1359/877/2019 1356/875/1072
f 1350/684/1074 1357/878/2020 1359/877/1074
f 1357/878/1076 1352/930/2021 1353/879/1077
f 1363/882/1080 1365/885/2022 1364/883/1081
f 1363/882/1083 1367/1759/2023 1368/884/1084
f 1366/886/1086 1368/1901/2024 1367/887/1087
f 1370/889/1089 1371/892/2025 1368/890/1090
f 1362/689/1092 1369/893/2026 1371/892/1092
f 1369/893/1094 1364/1755/2027 1365/894/1095
f 1375/896/1098 1377/1902/2028 1376/897/1099
f 1375/898/1101 1379/902/2029 1380/899/1101
f 1378/901/1103 1380/899/2030 1379/902/1104
f 1382/903/1106 1383/906/2031 1380/904/1107
f 1374/688/1109 1381/907/2032 1383/906/1109
f 1381/907/1111 1376/978/2033 1377/908/1111
f 1387/910/1114 1389/1903/2034 1388/911/1115
f 1391/912/1117 1392/921/2035 1389/913/1118
f 1390/915/1120 1392/921/2036 1391/912/1121
f 1394/916/1123 1395/919/2037 1392/917/1123
f 1386/673/1125 1393/920/2038 1395/919/1125
f 1393/920/1127 1388/1904/2039 1389/890/1128
f 1399/923/1131 1401/927/2040 1400/924/1132
f 1403/926/1134 1404/934/2041 1401/927/1134
f 1402/928/1136 1404/934/2042 1403/926/1137
f 1406/929/1139 1407/877/2043 1404/879/1140
f 1398/684/1142 1405/931/2044 1407/877/1142
f 1405/931/1144 1400/1756/2045 1401/932/1145
f 1411/936/1148 1413/939/2046 1412/937/1149
f 1415/938/1151 1416/946/2047 1413/939/1151
f 1414/940/1153 1416/1905/2048 1415/941/1154
f 1418/942/1156 1419/944/2049 1416/865/1156
f 1410/685/1158 1417/945/2050 1419/944/1158
f 1417/945/1160 1412/862/2051 1413/861/1161
f 1423/948/1164 1425/1906/2052 1424/949/1165
f 1423/950/1167 1427/954/2053 1428/951/1167
f 1426/953/1169 1428/951/2054 1427/954/1170
f 1430/850/1172 1431/849/2055 1428/955/1172
f 1422/686/1174 1429/957/2056 1431/849/1174
f 1429/957/1176 1424/1907/2057 1425/847/1177
f 1435/959/1180 1437/968/2058 1436/960/1181
f 1439/961/1183 1440/832/2059 1437/834/1184
f 1433/687/1186 1438/963/2060 1440/832/1186
f 1438/963/1188 1442/1757/2061 1443/964/1189
f 1441/965/1191 1443/969/2062 1442/966/1192
f 1441/965/1194 1436/960/1194 1437/968/1194
f 1447/970/1197 1449/974/2063 1448/971/1198
f 1447/970/1200 1451/1758/2064 1452/973/1200
f 1450/975/1202 1452/1908/2065 1451/976/1203
f 1454/977/1205 1455/979/2066 1452/908/1206
f 1446/672/1208 1453/980/2067 1455/979/1208
f 1453/980/1210 1448/1909/2068 1449/981/1211
f 1459/983/1214 1461/1910/2069 1460/984/1215
f 1463/985/1217 1464/988/1217 1461/986/1217
f 1457/717/1219 1462/989/2070 1464/988/1219
f 1462/989/1221 1466/1765/2071 1467/990/1222
f 1465/991/1224 1467/994/2072 1466/992/1225
f 1460/993/1227 1461/1911/2073 1467/994/1227
f 1471/995/1230 1473/998/2074 1472/996/1231
f 1475/997/1233 1476/1912/2075 1473/998/1233
f 1474/999/1235 1476/1912/2076 1475/997/1236
f 1478/1001/1238 1479/1004/2077 1476/1002/1239
f 1470/721/1241 1477/1005/2078 1479/1004/1241
f 1477/1005/1243 1472/1761/2079 1473/1006/1243
f 1483/1009/1246 1485/1012/2080 1484/1010/1247
f 1487/1011/1249 1488/1021/1249 1485/1012/1249
f 1486/1013/1251 1488/1913/2081 1487/1014/1252
f 1490/1015/1254 1491/1018/2082 1488/1016/1255
f 1482/720/1257 1489/1019/2083 1491/1018/1257
f 1489/1019/1259 1484/1762/2084 1485/1020/1259
f 1495/1023/1262 1497/1914/2085 1496/1024/1263
f 1499/1025/1265 1500/1035/2086 1497/1026/1266
f 1498/1028/1268 1500/1035/2087 1499/1025/1269
f 1502/1029/1271 1503/1032/2088 1500/1030/1271
f 1494/713/1272 1501/1033/2089 1503/1032/1272
f 1501/1033/1274 1496/1085/2090 1497/1034/1274
f 1507/1037/1277 1509/1040/2091 1508/1038/1278
f 1511/1039/1280 1512/1050/2092 1509/1040/1280
f 1510/1041/1282 1512/1050/2093 1511/1039/1283
f 1514/1043/1285 1515/1046/2094 1512/1044/1286
f 1506/702/1288 1513/1047/2095 1515/1046/1288
f 1513/1047/1290 1508/1763/2096 1509/1048/1291
f 1519/1052/1294 1521/1915/2097 1520/1053/1295
f 1519/1054/1297 1523/1058/2098 1524/1055/1298
f 1522/1057/1300 1524/1055/2099 1523/1058/1301
f 1526/1059/1303 1527/1062/2100 1524/1060/1304
f 1518/719/1306 1525/1063/2101 1527/1062/1306
f 1525/1063/1308 1520/1764/1308 1521/1064/1309
f 1531/1066/1312 1533/1069/2102 1532/1067/1313
f 1535/1068/1315 1536/1916/2103 1533/1069/1315
f 1534/1070/1317 1536/1916/2104 1535/1068/1318
f 1538/1071/1320 1539/1074/2105 1536/1072/1321
f 1530/702/1323 1537/1043/2106 1539/1074/1323
f 1537/1043/1325 1532/1766/2107 1533/1075/1326
f 1543/1078/1329 1545/1082/2108 1544/1079/1330
f 1547/1081/1332 1548/1089/2109 1545/1082/1333
f 1546/1083/1335 1548/1917/2110 1547/1084/1336
f 1550/1033/1338 1551/1086/2111 1548/1034/1339
f 1542/713/1341 1549/1087/2112 1551/1086/1341
f 1549/1087/1343 1544/1767/2113 1545/1088/1344
f 1555/1091/1346 1557/1918/2114 1556/1092/1347
f 1559/1094/1349 1560/1102/2115 1557/1095/1349
f 1558/1097/1350 1560/1102/2116 1559/1094/1351
f 1562/1098/1353 1563/1101/2117 1560/1099/1354
f 1554/714/1356 1561/1015/2118 1563/1101/1356
f 1561/1015/1358 1556/1017/1358 1557/1016/1358
f 1567/1104/1361 1569/1107/2119 1568/1105/1362
f 1571/1106/1364 1572/1115/2120 1569/1107/1365
f 1570/1108/1367 1572/1115/2121 1571/1106/1368
f 1574/1109/1370 1575/1112/2122 1572/1110/1371
f 1566/715/1373 1573/1001/2123 1575/1112/1373
f 1573/1001/1375 1568/1003/2124 1569/1113/1376
f 1579/1117/1379 1581/1919/2125 1580/1118/1380
f 1583/989/1382 1584/1121/2126 1581/1119/1382
f 1577/716/1384 1582/1122/2127 1584/1121/1384
f 1582/1122/1386 1586/987/2128 1587/986/1387
f 1585/1123/1389 1587/1920/2129 1586/1124/1390
f 1580/1118/1392 1581/1919/2130 1587/1126/1392
f 1591/1128/1395 1593/1132/2131 1592/1129/1396
f 1595/1131/1398 1596/1139/2132 1593/1132/1398
f 1594/1133/1400 1596/1921/2133 1595/1134/1401
f 1598/1135/1403 1599/1137/2134 1596/1064/1404
f 1590/701/1406 1597/1059/2135 1599/1137/1406
f 1597/1059/1408 1592/1061/2136 1593/1138/1408
f 1608/731/920 1611/1784/1413 1613/1141/1411
f 1611/1143/1413 1615/1147/1416 1616/1144/1414
f 1614/1146/1415 1616/1144/1414 1615/1147/1416
f 1614/1146/1415 1618/1794/1420 1619/1149/1418
f 1617/1150/1419 1619/1153/1418 1618/1151/1420
f 1612/1152/1412 1613/1922/1411 1619/1153/1418
f 1620/733/922 1623/1156/1423 1625/1154/1421
f 1623/1156/1423 1627/1889/1426 1628/1157/1424
f 1626/1158/1425 1628/1923/1424 1627/1159/1426
f 1630/1161/1428 1631/1166/1430 1628/1162/1424
f 1629/1164/1429 1631/1166/1430 1630/1161/1428
f 1624/1165/1422 1625/1924/1421 1631/1166/1430
f 1647/1168/1431 1649/1180/1435 1648/1169/1432
f 1651/1171/1434 1652/1176/1438 1649/1172/1435
f 1650/1174/1436 1652/1176/1438 1651/1171/1434
f 1654/1175/1437 1655/1182/1439 1652/1176/1438
f 1646/746/937 1653/1890/1440 1655/1177/1439
f 1653/1179/1440 1648/1169/1432 1649/1180/1435
f 1672/744/935 1675/1833/1443 1677/1183/1441
f 1675/1185/1443 1679/1189/1446 1680/1186/1444
f 1678/1188/1445 1680/1186/1444 1679/1189/1446
f 1678/1188/1445 1682/1834/1450 1683/1191/1448
f 1681/1192/1449 1683/1195/1448 1682/1193/1450
f 1676/1194/1442 1677/1181/1441 1683/1195/1448
f 1687/1196/1451 1689/1196/1454 1688/1196/1452
f 1691/1197/1453 1692/1207/1457 1689/1198/1454
f 1690/1199/1455 1692/1207/1457 1691/1197/1453
f 1694/1200/1456 1695/1206/1460 1692/1201/1457
f 1693/1203/1458 1695/1206/1460 1694/1200/1456
f 1693/1203/1458 1688/1205/1452 1689/1205/1454
f 1699/1209/1461 1701/1212/1464 1700/1210/1462
f 1699/1209/1461 1703/1211/1466 1704/1211/1463
f 1702/1213/1465 1704/1213/1463 1703/1213/1466
f 1706/1214/1467 1707/1925/1469 1704/1205/1463
f 1705/1215/1468 1707/1925/1469 1706/1214/1467
f 1705/1216/1468 1700/1210/1462 1701/1212/1464
f 1711/1196/1470 1713/1196/1473 1712/1196/1471
f 1715/1218/1472 1716/1222/1476 1713/1219/1473
f 1714/1220/1474 1716/1222/1476 1715/1218/1472
f 1714/1220/1474 1718/1806/1478 1719/1221/1475
f 1717/1223/1477 1719/1226/1475 1718/1224/1478
f 1717/1223/1477 1712/1225/1471 1713/1225/1473
f 1735/1227/1479 1737/1230/1482 1736/1228/1480
f 1739/1229/1481 1740/1237/1486 1737/1230/1482
f 1738/1231/1483 1740/1235/1486 1739/1232/1481
f 1738/1231/1483 1742/1234/1488 1743/1234/1485
f 1741/1213/1487 1743/1213/1485 1742/1213/1488
f 1736/1228/1480 1737/1230/1482 1743/1236/1485
f 1763/1238/1489 1765/1926/1493 1764/1239/1490
f 1767/1241/1492 1768/1251/1496 1765/1242/1493
f 1766/1244/1494 1768/1251/1496 1767/1241/1492
f 1770/1245/1495 1771/1250/1499 1768/1246/1496
f 1769/1248/1497 1771/1250/1499 1770/1245/1495
f 1764/1143/1490 1765/1927/1493 1771/1250/1499
f 1775/1253/1500 1777/1264/1503 1776/1254/1501
f 1775/1255/1500 1779/1259/1505 1780/1256/1502
f 1778/1258/1504 1780/1256/1502 1779/1259/1505
f 1778/1258/1504 1782/1887/1508 1783/1260/1506
f 1781/1261/1507 1783/1928/1506 1782/1262/1508
f 1781/1263/1507 1776/1254/1501 1777/1264/1503
f 1799/1266/1509 1801/1269/1512 1800/1267/1510
f 1803/1268/1511 1804/1278/1515 1801/1269/1512
f 1802/1270/1513 1804/1929/1515 1803/1271/1511
f 1806/1272/1514 1807/1277/1517 1804/1273/1515
f 1805/1275/1516 1807/1277/1517 1806/1272/1514
f 1805/1275/1516 1800/1838/1510 1801/1276/1512
f 1827/1280/1518 1829/1930/1522 1828/1253/1519
f 1827/1268/1518 1831/1285/1524 1832/1282/1521
f 1830/1284/1523 1832/1282/1521 1831/1285/1524
f 1834/1286/1525 1835/1291/1528 1832/1287/1521
f 1833/1289/1526 1835/1291/1528 1834/1286/1525
f 1828/1185/1519 1829/1931/1522 1835/1291/1528
f 1839/1293/1529 1841/1295/1532 1840/1294/1530
f 1843/1253/1505 1844/1264/1534 1841/1295/1532
f 1842/1296/1504 1844/1299/1534 1843/1297/1505
f 1842/1296/1504 1846/1888/1508 1847/1298/1533
f 1845/1300/1535 1847/1932/1533 1846/1301/1508
f 1840/1294/1530 1841/1295/1532 1847/1302/1533
f 1851/1303/1536 1853/1306/1539 1852/1304/1537
f 1855/1305/1538 1856/1313/1542 1853/1306/1539
f 1854/1307/1540 1856/1264/1542 1855/1308/1538
f 1858/1263/1541 1859/1265/1544 1856/1264/1542
f 1857/1309/1543 1859/1933/1544 1858/1310/1541
f 1857/1311/1543 1852/1304/1537 1853/1306/1539
f 1863/1314/1545 1865/1323/1548 1864/1315/1546
f 1863/1270/1545 1867/1319/1550 1868/1316/1547
f 1866/1318/1549 1868/1316/1547 1867/1319/1550
f 1866/1318/1549 1870/1885/1553 1871/1320/1551
f 1869/1301/1552 1871/1934/1551 1870/1300/1553
f 1864/1315/1546 1865/1323/1548 1871/1321/1551
f 1887/1310/1554 1889/1935/1557 1888/1325/1555
f 1891/1326/1556 1892/1335/1561 1889/1327/1557
f 1890/1239/1558 1892/1335/1561 1891/1326/1556
f 1894/1329/1560 1895/1334/1563 1892/1330/1561
f 1893/1332/1562 1895/1334/1563 1894/1329/1560
f 1893/1332/1562 1888/1856/1555 1889/1333/1557
f 988/423/737 990/1338/1565 999/1337/1564
f 990/1338/1565 991/1936/1567 998/1339/1566
f 993/402/717 997/404/719 999/1342/1564
f 995/1343/1568 999/1342/1564 998/1344/1566
f 1005/415/730 1008/481/777 1010/1347/1570
f 1007/1348/1571 1010/1347/1570 1011/1349/1572
f 1000/536/743 1002/1353/1574 1010/1352/1570
f 1002/1353/1574 1003/1939/1575 1011/1354/1572
f 1000/430/743 993/402/717 995/1357/1568
f 995/1357/1568 994/1940/1569 1003/1359/1575
f 964/399/714 966/1363/1577 975/1362/1576
f 966/1363/1577 967/1941/1579 974/1364/1578
f 969/396/711 973/408/723 975/1367/1576
f 971/1368/1580 975/1367/1576 974/1369/1578
f 988/423/737 980/434/747 982/1372/1582
f 982/1372/1582 983/1943/1585 991/1374/1567
f 980/434/747 984/436/749 986/1376/1583
f 982/1377/1582 986/1376/1583 987/1378/1584
f 976/485/779 978/1382/1586 986/1381/1583
f 978/1382/1586 979/1946/1587 987/1383/1584
f 969/396/711 971/1388/1580 978/1386/1586
f 971/1388/1580 970/1947/1581 979/1389/1587
f 940/410/725 942/1392/1589 951/1391/1588
f 942/1392/1589 943/1949/1591 950/1393/1590
f 945/445/756 949/405/720 951/1396/1588
f 947/1397/1592 951/1396/1588 950/1398/1590
f 964/399/714 956/401/716 958/1401/1594
f 958/1401/1594 959/1951/1595 967/1403/1579
f 956/401/716 960/450/760 962/1406/1596
f 958/1407/1594 962/1406/1596 963/1408/1597
f 952/477/755 954/1412/1598 962/1411/1596
f 954/1412/1598 955/1953/1599 963/1413/1597
f 945/445/756 947/1954/1592 954/1416/1598
f 954/1416/1598 947/1954/1592 946/1417/1593
f 1017/427/740 1020/429/742 1022/1421/1600
f 1019/1422/1601 1022/1421/1600 1023/1423/1602
f 1012/413/728 1014/1427/1604 1022/1426/1600
f 1014/1427/1604 1015/1956/1605 1023/1428/1602
f 1012/413/728 1005/415/730 1007/1431/1571
f 1007/1431/1571 1006/1957/1573 1015/1433/1605
f 928/1436/745 930/1438/1607 939/1437/1606
f 930/1438/1607 931/1958/1609 938/1439/1608
f 933/412/727 937/420/734 939/1442/1606
f 935/1443/1610 939/1442/1606 938/1444/1608
f 940/410/725 933/412/727 935/1447/1610
f 935/1447/1610 934/1960/1611 943/1449/1591
f 928/432/745 1017/427/740 1019/1452/1601
f 1019/1452/1601 1018/1961/1603 931/1454/1609
f 1093/509/793 1084/498/788 1086/1457/1612
f 1095/1459/1613 1086/1962/1612 1087/1460/1614
f 1094/1461/1615 1087/1460/1614 1085/422/736
f 1093/509/793 1095/1963/1613 1091/1462/1616
f 1095/1463/1613 1094/1466/1615 1090/1464/1617
f 1094/1466/1615 1092/403/718 1088/431/744
f 1104/528/803 1106/1964/1619 1103/1467/1618
f 1106/1468/1619 1107/1471/1621 1102/1469/1620
f 1107/1471/1621 1105/482/778 1100/414/729
f 1104/528/803 1096/505/791 1098/1472/1622
f 1106/1474/1619 1098/1965/1622 1099/1475/1623
f 1107/1476/1621 1099/1475/1623 1097/537/807
f 1069/533/806 1060/525/801 1062/1477/1624
f 1071/1479/1625 1062/1966/1624 1063/1480/1626
f 1070/1481/1627 1063/1480/1626 1061/421/735
f 1069/533/806 1071/1967/1625 1067/1482/1628
f 1071/1483/1625 1070/1486/1627 1066/1484/1629
f 1070/1486/1627 1068/409/724 1064/398/713
f 1080/504/790 1082/1968/1631 1079/1487/1630
f 1082/1488/1631 1083/1491/1633 1078/1489/1632
f 1083/1491/1633 1081/435/748 1076/440/752
f 1080/504/790 1072/493/785 1074/1492/1634
f 1082/1494/1631 1074/1969/1634 1075/1495/1635
f 1083/1496/1633 1075/1495/1635 1073/484/712
f 1045/515/797 1036/510/794 1038/1497/1636
f 1047/1499/1637 1038/1970/1636 1039/1500/1638
f 1046/1501/1639 1039/1500/1638 1037/465/769
f 1045/515/797 1047/1971/1637 1043/1502/1640
f 1047/1503/1637 1046/1506/1639 1042/1504/1641
f 1046/1506/1639 1044/407/722 1040/406/721
f 1056/531/805 1058/1972/1643 1055/1507/1642
f 1058/1508/1643 1059/1511/1645 1054/1509/1644
f 1059/1511/1645 1057/449/759 1052/400/715
f 1056/531/805 1048/529/804 1050/1512/1646
f 1058/1514/1643 1050/1973/1646 1051/1515/1647
f 1059/1516/1645 1051/1515/1647 1049/476/774
f 1116/497/787 1118/1974/1649 1115/1517/1648
f 1118/1518/1649 1119/1521/1651 1114/1519/1650
f 1119/1521/1651 1117/428/741 1112/433/746
f 1116/497/787 1108/516/798 1110/1522/1652
f 1118/1524/1649 1110/1975/1652 1111/1525/1653
f 1119/1526/1651 1111/1525/1653 1109/464/768
f 1033/524/800 1024/416/731 1026/1527/1654
f 1035/1529/1655 1026/1976/1654 1027/1530/1656
f 1034/1531/1657 1027/1530/1656 1025/1532/1658
f 1033/524/800 1035/1977/1655 1031/1533/1659
f 1035/1534/1655 1034/1537/1657 1030/1535/1660
f 1034/1537/1657 1032/419/733 1028/411/726
f 1036/510/794 1029/512/795 1031/1538/1659
f 1031/1540/1659 1030/1543/1660 1039/1541/1638
f 1030/1543/1660 1028/411/726 1037/465/769
f 1113/495/786 1115/1978/1648 1026/1544/1654
f 1026/1545/1654 1115/1979/1648 1114/1546/1650
f 1027/1547/1656 1114/1546/1650 1112/433/746
f 1041/513/796 1043/1980/1640 1050/1549/1646
f 1050/1550/1646 1043/1981/1640 1042/1551/1641
f 1051/1552/1647 1042/1551/1641 1040/406/721
f 1060/525/801 1053/527/802 1055/1554/1642
f 1055/1556/1642 1054/1559/1644 1063/1557/1626
f 1054/1559/1644 1052/400/715 1061/421/735
f 1072/493/785 1065/490/784 1067/1560/1628
f 1074/1562/1634 1067/1982/1628 1066/1563/1629
f 1066/1563/1629 1064/398/713 1073/397/712
f 1084/498/788 1077/500/789 1079/1565/1630
f 1086/1567/1612 1079/1983/1630 1078/1568/1632
f 1078/1568/1632 1076/440/752 1085/422/736
f 1096/505/791 1089/508/792 1091/1570/1616
f 1091/1572/1616 1090/1575/1617 1099/1573/1623
f 1090/1575/1617 1088/431/744 1097/1576/807
f 1108/516/798 1101/523/799 1103/1577/1618
f 1103/1579/1618 1102/1582/1620 1111/1580/1653
f 1102/1582/1620 1100/414/729 1109/464/768
f 1120/654/882 1122/1584/1662 1127/1583/1661
f 1122/1584/1662 1123/1984/1664 1126/1585/1663
f 1123/1586/1664 1121/487/781 1124/489/783
f 1125/653/881 1127/1583/1661 1131/1588/1665
f 1127/1583/1661 1126/1985/1663 1130/1589/1666
f 1130/1590/1666 1126/1986/1663 1124/602/783
f 1129/647/875 1131/1588/1665 1135/1591/1667
f 1131/1588/1665 1130/1987/1666 1134/1592/1668
f 1130/1593/1666 1128/603/853 1132/604/854
f 1137/658/886 1133/645/873 1135/1591/1667
f 1135/1591/1667 1134/1988/1668 1138/1596/1670
f 1138/1597/1670 1134/1989/1668 1132/604/854
f 1137/658/886 1139/1595/1669 1143/1598/1671
f 1139/1595/1669 1138/1990/1670 1142/1599/1672
f 1138/1600/1670 1136/610/856 1140/600/852
f 1145/641/869 1141/648/876 1143/1598/1671
f 1143/1598/1671 1142/1991/1672 1146/1603/1674
f 1142/1604/1672 1140/600/852 1144/601/845
f 1145/641/869 1147/1602/1673 1151/1606/1675
f 1147/1602/1673 1146/1992/1674 1150/1607/1676
f 1146/1608/1674 1144/601/845 1148/606/855
f 1149/639/868 1151/1606/1675 1155/1610/1677
f 1151/1606/1675 1150/1993/1676 1154/1611/1678
f 1150/1612/1676 1148/609/855 1152/598/850
f 1153/651/879 1155/1610/1677 1159/1614/1679
f 1155/1610/1677 1154/1994/1678 1158/1615/1680
f 1154/1616/1678 1152/598/850 1156/599/851
f 1157/644/872 1159/1614/1679 1163/1618/1681
f 1159/1614/1679 1158/1995/1680 1162/1619/1682
f 1162/1620/1682 1158/1996/1680 1156/599/851
f 1161/642/870 1163/1618/1681 1167/1621/1683
f 1163/1618/1681 1162/1997/1682 1166/1622/1684
f 1166/1623/1684 1162/1998/1682 1160/608/835
f 1120/654/882 1165/656/884 1167/1621/1683
f 1167/1621/1683 1166/1999/1684 1123/1624/1664
f 1166/1625/1684 1164/597/849 1121/487/781
f 1168/596/848 1170/1666/1686 1175/1627/1685
f 1170/1629/1686 1171/1632/1688 1174/1630/1687
f 1171/1632/1688 1169/559/826 1172/561/828
f 1173/799/998 1175/2000/1685 1179/1633/1689
f 1175/1631/1685 1174/1630/1687 1178/1634/1690
f 1174/1630/1687 1172/561/828 1176/809/1005
f 1177/562/829 1179/1633/1689 1183/1636/1691
f 1179/1635/1689 1178/1634/1690 1182/1637/1692
f 1178/1634/1690 1176/809/1005 1180/819/1013
f 1181/538/808 1183/1636/1691 1187/1639/1693
f 1183/1638/1691 1182/1637/1692 1186/1641/1694
f 1182/1637/1692 1180/819/1013 1184/813/1008
f 1185/547/817 1187/2001/1693 1191/1643/1695
f 1187/1642/1693 1186/1641/1694 1190/1644/1696
f 1186/1641/1694 1184/813/1008 1188/804/883
f 1189/557/824 1191/1643/1695 1195/1646/1697
f 1191/1645/1695 1190/1644/1696 1194/1647/1698
f 1194/1647/1698 1190/1644/1696 1188/804/883
f 1193/566/832 1195/1646/1697 1199/1649/1699
f 1195/1648/1697 1194/1647/1698 1198/1651/1700
f 1194/1647/1698 1192/806/1002 1196/812/880
f 1197/544/814 1199/2002/1699 1203/1653/1701
f 1199/1652/1699 1198/1651/1700 1202/1654/1702
f 1198/1651/1700 1196/812/880 1200/807/1003
f 1205/564/831 1201/555/822 1203/1653/1701
f 1203/1655/1701 1202/1654/1702 1206/1657/1704
f 1202/1654/1702 1200/807/1003 1204/801/890
f 1205/564/831 1207/1656/1703 1211/1659/1705
f 1207/1658/1703 1206/1657/1704 1210/1661/1706
f 1206/1657/1704 1204/801/890 1208/803/1000
f 1209/541/811 1211/2003/1705 1215/1663/1707
f 1211/1662/1705 1210/1661/1706 1214/1664/1708
f 1210/1661/1706 1208/803/1000 1212/816/877
f 1213/553/820 1215/1663/1707 1170/1666/1686
f 1215/1665/1707 1214/1664/1708 1171/1632/1688
f 1214/1664/1708 1212/816/877 1169/559/826
f 1216/817/1011 1218/1668/1710 1223/1667/1709
f 1218/1668/1710 1219/2004/1730 1222/1669/1711
f 1222/1670/1711 1219/2005/1730 1217/550/781
f 1225/810/1006 1221/560/827 1223/1671/1709
f 1223/1673/1709 1222/2006/1711 1226/1674/1713
f 1226/1674/1713 1222/2006/1711 1220/588/819
f 1229/821/1015 1225/810/1006 1227/1676/1712
f 1227/1678/1712 1226/2007/1713 1230/1679/1715
f 1230/1679/1715 1226/2007/1713 1224/590/846
f 1229/821/1015 1231/2008/1714 1235/1681/1716
f 1231/1682/1714 1230/2009/1715 1234/1683/1717
f 1234/1683/1717 1230/2009/1715 1228/568/833
f 1233/820/1014 1235/1686/1716 1239/1685/1718
f 1235/1686/1716 1234/2010/1717 1238/1687/1719
f 1234/1688/1717 1232/577/834 1236/579/839
f 1237/814/1009 1239/1685/1718 1243/1690/1720
f 1239/1685/1718 1238/2011/1719 1242/1691/1721
f 1238/1692/1719 1236/579/839 1240/587/845
f 1241/805/1001 1243/1690/1720 1247/1694/1722
f 1243/1690/1720 1242/2012/1721 1246/1695/1723
f 1242/1696/1721 1240/587/845 1244/595/837
f 1245/811/1007 1247/1694/1722 1251/1698/1677
f 1247/1694/1722 1246/2013/1723 1250/1699/1724
f 1250/1700/1724 1246/2014/1723 1244/574/837
f 1249/815/1010 1251/1698/1677 1255/1701/1725
f 1251/1698/1677 1250/2015/1724 1254/1702/1726
f 1250/1703/1724 1248/576/838 1252/585/844
f 1253/808/1004 1255/1701/1725 1259/1705/1727
f 1255/1701/1725 1254/2016/1726 1258/1706/1728
f 1254/1707/1726 1252/585/844 1256/593/835
f 1261/818/1012 1257/802/999 1259/1705/1727
f 1259/1705/1727 1258/2017/1728 1262/1710/1729
f 1258/1711/1728 1256/571/835 1260/573/836
f 1261/818/1012 1263/1709/1683 1218/1668/1710
f 1263/1709/1683 1262/2018/1729 1219/1713/1730
f 1262/1714/1729 1260/573/836 1217/550/781
f 1264/582/832 1266/1752/1731 1271/1716/1699
f 1266/1717/1731 1267/1753/1750 1270/1718/1732
f 1270/1718/1732 1267/1753/1750 1265/660/888
f 1269/613/840 1271/2019/1699 1275/1720/1733
f 1271/1719/1699 1270/1718/1732 1274/1721/1734
f 1270/1718/1732 1268/652/880 1272/646/874
f 1273/611/857 1275/1720/1733 1279/1723/1735
f 1279/1724/1735 1275/1722/1733 1274/1721/1734
f 1274/1721/1734 1272/646/874 1276/662/890
f 1277/614/858 1279/1723/1735 1283/1726/1737
f 1283/1727/1737 1279/1724/1735 1278/1725/1736
f 1278/1725/1736 1276/662/890 1280/657/885
f 1281/632/862 1283/2020/1737 1287/1729/1738
f 1283/1727/1737 1282/1728/1706 1286/1730/1739
f 1282/1728/1706 1280/657/885 1284/649/877
f 1285/630/865 1287/1729/1738 1291/1732/1740
f 1287/1731/1738 1286/1730/1739 1290/1733/1688
f 1286/1730/1739 1284/649/877 1288/640/826
f 1289/621/848 1291/1732/1740 1295/1735/1685
f 1291/1734/1740 1290/1733/1688 1294/1736/1741
f 1290/1733/1688 1288/640/826 1292/659/887
f 1297/627/864 1293/629/861 1295/1738/1685
f 1295/1737/1685 1294/1736/1741 1298/1740/1743
f 1298/1740/1743 1294/1736/1741 1292/659/887
f 1297/627/864 1299/1739/1742 1303/1742/1744
f 1299/1741/1742 1298/1740/1743 1302/1743/1745
f 1298/1740/1743 1296/650/878 1300/643/871
f 1301/618/860 1303/1742/1744 1307/1745/1746
f 1303/1744/1744 1302/1743/1745 1306/1746/1747
f 1306/1746/1747 1302/1743/1745 1300/643/871
f 1309/624/863 1305/626/859 1307/1748/1746
f 1307/1747/1746 1306/1746/1747 1310/1750/1749
f 1310/1750/1749 1306/1746/1747 1304/661/889
f 1309/624/863 1311/1749/1748 1266/1752/1731
f 1311/1751/1748 1310/1750/1749 1267/1753/1750
f 1310/1750/1749 1308/655/883 1265/660/888
f 1313/687/1751 1319/829/2137 1333/850/1752
f 1333/850/1753 1319/829/1753 1315/831/1753
f 1328/840/1754 1315/827/1755 1312/633/1755
f 1338/690/1756 1326/691/1757 1334/846/1757
f 1334/846/1758 1330/848/1758 1340/943/1758
f 1330/843/1759 1325/845/1759 1336/663/1760
f 1350/684/1761 1338/690/1762 1346/860/1762
f 1357/878/1763 1346/860/1764 1342/862/1764
f 1342/858/1765 1337/859/1765 1348/669/1766
f 1350/684/1767 1358/874/1767 1369/893/1767
f 1369/893/1768 1358/874/1768 1354/876/1768
f 1364/883/1770 1354/872/1771 1349/675/1771
f 1374/688/1772 1362/689/1773 1370/889/1773
f 1381/907/1774 1370/889/1774 1366/891/1774
f 1376/897/1775 1366/886/1776 1361/888/1776
f 1313/687/1777 1374/688/1777 1382/903/1777
f 1382/903/1778 1378/905/1778 1322/962/1779
f 1322/836/1780 1378/901/1781 1373/678/1781
f 1444/972/1782 1448/971/1782 1435/959/1783
f 1435/962/1784 1448/1909/1784 1453/980/1784
f 1439/961/1785 1453/980/1785 1446/672/1785
f 1445/668/1786 1384/667/1787 1388/911/1787
f 1450/978/1788 1388/1904/1788 1393/920/1788
f 1393/920/1789 1386/673/1789 1446/672/1789
f 1396/925/1790 1400/924/1790 1390/915/1791
f 1400/1756/1792 1405/931/1792 1394/916/1792
f 1394/916/1793 1405/931/2138 1398/684/1793
f 1397/671/1794 1408/670/1795 1412/937/1795
f 1402/930/1796 1412/862/1797 1417/945/1797
f 1417/945/1798 1410/685/1798 1398/684/1798
f 1409/665/1799 1420/664/1800 1424/949/1800
f 1414/943/1801 1424/1907/1801 1429/957/1801
f 1429/957/1802 1422/686/1802 1410/685/1803
f 1434/967/1804 1442/966/1804 1426/953/1805
f 1442/1757/1807 1438/963/1807 1430/850/1807
f 1430/850/1808 1438/963/1809 1433/687/1809
f 1445/668/1810 1451/976/1810 1375/896/1811
f 1451/1758/1812 1447/970/1812 1379/902/1813
f 1447/970/1814 1444/972/1814 1373/678/1815
f 1312/633/1816 1316/828/1816 1441/965/1817
f 1316/828/1819 1321/835/1819 1436/960/1819
f 1321/835/1820 1314/680/1820 1432/679/1821
f 1397/671/1823 1403/926/1823 1351/868/1824
f 1403/926/1825 1399/923/1825 1355/873/1825
f 1355/873/1826 1399/923/1827 1396/925/1827
f 1361/888/1828 1367/887/2139 1387/910/1829
f 1367/1759/1830 1363/882/1830 1391/912/1831
f 1391/912/1832 1363/882/1833 1360/677/1833
f 1421/634/1835 1427/954/1835 1327/839/1836
f 1427/954/1837 1423/950/1837 1331/1760/1838
f 1423/948/1840 1420/664/2140 1325/845/1841
f 1408/670/1842 1337/859/1843 1343/855/1843
f 1343/855/1844 1339/857/1844 1415/938/1845
f 1339/853/1846 1336/663/1846 1409/665/1847
f 1470/721/1848 1457/717/1849 1463/985/1849
f 1477/1005/1850 1463/985/1851 1459/987/1851
f 1459/983/1852 1456/681/2141 1468/683/1853
f 1470/721/1854 1478/1001/1854 1489/1019/1855
f 1478/1001/1856 1474/1003/1856 1484/1762/1857
f 1474/999/1859 1469/1000/1859 1480/692/1859
f 1482/720/1860 1490/1015/1860 1501/1033/1860
f 1501/1033/1861 1490/1015/1861 1486/1017/1861
f 1496/1024/1862 1486/1013/1862 1481/698/1862
f 1506/702/1863 1494/713/2142 1502/1029/1864
f 1502/1029/1865 1498/1031/1865 1508/1763/1866
f 1498/1028/1867 1493/704/2143 1504/706/1868
f 1518/719/1869 1506/702/1870 1514/1043/1870
f 1514/1043/1871 1510/1045/1871 1520/1764/1872
f 1520/1053/1873 1510/1041/1874 1505/1042/1874
f 1518/719/1875 1526/1059/1875 1462/989/1875
f 1462/989/1876 1526/1059/1876 1522/1061/1876
f 1522/1057/1877 1517/707/1877 1458/709/1877
f 1576/708/1878 1588/1130/1879 1592/1129/1879
f 1579/1120/1880 1592/1061/1880 1597/1059/1880
f 1583/989/1881 1597/1059/1881 1590/701/1881
f 1528/696/1882 1532/1067/1882 1594/1133/1883
f 1532/1766/1884 1537/1043/1884 1598/1135/1885
f 1598/1135/1886 1537/1043/1887 1530/702/1887
f 1529/705/1888 1540/1080/2144 1544/1079/1889
f 1544/1767/1890 1549/1087/1890 1538/1071/1890
f 1549/1087/1891 1542/713/1891 1530/702/1892
f 1552/1093/1893 1556/1092/1893 1546/1083/1894
f 1556/1017/1895 1561/1015/1895 1550/1033/1896
f 1550/1033/1897 1561/1015/1897 1554/714/1897
f 1564/693/1898 1568/1105/1898 1558/1097/1898
f 1568/1003/1899 1573/1001/1899 1562/1098/1899
f 1562/1098/1900 1573/1001/1900 1566/715/1900
f 1565/682/1901 1578/1125/1902 1586/1124/1902
f 1586/987/1903 1582/1122/1903 1574/1109/1904
f 1582/1122/1905 1577/716/1905 1566/715/1906
f 1589/697/1907 1595/1134/1907 1519/1052/1908
f 1595/1131/1909 1591/1128/1909 1523/1058/1910
f 1591/1128/1911 1588/1130/1911 1517/707/1912
f 1578/1125/1913 1456/681/1914 1460/984/1914
f 1460/993/1915 1465/991/1915 1580/1118/1916
f 1465/991/1917 1458/709/1917 1576/708/1918
f 1541/699/1919 1547/1084/1919 1495/1023/1920
f 1547/1081/1921 1543/1078/1921 1499/1025/1922
f 1543/1078/1923 1540/1080/1923 1493/704/1924
f 1505/1042/1925 1511/1039/1925 1531/1066/1926
f 1511/1039/1927 1507/1037/1927 1535/1068/1927
f 1507/1037/1928 1504/706/1928 1529/705/1928
f 1565/682/1929 1571/1106/1929 1471/995/1929
f 1571/1106/1930 1567/1104/1930 1475/997/1931
f 1567/1104/1932 1564/693/1932 1469/1000/1933
f 1481/698/1934 1487/1014/1934 1555/1091/1935
f 1487/1011/1936 1483/1009/1936 1559/1094/1937
f 1483/1009/1938 1480/692/1938 1553/694/1938
f 1661/773/964 1632/766/957 1634/1768/1939
f 1663/1769/1940 1634/1768/1939 1635/1770/1941
f 1662/1772/1942 1635/2021/1941 1633/728/917
f 1644/1170/1433 1708/725/914 1712/1196/1471
f 1647/1173/1431 1712/1225/1471 1717/1223/1477
f 1651/1171/1434 1717/1223/1477 1710/771/962
f 1641/772/963 1661/773/964 1663/1773/1940
f 1643/1774/1943 1663/1773/1940 1662/1775/1942
f 1662/1777/1942 1660/734/923 1640/736/925
f 1656/776/967 1658/1780/1946 1639/1779/1945
f 1658/1780/1946 1659/2022/1948 1638/1781/1947
f 1659/1782/1948 1657/738/927 1636/739/928
f 1608/731/920 1620/733/922 1624/1155/1422
f 1611/1143/1413 1624/1165/1422 1629/1164/1429
f 1629/1164/1429 1622/778/969 1609/1148/1417
f 1605/780/934 1641/772/963 1643/1785/1943
f 1643/1785/1943 1642/2023/1944 1606/1787/1950
f 1642/1788/1944 1640/736/925 1604/791/985
f 1637/774/965 1639/1791/1945 1634/1790/1939
f 1639/1791/1945 1638/2024/1947 1635/1792/1941
f 1635/1793/1941 1638/2025/1947 1636/739/928
f 1610/724/913 1618/1151/1420 1741/1213/1487
f 1618/1794/1420 1614/1146/1415 1736/1228/1480
f 1614/1146/1415 1609/1148/1417 1732/777/968
f 1601/741/932 1605/743/934 1607/1795/1949
f 1603/1796/1951 1607/1795/1949 1606/1797/1950
f 1602/1799/1952 1606/2026/1950 1604/791/985
f 1720/786/977 1722/2021/1964 1751/1772/1953
f 1751/1800/1953 1722/2027/1964 1723/1801/1954
f 1750/1802/1955 1723/1801/1954 1721/768/959
f 1745/738/989 1684/792/986 1688/1196/1452
f 1747/1804/1956 1688/1205/1452 1693/1203/1458
f 1746/1805/1957 1693/1203/1458 1686/1204/1459
f 1710/771/962 1718/1224/1478 1690/1199/1455
f 1718/1806/1478 1714/1220/1474 1694/1200/1456
f 1714/1220/1474 1709/796/993 1686/1204/1459
f 1729/797/994 1749/734/980 1751/1777/1953
f 1751/1808/1953 1750/1811/1955 1730/1809/1959
f 1750/1811/1955 1748/767/958 1728/781/971
f 1725/739/979 1745/738/989 1747/1782/1956
f 1727/1812/1960 1747/1831/1956 1746/1813/1957
f 1726/1814/1961 1746/1813/1957 1744/775/966
f 1696/779/970 1700/1210/1462 1735/1227/1479
f 1735/1227/1479 1700/1210/1462 1705/1216/1468
f 1705/1215/1468 1698/784/975 1733/1233/1484
f 1600/710/908 1734/722/911 1742/1213/1488
f 1602/1816/1952 1742/1234/1488 1738/1231/1483
f 1603/1817/1951 1738/1231/1483 1733/1233/1484
f 1669/791/992 1729/797/994 1731/1788/1958
f 1671/1819/1962 1731/2028/1958 1730/1820/1959
f 1730/1820/1959 1728/781/971 1668/1822/933
f 1725/739/979 1727/2029/1960 1722/1793/1964
f 1727/1823/1960 1726/2030/1961 1723/1824/1954
f 1723/1824/1954 1726/2030/1961 1724/783/972
f 1664/710/931 1666/1815/1965 1702/1213/1465
f 1666/1804/1965 1667/1805/1966 1706/1214/1467
f 1667/1805/1966 1665/785/976 1698/784/975
f 1657/738/927 1659/1803/1948 1711/1196/1470
f 1659/1827/1948 1658/1828/1946 1715/1218/1472
f 1658/1828/1946 1656/776/967 1709/796/993
f 1669/791/992 1671/2031/1962 1666/1799/1965
f 1671/1829/1962 1670/1832/1963 1667/1830/1966
f 1670/1832/1963 1668/742/933 1665/785/976
f 1621/1160/1427 1697/722/929 1703/1213/1466
f 1626/1163/1425 1703/1211/1466 1699/1209/1461
f 1630/1161/1428 1699/1209/1461 1696/779/970
f 1646/746/937 1654/1178/1437 1675/1833/1443
f 1675/1185/1443 1654/1175/1437 1650/1174/1436
f 1650/1174/1436 1645/770/961 1673/1190/1447
f 1674/794/988 1682/1193/1450 1687/1196/1451
f 1682/1834/1450 1678/1188/1445 1691/1197/1453
f 1678/1188/1445 1673/1190/1447 1685/769/960
f 1784/730/919 1786/1852/1978 1815/1835/1967
f 1815/1836/1967 1786/1853/1978 1787/1837/1968
f 1787/1837/1968 1785/747/938 1812/749/940
f 1860/752/943 1864/1315/1546 1805/1275/1516
f 1864/1315/1546 1869/1322/1552 1800/1838/1510
f 1869/1301/1552 1862/727/916 1796/726/915
f 1813/790/995 1815/1835/1967 1795/1839/1970
f 1795/1840/1970 1815/1836/1967 1814/1841/1969
f 1814/1841/1969 1812/749/940 1792/758/948
f 1808/795/996 1810/1867/1973 1791/1843/1972
f 1810/1844/1973 1811/1847/1975 1790/1845/1974
f 1811/1847/1975 1809/763/953 1788/762/945
f 1762/1249/1498 1773/755/942 1779/1259/1505
f 1779/1259/1505 1775/1255/1500 1764/1143/1490
f 1775/1253/1500 1772/732/921 1760/1240/1491
f 1757/711/909 1793/735/924 1795/1839/1970
f 1795/1840/1970 1794/1851/1971 1758/1849/1977
f 1794/1851/1971 1792/758/948 1756/765/955
f 1784/730/919 1789/729/918 1791/1843/1972
f 1786/1853/1978 1791/2032/1972 1790/1854/1974
f 1787/1855/1968 1790/1854/1974 1788/754/945
f 1762/1249/1498 1770/1245/1495 1893/1332/1562
f 1770/1245/1495 1766/1247/1494 1888/1856/1555
f 1888/1325/1555 1766/1244/1494 1761/723/912
f 1753/712/910 1757/711/909 1759/1848/1976
f 1755/1858/1979 1759/1846/1976 1758/1859/1977
f 1754/1860/1980 1758/1859/1977 1756/789/955
f 1872/1861/1981 1874/1863/1983 1903/1862/1982
f 1874/1863/1983 1875/1882/1985 1902/1864/1984
f 1875/1852/1985 1873/730/981 1900/790/984
f 1897/761/952 1836/732/1531 1840/1294/1530
f 1899/1865/1986 1840/1294/1530 1845/1263/1535
f 1898/1867/1987 1845/1300/1535 1838/798/997
f 1861/745/956 1867/1319/1550 1839/1293/1529
f 1867/1319/1550 1863/1270/1545 1843/1253/1505
f 1843/1297/1505 1863/1314/1545 1860/752/943
f 1881/764/954 1901/748/939 1903/1868/1982
f 1903/1868/1982 1902/1864/1984 1882/1870/1989
f 1902/1835/1984 1900/790/984 1880/735/983
f 1877/1871/944 1897/761/952 1899/1872/1986
f 1879/1873/1990 1899/1872/1986 1898/1866/1987
f 1878/1843/1991 1898/1867/1987 1896/795/990
f 1885/1240/1559 1849/759/949 1855/1308/1538
f 1855/1305/1538 1851/1303/1536 1894/1329/1560
f 1851/1303/1536 1848/757/947 1886/756/946
f 1752/760/950 1885/1240/1559 1891/1326/1556
f 1754/1875/1980 1891/1326/1556 1887/1328/1554
f 1755/1857/1979 1887/1310/1554 1884/737/926
f 1881/764/954 1883/1878/1988 1823/1876/1992
f 1883/1878/1988 1882/1870/1989 1822/1879/1993
f 1882/1839/1989 1880/735/983 1820/711/991
f 1877/753/944 1879/1881/1990 1874/1880/1983
f 1879/1881/1990 1878/2033/1991 1875/1882/1985
f 1878/1843/1991 1876/787/978 1873/730/981
f 1816/761/951 1818/1883/1994 1854/1307/1540
f 1818/1883/1994 1819/1866/1995 1858/1263/1541
f 1819/1857/1995 1817/740/930 1850/737/974
f 1809/763/953 1811/1884/1975 1866/1318/1549
f 1811/1884/1975 1810/1844/1973 1870/1885/1553
f 1810/1867/1973 1808/795/996 1862/727/916
f 1821/788/982 1823/1873/1992 1818/1886/1994
f 1823/1873/1992 1822/1874/1993 1819/1866/1995
f 1822/1848/1993 1820/711/991 1817/740/930
f 1773/755/942 1848/757/947 1852/1304/1537
f 1852/1304/1537 1857/1311/1543 1782/1887/1508
f 1857/1309/1543 1850/737/974 1774/723/973
f 1798/750/941 1806/1272/1514 1833/1289/1526
f 1806/1272/1514 1802/1274/1513 1828/1185/1519
f 1828/1253/1519 1802/1270/1513 1797/745/936
f 1826/1290/1527 1834/1286/1525 1842/1296/1504
f 1834/1286/1525 1830/1288/1523 1846/1888/1508
f 1830/1284/1523 1825/793/987 1838/798/997
f 1610/724/913 1761/723/912 1767/1241/1492
f 1617/1150/1419 1767/1241/1492 1763/1243/1489
f 1612/1142/1412 1763/1238/1489 1760/1240/1491
f 1772/732/921 1776/1254/1501 1623/1156/1423
f 1776/1254/1501 1781/1263/1507 1627/1889/1426
f 1781/1261/1507 1774/723/973 1621/1160/1427
f 1797/745/936 1803/1271/1511 1653/1890/1440
f 1803/1268/1511 1799/1266/1509 1648/1169/1432
f 1799/1266/1509 1796/726/915 1644/1170/1433
f 1674/794/988 1825/793/987 1831/1285/1524
f 1681/1192/1449 1831/1285/1524 1827/1268/1518
f 1676/1184/1442 1827/1280/1518 1824/1281/1520
f 937/420/734 1032/419/733 1025/1532/1658
o building
v 3.510922 -0.453297 1.253611
v 3.510922 2.508337 1.253611
v 3.510922 0.680503 1.253611
v 4.771460 -0.453297 1.253611
v 7.598300 2.508337 1.253611
v 4.771460 2.508337 1.253611
v 4.771460 0.680503 1.253611
v 7.598300 -0.453297 1.253611
v 3.238911 0.680503 1.253611
v 7.598300 0.680503 1.253611
v 3.238911 2.508337 1.253611
v 3.238911 -0.453297 1.253611
v 5.375316 -0.453297 1.253611
v 5.375316 2.508337 1.253611
v 5.375316 0.680503 1.253611
v 4.953944 -0.453297 1.253611
v 4.953944 2.508337 1.253611
v 4.953944 0.680503 1.253611
v 3.510922 0.461700 1.253611
v 4.771460 0.461700 1.253611
v 3.238911 0.461700 1.253611
v 7.598300 0.461700 1.253611
v 5.375316 0.461700 1.253611
v 4.953944 0.461700 1.253611
v 3.510922 0.524547 1.253611
v 4.771460 0.524547 1.253611
v 3.238911 0.524547 1.253611
v 7.598300 0.524548 1.253611
v 5.375316 0.524548 1.253611
v 4.953944 0.524548 1.253611
v 3.510922 -0.048943 1.253611
v 4.771460 -0.048943 1.253611
v 3.238911 -0.048943 1.253611
v 7.598300 -0.048943 1.253611
v 5.375316 -0.048943 1.253611
v 4.953944 -0.048943 1.253611
v 3.510922 -0.095420 1.253611
v 4.771460 -0.095420 1.253611
v 3.238911 -0.095420 1.253611
v 7.598300 -0.095420 1.253611
v 5.375316 -0.095420 1.253611
v 4.953944 -0.095420 1.253611
v 6.253901 -0.453297 1.253611
v 6.253901 2.508337 1.253611
v 6.253901 0.680503 1.253611
v 6.253901 0.461700 1.253611
v 6.253901 0.524548 1.253611
v 6.253901 -0.048943 1.253611
v 6.253901 -0.095420 1.253611
v 5.622707 -0.453297 1.253611
v 5.622707 2.508337 1.253611
v 5.622707 0.680503 1.253611
v 5.622707 0.461700 1.253611
v 5.622707 0.524548 1.253611
v 5.622707 -0.048943 1.253611
v 5.622707 -0.095420 1.253611
v 6.410441 -0.453297 1.253611
v 6.410441 2.508337 1.253611
v 6.410441 0.680503 1.253611
v 6.410441 0.461700 1.253611
v 6.410441 0.524548 1.253611
v 6.410441 -0.048943 1.253611
v 6.410441 -0.095420 1.253611
v 7.296731 -0.453297 1.253611
v 7.296731 2.508337 1.253611
v 7.296731 0.680503 1.253611
v 7.296731 0.461700 1.253611
v 7.296731 0.524548 1.253611
v 7.296731 -0.048943 1.253611
v 7.296731 -0.095420 1.253611
v 7.338615 -0.453297 1.253611
v 7.338615 2.508337 1.253611
v 7.338615 0.680503 1.253611
v 7.338615 0.461700 1.253611
v 7.338615 0.524548 1.253611
v 7.338615 -0.048943 1.253611
v 7.338615 -0.095420 1.253611
v 6.376897 -0.453297 1.253611
v 6.376897 2.508337 1.253611
v 6.376897 0.680503 1.253611
v 6.376897 0.461700 1.253611
v 6.376897 0.524548 1.253611
v 6.376897 -0.048943 1.253611
v 6.376897 -0.095420 1.253611
v 6.298627 -0.453297 1.253611
v 6.298627 2.508337 1.253611
v 6.298627 0.680503 1.253611
v 6.298627 0.461700 1.253611
v 6.298627 0.524548 1.253611
v 6.298627 -0.048943 1.253611
v 6.298627 -0.095420 1.253611
v 5.577727 -0.453297 1.253611
v 5.577727 2.508337 1.253611
v 5.577727 0.680503 1.253611
v 5.577727 0.461700 1.253611
v 5.577727 0.524548 1.253611
v 5.577727 -0.048943 1.253611
v 5.577727 -0.095420 1.253611
v 4.179892 2.508337 1.253611
v 4.179892 0.680503 1.253611
v 4.592837 2.508337 1.253611
v 4.592837 0.680503 1.253611
v 3.510922 0.680503 1.161218
v 5.216818 2.508337 1.253611
v 5.216818 0.680503 1.253611
v 5.216818 0.461700 1.253611
v 5.216818 0.524548 1.253611
v 4.771460 0.524547 1.161218
v 4.179892 0.680503 1.161218
v 5.538802 -0.453297 1.253611
v 5.538802 2.508337 1.253611
v 5.538802 0.680503 1.253611
v 5.538802 0.461700 1.253611
v 5.538802 0.524548 1.253611
v 5.538802 -0.048943 1.253611
v 5.538802 -0.095420 1.253611
v 6.276265 -0.453297 1.253611
v 6.276265 2.508337 1.253611
v 6.276265 0.680503 1.253611
v 6.276265 0.461700 1.253611
v 6.276265 0.524548 1.253611
v 6.276265 -0.048943 1.253611
v 6.276265 -0.095420 1.253611
v 6.638728 -0.453297 1.253611
v 6.638728 2.508337 1.253611
v 6.638728 0.680503 1.253611
v 6.638728 0.524548 1.253611
v 6.638728 -0.048943 1.253611
v 6.638728 -0.095420 1.253611
v 7.367684 -0.453297 1.253611
v 7.367684 2.508337 1.253611
v 7.367684 0.680503 1.253611
v 7.367684 0.461700 1.253611
v 7.367684 0.524548 1.253611
v 7.367684 -0.048943 1.253611
v 7.367684 -0.095420 1.253611
v 3.510922 1.331381 1.253611
v 7.598300 1.331381 1.253611
v 4.771460 1.331381 1.253611
v 3.238911 1.331381 1.253611
v 5.375316 1.331381 1.253611
v 4.953944 1.331381 1.253611
v 6.253901 1.331381 1.253611
v 5.622707 1.331381 1.253611
v 6.410441 1.331381 1.253611
v 7.296731 1.331381 1.253611
v 7.338615 1.331381 1.253611
v 6.376897 1.331381 1.253611
v 6.298627 1.331381 1.253611
v 5.577727 1.331381 1.253611
v 4.179892 1.331381 1.253611
v 4.592837 1.331381 1.253611
v 5.216818 1.331381 1.253611
v 5.538802 1.331381 1.253611
v 6.276265 1.331381 1.253611
v 6.638728 1.331381 1.253611
v 7.367684 1.331381 1.253611
v 6.605839 -0.453297 1.253611
v 6.605839 2.508337 1.253611
v 6.605839 0.680503 1.253611
v 6.605839 0.524548 1.253611
v 6.605839 -0.048943 1.253611
v 6.605839 -0.095420 1.253611
v 6.605839 1.331381 1.253611
v 3.510922 1.375613 1.253611
v 7.598300 1.375613 1.253611
v 4.771460 1.375613 1.253611
v 3.238911 1.375613 1.253611
v 5.375316 1.375613 1.253611
v 4.953944 1.375613 1.253611
v 6.253901 1.375613 1.253611
v 5.622707 1.375613 1.253611
v 6.410441 1.375613 1.253611
v 7.296731 1.375613 1.253611
v 7.338615 1.375613 1.253611
v 6.376897 1.375613 1.253611
v 6.298627 1.375613 1.253611
v 5.577727 1.375613 1.253611
v 4.179892 1.375613 1.253611
v 4.592837 1.375613 1.253611
v 5.216818 1.375613 1.253611
v 5.538802 1.375613 1.253611
v 6.276265 1.375613 1.253611
v 6.638728 1.375613 1.253611
v 7.367684 1.375613 1.253611
v 6.605839 1.375613 1.253611
v 5.514680 -0.453297 1.253611
v 5.514680 2.508337 1.253611
v 5.514680 0.680503 1.253611
v 5.514680 0.461700 1.253611
v 5.514680 0.524548 1.253611
v 5.514680 -0.048943 1.253611
v 5.514680 -0.095420 1.253611
v 5.514680 1.331381 1.253611
v 5.514680 1.375613 1.253611
v 3.510922 0.524547 1.161218
v 5.240995 2.508337 1.253611
v 5.240995 0.680503 1.253611
v 5.240995 0.461700 1.253611
v 5.240995 0.524548 1.253611
v 3.510922 -0.453297 1.161218
v 4.179892 -0.453297 1.161218
v 5.240995 1.331381 1.253611
v 5.240995 1.375613 1.253611
v 4.559535 2.508337 1.253611
v 4.559535 0.680503 1.253611
v 4.559535 1.331381 1.253611
v 4.559535 1.375613 1.253611
v 4.207964 2.508337 1.253611
v 4.207964 0.680503 1.253611
v 4.207964 1.331381 1.253611
v 4.207964 1.375613 1.253611
v 3.490921 0.680503 1.253611
v 3.490921 2.508337 1.253611
v 3.490921 -0.453297 1.253611
v 3.490921 0.461700 1.253611
v 3.490921 0.524547 1.253611
v 3.490921 -0.048943 1.253611
v 3.490921 -0.095420 1.253611
v 3.490921 1.331381 1.253611
v 3.490921 1.375613 1.253611
v 3.510922 1.990323 1.253611
v 7.598300 1.990323 1.253611
v 4.771460 1.990323 1.253611
v 3.238911 1.990323 1.253611
v 5.375316 1.990323 1.253611
v 4.953944 1.990323 1.253611
v 6.253901 1.990323 1.253611
v 5.622707 1.990323 1.253611
v 6.410441 1.990323 1.253611
v 7.296731 1.990323 1.253611
v 7.338615 1.990323 1.253611
v 6.376897 1.990323 1.253611
v 6.298627 1.990323 1.253611
v 5.577727 1.990323 1.253611
v 4.179892 1.990323 1.253611
v 4.592837 1.990323 1.253611
v 5.216818 1.990323 1.253611
v 5.538802 1.990323 1.253611
v 6.276265 1.990323 1.253611
v 6.638728 1.990323 1.253611
v 7.367684 1.990323 1.253611
v 6.605839 1.990323 1.253611
v 5.514680 1.990323 1.253611
v 5.240995 1.990323 1.253611
v 4.559535 1.990323 1.253611
v 4.207964 1.990323 1.253611
v 3.490921 1.990323 1.253611
v 5.216818 -0.453297 1.218955
v 4.953944 -0.453297 1.218955
v 5.375316 -0.048943 1.218955
v 5.375316 0.461700 1.218955
v 4.953944 -0.048943 1.218955
v 4.953944 0.461700 1.218955
v 5.216818 0.461700 1.218955
v 5.375316 -0.095420 1.218955
v 4.953944 -0.095420 1.218955
v 5.216818 -0.048943 1.218955
v 5.375316 -0.453297 1.218955
v 5.216818 -0.095420 1.218955
v 5.240995 -0.453297 1.218955
v 5.240995 0.461700 1.218955
v 5.240995 -0.048943 1.218955
v 5.240995 -0.095420 1.218955
v 4.771460 0.680503 1.161218
v 3.510922 -0.048943 1.161218
v 3.510922 0.461700 1.161218
v 4.771460 -0.048943 1.161218
v 4.771460 0.461700 1.161218
v 4.179892 0.461700 1.161218
v 4.179892 0.524547 1.161218
v 3.510922 -0.095420 1.161218
v 4.771460 -0.095420 1.161218
v 4.179892 -0.048943 1.161218
v 4.771460 -0.453297 1.161218
v 4.179892 -0.095420 1.161218
v 4.207964 -0.453297 1.161218
v 4.207964 0.680503 1.161218
v 4.207964 0.461700 1.161218
v 4.207964 0.524547 1.161218
v 4.207964 -0.048943 1.161218
v 4.207964 -0.095420 1.161218
v 4.592837 -0.453297 1.161218
v 4.592837 0.680503 1.161218
v 4.592837 0.461700 1.161218
v 4.592837 0.524547 1.161218
v 4.592837 -0.048943 1.161218
v 4.592837 -0.095420 1.161218
v 4.559535 -0.453297 1.161218
v 4.559535 0.680503 1.161218
v 4.559535 0.461700 1.161218
v 4.559535 0.524547 1.161218
v 4.559535 -0.048943 1.161218
v 4.559535 -0.095420 1.161218
v 6.253901 0.461700 1.231684
v 6.253901 0.524548 1.231684
v 6.253901 -0.048943 1.231684
v 5.622707 0.461700 1.231684
v 5.622707 0.524548 1.231684
v 5.622707 -0.048943 1.231684
v 6.605839 0.461700 1.231684
v 6.410441 0.461700 1.231684
v 6.605839 0.524548 1.231684
v 6.410441 0.524548 1.231684
v 6.605839 -0.048943 1.231684
v 6.410441 -0.048943 1.231684
v 7.296731 0.461700 1.231684
v 7.296731 0.524548 1.231684
v 7.296731 -0.048943 1.231684
v 6.638728 0.461700 1.231684
v 6.638728 0.524548 1.231684
v 6.638728 -0.048943 1.231684
v 6.276265 1.375613 1.231684
v 6.253901 1.375613 1.231684
v 5.216818 1.375613 1.231684
v 4.953944 1.375613 1.231684
v 4.179892 1.375613 1.231684
v 3.510922 1.375613 1.231684
v 5.577727 1.375613 1.231684
v 5.538802 1.375613 1.231684
v 7.338615 1.375613 1.231684
v 7.296731 1.375613 1.231684
v 6.638728 1.375613 1.231684
v 5.622707 1.375613 1.231684
v 4.771460 1.375613 1.231684
v 4.592837 1.375613 1.231684
v 3.510922 1.990323 1.231684
v 4.771460 1.990323 1.231684
v 4.953944 1.990323 1.231684
v 6.253901 1.990323 1.231684
v 5.622707 1.990323 1.231684
v 7.296731 1.990323 1.231684
v 7.338615 1.990323 1.231684
v 5.577727 1.990323 1.231684
v 4.179892 1.990323 1.231684
v 4.592837 1.990323 1.231684
v 5.216818 1.990323 1.231684
v 5.538802 1.990323 1.231684
v 6.276265 1.990323 1.231684
v 6.638728 1.990323 1.231684
v 6.276265 -0.048943 1.289027
v 6.253901 -0.048943 1.289027
v 6.276265 -0.095420 1.289027
v 6.253901 -0.095420 1.289027
v 5.622707 -0.048943 1.289027
v 5.622707 -0.095420 1.289027
v 6.605839 -0.048943 1.289027
v 6.410441 -0.048943 1.289027
v 6.605839 -0.095420 1.289027
v 6.410441 -0.095420 1.289027
v 7.338615 -0.048943 1.289027
v 7.296731 -0.048943 1.289027
v 7.338615 -0.095420 1.289027
v 7.296731 -0.095420 1.289027
v 6.376897 -0.048943 1.289027
v 6.376897 -0.095420 1.289027
v 6.298627 -0.095420 1.289027
v 6.298627 -0.048943 1.289027
v 5.577727 -0.048943 1.289027
v 5.577727 -0.095420 1.289027
v 6.638728 -0.048943 1.289027
v 6.638728 -0.095420 1.289027
v 7.367684 1.331381 1.289027
v 7.338615 1.331381 1.289027
v 6.276265 1.331381 1.289027
v 6.253901 1.331381 1.289027
v 5.216818 1.331381 1.289027
v 4.953944 1.331381 1.289027
v 4.207964 1.331381 1.289027
v 4.179892 1.331381 1.289027
v 3.510922 1.331381 1.289027
v 5.577727 1.331381 1.289027
v 5.538802 1.331381 1.289027
v 6.298627 1.331381 1.289027
v 7.296731 1.331381 1.289027
v 6.638728 1.331381 1.289027
v 5.622707 1.331381 1.289027
v 4.771460 1.331381 1.289027
v 5.240995 1.331381 1.289027
v 4.592837 1.331381 1.289027
v 6.605839 1.331381 1.289027
v 3.510922 1.375613 1.289027
v 4.771460 1.375613 1.289027
v 4.953944 1.375613 1.289027
v 6.253901 1.375613 1.289027
v 5.622707 1.375613 1.289027
v 7.296731 1.375613 1.289027
v 7.338615 1.375613 1.289027
v 6.298627 1.375613 1.289027
v 5.577727 1.375613 1.289027
v 4.179892 1.375613 1.289027
v 4.592837 1.375613 1.289027
v 5.216818 1.375613 1.289027
v 5.538802 1.375613 1.289027
v 6.276265 1.375613 1.289027
v 6.638728 1.375613 1.289027
v 7.367684 1.375613 1.289027
v 6.605839 1.375613 1.289027
v 4.207964 1.375613 1.289027
v 5.240995 1.375613 1.289027
v 5.514680 1.331381 1.289027
v 5.514680 1.375613 1.289027
v 4.559535 1.331381 1.289027
v 4.559535 1.375613 1.289027
v 3.490921 1.331381 1.289027
v 3.490921 1.375613 1.289027
v 3.510922 0.122639 1.161218
v 3.510922 0.122639 1.253611
v 4.771460 0.122639 1.253611
v 3.238911 0.122639 1.253611
v 7.598300 0.122639 1.253611
v 5.375316 0.122639 1.253611
v 4.953944 0.122639 1.253611
v 6.253901 0.122639 1.253611
v 5.622707 0.122639 1.253611
v 6.410441 0.122639 1.253611
v 7.296731 0.122639 1.253611
v 7.338615 0.122639 1.253611
v 6.376897 0.122639 1.253611
v 6.298627 0.122639 1.253611
v 5.577727 0.122639 1.253611
v 5.538802 0.122639 1.253611
v 6.276265 0.122639 1.253611
v 7.367684 0.122639 1.253611
v 5.514680 0.122639 1.253611
v 3.490921 0.122639 1.253611
v 5.375316 0.122639 1.218955
v 4.953944 0.122639 1.218955
v 5.216818 0.122639 1.218955
v 5.240995 0.122639 1.218955
v 4.771460 0.122639 1.161218
v 4.179892 0.122639 1.161218
v 4.592837 0.122639 1.161218
v 4.559535 0.122639 1.161218
v 4.207964 0.122639 1.161218
v 6.253901 0.122639 1.231684
v 5.622707 0.122639 1.231684
v 6.410441 0.122639 1.231684
v 7.296731 0.122639 1.231684
v 6.638728 0.122639 1.231684
v 6.605839 0.122639 1.231684
v 3.510922 0.411222 1.161218
v 3.510922 0.411222 1.253611
v 4.771460 0.411222 1.253611
v 3.238911 0.411222 1.253611
v 7.598300 0.411222 1.253611
v 5.375316 0.411222 1.253611
v 4.953944 0.411222 1.253611
v 6.253901 0.411222 1.253611
v 5.622707 0.411222 1.253611
v 6.410441 0.411222 1.253611
v 7.296731 0.411222 1.253611
v 7.338615 0.411222 1.253611
v 6.376897 0.411222 1.253611
v 6.298627 0.411222 1.253611
v 5.577727 0.411222 1.253611
v 5.538802 0.411222 1.253611
v 6.276265 0.411222 1.253611
v 7.367684 0.411222 1.253611
v 5.514680 0.411222 1.253611
v 3.490921 0.411222 1.253611
v 5.375316 0.411222 1.218955
v 4.953944 0.411222 1.218955
v 5.216818 0.411222 1.218955
v 5.240995 0.411222 1.218955
v 4.771460 0.411222 1.161218
v 4.179892 0.411222 1.161218
v 4.592837 0.411222 1.161218
v 4.559535 0.411222 1.161218
v 4.207964 0.411222 1.161218
v 6.253901 0.411222 1.231684
v 5.622707 0.411222 1.231684
v 6.410441 0.411222 1.231684
v 7.296731 0.411222 1.231684
v 6.638728 0.411222 1.231684
v 6.605839 0.411222 1.231684
v 5.007292 2.508337 1.253611
v 5.007292 0.680503 1.253611
v 5.007292 0.461700 1.253611
v 5.007292 0.524548 1.253611
v 5.007292 1.331381 1.253611
v 5.007292 1.375613 1.253611
v 5.007292 1.990323 1.253611
v 5.007292 -0.453297 1.218955
v 5.007292 0.461700 1.218955
v 5.007292 -0.048943 1.218955
v 5.007292 -0.095420 1.218955
v 5.007292 1.375613 1.231684
v 5.007292 1.990323 1.231684
v 5.007292 1.331381 1.289027
v 5.007292 1.375613 1.289027
v 5.007292 0.122639 1.218955
v 5.007292 0.411222 1.218955
v 5.329770 2.508337 1.253611
v 5.329770 0.680503 1.253611
v 5.329770 0.461700 1.253611
v 5.329770 0.524548 1.253611
v 5.329770 1.331381 1.253611
v 5.329770 1.375613 1.253611
v 5.329770 1.990323 1.253611
v 5.329770 -0.453297 1.218955
v 5.329770 0.461700 1.218955
v 5.329770 -0.048943 1.218955
v 5.329770 -0.095420 1.218955
v 5.329770 0.122639 1.218955
v 5.329770 0.411222 1.218955
v 5.240995 0.133924 1.231782
v 5.216818 0.133924 1.231782
v 5.318485 0.133924 1.231782
v 5.216818 0.411222 1.231782
v 5.240995 0.399937 1.231782
v 5.318485 0.399937 1.231782
v 5.018577 0.133924 1.231782
v 5.018577 0.399937 1.231782
v 5.240995 0.122639 1.231782
v 5.216818 0.122639 1.231782
v 5.329770 0.122639 1.231782
v 5.240995 0.411222 1.231782
v 5.216818 0.399937 1.231782
v 5.329770 0.411222 1.231782
v 5.007292 0.122639 1.231782
v 5.007292 0.411222 1.231782
v 5.216818 0.133924 1.222272
v 5.216818 0.399937 1.222272
v 5.240995 0.133924 1.222272
v 5.240995 0.399937 1.222272
v 5.318485 0.133924 1.222272
v 5.318485 0.399937 1.222272
v 5.018577 0.133924 1.222272
v 5.018577 0.399937 1.222272
v 3.238953 -0.453298 -2.833786
v 3.238953 2.508336 -2.833786
v 3.238953 0.680503 -2.833786
v 3.238953 -0.453298 -1.573248
v 3.238953 2.508337 1.253591
v 3.238953 2.508337 -1.573248
v 3.238953 0.680503 -1.573248
v 3.238953 -0.453297 1.253592
v 3.238953 0.680503 -3.105797
v 3.238953 0.680503 1.253592
v 3.238953 2.508336 -3.105797
v 3.238953 -0.453298 -3.105797
v 3.238953 -0.453298 -0.969393
v 3.238953 2.508337 -0.969393
v 3.238953 0.680503 -0.969393
v 3.238953 -0.453298 -1.390764
v 3.238953 2.508337 -1.390764
v 3.238953 0.680503 -1.390764
v 3.238953 0.461699 -2.833786
v 3.238953 0.461699 -1.573248
v 3.238953 0.461699 -3.105797
v 3.238953 0.461700 1.253592
v 3.238953 0.461699 -0.969393
v 3.238953 0.461699 -1.390764
v 3.238953 0.524547 -2.833786
v 3.238953 0.524547 -1.573248
v 3.238953 0.524547 -3.105797
v 3.238953 0.524548 1.253592
v 3.238953 0.524547 -0.969393
v 3.238953 0.524547 -1.390764
v 3.238953 -0.048943 -2.833786
v 3.238953 -0.048943 -1.573248
v 3.238953 -0.048943 -3.105797
v 3.238953 -0.048943 1.253592
v 3.238953 -0.048943 -0.969393
v 3.238953 -0.048943 -1.390764
v 3.238953 -0.095421 -2.833786
v 3.238953 -0.095421 -1.573248
v 3.238953 -0.095421 -3.105797
v 3.238953 -0.095420 1.253592
v 3.238953 -0.095421 -0.969393
v 3.238953 -0.095421 -1.390764
v 3.238953 -0.453298 -0.090806
v 3.238953 2.508337 -0.090807
v 3.238953 0.680503 -0.090807
v 3.238953 0.461699 -0.090807
v 3.238953 0.524547 -0.090807
v 3.238953 -0.048943 -0.090807
v 3.238953 -0.095420 -0.090807
v 3.238953 -0.453298 -0.722001
v 3.238953 2.508337 -0.722002
v 3.238953 0.680503 -0.722001
v 3.238953 0.461699 -0.722001
v 3.238953 0.524547 -0.722001
v 3.238953 -0.048943 -0.722001
v 3.238953 -0.095420 -0.722001
v 3.238953 -0.453298 0.065733
v 3.238953 2.508337 0.065733
v 3.238953 0.680503 0.065733
v 3.238953 0.461699 0.065733
v 3.238953 0.524547 0.065733
v 3.238953 -0.048943 0.065733
v 3.238953 -0.095420 0.065733
v 3.238953 -0.453297 0.952023
v 3.238953 2.508337 0.952023
v 3.238953 0.680503 0.952023
v 3.238953 0.461700 0.952023
v 3.238953 0.524547 0.952023
v 3.238953 -0.048943 0.952023
v 3.238953 -0.095420 0.952023
v 3.238953 -0.453297 0.993907
v 3.238953 2.508337 0.993907
v 3.238953 0.680503 0.993907
v 3.238953 0.461700 0.993907
v 3.238953 0.524547 0.993907
v 3.238953 -0.048943 0.993907
v 3.238953 -0.095420 0.993907
v 3.238953 -0.453298 0.032189
v 3.238953 2.508337 0.032188
v 3.238953 0.680503 0.032189
v 3.238953 0.461699 0.032189
v 3.238953 0.524547 0.032189
v 3.238953 -0.048943 0.032189
v 3.238953 -0.095420 0.032189
v 3.238953 -0.453298 -0.046081
v 3.238953 2.508337 -0.046081
v 3.238953 0.680503 -0.046081
v 3.238953 0.461699 -0.046081
v 3.238953 0.524547 -0.046081
v 3.238953 -0.048943 -0.046081
v 3.238953 -0.095420 -0.046081
v 3.238953 -0.453298 -0.766981
v 3.238953 2.508337 -0.766982
v 3.238953 0.680503 -0.766982
v 3.238953 0.461699 -0.766982
v 3.238953 0.524547 -0.766982
v 3.238953 -0.048943 -0.766981
v 3.238953 -0.095420 -0.766981
v 3.238953 2.508337 -2.164817
v 3.238953 0.680503 -2.164816
v 3.238953 2.508337 -1.751871
v 3.238953 0.680503 -1.751871
v 3.331346 0.680503 -2.833786
v 3.238953 2.508337 -1.127891
v 3.238953 0.680503 -1.127890
v 3.238953 0.461699 -1.127890
v 3.238953 0.524547 -1.127890
v 3.331346 0.524547 -1.573248
v 3.331346 0.680503 -2.164816
v 3.238953 -0.453298 -0.805907
v 3.238953 2.508337 -0.805907
v 3.238953 0.680503 -0.805907
v 3.238953 0.461699 -0.805907
v 3.238953 0.524547 -0.805907
v 3.238953 -0.048943 -0.805907
v 3.238953 -0.095420 -0.805907
v 3.238953 -0.453298 -0.068444
v 3.238953 2.508337 -0.068444
v 3.238953 0.680503 -0.068444
v 3.238953 0.461699 -0.068444
v 3.238953 0.524547 -0.068444
v 3.238953 -0.048943 -0.068444
v 3.238953 -0.095420 -0.068444
v 3.238953 -0.453298 0.294020
v 3.238953 2.508337 0.294020
v 3.238953 0.680503 0.294020
v 3.238953 0.524547 0.294020
v 3.238953 -0.048943 0.294020
v 3.238953 -0.095420 0.294020
v 3.238953 -0.453297 1.022976
v 3.238953 2.508337 1.022976
v 3.238953 0.680503 1.022976
v 3.238953 0.461700 1.022976
v 3.238953 0.524547 1.022976
v 3.238953 -0.048943 1.022976
v 3.238953 -0.095420 1.022976
v 3.238953 1.331381 -2.833786
v 3.238953 1.331381 1.253591
v 3.238953 1.331381 -1.573248
v 3.238953 1.331380 -3.105797
v 3.238953 1.331381 -0.969393
v 3.238953 1.331381 -1.390764
v 3.238953 1.331381 -0.090807
v 3.238953 1.331381 -0.722002
v 3.238953 1.331381 0.065733
v 3.238953 1.331381 0.952023
v 3.238953 1.331381 0.993907
v 3.238953 1.331381 0.032189
v 3.238953 1.331381 -0.046081
v 3.238953 1.331381 -0.766982
v 3.238953 1.331381 -2.164816
v 3.238953 1.331381 -1.751871
v 3.238953 1.331381 -1.127890
v 3.238953 1.331381 -0.805907
v 3.238953 1.331381 -0.068444
v 3.238953 1.331381 0.294020
v 3.238953 1.331381 1.022976
v 3.238953 -0.453298 0.261131
v 3.238953 2.508337 0.261131
v 3.238953 0.680503 0.261131
v 3.238953 0.524547 0.261131
v 3.238953 -0.048943 0.261131
v 3.238953 -0.095420 0.261131
v 3.238953 1.331381 0.261131
v 3.238953 1.375612 -2.833786
v 3.238953 1.375613 1.253591
v 3.238953 1.375613 -1.573248
v 3.238953 1.375612 -3.105797
v 3.238953 1.375613 -0.969393
v 3.238953 1.375613 -1.390764
v 3.238953 1.375613 -0.090807
v 3.238953 1.375613 -0.722002
v 3.238953 1.375613 0.065733
v 3.238953 1.375613 0.952023
v 3.238953 1.375613 0.993907
v 3.238953 1.375613 0.032189
v 3.238953 1.375613 -0.046081
v 3.238953 1.375613 -0.766982
v 3.238953 1.375613 -2.164816
v 3.238953 1.375613 -1.751871
v 3.238953 1.375613 -1.127890
v 3.238953 1.375613 -0.805907
v 3.238953 1.375613 -0.068444
v 3.238953 1.375613 0.294020
v 3.238953 1.375613 1.022976
v 3.238953 1.375613 0.261131
v 3.238953 -0.453298 -0.830028
v 3.238953 2.508337 -0.830028
v 3.238953 0.680503 -0.830028
v 3.238953 0.461699 -0.830028
v 3.238953 0.524547 -0.830028
v 3.238953 -0.048943 -0.830028
v 3.238953 -0.095420 -0.830028
v 3.238953 1.331381 -0.830028
v 3.238953 1.375613 -0.830028
v 3.331346 0.524547 -2.833786
v 3.238953 2.508337 -1.103713
v 3.238953 0.680503 -1.103713
v 3.238953 0.461699 -1.103713
v 3.238953 0.524547 -1.103713
v 3.331346 -0.453298 -2.833786
v 3.331346 -0.453298 -2.164816
v 3.238953 1.331381 -1.103713
v 3.238953 1.375613 -1.103713
v 3.238953 2.508337 -1.785173
v 3.238953 0.680503 -1.785173
v 3.238953 1.331381 -1.785173
v 3.238953 1.375613 -1.785173
v 3.238953 2.508337 -2.136744
v 3.238953 0.680503 -2.136744
v 3.238953 1.331381 -2.136744
v 3.238953 1.375613 -2.136744
v 3.238953 0.680503 -2.853787
v 3.238953 2.508336 -2.853787
v 3.238953 -0.453298 -2.853787
v 3.238953 0.461699 -2.853787
v 3.238953 0.524547 -2.853787
v 3.238953 -0.048943 -2.853787
v 3.238953 -0.095421 -2.853787
v 3.238953 1.331381 -2.853787
v 3.238953 1.375612 -2.853787
v 3.238953 1.990323 -2.833786
v 3.238953 1.990323 1.253591
v 3.238953 1.990323 -1.573248
v 3.238953 1.990323 -3.105797
v 3.238953 1.990323 -0.969393
v 3.238953 1.990323 -1.390764
v 3.238953 1.990323 -0.090807
v 3.238953 1.990323 -0.722002
v 3.238953 1.990323 0.065733
v 3.238953 1.990323 0.952023
v 3.238953 1.990323 0.993907
v 3.238953 1.990323 0.032188
v 3.238953 1.990323 -0.046081
v 3.238953 1.990323 -0.766982
v 3.238953 1.990323 -2.164817
v 3.238953 1.990323 -1.751871
v 3.238953 1.990323 -1.127890
v 3.238953 1.990323 -0.805907
v 3.238953 1.990323 -0.068444
v 3.238953 1.990323 0.294020
v 3.238953 1.990323 1.022976
v 3.238953 1.990323 0.261131
v 3.238953 1.990323 -0.830028
v 3.238953 1.990323 -1.103713
v 3.238953 1.990323 -1.785173
v 3.238953 1.990323 -2.136744
v 3.238953 1.990323 -2.853787
v 3.273610 -0.453298 -1.127890
v 3.273610 -0.453298 -1.390764
v 3.273610 -0.048943 -0.969393
v 3.273610 0.461699 -0.969393
v 3.273610 -0.048943 -1.390764
v 3.273610 0.461699 -1.390764
v 3.273610 0.461699 -1.127890
v 3.273610 -0.095421 -0.969393
v 3.273610 -0.095421 -1.390764
v 3.273610 -0.048943 -1.127890
v 3.273610 -0.453298 -0.969393
v 3.273610 -0.095421 -1.127890
v 3.273610 -0.453298 -1.103713
v 3.273610 0.461699 -1.103713
v 3.273610 -0.048943 -1.103713
v 3.273610 -0.095421 -1.103713
v 3.331346 0.680503 -1.573248
v 3.331346 -0.048943 -2.833786
v 3.331346 0.461699 -2.833786
v 3.331346 -0.048943 -1.573248
v 3.331346 0.461699 -1.573248
v 3.331346 0.461699 -2.164816
v 3.331346 0.524547 -2.164816
v 3.331346 -0.095421 -2.833786
v 3.331346 -0.095421 -1.573248
v 3.331346 -0.048943 -2.164816
v 3.331346 -0.453298 -1.573248
v 3.331346 -0.095421 -2.164816
v 3.331346 -0.453298 -2.136744
v 3.331346 0.680503 -2.136744
v 3.331346 0.461699 -2.136744
v 3.331346 0.524547 -2.136744
v 3.331346 -0.048943 -2.136744
v 3.331346 -0.095421 -2.136744
v 3.331346 -0.453298 -1.751871
v 3.331346 0.680503 -1.751871
v 3.331346 0.461699 -1.751871
v 3.331346 0.524547 -1.751871
v 3.331346 -0.048943 -1.751871
v 3.331346 -0.095421 -1.751871
v 3.331346 -0.453298 -1.785173
v 3.331346 0.680503 -1.785173
v 3.331346 0.461699 -1.785173
v 3.331346 0.524547 -1.785173
v 3.331346 -0.048943 -1.785173
v 3.331346 -0.095421 -1.785173
v 3.260880 0.461699 -0.090807
v 3.260880 0.524547 -0.090807
v 3.260880 -0.048943 -0.090807
v 3.260880 0.461699 -0.722001
v 3.260880 0.524547 -0.722001
v 3.260880 -0.048943 -0.722001
v 3.260880 0.461699 0.261131
v 3.260880 0.461699 0.065733
v 3.260880 0.524547 0.261131
v 3.260880 0.524547 0.065733
v 3.260880 -0.048943 0.261131
v 3.260880 -0.048943 0.065733
v 3.260880 0.461700 0.952023
v 3.260880 0.524547 0.952023
v 3.260880 -0.048943 0.952023
v 3.260880 0.461699 0.294020
v 3.260880 0.524547 0.294020
v 3.260880 -0.048943 0.294020
v 3.260880 1.375613 -0.068444
v 3.260880 1.375613 -0.090807
v 3.260880 1.375613 -1.127890
v 3.260880 1.375613 -1.390764
v 3.260880 1.375613 -2.164816
v 3.260880 1.375612 -2.833786
v 3.260880 1.375613 -0.766982
v 3.260880 1.375613 -0.805907
v 3.260880 1.375613 0.993907
v 3.260880 1.375613 0.952023
v 3.260880 1.375613 0.294020
v 3.260880 1.375613 -0.722002
v 3.260880 1.375613 -1.573248
v 3.260880 1.375613 -1.751871
v 3.260880 1.990323 -2.833786
v 3.260880 1.990323 -1.573248
v 3.260880 1.990323 -1.390764
v 3.260880 1.990323 -0.090807
v 3.260880 1.990323 -0.722002
v 3.260880 1.990323 0.952023
v 3.260880 1.990323 0.993907
v 3.260880 1.990323 -0.766982
v 3.260880 1.990323 -2.164817
v 3.260880 1.990323 -1.751871
v 3.260880 1.990323 -1.127890
v 3.260880 1.990323 -0.805907
v 3.260880 1.990323 -0.068444
v 3.260880 1.990323 0.294020
v 3.203537 -0.048943 -0.068444
v 3.203537 -0.048943 -0.090807
v 3.203537 -0.095420 -0.068444
v 3.203537 -0.095420 -0.090807
v 3.203537 -0.048943 -0.722001
v 3.203537 -0.095420 -0.722001
v 3.203537 -0.048943 0.261131
v 3.203537 -0.048943 0.065733
v 3.203537 -0.095420 0.261131
v 3.203537 -0.095420 0.065733
v 3.203537 -0.048943 0.993907
v 3.203537 -0.048943 0.952023
v 3.203537 -0.095420 0.993907
v 3.203537 -0.095420 0.952023
v 3.203537 -0.048943 0.032189
v 3.203537 -0.095420 0.032189
v 3.203537 -0.095420 -0.046081
v 3.203537 -0.048943 -0.046081
v 3.203537 -0.048943 -0.766981
v 3.203537 -0.095420 -0.766981
v 3.203537 -0.048943 0.294020
v 3.203537 -0.095420 0.294020
v 3.203537 1.331381 1.022976
v 3.203537 1.331381 0.993907
v 3.203537 1.331381 -0.068444
v 3.203537 1.331381 -0.090807
v 3.203537 1.331381 -1.127890
v 3.203537 1.331381 -1.390764
v 3.203537 1.331381 -2.136744
v 3.203537 1.331381 -2.164816
v 3.203537 1.331381 -2.833786
v 3.203537 1.331381 -0.766982
v 3.203537 1.331381 -0.805907
v 3.203537 1.331381 -0.046081
v 3.203537 1.331381 0.952023
v 3.203537 1.331381 0.294020
v 3.203537 1.331381 -0.722002
v 3.203537 1.331381 -1.573248
v 3.203537 1.331381 -1.103713
v 3.203537 1.331381 -1.751871
v 3.203537 1.331381 0.261131
v 3.203537 1.375612 -2.833786
v 3.203537 1.375613 -1.573248
v 3.203537 1.375613 -1.390764
v 3.203537 1.375613 -0.090807
v 3.203537 1.375613 -0.722002
v 3.203537 1.375613 0.952023
v 3.203537 1.375613 0.993907
v 3.203537 1.375613 -0.046081
v 3.203537 1.375613 -0.766982
v 3.203537 1.375613 -2.164816
v 3.203537 1.375613 -1.751871
v 3.203537 1.375613 -1.127890
v 3.203537 1.375613 -0.805907
v 3.203537 1.375613 -0.068444
v 3.203537 1.375613 0.294020
v 3.203537 1.375613 1.022976
v 3.203537 1.375613 0.261131
v 3.203537 1.375613 -2.136744
v 3.203537 1.375613 -1.103713
v 3.203537 1.331381 -0.830028
v 3.203537 1.375613 -0.830028
v 3.203537 1.331381 -1.785173
v 3.203537 1.375613 -1.785173
v 3.203537 1.331381 -2.853787
v 3.203537 1.375612 -2.853787
v 3.331346 0.122638 -2.833786
v 3.238953 0.122638 -2.833786
v 3.238953 0.122638 -1.573248
v 3.238953 0.122638 -3.105797
v 3.238953 0.122639 1.253592
v 3.238953 0.122639 -0.969393
v 3.238953 0.122639 -1.390764
v 3.238953 0.122639 -0.090807
v 3.238953 0.122639 -0.722001
v 3.238953 0.122639 0.065733
v 3.238953 0.122639 0.952023
v 3.238953 0.122639 0.993907
v 3.238953 0.122639 0.032189
v 3.238953 0.122639 -0.046081
v 3.238953 0.122639 -0.766981
v 3.238953 0.122639 -0.805907
v 3.238953 0.122639 -0.068444
v 3.238953 0.122639 1.022976
v 3.238953 0.122639 -0.830028
v 3.238953 0.122638 -2.853787
v 3.273610 0.122639 -0.969393
v 3.273610 0.122639 -1.390764
v 3.273610 0.122639 -1.127890
v 3.273610 0.122639 -1.103713
v 3.331346 0.122638 -1.573248
v 3.331346 0.122638 -2.164816
v 3.331346 0.122638 -1.751871
v 3.331346 0.122638 -1.785173
v 3.331346 0.122638 -2.136744
v 3.260880 0.122639 -0.090807
v 3.260880 0.122639 -0.722001
v 3.260880 0.122639 0.065733
v 3.260880 0.122639 0.952023
v 3.260880 0.122639 0.294020
v 3.260880 0.122639 0.261131
v 3.331346 0.411222 -2.833786
v 3.238953 0.411222 -2.833786
v 3.238953 0.411222 -1.573248
v 3.238953 0.411221 -3.105797
v 3.238953 0.411222 1.253592
v 3.238953 0.411222 -0.969393
v 3.238953 0.411222 -1.390764
v 3.238953 0.411222 -0.090807
v 3.238953 0.411222 -0.722001
v 3.238953 0.411222 0.065733
v 3.238953 0.411222 0.952023
v 3.238953 0.411222 0.993907
v 3.238953 0.411222 0.032189
v 3.238953 0.411222 -0.046081
v 3.238953 0.411222 -0.766982
v 3.238953 0.411222 -0.805907
v 3.238953 0.411222 -0.068444
v 3.238953 0.411222 1.022976
v 3.238953 0.411222 -0.830028
v 3.238953 0.411222 -2.853787
v 3.273610 0.411222 -0.969393
v 3.273610 0.411222 -1.390764
v 3.273610 0.411222 -1.127890
v 3.273610 0.411222 -1.103713
v 3.331346 0.411222 -1.573248
v 3.331346 0.411222 -2.164816
v 3.331346 0.411222 -1.751871
v 3.331346 0.411222 -1.785173
v 3.331346 0.411222 -2.136744
v 3.260880 0.411222 -0.090807
v 3.260880 0.411222 -0.722001
v 3.260880 0.411222 0.065733
v 3.260880 0.411222 0.952023
v 3.260880 0.411222 0.294020
v 3.260880 0.411222 0.261131
v 3.238953 2.508337 -1.337417
v 3.238953 0.680503 -1.337416
v 3.238953 0.461699 -1.337416
v 3.238953 0.524547 -1.337416
v 3.238953 1.331381 -1.337416
v 3.238953 1.375613 -1.337416
v 3.238953 1.990323 -1.337416
v 3.273610 -0.453298 -1.337416
v 3.273610 0.461699 -1.337416
v 3.273610 -0.048943 -1.337416
v 3.273610 -0.095421 -1.337416
v 3.260880 1.375613 -1.337416
v 3.260880 1.990323 -1.337416
v 3.203537 1.331381 -1.337416
v 3.203537 1.375613 -1.337416
v 3.273610 0.122639 -1.337416
v 3.273610 0.411222 -1.337416
v 3.238953 2.508337 -1.014938
v 3.238953 0.680503 -1.014938
v 3.238953 0.461699 -1.014938
v 3.238953 0.524547 -1.014938
v 3.238953 1.331381 -1.014938
v 3.238953 1.375613 -1.014938
v 3.238953 1.990323 -1.014938
v 3.273610 -0.453298 -1.014938
v 3.273610 0.461699 -1.014938
v 3.273610 -0.048943 -1.014938
v 3.273610 -0.095421 -1.014938
v 3.273610 0.122639 -1.014938
v 3.273610 0.411222 -1.014938
v 3.260782 0.133924 -1.103713
v 3.260782 0.133924 -1.127890
v 3.260782 0.133924 -1.026223
v 3.260782 0.411222 -1.127890
v 3.260782 0.399936 -1.103713
v 3.260782 0.399936 -1.026223
v 3.260782 0.133924 -1.326131
v 3.260782 0.399936 -1.326131
v 3.260782 0.122639 -1.103713
v 3.260782 0.122639 -1.127890
v 3.260782 0.122639 -1.014938
v 3.260782 0.411222 -1.103713
v 3.260782 0.399936 -1.127890
v 3.260782 0.411222 -1.014938
v 3.260782 0.122639 -1.337416
v 3.260782 0.411222 -1.337416
v 3.270292 0.133924 -1.127890
v 3.270292 0.399936 -1.127890
v 3.270292 0.133924 -1.103713
v 3.270292 0.399936 -1.103713
v 3.270292 0.133924 -1.026223
v 3.270292 0.399936 -1.026223
v 3.270292 0.133924 -1.326131
v 3.270292 0.399936 -1.326131
v 7.326330 -0.453298 -3.105783
v 7.326330 2.508336 -3.105783
v 7.326330 0.680503 -3.105783
v 6.065792 -0.453298 -3.105783
v 3.238952 2.508336 -3.105785
v 6.065792 2.508336 -3.105784
v 6.065792 0.680503 -3.105783
v 3.238952 -0.453298 -3.105784
v 7.598341 0.680503 -3.105783
v 3.238952 0.680503 -3.105784
v 7.598341 2.508336 -3.105783
v 7.598341 -0.453298 -3.105783
v 5.461936 -0.453298 -3.105784
v 5.461936 2.508336 -3.105784
v 5.461936 0.680503 -3.105784
v 5.883308 -0.453298 -3.105783
v 5.883308 2.508336 -3.105784
v 5.883308 0.680503 -3.105783
v 7.326330 0.461699 -3.105783
v 6.065792 0.461699 -3.105783
v 7.598341 0.461699 -3.105783
v 3.238952 0.461699 -3.105784
v 5.461936 0.461699 -3.105784
v 5.883308 0.461699 -3.105783
v 7.326330 0.524547 -3.105783
v 6.065792 0.524547 -3.105783
v 7.598341 0.524547 -3.105783
v 3.238952 0.524547 -3.105784
v 5.461936 0.524547 -3.105784
v 5.883308 0.524547 -3.105783
v 7.326330 -0.048943 -3.105783
v 6.065792 -0.048943 -3.105783
v 7.598341 -0.048943 -3.105783
v 3.238952 -0.048943 -3.105784
v 5.461936 -0.048943 -3.105784
v 5.883308 -0.048943 -3.105783
v 7.326330 -0.095421 -3.105783
v 6.065792 -0.095421 -3.105783
v 7.598341 -0.095421 -3.105783
v 3.238952 -0.095421 -3.105784
v 5.461936 -0.095421 -3.105784
v 5.883308 -0.095421 -3.105783
v 4.583350 -0.453298 -3.105784
v 4.583350 2.508336 -3.105784
v 4.583350 0.680503 -3.105784
v 4.583350 0.461699 -3.105784
v 4.583350 0.524547 -3.105784
v 4.583350 -0.048943 -3.105784
v 4.583350 -0.095421 -3.105784
v 5.214545 -0.453298 -3.105784
v 5.214545 2.508336 -3.105784
v 5.214545 0.680503 -3.105784
v 5.214545 0.461699 -3.105784
v 5.214545 0.524547 -3.105784
v 5.214545 -0.048943 -3.105784
v 5.214545 -0.095421 -3.105784
v 4.426811 -0.453298 -3.105784
v 4.426811 2.508336 -3.105784
v 4.426811 0.680503 -3.105784
v 4.426811 0.461699 -3.105784
v 4.426811 0.524547 -3.105784
v 4.426811 -0.048943 -3.105784
v 4.426811 -0.095421 -3.105784
v 3.540521 -0.453298 -3.105784
v 3.540521 2.508336 -3.105784
v 3.540521 0.680503 -3.105784
v 3.540521 0.461699 -3.105784
v 3.540521 0.524547 -3.105784
v 3.540521 -0.048943 -3.105784
v 3.540521 -0.095421 -3.105784
v 3.498636 -0.453298 -3.105784
v 3.498636 2.508336 -3.105785
v 3.498636 0.680503 -3.105784
v 3.498636 0.461699 -3.105784
v 3.498636 0.524547 -3.105784
v 3.498636 -0.048943 -3.105784
v 3.498636 -0.095421 -3.105784
v 4.460355 -0.453298 -3.105784
v 4.460355 2.508336 -3.105784
v 4.460355 0.680503 -3.105784
v 4.460355 0.461699 -3.105784
v 4.460355 0.524547 -3.105784
v 4.460355 -0.048943 -3.105784
v 4.460355 -0.095421 -3.105784
v 4.538625 -0.453298 -3.105784
v 4.538625 2.508336 -3.105784
v 4.538625 0.680503 -3.105784
v 4.538625 0.461699 -3.105784
v 4.538625 0.524547 -3.105784
v 4.538625 -0.048943 -3.105784
v 4.538625 -0.095421 -3.105784
v 5.259525 -0.453298 -3.105784
v 5.259525 2.508336 -3.105784
v 5.259525 0.680503 -3.105784
v 5.259525 0.461699 -3.105784
v 5.259525 0.524547 -3.105784
v 5.259525 -0.048943 -3.105784
v 5.259525 -0.095421 -3.105784
v 6.657360 2.508336 -3.105784
v 6.657360 0.680503 -3.105783
v 6.244415 2.508336 -3.105784
v 6.244415 0.680503 -3.105783
v 7.326330 0.680503 -3.013390
v 5.620434 2.508336 -3.105784
v 5.620434 0.680503 -3.105784
v 5.620434 0.461699 -3.105784
v 5.620434 0.524547 -3.105784
v 6.065792 0.524547 -3.013390
v 6.657360 0.680503 -3.013390
v 5.298450 -0.453298 -3.105784
v 5.298450 2.508336 -3.105784
v 5.298450 0.680503 -3.105784
v 5.298450 0.461699 -3.105784
v 5.298450 0.524547 -3.105784
v 5.298450 -0.048943 -3.105784
v 5.298450 -0.095421 -3.105784
v 4.560987 -0.453298 -3.105784
v 4.560987 2.508336 -3.105784
v 4.560987 0.680503 -3.105784
v 4.560987 0.461699 -3.105784
v 4.560987 0.524547 -3.105784
v 4.560987 -0.048943 -3.105784
v 4.560987 -0.095421 -3.105784
v 4.198524 -0.453298 -3.105784
v 4.198524 2.508336 -3.105784
v 4.198524 0.680503 -3.105784
v 4.198524 0.524547 -3.105784
v 4.198524 -0.048943 -3.105784
v 4.198524 -0.095421 -3.105784
v 3.469567 -0.453298 -3.105784
v 3.469567 2.508336 -3.105785
v 3.469567 0.680503 -3.105784
v 3.469567 0.461699 -3.105784
v 3.469567 0.524547 -3.105784
v 3.469567 -0.048943 -3.105784
v 3.469567 -0.095421 -3.105784
v 7.326330 1.331381 -3.105783
v 3.238952 1.331381 -3.105784
v 6.065792 1.331381 -3.105784
v 7.598341 1.331381 -3.105783
v 5.461936 1.331381 -3.105784
v 5.883308 1.331381 -3.105784
v 4.583350 1.331381 -3.105784
v 5.214545 1.331381 -3.105784
v 4.426811 1.331381 -3.105784
v 3.540521 1.331381 -3.105784
v 3.498636 1.331381 -3.105784
v 4.460355 1.331381 -3.105784
v 4.538625 1.331381 -3.105784
v 5.259525 1.331381 -3.105784
v 6.657360 1.331381 -3.105784
v 6.244415 1.331381 -3.105784
v 5.620434 1.331381 -3.105784
v 5.298450 1.331381 -3.105784
v 4.560987 1.331381 -3.105784
v 4.198524 1.331381 -3.105784
v 3.469567 1.331381 -3.105784
v 4.231413 -0.453298 -3.105784
v 4.231413 2.508336 -3.105784
v 4.231413 0.680503 -3.105784
v 4.231413 0.524547 -3.105784
v 4.231413 -0.048943 -3.105784
v 4.231413 -0.095421 -3.105784
v 4.231413 1.331381 -3.105784
v 7.326330 1.375612 -3.105783
v 3.238952 1.375613 -3.105784
v 6.065792 1.375612 -3.105784
v 7.598341 1.375612 -3.105783
v 5.461936 1.375613 -3.105784
v 5.883308 1.375613 -3.105784
v 4.583350 1.375613 -3.105784
v 5.214545 1.375613 -3.105784
v 4.426811 1.375613 -3.105784
v 3.540521 1.375613 -3.105784
v 3.498636 1.375613 -3.105784
v 4.460355 1.375613 -3.105784
v 4.538625 1.375613 -3.105784
v 5.259525 1.375613 -3.105784
v 6.657360 1.375612 -3.105784
v 6.244415 1.375612 -3.105784
v 5.620434 1.375613 -3.105784
v 5.298450 1.375613 -3.105784
v 4.560987 1.375613 -3.105784
v 4.198524 1.375613 -3.105784
v 3.469567 1.375613 -3.105784
v 4.231413 1.375613 -3.105784
v 5.322571 -0.453298 -3.105784
v 5.322571 2.508336 -3.105784
v 5.322571 0.680503 -3.105784
v 5.322571 0.461699 -3.105784
v 5.322571 0.524547 -3.105784
v 5.322571 -0.048943 -3.105784
v 5.322571 -0.095421 -3.105784
v 5.322571 1.331381 -3.105784
v 5.322571 1.375613 -3.105784
v 7.326330 0.524547 -3.013390
v 5.596256 2.508336 -3.105784
v 5.596256 0.680503 -3.105784
v 5.596256 0.461699 -3.105784
v 5.596256 0.524547 -3.105784
v 7.326330 -0.453298 -3.013390
v 6.657360 -0.453298 -3.013390
v 5.596256 1.331381 -3.105784
v 5.596256 1.375613 -3.105784
v 6.277717 2.508336 -3.105784
v 6.277717 0.680503 -3.105783
v 6.277717 1.331381 -3.105784
v 6.277717 1.375612 -3.105784
v 6.629288 2.508336 -3.105784
v 6.629288 0.680503 -3.105783
v 6.629288 1.331381 -3.105784
v 6.629288 1.375612 -3.105784
v 7.346331 0.680503 -3.105783
v 7.346331 2.508336 -3.105783
v 7.346331 -0.453298 -3.105783
v 7.346331 0.461699 -3.105783
v 7.346331 0.524547 -3.105783
v 7.346331 -0.048943 -3.105783
v 7.346331 -0.095421 -3.105783
v 7.346331 1.331381 -3.105783
v 7.346331 1.375612 -3.105783
v 7.326330 1.990323 -3.105783
v 3.238952 1.990323 -3.105785
v 6.065792 1.990323 -3.105784
v 7.598341 1.990323 -3.105783
v 5.461936 1.990323 -3.105784
v 5.883308 1.990323 -3.105784
v 4.583350 1.990323 -3.105784
v 5.214545 1.990323 -3.105784
v 4.426811 1.990323 -3.105784
v 3.540521 1.990323 -3.105784
v 3.498636 1.990323 -3.105784
v 4.460355 1.990323 -3.105784
v 4.538625 1.990323 -3.105784
v 5.259525 1.990323 -3.105784
v 6.657360 1.990323 -3.105784
v 6.244415 1.990323 -3.105784
v 5.620434 1.990323 -3.105784
v 5.298450 1.990323 -3.105784
v 4.560987 1.990323 -3.105784
v 4.198524 1.990323 -3.105784
v 3.469567 1.990323 -3.105784
v 4.231413 1.990323 -3.105784
v 5.322571 1.990323 -3.105784
v 5.596256 1.990323 -3.105784
v 6.277717 1.990323 -3.105784
v 6.629288 1.990323 -3.105784
v 7.346331 1.990323 -3.105783
v 5.620434 -0.453298 -3.071127
v 5.883308 -0.453298 -3.071127
v 5.461936 -0.048943 -3.071127
v 5.461936 0.461699 -3.071127
v 5.883308 -0.048943 -3.071127
v 5.883308 0.461699 -3.071127
v 5.620434 0.461699 -3.071127
v 5.461936 -0.095421 -3.071127
v 5.883308 -0.095421 -3.071127
v 5.620434 -0.048943 -3.071127
v 5.461936 -0.453298 -3.071127
v 5.620434 -0.095421 -3.071127
v 5.596256 -0.453298 -3.071127
v 5.596256 0.461699 -3.071127
v 5.596256 -0.048943 -3.071127
v 5.596256 -0.095421 -3.071127
v 6.065792 0.680503 -3.013390
v 7.326330 -0.048943 -3.013390
v 7.326330 0.461699 -3.013390
v 6.065792 -0.048943 -3.013390
v 6.065792 0.461699 -3.013390
v 6.657360 0.461699 -3.013390
v 6.657360 0.524547 -3.013390
v 7.326330 -0.095421 -3.013390
v 6.065792 -0.095421 -3.013390
v 6.657360 -0.048943 -3.013390
v 6.065792 -0.453298 -3.013390
v 6.657360 -0.095421 -3.013390
v 6.629288 -0.453298 -3.013390
v 6.629288 0.680503 -3.013390
v 6.629288 0.461699 -3.013390
v 6.629288 0.524547 -3.013390
v 6.629288 -0.048943 -3.013390
v 6.629288 -0.095421 -3.013390
v 6.244415 -0.453298 -3.013390
v 6.244415 0.680503 -3.013390
v 6.244415 0.461699 -3.013390
v 6.244415 0.524547 -3.013390
v 6.244415 -0.048943 -3.013390
v 6.244415 -0.095421 -3.013390
v 6.277717 -0.453298 -3.013390
v 6.277717 0.680503 -3.013390
v 6.277717 0.461699 -3.013390
v 6.277717 0.524547 -3.013390
v 6.277717 -0.048943 -3.013390
v 6.277717 -0.095421 -3.013390
v 4.583350 0.461699 -3.083857
v 4.583350 0.524547 -3.083857
v 4.583350 -0.048943 -3.083857
v 5.214545 0.461699 -3.083857
v 5.214545 0.524547 -3.083857
v 5.214545 -0.048943 -3.083857
v 4.231413 0.461699 -3.083857
v 4.426811 0.461699 -3.083857
v 4.231413 0.524547 -3.083857
v 4.426811 0.524547 -3.083857
v 4.231413 -0.048943 -3.083857
v 4.426811 -0.048943 -3.083857
v 3.540521 0.461699 -3.083858
v 3.540521 0.524547 -3.083858
v 3.540521 -0.048943 -3.083858
v 4.198524 0.461699 -3.083857
v 4.198524 0.524547 -3.083857
v 4.198524 -0.048943 -3.083857
v 4.560987 1.375613 -3.083858
v 4.583350 1.375613 -3.083858
v 5.620434 1.375613 -3.083857
v 5.883308 1.375613 -3.083857
v 6.657360 1.375612 -3.083857
v 7.326330 1.375612 -3.083857
v 5.259525 1.375613 -3.083857
v 5.298450 1.375613 -3.083857
v 3.498636 1.375613 -3.083858
v 3.540521 1.375613 -3.083858
v 4.198524 1.375613 -3.083858
v 5.214545 1.375613 -3.083857
v 6.065792 1.375612 -3.083857
v 6.244415 1.375612 -3.083857
v 7.326330 1.990323 -3.083857
v 6.065792 1.990323 -3.083857
v 5.883308 1.990323 -3.083857
v 4.583350 1.990323 -3.083858
v 5.214545 1.990323 -3.083857
v 3.540521 1.990323 -3.083858
v 3.498636 1.990323 -3.083858
v 5.259525 1.990323 -3.083857
v 6.657360 1.990323 -3.083857
v 6.244415 1.990323 -3.083857
v 5.620434 1.990323 -3.083857
v 5.298450 1.990323 -3.083857
v 4.560987 1.990323 -3.083858
v 4.198524 1.990323 -3.083858
v 4.560987 -0.048943 -3.141200
v 4.583350 -0.048943 -3.141200
v 4.560987 -0.095421 -3.141200
v 4.583350 -0.095421 -3.141200
v 5.214545 -0.048943 -3.141199
v 5.214545 -0.095421 -3.141199
v 4.231413 -0.048943 -3.141200
v 4.426811 -0.048943 -3.141200
v 4.231413 -0.095421 -3.141200
v 4.426811 -0.095421 -3.141200
v 3.498636 -0.048943 -3.141200
v 3.540521 -0.048943 -3.141200
v 3.498636 -0.095421 -3.141200
v 3.540521 -0.095421 -3.141200
v 4.460355 -0.048943 -3.141200
v 4.460355 -0.095421 -3.141200
v 4.538625 -0.095421 -3.141200
v 4.538625 -0.048943 -3.141200
v 5.259525 -0.048943 -3.141199
v 5.259525 -0.095421 -3.141199
v 4.198524 -0.048943 -3.141200
v 4.198524 -0.095421 -3.141200
v 3.469567 1.331381 -3.141201
v 3.498636 1.331381 -3.141201
v 4.560987 1.331381 -3.141200
v 4.583350 1.331381 -3.141200
v 5.620434 1.331381 -3.141200
v 5.883308 1.331381 -3.141200
v 6.629288 1.331381 -3.141199
v 6.657360 1.331381 -3.141199
v 7.326330 1.331381 -3.141199
v 5.259525 1.331381 -3.141200
v 5.298450 1.331381 -3.141200
v 4.538625 1.331381 -3.141200
v 3.540521 1.331381 -3.141201
v 4.198524 1.331381 -3.141200
v 5.214545 1.331381 -3.141200
v 6.065792 1.331381 -3.141200
v 5.596256 1.331381 -3.141200
v 6.244415 1.331381 -3.141200
v 4.231413 1.331381 -3.141200
v 7.326330 1.375612 -3.141199
v 6.065792 1.375612 -3.141200
v 5.883308 1.375613 -3.141200
v 4.583350 1.375613 -3.141200
v 5.214545 1.375613 -3.141200
v 3.540521 1.375613 -3.141201
v 3.498636 1.375613 -3.141201
v 4.538625 1.375613 -3.141200
v 5.259525 1.375613 -3.141200
v 6.657360 1.375612 -3.141199
v 6.244415 1.375612 -3.141200
v 5.620434 1.375613 -3.141200
v 5.298450 1.375613 -3.141200
v 4.560987 1.375613 -3.141200
v 4.198524 1.375613 -3.141200
v 3.469567 1.375613 -3.141201
v 4.231413 1.375613 -3.141200
v 6.629288 1.375612 -3.141199
v 5.596256 1.375613 -3.141200
v 5.322571 1.331381 -3.141200
v 5.322571 1.375613 -3.141200
v 6.277717 1.331381 -3.141200
v 6.277717 1.375612 -3.141200
v 7.346331 1.331381 -3.141199
v 7.346331 1.375612 -3.141199
v 7.326330 0.122638 -3.013390
v 7.326330 0.122638 -3.105783
v 6.065792 0.122638 -3.105783
v 7.598341 0.122638 -3.105783
v 3.238952 0.122638 -3.105784
v 5.461936 0.122638 -3.105784
v 5.883308 0.122638 -3.105783
v 4.583350 0.122638 -3.105784
v 5.214545 0.122638 -3.105784
v 4.426811 0.122638 -3.105784
v 3.540521 0.122638 -3.105784
v 3.498636 0.122638 -3.105784
v 4.460355 0.122638 -3.105784
v 4.538625 0.122638 -3.105784
v 5.259525 0.122638 -3.105784
v 5.298450 0.122638 -3.105784
v 4.560987 0.122638 -3.105784
v 3.469567 0.122638 -3.105784
v 5.322571 0.122638 -3.105784
v 7.346331 0.122638 -3.105783
v 5.461936 0.122638 -3.071127
v 5.883308 0.122638 -3.071127
v 5.620434 0.122638 -3.071127
v 5.596256 0.122638 -3.071127
v 6.065792 0.122638 -3.013390
v 6.657360 0.122638 -3.013390
v 6.244415 0.122638 -3.013390
v 6.277717 0.122638 -3.013390
v 6.629288 0.122638 -3.013390
v 4.583350 0.122638 -3.083857
v 5.214545 0.122638 -3.083857
v 4.426811 0.122638 -3.083857
v 3.540521 0.122638 -3.083858
v 4.198524 0.122638 -3.083857
v 4.231413 0.122638 -3.083857
v 7.326330 0.411222 -3.013390
v 7.326330 0.411222 -3.105783
v 6.065792 0.411222 -3.105783
v 7.598341 0.411222 -3.105783
v 3.238952 0.411222 -3.105784
v 5.461936 0.411222 -3.105784
v 5.883308 0.411222 -3.105783
v 4.583350 0.411222 -3.105784
v 5.214545 0.411222 -3.105784
v 4.426811 0.411222 -3.105784
v 3.540521 0.411222 -3.105784
v 3.498636 0.411222 -3.105784
v 4.460355 0.411222 -3.105784
v 4.538625 0.411222 -3.105784
v 5.259525 0.411222 -3.105784
v 5.298450 0.411222 -3.105784
v 4.560987 0.411222 -3.105784
v 3.469567 0.411222 -3.105784
v 5.322571 0.411222 -3.105784
v 7.346331 0.411222 -3.105783
v 5.461936 0.411222 -3.071127
v 5.883308 0.411222 -3.071127
v 5.620434 0.411222 -3.071127
v 5.596256 0.411222 -3.071127
v 6.065792 0.411222 -3.013390
v 6.657360 0.411222 -3.013390
v 6.244415 0.411222 -3.013390
v 6.277717 0.411222 -3.013390
v 6.629288 0.411222 -3.013390
v 4.583350 0.411222 -3.083857
v 5.214545 0.411222 -3.083857
v 4.426811 0.411222 -3.083857
v 3.540521 0.411222 -3.083858
v 4.198524 0.411222 -3.083857
v 4.231413 0.411222 -3.083857
v 5.829960 2.508336 -3.105784
v 5.829960 0.680503 -3.105783
v 5.829960 0.461699 -3.105783
v 5.829960 0.524547 -3.105783
v 5.829960 1.331381 -3.105784
v 5.829960 1.375613 -3.105784
v 5.829960 1.990323 -3.105784
v 5.829960 -0.453298 -3.071127
v 5.829960 0.461699 -3.071127
v 5.829960 -0.048943 -3.071127
v 5.829960 -0.095421 -3.071127
v 5.829960 1.375613 -3.083857
v 5.829960 1.990323 -3.083857
v 5.829960 1.331381 -3.141200
v 5.829960 1.375613 -3.141200
v 5.829960 0.122638 -3.071127
v 5.829960 0.411222 -3.071127
v 5.507482 2.508336 -3.105784
v 5.507482 0.680503 -3.105784
v 5.507482 0.461699 -3.105784
v 5.507482 0.524547 -3.105784
v 5.507482 1.331381 -3.105784
v 5.507482 1.375613 -3.105784
v 5.507482 1.990323 -3.105784
v 5.507482 -0.453298 -3.071127
v 5.507482 0.461699 -3.071127
v 5.507482 -0.048943 -3.071127
v 5.507482 -0.095421 -3.071127
v 5.507482 0.122638 -3.071127
v 5.507482 0.411222 -3.071127
v 5.596256 0.133924 -3.083954
v 5.620434 0.133924 -3.083954
v 5.518767 0.133924 -3.083954
v 5.620434 0.411222 -3.083954
v 5.596256 0.399936 -3.083954
v 5.518767 0.399936 -3.083954
v 5.818675 0.133924 -3.083954
v 5.818675 0.399936 -3.083954
v 5.596256 0.122638 -3.083954
v 5.620434 0.122638 -3.083954
v 5.507482 0.122638 -3.083954
v 5.596256 0.411222 -3.083954
v 5.620434 0.399936 -3.083954
v 5.507482 0.411222 -3.083954
v 5.829960 0.122638 -3.083954
v 5.829960 0.411222 -3.083954
v 5.620434 0.133924 -3.074445
v 5.620434 0.399936 -3.074445
v 5.596256 0.133924 -3.074445
v 5.596256 0.399936 -3.074445
v 5.518767 0.133924 -3.074445
v 5.518767 0.399936 -3.074445
v 5.818675 0.133924 -3.074445
v 5.818675 0.399936 -3.074445
v 7.598299 -0.453297 0.981614
v 7.598299 2.508337 0.981614
v 7.598299 0.680503 0.981614
v 7.598299 -0.453298 -0.278924
v 7.598299 2.508336 -3.105764
v 7.598299 2.508337 -0.278924
v 7.598299 0.680503 -0.278924
v 7.598299 -0.453298 -3.105764
v 7.598299 0.680503 1.253625
v 7.598299 0.680503 -3.105764
v 7.598299 2.508337 1.253625
v 7.598299 -0.453297 1.253625
v 7.598299 -0.453298 -0.882779
v 7.598299 2.508337 -0.882780
v 7.598299 0.680503 -0.882779
v 7.598299 -0.453298 -0.461408
v 7.598299 2.508337 -0.461408
v 7.598299 0.680503 -0.461408
v 7.598299 0.461699 0.981614
v 7.598299 0.461699 -0.278924
v 7.598299 0.461700 1.253625
v 7.598299 0.461699 -3.105764
v 7.598299 0.461699 -0.882779
v 7.598299 0.461699 -0.461408
v 7.598299 0.524547 0.981614
v 7.598299 0.524547 -0.278924
v 7.598299 0.524547 1.253625
v 7.598299 0.524547 -3.105764
v 7.598299 0.524547 -0.882779
v 7.598299 0.524547 -0.461408
v 7.598299 -0.048943 0.981614
v 7.598299 -0.048943 -0.278924
v 7.598299 -0.048943 1.253625
v 7.598299 -0.048943 -3.105764
v 7.598299 -0.048943 -0.882779
v 7.598299 -0.048943 -0.461408
v 7.598299 -0.095420 0.981614
v 7.598299 -0.095420 -0.278924
v 7.598299 -0.095420 1.253625
v 7.598299 -0.095421 -3.105764
v 7.598299 -0.095421 -0.882779
v 7.598299 -0.095420 -0.461408
v 7.598299 -0.453298 -1.761366
v 7.598299 2.508337 -1.761366
v 7.598299 0.680503 -1.761366
v 7.598299 0.461699 -1.761366
v 7.598299 0.524547 -1.761366
v 7.598299 -0.048943 -1.761366
v 7.598299 -0.095420 -1.761366
v 7.598299 -0.453298 -1.130171
v 7.598299 2.508337 -1.130171
v 7.598299 0.680503 -1.130171
v 7.598299 0.461699 -1.130171
v 7.598299 0.524547 -1.130171
v 7.598299 -0.048943 -1.130171
v 7.598299 -0.095420 -1.130171
v 7.598299 -0.453298 -1.917905
v 7.598299 2.508337 -1.917905
v 7.598299 0.680503 -1.917905
v 7.598299 0.461699 -1.917905
v 7.598299 0.524547 -1.917905
v 7.598299 -0.048943 -1.917905
v 7.598299 -0.095421 -1.917905
v 7.598299 -0.453298 -2.804195
v 7.598299 2.508336 -2.804195
v 7.598299 0.680503 -2.804195
v 7.598299 0.461699 -2.804195
v 7.598299 0.524547 -2.804195
v 7.598299 -0.048943 -2.804195
v 7.598299 -0.095421 -2.804195
v 7.598299 -0.453298 -2.846079
v 7.598299 2.508336 -2.846080
v 7.598299 0.680503 -2.846079
v 7.598299 0.461699 -2.846079
v 7.598299 0.524547 -2.846079
v 7.598299 -0.048943 -2.846079
v 7.598299 -0.095421 -2.846079
v 7.598299 -0.453298 -1.884361
v 7.598299 2.508337 -1.884361
v 7.598299 0.680503 -1.884361
v 7.598299 0.461699 -1.884361
v 7.598299 0.524547 -1.884361
v 7.598299 -0.048943 -1.884361
v 7.598299 -0.095421 -1.884361
v 7.598299 -0.453298 -1.806091
v 7.598299 2.508337 -1.806092
v 7.598299 0.680503 -1.806091
v 7.598299 0.461699 -1.806091
v 7.598299 0.524547 -1.806091
v 7.598299 -0.048943 -1.806091
v 7.598299 -0.095421 -1.806091
v 7.598299 -0.453298 -1.085191
v 7.598299 2.508337 -1.085191
v 7.598299 0.680503 -1.085191
v 7.598299 0.461699 -1.085191
v 7.598299 0.524547 -1.085191
v 7.598299 -0.048943 -1.085191
v 7.598299 -0.095420 -1.085191
v 7.598299 2.508337 0.312644
v 7.598299 0.680503 0.312644
v 7.598299 2.508337 -0.100301
v 7.598299 0.680503 -0.100301
v 7.505906 0.680503 0.981614
v 7.598299 2.508337 -0.724282
v 7.598299 0.680503 -0.724282
v 7.598299 0.461699 -0.724282
v 7.598299 0.524547 -0.724282
v 7.505906 0.524547 -0.278924
v 7.505906 0.680503 0.312644
v 7.598299 -0.453298 -1.046265
v 7.598299 2.508337 -1.046266
v 7.598299 0.680503 -1.046265
v 7.598299 0.461699 -1.046265
v 7.598299 0.524547 -1.046265
v 7.598299 -0.048943 -1.046265
v 7.598299 -0.095420 -1.046265
v 7.598299 -0.453298 -1.783728
v 7.598299 2.508337 -1.783729
v 7.598299 0.680503 -1.783728
v 7.598299 0.461699 -1.783728
v 7.598299 0.524547 -1.783728
v 7.598299 -0.048943 -1.783728
v 7.598299 -0.095420 -1.783728
v 7.598299 -0.453298 -2.146192
v 7.598299 2.508337 -2.146192
v 7.598299 0.680503 -2.146192
v 7.598299 0.524547 -2.146192
v 7.598299 -0.048943 -2.146192
v 7.598299 -0.095421 -2.146192
v 7.598299 -0.453298 -2.875149
v 7.598299 2.508336 -2.875149
v 7.598299 0.680503 -2.875149
v 7.598299 0.461699 -2.875149
v 7.598299 0.524547 -2.875149
v 7.598299 -0.048943 -2.875149
v 7.598299 -0.095421 -2.875149
v 7.598299 1.331381 0.981614
v 7.598299 1.331381 -3.105764
v 7.598299 1.331381 -0.278924
v 7.598299 1.331381 1.253625
v 7.598299 1.331381 -0.882780
v 7.598299 1.331381 -0.461408
v 7.598299 1.331381 -1.761366
v 7.598299 1.331381 -1.130171
v 7.598299 1.331381 -1.917905
v 7.598299 1.331381 -2.804195
v 7.598299 1.331381 -2.846080
v 7.598299 1.331381 -1.884361
v 7.598299 1.331381 -1.806091
v 7.598299 1.331381 -1.085191
v 7.598299 1.331381 0.312644
v 7.598299 1.331381 -0.100301
v 7.598299 1.331381 -0.724282
v 7.598299 1.331381 -1.046266
v 7.598299 1.331381 -1.783728
v 7.598299 1.331381 -2.146192
v 7.598299 1.331381 -2.875149
v 7.598299 -0.453298 -2.113303
v 7.598299 2.508337 -2.113303
v 7.598299 0.680503 -2.113303
v 7.598299 0.524547 -2.113303
v 7.598299 -0.048943 -2.113303
v 7.598299 -0.095421 -2.113303
v 7.598299 1.331381 -2.113303
v 7.598299 1.375613 0.981614
v 7.598299 1.375613 -3.105764
v 7.598299 1.375613 -0.278924
v 7.598299 1.375613 1.253625
v 7.598299 1.375613 -0.882780
v 7.598299 1.375613 -0.461408
v 7.598299 1.375613 -1.761366
v 7.598299 1.375613 -1.130171
v 7.598299 1.375613 -1.917905
v 7.598299 1.375613 -2.804195
v 7.598299 1.375613 -2.846080
v 7.598299 1.375613 -1.884361
v 7.598299 1.375613 -1.806091
v 7.598299 1.375613 -1.085191
v 7.598299 1.375613 0.312644
v 7.598299 1.375613 -0.100301
v 7.598299 1.375613 -0.724282
v 7.598299 1.375613 -1.046266
v 7.598299 1.375613 -1.783728
v 7.598299 1.375613 -2.146192
v 7.598299 1.375613 -2.875149
v 7.598299 1.375613 -2.113303
v 7.598299 -0.453298 -1.022144
v 7.598299 2.508337 -1.022145
v 7.598299 0.680503 -1.022145
v 7.598299 0.461699 -1.022145
v 7.598299 0.524547 -1.022145
v 7.598299 -0.048943 -1.022144
v 7.598299 -0.095420 -1.022144
v 7.598299 1.331381 -1.022145
v 7.598299 1.375613 -1.022145
v 7.505906 0.524547 0.981614
v 7.598299 2.508337 -0.748460
v 7.598299 0.680503 -0.748459
v 7.598299 0.461699 -0.748459
v 7.598299 0.524547 -0.748459
v 7.505906 -0.453297 0.981614
v 7.505906 -0.453298 0.312644
v 7.598299 1.331381 -0.748460
v 7.598299 1.375613 -0.748460
v 7.598299 2.508337 -0.066999
v 7.598299 0.680503 -0.066999
v 7.598299 1.331381 -0.066999
v 7.598299 1.375613 -0.066999
v 7.598299 2.508337 0.284572
v 7.598299 0.680503 0.284572
v 7.598299 1.331381 0.284572
v 7.598299 1.375613 0.284572
v 7.598299 0.680503 1.001615
v 7.598299 2.508337 1.001615
v 7.598299 -0.453297 1.001615
v 7.598299 0.461699 1.001615
v 7.598299 0.524547 1.001615
v 7.598299 -0.048943 1.001615
v 7.598299 -0.095420 1.001615
v 7.598299 1.331381 1.001615
v 7.598299 1.375613 1.001615
v 7.598299 1.990323 0.981614
v 7.598299 1.990323 -3.105764
v 7.598299 1.990323 -0.278924
v 7.598299 1.990323 1.253625
v 7.598299 1.990323 -0.882780
v 7.598299 1.990323 -0.461408
v 7.598299 1.990323 -1.761366
v 7.598299 1.990323 -1.130171
v 7.598299 1.990323 -1.917905
v 7.598299 1.990323 -2.804195
v 7.598299 1.990323 -2.846080
v 7.598299 1.990323 -1.884361
v 7.598299 1.990323 -1.806092
v 7.598299 1.990323 -1.085191
v 7.598299 1.990323 0.312644
v 7.598299 1.990323 -0.100301
v 7.598299 1.990323 -0.724282
v 7.598299 1.990323 -1.046266
v 7.598299 1.990323 -1.783729
v 7.598299 1.990323 -2.146192
v 7.598299 1.990323 -2.875149
v 7.598299 1.990323 -2.113303
v 7.598299 1.990323 -1.022145
v 7.598299 1.990323 -0.748460
v 7.598299 1.990323 -0.066999
v 7.598299 1.990323 0.284572
v 7.598299 1.990323 1.001615
v 7.563643 -0.453298 -0.724282
v 7.563643 -0.453298 -0.461408
v 7.563643 -0.048943 -0.882779
v 7.563643 0.461699 -0.882779
v 7.563643 -0.048943 -0.461408
v 7.563643 0.461699 -0.461408
v 7.563643 0.461699 -0.724282
v 7.563643 -0.095421 -0.882779
v 7.563643 -0.095420 -0.461408
v 7.563643 -0.048943 -0.724282
v 7.563643 -0.453298 -0.882779
v 7.563643 -0.095420 -0.724282
v 7.563643 -0.453298 -0.748459
v 7.563643 0.461699 -0.748459
v 7.563643 -0.048943 -0.748459
v 7.563643 -0.095420 -0.748459
v 7.505906 0.680503 -0.278924
v 7.505906 -0.048943 0.981614
v 7.505906 0.461699 0.981614
v 7.505906 -0.048943 -0.278924
v 7.505906 0.461699 -0.278924
v 7.505906 0.461699 0.312644
v 7.505906 0.524547 0.312644
v 7.505906 -0.095420 0.981614
v 7.505906 -0.095420 -0.278924
v 7.505906 -0.048943 0.312644
v 7.505906 -0.453298 -0.278924
v 7.505906 -0.095420 0.312644
v 7.505906 -0.453298 0.284572
v 7.505906 0.680503 0.284572
v 7.505906 0.461699 0.284572
v 7.505906 0.524547 0.284572
v 7.505906 -0.048943 0.284572
v 7.505906 -0.095420 0.284572
v 7.505906 -0.453298 -0.100301
v 7.505906 0.680503 -0.100301
v 7.505906 0.461699 -0.100301
v 7.505906 0.524547 -0.100301
v 7.505906 -0.048943 -0.100301
v 7.505906 -0.095420 -0.100301
v 7.505906 -0.453298 -0.066999
v 7.505906 0.680503 -0.066999
v 7.505906 0.461699 -0.066999
v 7.505906 0.524547 -0.066999
v 7.505906 -0.048943 -0.066999
v 7.505906 -0.095420 -0.066999
v 7.576372 0.461699 -1.761366
v 7.576372 0.524547 -1.761366
v 7.576372 -0.048943 -1.761366
v 7.576372 0.461699 -1.130171
v 7.576372 0.524547 -1.130171
v 7.576372 -0.048943 -1.130171
v 7.576372 0.461699 -2.113303
v 7.576372 0.461699 -1.917905
v 7.576372 0.524547 -2.113303
v 7.576372 0.524547 -1.917905
v 7.576372 -0.048943 -2.113303
v 7.576372 -0.048943 -1.917905
v 7.576372 0.461699 -2.804195
v 7.576372 0.524547 -2.804195
v 7.576372 -0.048943 -2.804195
v 7.576372 0.461699 -2.146192
v 7.576372 0.524547 -2.146192
v 7.576372 -0.048943 -2.146192
v 7.576372 1.375613 -1.783728
v 7.576372 1.375613 -1.761366
v 7.576372 1.375613 -0.724282
v 7.576372 1.375613 -0.461408
v 7.576372 1.375613 0.312644
v 7.576372 1.375613 0.981614
v 7.576372 1.375613 -1.085191
v 7.576372 1.375613 -1.046266
v 7.576372 1.375613 -2.846080
v 7.576372 1.375613 -2.804195
v 7.576372 1.375613 -2.146192
v 7.576372 1.375613 -1.130171
v 7.576372 1.375613 -0.278924
v 7.576372 1.375613 -0.100301
v 7.576372 1.990323 0.981614
v 7.576372 1.990323 -0.278924
v 7.576372 1.990323 -0.461408
v 7.576372 1.990323 -1.761366
v 7.576372 1.990323 -1.130171
v 7.576372 1.990323 -2.804195
v 7.576372 1.990323 -2.846080
v 7.576372 1.990323 -1.085191
v 7.576372 1.990323 0.312644
v 7.576372 1.990323 -0.100301
v 7.576372 1.990323 -0.724282
v 7.576372 1.990323 -1.046266
v 7.576372 1.990323 -1.783729
v 7.576372 1.990323 -2.146192
v 7.633715 -0.048943 -1.783728
v 7.633715 -0.048943 -1.761366
v 7.633715 -0.095420 -1.783728
v 7.633715 -0.095420 -1.761366
v 7.633715 -0.048943 -1.130171
v 7.633715 -0.095420 -1.130171
v 7.633715 -0.048943 -2.113303
v 7.633715 -0.048943 -1.917905
v 7.633715 -0.095421 -2.113303
v 7.633715 -0.095421 -1.917905
v 7.633715 -0.048943 -2.846079
v 7.633715 -0.048943 -2.804195
v 7.633715 -0.095421 -2.846079
v 7.633715 -0.095421 -2.804195
v 7.633715 -0.048943 -1.884361
v 7.633715 -0.095421 -1.884361
v 7.633715 -0.095421 -1.806091
v 7.633715 -0.048943 -1.806091
v 7.633715 -0.048943 -1.085191
v 7.633715 -0.095420 -1.085191
v 7.633715 -0.048943 -2.146192
v 7.633715 -0.095421 -2.146192
v 7.633715 1.331381 -2.875149
v 7.633715 1.331381 -2.846080
v 7.633715 1.331381 -1.783728
v 7.633715 1.331381 -1.761366
v 7.633715 1.331381 -0.724282
v 7.633715 1.331381 -0.461408
v 7.633715 1.331381 0.284572
v 7.633715 1.331381 0.312644
v 7.633715 1.331381 0.981614
v 7.633715 1.331381 -1.085191
v 7.633715 1.331381 -1.046266
v 7.633715 1.331381 -1.806091
v 7.633715 1.331381 -2.804195
v 7.633715 1.331381 -2.146192
v 7.633715 1.331381 -1.130171
v 7.633715 1.331381 -0.278924
v 7.633715 1.331381 -0.748460
v 7.633715 1.331381 -0.100301
v 7.633715 1.331381 -2.113303
v 7.633715 1.375613 0.981614
v 7.633715 1.375613 -0.278924
v 7.633715 1.375613 -0.461408
v 7.633715 1.375613 -1.761366
v 7.633715 1.375613 -1.130171
v 7.633715 1.375613 -2.804195
v 7.633715 1.375613 -2.846080
v 7.633715 1.375613 -1.806091
v 7.633715 1.375613 -1.085191
v 7.633715 1.375613 0.312644
v 7.633715 1.375613 -0.100301
v 7.633715 1.375613 -0.724282
v 7.633715 1.375613 -1.046266
v 7.633715 1.375613 -1.783728
v 7.633715 1.375613 -2.146192
v 7.633715 1.375613 -2.875149
v 7.633715 1.375613 -2.113303
v 7.633715 1.375613 0.284572
v 7.633715 1.375613 -0.748460
v 7.633715 1.331381 -1.022145
v 7.633715 1.375613 -1.022145
v 7.633715 1.331381 -0.066999
v 7.633715 1.375613 -0.066999
v 7.633715 1.331381 1.001615
v 7.633715 1.375613 1.001615
v 7.505906 0.122639 0.981614
v 7.598299 0.122639 0.981614
v 7.598299 0.122639 -0.278924
v 7.598299 0.122639 1.253625
v 7.598299 0.122638 -3.105764
v 7.598299 0.122639 -0.882779
v 7.598299 0.122639 -0.461408
v 7.598299 0.122639 -1.761366
v 7.598299 0.122639 -1.130171
v 7.598299 0.122639 -1.917905
v 7.598299 0.122638 -2.804195
v 7.598299 0.122638 -2.846079
v 7.598299 0.122639 -1.884361
v 7.598299 0.122639 -1.806091
v 7.598299 0.122639 -1.085191
v 7.598299 0.122639 -1.046265
v 7.598299 0.122639 -1.783728
v 7.598299 0.122638 -2.875149
v 7.598299 0.122639 -1.022144
v 7.598299 0.122639 1.001615
v 7.563643 0.122639 -0.882779
v 7.563643 0.122639 -0.461408
v 7.563643 0.122639 -0.724282
v 7.563643 0.122639 -0.748459
v 7.505906 0.122639 -0.278924
v 7.505906 0.122639 0.312644
v 7.505906 0.122639 -0.100301
v 7.505906 0.122639 -0.066999
v 7.505906 0.122639 0.284572
v 7.576372 0.122639 -1.761366
v 7.576372 0.122639 -1.130171
v 7.576372 0.122639 -1.917905
v 7.576372 0.122638 -2.804195
v 7.576372 0.122639 -2.146192
v 7.576372 0.122639 -2.113303
v 7.505906 0.411222 0.981614
v 7.598299 0.411222 0.981614
v 7.598299 0.411222 -0.278924
v 7.598299 0.411222 1.253625
v 7.598299 0.411222 -3.105764
v 7.598299 0.411222 -0.882779
v 7.598299 0.411222 -0.461408
v 7.598299 0.411222 -1.761366
v 7.598299 0.411222 -1.130171
v 7.598299 0.411222 -1.917905
v 7.598299 0.411222 -2.804195
v 7.598299 0.411222 -2.846079
v 7.598299 0.411222 -1.884361
v 7.598299 0.411222 -1.806091
v 7.598299 0.411222 -1.085191
v 7.598299 0.411222 -1.046265
v 7.598299 0.411222 -1.783728
v 7.598299 0.411222 -2.875149
v 7.598299 0.411222 -1.022145
v 7.598299 0.411222 1.001615
v 7.563643 0.411222 -0.882779
v 7.563643 0.411222 -0.461408
v 7.563643 0.411222 -0.724282
v 7.563643 0.411222 -0.748459
v 7.505906 0.411222 -0.278924
v 7.505906 0.411222 0.312644
v 7.505906 0.411222 -0.100301
v 7.505906 0.411222 -0.066999
v 7.505906 0.411222 0.284572
v 7.576372 0.411222 -1.761366
v 7.576372 0.411222 -1.130171
v 7.576372 0.411222 -1.917905
v 7.576372 0.411222 -2.804195
v 7.576372 0.411222 -2.146192
v 7.576372 0.411222 -2.113303
v 7.598299 2.508337 -0.514756
v 7.598299 0.680503 -0.514756
v 7.598299 0.461699 -0.514756
v 7.598299 0.524547 -0.514756
v 7.598299 1.331381 -0.514756
v 7.598299 1.375613 -0.514756
v 7.598299 1.990323 -0.514756
v 7.563643 -0.453298 -0.514756
v 7.563643 0.461699 -0.514756
v 7.563643 -0.048943 -0.514756
v 7.563643 -0.095420 -0.514756
v 7.576372 1.375613 -0.514756
v 7.576372 1.990323 -0.514756
v 7.633715 1.331381 -0.514756
v 7.633715 1.375613 -0.514756
v 7.563643 0.122639 -0.514756
v 7.563643 0.411222 -0.514756
v 7.598299 2.508337 -0.837234
v 7.598299 0.680503 -0.837234
v 7.598299 0.461699 -0.837234
v 7.598299 0.524547 -0.837234
v 7.598299 1.331381 -0.837234
v 7.598299 1.375613 -0.837234
v 7.598299 1.990323 -0.837234
v 7.563643 -0.453298 -0.837234
v 7.563643 0.461699 -0.837234
v 7.563643 -0.048943 -0.837234
v 7.563643 -0.095421 -0.837234
v 7.563643 0.122639 -0.837234
v 7.563643 0.411222 -0.837234
v 7.576469 0.133924 -0.748459
v 7.576469 0.133924 -0.724282
v 7.576469 0.133924 -0.825949
v 7.576469 0.411222 -0.724282
v 7.576469 0.399936 -0.748459
v 7.576469 0.399936 -0.825949
v 7.576469 0.133924 -0.526041
v 7.576469 0.399936 -0.526041
v 7.576469 0.122639 -0.748459
v 7.576469 0.122639 -0.724282
v 7.576469 0.122639 -0.837234
v 7.576469 0.411222 -0.748459
v 7.576469 0.399936 -0.724282
v 7.576469 0.411222 -0.837234
v 7.576469 0.122639 -0.514756
v 7.576469 0.411222 -0.514756
v 7.566960 0.133924 -0.724282
v 7.566960 0.399936 -0.724282
v 7.566960 0.133924 -0.748459
v 7.566960 0.399936 -0.748459
v 7.566960 0.133924 -0.825949
v 7.566960 0.399936 -0.825949
v 7.566960 0.133924 -0.526041
v 7.566960 0.399936 -0.526041
v 3.203493 0.903389 1.289047
v 3.203493 1.059976 1.289047
v 3.203493 0.903389 -3.141220
v 3.203493 1.059976 -3.141220
v 7.633759 0.903389 1.289047
v 7.633759 1.059976 1.289047
v 7.633759 0.903389 -3.141220
v 7.633759 1.059976 -3.141220
v 3.225223 2.476487 1.267317
v 3.225223 2.513531 1.267317
v 3.225223 2.476487 -3.119490
v 3.225223 2.513531 -3.119490
v 7.612030 2.476487 1.267317
v 7.612030 2.513531 1.267317
v 7.612030 2.476487 -3.119490
v 7.612030 2.513531 -3.119490
vn -0.0000 -0.0000 1.0000
vn 1.0000 -0.0000 -0.0000
vn -0.0000 1.0000 -0.0000
vn -1.0000 -0.0000 -0.0000
vn -0.0000 -1.0000 -0.0000
vn -0.0000 -0.0000 -1.0000
vt 0.927928 0.706726
vt 0.882593 0.808559
vt 0.882593 0.706726
vt 0.124419 0.706726
vt 0.120487 0.808559
vt 0.120487 0.706726
vt 0.124419 0.418579
vt 0.120487 0.449237
vt 0.120487 0.418579
vt 0.372219 0.706726
vt 0.337105 0.808559
vt 0.337105 0.706726
vt 0.927928 0.418579
vt 0.882593 0.449237
vt 0.882593 0.418579
vt 0.490927 0.418579
vt 0.481973 0.449237
vt 0.481973 0.418579
vt 0.490927 0.706726
vt 0.481973 0.808559
vt 0.481973 0.706726
vt 0.408092 0.706726
vt 0.372219 0.808559
vt 0.408092 0.418579
vt 0.372219 0.449237
vt 0.372219 0.418579
vt 0.408092 0.396301
vt 0.372219 0.406224
vt 0.372219 0.396301
vt 0.369251 0.406224
vt 0.334978 0.418579
vt 0.334978 0.406224
vt 0.927928 0.396301
vt 0.882593 0.406224
vt 0.882593 0.396301
vt 0.124419 0.396301
vt 0.120487 0.406224
vt 0.120487 0.396301
vt 0.408092 0.406224
vt 0.490927 0.406224
vt 0.481973 0.406224
vt 0.927928 0.406224
vt 0.124419 0.406224
vt 0.124419 0.296704
vt 0.120487 0.305841
vt 0.120487 0.296704
vt 0.927928 0.296704
vt 0.882593 0.305841
vt 0.882593 0.296704
vt 0.376310 0.733131
vt 0.411577 0.726008
vt 0.411577 0.733131
vt 0.408092 0.296704
vt 0.372219 0.305841
vt 0.372219 0.296704
vt 0.408092 0.226351
vt 0.372219 0.226351
vt 0.370735 0.396301
vt 0.334978 0.396301
vt 0.927928 0.226351
vt 0.882593 0.226351
vt 0.124419 0.226351
vt 0.120487 0.226351
vt 0.663642 0.226351
vt 0.539560 0.296704
vt 0.539560 0.226351
vt 0.527630 0.733131
vt 0.536875 0.740411
vt 0.536875 0.733131
vt 0.795456 0.733131
vt 0.669110 0.728624
vt 0.669110 0.733131
vt 0.494184 0.733131
vt 0.481267 0.728624
vt 0.481267 0.733131
vt 0.663642 0.418579
vt 0.539560 0.449237
vt 0.539560 0.418579
vt 0.663642 0.706726
vt 0.539560 0.808559
vt 0.539560 0.706726
vt 0.530717 0.808559
vt 0.530717 0.706726
vt 0.530717 0.449237
vt 0.530718 0.418579
vt 0.539504 0.396281
vt 0.530717 0.406224
vt 0.530717 0.396301
vt 0.539560 0.406224
vt 0.660019 0.733131
vt 0.669110 0.740411
vt 0.530717 0.296704
vt 0.530717 0.226351
vt 0.694415 0.226351
vt 0.687821 0.296704
vt 0.687821 0.226351
vt 0.671206 0.733131
vt 0.666610 0.740411
vt 0.666610 0.733131
vt 0.694415 0.406224
vt 0.687821 0.418579
vt 0.687821 0.406224
vt 0.694365 0.396284
vt 0.687821 0.396301
vt 0.694415 0.418579
vt 0.687821 0.449237
vt 0.694415 0.706726
vt 0.687821 0.808559
vt 0.687821 0.706726
vt 0.868645 0.226351
vt 0.739292 0.296704
vt 0.739292 0.226351
vt 0.738946 0.733131
vt 0.698784 0.740411
vt 0.698784 0.733131
vt 0.470892 0.728624
vt 0.470892 0.733131
vt 0.411577 0.728624
vt 0.411577 0.733131
vt 0.868645 0.418579
vt 0.739292 0.449237
vt 0.739293 0.418579
vt 0.868645 0.706726
vt 0.739292 0.808559
vt 0.739292 0.706726
vt 0.876878 0.226351
vt 0.868645 0.296704
vt 0.361912 0.733131
vt 0.325199 0.740411
vt 0.325199 0.733131
vt 0.876878 0.406224
vt 0.868645 0.406224
vt 0.876878 0.396301
vt 0.868695 0.396284
vt 0.876878 0.418579
vt 0.868645 0.449237
vt 0.876878 0.706726
vt 0.868645 0.808559
vt 0.672434 0.808559
vt 0.672434 0.706726
vt 0.672434 0.449237
vt 0.672435 0.418579
vt 0.672434 0.406224
vt 0.672434 0.396301
vt 0.672434 0.305841
vt 0.672434 0.296704
vt 0.672434 0.226351
vt 0.668038 0.296704
vt 0.668038 0.226351
vt 0.098713 0.733131
vt 0.102824 0.740411
vt 0.102824 0.733131
vt 0.668038 0.418579
vt 0.668038 0.406224
vt 0.668038 0.396301
vt 0.668038 0.449237
vt 0.668038 0.808559
vt 0.668038 0.706726
vt 0.523065 0.296704
vt 0.523065 0.226351
vt 0.523065 0.305841
vt 0.523066 0.418579
vt 0.523065 0.406224
vt 0.523065 0.396301
vt 0.523065 0.449237
vt 0.523065 0.808559
vt 0.523065 0.706726
vt 0.105806 0.242146
vt 0.087150 0.273637
vt 0.105806 0.273637
vt 0.105806 0.348802
vt 0.087150 0.343133
vt 0.105806 0.343133
vt 0.105806 0.286328
vt 0.087150 0.296520
vt 0.105806 0.296520
vt 0.105806 0.389438
vt 0.087150 0.398822
vt 0.105806 0.398822
vt 0.255927 0.706726
vt 0.124419 0.808559
vt 0.105806 0.483881
vt 0.087150 0.348802
vt 0.105806 0.265419
vt 0.087150 0.229351
vt 0.105806 0.229351
vt 0.087150 0.354791
vt 0.105806 0.354791
vt 0.087150 0.389438
vt 0.330558 0.808559
vt 0.330558 0.706726
vt 0.458419 0.733131
vt 0.476666 0.726008
vt 0.476666 0.733131
vt 0.481267 0.733131
vt 0.470892 0.726008
vt 0.459769 0.406224
vt 0.418580 0.418579
vt 0.418580 0.406224
vt 0.369251 0.418579
vt 0.334978 0.449237
vt 0.459769 0.706726
vt 0.418580 0.808559
vt 0.418580 0.706726
vt 0.459769 0.418579
vt 0.418580 0.449237
vt 0.518324 0.808559
vt 0.518324 0.706726
vt 0.518324 0.449237
vt 0.518324 0.418579
vt 0.518324 0.406224
vt 0.518324 0.396301
vt 0.518324 0.305841
vt 0.518324 0.296704
vt 0.518324 0.226351
vt 0.663642 0.808559
vt 0.663642 0.449237
vt 0.663642 0.406224
vt 0.663698 0.396281
vt 0.745706 0.733131
vt 0.880950 0.740411
vt 0.880950 0.733131
vt 0.663642 0.296704
vt 0.732827 0.808559
vt 0.732827 0.706726
vt 0.732827 0.449237
vt 0.732827 0.418579
vt 0.745706 0.728624
vt 0.738946 0.728624
vt 0.671206 0.740411
vt 0.732827 0.296704
vt 0.732827 0.226351
vt 0.876878 0.296704
vt 0.876878 0.305841
vt 0.876878 0.449237
vt 0.876878 0.808559
vt 0.876878 0.577189
vt 0.732827 0.577189
vt 0.663642 0.577189
vt 0.518324 0.577189
vt 0.459769 0.449237
vt 0.418580 0.577189
vt 0.337105 0.449237
vt 0.330558 0.577189
vt 0.330558 0.449237
vt 0.255927 0.449237
vt 0.124419 0.577189
vt 0.124419 0.449237
vt 0.523065 0.577189
vt 0.668038 0.577189
vt 0.672434 0.577189
vt 0.868645 0.577189
vt 0.739292 0.577189
vt 0.694415 0.449237
vt 0.687821 0.577189
vt 0.530717 0.577189
vt 0.539560 0.577189
vt 0.408092 0.449237
vt 0.372219 0.577189
vt 0.490927 0.449237
vt 0.481973 0.577189
vt 0.337105 0.577189
vt 0.120487 0.577189
vt 0.927928 0.449237
vt 0.882593 0.577189
vt 0.694415 0.577189
vt 0.694415 0.296704
vt 0.738946 0.740411
vt 0.519630 0.728624
vt 0.519630 0.733131
vt 0.494184 0.728624
vt 0.694415 0.808559
vt 0.694415 0.585884
vt 0.453450 0.740411
vt 0.453450 0.733131
vt 0.098713 0.740411
vt 0.889559 0.740411
vt 0.889559 0.733131
vt 0.399420 0.733131
vt 0.361912 0.740411
vt 0.675803 0.740411
vt 0.675803 0.733131
vt 0.318354 0.733131
vt 0.527630 0.740411
vt 0.672434 0.585884
vt 0.318354 0.740411
vt 0.687821 0.585884
vt 0.240323 0.740411
vt 0.240323 0.733131
vt 0.745706 0.740411
vt 0.490927 0.577189
vt 0.481973 0.585884
vt 0.246093 0.740411
vt 0.246093 0.733131
vt 0.927928 0.577189
vt 0.882593 0.585884
vt 0.490927 0.585884
vt 0.490927 0.296704
vt 0.490927 0.226351
vt 0.490927 0.305841
vt 0.490927 0.396301
vt 0.490927 0.808559
vt 0.464522 0.449237
vt 0.459769 0.577189
vt 0.293200 0.733131
vt 0.366758 0.726008
vt 0.366758 0.733131
vt 0.410385 0.726008
vt 0.410385 0.733131
vt 0.464522 0.406224
vt 0.458419 0.726008
vt 0.464522 0.706726
vt 0.459769 0.808559
vt 0.464522 0.418579
vt 0.261445 0.585884
vt 0.261445 0.577189
vt 0.261445 0.449237
vt 0.261445 0.808559
vt 0.261445 0.706726
vt 0.087150 0.272143
vt 0.105806 0.272143
vt 0.087150 0.286328
vt 0.087150 0.471086
vt 0.105806 0.471086
vt 0.087150 0.265419
vt 0.087150 0.242146
vt 0.255927 0.808559
vt 0.255927 0.577189
vt 0.410385 0.740411
vt 0.070946 0.585884
vt 0.070946 0.577189
vt 0.070946 0.449237
vt 0.070946 0.296704
vt 0.070946 0.226351
vt 0.070946 0.305841
vt 0.070946 0.418579
vt 0.070946 0.406224
vt 0.070946 0.396301
vt 0.070946 0.808559
vt 0.070946 0.706726
vt 0.120487 0.585884
vt 0.255927 0.585884
vt 0.330558 0.585884
vt 0.464522 0.585884
vt 0.459769 0.585884
vt 0.518324 0.585884
vt 0.732827 0.585884
vt 0.876878 0.585884
vt 0.739292 0.585884
vt 0.795456 0.728624
vt 0.523065 0.585884
vt 0.337105 0.585884
vt 0.880950 0.728624
vt 0.668038 0.585884
vt 0.102824 0.728624
vt 0.527630 0.728624
vt 0.410385 0.728624
vt 0.240323 0.728624
vt 0.124419 0.585884
vt 0.927928 0.585884
vt 0.485390 0.389481
vt 0.478314 0.398656
vt 0.478314 0.389481
vt 0.485390 0.296704
vt 0.478314 0.305841
vt 0.478314 0.296704
vt 0.485390 0.226351
vt 0.478314 0.226351
vt 0.459769 0.226351
vt 0.423873 0.296704
vt 0.423873 0.226351
vt 0.459769 0.296704
vt 0.423873 0.305841
vt 0.459769 0.389481
vt 0.423873 0.398656
vt 0.423873 0.389481
vt 0.464522 0.226351
vt 0.464522 0.296704
vt 0.459769 0.305841
vt 0.464522 0.389481
vt 0.459769 0.398656
vt 0.293200 0.726008
vt 0.376310 0.726008
vt 0.369251 0.296704
vt 0.334978 0.305841
vt 0.334978 0.296704
vt 0.369251 0.226351
vt 0.334978 0.226351
vt 0.255745 0.226351
vt 0.127387 0.296704
vt 0.127387 0.226351
vt 0.255745 0.296704
vt 0.127387 0.305841
vt 0.255745 0.406224
vt 0.127387 0.418579
vt 0.127387 0.406224
vt 0.255745 0.396301
vt 0.125903 0.396301
vt 0.255745 0.418579
vt 0.127387 0.449237
vt 0.328588 0.296704
vt 0.328588 0.226351
vt 0.328588 0.305841
vt 0.328588 0.418579
vt 0.328588 0.406224
vt 0.328588 0.396301
vt 0.328588 0.449237
vt 0.261131 0.449237
vt 0.261131 0.418579
vt 0.261131 0.406224
vt 0.261131 0.396301
vt 0.261131 0.305841
vt 0.261131 0.296704
vt 0.261131 0.226351
vt 0.255745 0.305841
vt 0.255745 0.449237
vt 0.660914 0.404289
vt 0.542288 0.416101
vt 0.542288 0.404289
vt 0.662658 0.395829
vt 0.540544 0.395829
vt 0.866208 0.404642
vt 0.740474 0.416553
vt 0.740474 0.404642
vt 0.867766 0.395915
vt 0.740474 0.395076
vt 0.734189 0.404642
vt 0.734189 0.395076
vt 0.734189 0.416553
vt 0.696851 0.416553
vt 0.696851 0.404642
vt 0.695294 0.395915
vt 0.665818 0.587735
vt 0.661556 0.704875
vt 0.661556 0.587735
vt 0.458202 0.587428
vt 0.418408 0.706211
vt 0.418408 0.585504
vt 0.254683 0.587051
vt 0.128348 0.705559
vt 0.128348 0.587051
vt 0.532704 0.587735
vt 0.525286 0.704875
vt 0.525286 0.587735
vt 0.874632 0.587857
vt 0.866668 0.704753
vt 0.866668 0.587857
vt 0.741538 0.704753
vt 0.741538 0.587857
vt 0.541275 0.587735
vt 0.532704 0.704875
vt 0.541275 0.704875
vt 0.407846 0.587428
vt 0.372889 0.705182
vt 0.372889 0.587428
vt 0.338672 0.705182
vt 0.338672 0.587428
vt 0.889559 0.728624
vt 0.536875 0.728624
vt 0.666610 0.728624
vt 0.399420 0.728624
vt 0.671206 0.728624
vt 0.361912 0.728624
vt 0.698784 0.728624
vt 0.325199 0.728624
vt 0.539560 0.305841
vt 0.530717 0.305841
vt 0.687821 0.305841
vt 0.739292 0.305841
vt 0.868645 0.305841
vt 0.668038 0.305841
vt 0.663642 0.305841
vt 0.732827 0.305841
vt 0.694415 0.305841
vt 0.882593 0.578530
vt 0.876878 0.584543
vt 0.876878 0.578530
vt 0.739292 0.578530
vt 0.732827 0.584543
vt 0.732827 0.578530
vt 0.668038 0.578530
vt 0.663642 0.584543
vt 0.663642 0.578530
vt 0.523065 0.578530
vt 0.518324 0.584543
vt 0.518324 0.578530
vt 0.459769 0.578530
vt 0.418580 0.584543
vt 0.418580 0.577860
vt 0.337105 0.578530
vt 0.330558 0.584543
vt 0.330558 0.578530
vt 0.255927 0.578530
vt 0.124419 0.584543
vt 0.124419 0.578530
vt 0.530717 0.578530
vt 0.523065 0.584543
vt 0.672434 0.578530
vt 0.668038 0.584543
vt 0.868645 0.584543
vt 0.868645 0.578530
vt 0.739292 0.584543
vt 0.539560 0.578530
vt 0.530717 0.584543
vt 0.539560 0.584543
vt 0.408092 0.578531
vt 0.372219 0.584543
vt 0.372219 0.578530
vt 0.337105 0.584543
vt 0.120487 0.584543
vt 0.120487 0.578530
vt 0.464522 0.578530
vt 0.459769 0.584543
vt 0.261445 0.578530
vt 0.255927 0.584543
vt 0.366758 0.740411
vt 0.399420 0.740411
vt 0.660019 0.740411
vt 0.458419 0.740411
vt 0.895534 0.733131
vt 0.691890 0.733131
vt 0.691890 0.740411
vt 0.895534 0.740411
vt 0.376310 0.740411
vt 0.514672 0.740411
vt 0.514672 0.733131
vt 0.519630 0.740411
vt 0.376310 0.728624
vt 0.734189 0.307867
vt 0.695227 0.339842
vt 0.696851 0.307867
vt 0.740474 0.307867
vt 0.734189 0.340385
vt 0.866208 0.307867
vt 0.740474 0.340385
vt 0.660914 0.308319
vt 0.540469 0.339903
vt 0.542288 0.308319
vt 0.255745 0.339571
vt 0.261131 0.339571
vt 0.328588 0.339571
vt 0.125903 0.339571
vt 0.464522 0.305841
vt 0.459769 0.337028
vt 0.423873 0.337028
vt 0.485390 0.305841
vt 0.478314 0.337028
vt 0.070946 0.339571
vt 0.490927 0.339571
vt 0.876878 0.339571
vt 0.663642 0.339571
vt 0.518324 0.339571
vt 0.523065 0.339571
vt 0.668038 0.339571
vt 0.672434 0.339571
vt 0.868645 0.339571
vt 0.687821 0.339571
vt 0.530717 0.339571
vt 0.369251 0.305841
vt 0.334978 0.339571
vt 0.124419 0.305841
vt 0.120487 0.339571
vt 0.927928 0.305841
vt 0.882593 0.339571
vt 0.408092 0.305841
vt 0.372219 0.339571
vt 0.481267 0.726008
vt 0.867833 0.339842
vt 0.662733 0.339903
vt 0.464522 0.337028
vt 0.485390 0.337028
vt 0.694415 0.339571
vt 0.539560 0.339571
vt 0.370735 0.339571
vt 0.124419 0.339571
vt 0.927928 0.339571
vt 0.408092 0.339571
vt 0.414733 0.389481
vt 0.414733 0.337028
vt 0.414733 0.305841
vt 0.408092 0.584543
vt 0.453450 0.728624
vt 0.407846 0.705182
vt 0.414733 0.398656
vt 0.414733 0.296704
vt 0.414733 0.226351
vt 0.453450 0.726008
vt 0.408092 0.577189
vt 0.408092 0.808559
vt 0.464522 0.398656
vt 0.464522 0.577189
vt 0.486027 0.726008
vt 0.486027 0.733131
vt 0.464522 0.808559
vt 0.459769 0.386957
vt 0.464522 0.386957
vt 0.459769 0.339552
vt 0.425806 0.339552
vt 0.425806 0.386957
vt 0.464522 0.337540
vt 0.464522 0.339552
vt 0.476561 0.339552
vt 0.478314 0.337540
vt 0.459769 0.388968
vt 0.476561 0.386957
vt 0.464522 0.388968
vt 0.459769 0.337540
vt 0.423873 0.388968
vt 0.423873 0.337540
vt 0.478314 0.388968
vt 0.464522 0.584543
vt 0.369251 0.449237
vt 0.665818 0.704875
vt 0.254683 0.705559
vt 0.067514 0.522084
vt 0.932486 0.494193
vt 0.067514 0.494193
vt 0.932486 0.522084
vt 0.866092 0.794567
vt 0.784074 0.712549
vt 0.784074 0.794567
vt 0.866092 0.712549
vt 0.067514 0.807003
vt 0.932486 0.802535
vt 0.067514 0.802535
vt 0.932486 0.807003
vt 0.927928 0.808559
vt 0.087150 0.483881
vt 0.399420 0.726008
vt 0.485390 0.398656
vt 0.660914 0.416100
vt 0.866209 0.416553
vt 0.458202 0.705182
vt 0.874632 0.704753
vt 0.882593 0.584543
vt 0.672434 0.584543
vt 0.261445 0.584543
s 0
usemtl buildingmat
f 2126/2034/2145 2034/2035/2145 2145/2036/2145
f 2125/2037/2145 2117/2038/2145 2151/2039/2145
f 1928/2040/2145 2116/2041/2145 2120/2042/2145
f 2127/2043/2145 2004/2044/2145 2140/2045/2145
f 1931/2046/2145 2035/2047/2145 2037/2048/2145
f 1932/2049/2145 2398/2050/2145 2400/2051/2145
f 2129/2052/2145 2397/2053/2145 2403/2054/2145
f 2130/2055/2145 1909/2056/2145 2127/2043/2145
f 1933/2057/2145 1910/2058/2145 1929/2059/2145
f 2351/2060/2145 1923/2061/2145 2347/2062/2145
f 2172/2063/2145 2189/2064/2145 2188/2065/2145
f 2349/2066/2145 2036/2067/2145 2362/2068/2145
f 2346/2069/2145 2119/2070/2145 2364/2071/2145
f 1927/2072/2145 1929/2059/2145 1923/2061/2145
f 1926/2073/2145 2400/2051/2145 2399/2074/2145
f 1925/2075/2145 2037/2048/2145 2036/2067/2145
f 1922/2076/2145 2120/2042/2145 2119/2070/2145
f 1940/2077/2145 2121/2078/2145 2122/2079/2145
f 1943/2080/2145 2038/2081/2145 2039/2082/2145
f 1939/2083/2146 2331/2084/2146 2316/2085/2146
f 1945/2086/2145 1935/2087/2145 1941/2088/2145
f 1919/2089/2145 1941/2088/2145 1907/2090/2145
f 2369/2091/2145 2188/2065/2145 2371/2092/2145
f 1911/2093/2145 2039/2082/2145 2033/2094/2145
f 1904/2095/2145 2122/2079/2145 2118/2096/2145
f 1946/2097/2145 1959/2098/2145 1953/2099/2145
f 2081/2100/2147 2289/2101/2147 2075/2102/2147
f 2141/2103/2148 2218/2104/2148 2084/2105/2148
f 1950/2106/2148 2198/2107/2148 1949/2108/2148
f 1950/2109/2145 1955/2110/2145 1957/2111/2145
f 2131/2112/2145 1954/2113/2145 2132/2114/2145
f 2132/2114/2145 1996/2115/2145 2138/2116/2145
f 1957/2111/2145 1997/2117/2145 1999/2118/2145
f 2353/2119/2145 1998/2120/2145 2359/2121/2145
f 1956/2122/2145 1999/2118/2145 1998/2120/2145
f 2123/2123/2148 2309/2124/2148 2124/2105/2148
f 1953/2099/2145 2001/2125/2145 1995/2126/2145
f 1960/2127/2145 1987/2128/2145 1981/2129/2145
f 2026/2130/2149 2247/2131/2149 1952/2132/2149
f 1963/2133/2145 1985/2134/2145 1984/2135/2145
f 2354/2136/2145 1984/2135/2145 2357/2137/2145
f 1964/2138/2145 1983/2139/2145 1985/2134/2145
f 2133/2140/2145 1982/2141/2145 2136/2142/2145
f 1967/2143/2145 2032/2144/2145 2027/2145/2145
f 2066/2146/2149 2253/2147/2149 1966/2148/2149
f 1970/2108/2148 2377/2149/2148 2355/2150/2148
f 1958/2083/2146 2340/2151/2146 2318/2152/2146
f 1971/2153/2145 2029/2154/2145 2030/2155/2145
f 2134/2156/2145 2028/2157/2145 2144/2158/2145
f 1974/2159/2145 1973/2160/2145 1967/2143/2145
f 2042/2161/2149 2283/2162/2149 2055/2163/2149
f 1977/2164/2145 1971/2153/2145 1970/2165/2145
f 2356/2166/2145 1970/2165/2145 2355/2167/2145
f 1978/2168/2145 1969/2169/2145 1971/2153/2145
f 2135/2170/2145 1968/2171/2145 2134/2156/2145
f 2136/2142/2145 1989/2172/2145 2137/2173/2145
f 1985/2134/2145 1990/2174/2145 1992/2175/2145
f 2357/2137/2145 1991/2176/2145 2358/2177/2145
f 1984/2135/2145 1992/2175/2145 1991/2176/2145
f 1987/2128/2145 1993/2178/2145 1994/2179/2145
f 1981/2129/2145 1994/2179/2145 1988/2180/2145
f 1988/2180/2145 2026/2181/2145 2020/2182/2145
f 2124/2183/2147 2285/2184/2147 2068/2185/2147
f 1991/2176/2145 2024/2186/2145 2023/2187/2145
f 2358/2177/2145 2023/2187/2145 2361/2188/2145
f 1992/2175/2145 2022/2189/2145 2024/2186/2145
f 2137/2173/2145 2021/2190/2145 2143/2191/2145
f 1995/2126/2145 2019/2192/2145 2013/2193/2145
f 2001/2125/2145 2018/2194/2145 2019/2192/2145
f 1998/2120/2145 2017/2195/2145 2016/2196/2145
f 2359/2121/2145 2016/2196/2145 2360/2197/2145
f 1999/2118/2145 2015/2198/2145 2017/2195/2145
f 2138/2116/2145 2014/2199/2145 2142/2200/2145
f 1910/2201/2148 2011/2202/2148 1929/2203/2148
f 2003/2204/2149 2181/2205/2149 2113/2206/2149
f 1923/2207/2148 2369/2208/2148 2347/2209/2148
f 1935/2210/2148 2176/2211/2148 1941/2212/2148
f 2139/2213/2145 1905/2214/2145 2125/2037/2145
f 1906/2215/2149 2012/2216/2149 2003/2204/2149
f 2005/2217/2149 2168/2218/2149 1910/2219/2149
f 1934/2210/2146 2310/2220/2146 2311/2221/2146
f 1940/2212/2146 2169/2222/2146 1934/2210/2146
f 2140/2045/2145 2108/2223/2145 2149/2224/2145
f 2102/2225/2149 2405/2226/2149 2399/2227/2149
f 1926/2228/2148 2365/2229/2148 2350/2150/2148
f 2009/2230/2145 2383/2231/2145 2382/2232/2145
f 2011/2233/2145 2187/2234/2145 2189/2064/2145
f 2141/2235/2145 2380/2236/2145 2386/2237/2145
f 2010/2238/2145 2381/2239/2145 2383/2231/2145
f 2142/2200/2145 2091/2240/2145 2147/2241/2145
f 2017/2195/2145 2092/2242/2145 2094/2243/2145
f 2360/2197/2145 2093/2244/2145 2363/2245/2145
f 2016/2196/2145 2094/2243/2145 2093/2244/2145
f 2019/2192/2145 2095/2246/2145 2096/2247/2145
f 2013/2193/2145 2096/2247/2145 2090/2248/2145
f 2143/2191/2145 1947/2249/2145 2131/2112/2145
f 2024/2186/2145 1948/2250/2145 1950/2109/2145
f 2361/2188/2145 1949/2251/2145 2352/2252/2145
f 2023/2187/2145 1950/2109/2145 1949/2251/2145
f 2087/2253/2147 2290/2254/2147 2077/2255/2147
f 2020/2182/2145 1952/2256/2145 1946/2097/2145
f 2144/2158/2145 2062/2257/2145 2146/2258/2145
f 2030/2155/2145 2063/2259/2145 2064/2260/2145
f 1972/2255/2147 2215/2261/2147 2031/2253/2147
f 2031/2253/2147 2208/2262/2147 2065/2146/2147
f 1951/2132/2147 2244/2263/2147 2025/2130/2147
f 2027/2145/2145 2066/2264/2145 2061/2265/2145
f 2033/2094/2145 1980/2266/2145 1974/2159/2145
f 2039/2082/2145 1979/2267/2145 1980/2266/2145
f 2036/2067/2145 1978/2168/2145 1977/2164/2145
f 2362/2068/2145 1977/2164/2145 2356/2166/2145
f 2037/2048/2145 1976/2268/2145 1978/2168/2145
f 2145/2036/2145 1975/2269/2145 2135/2170/2145
f 2035/2047/2145 2050/2270/2145 1976/2268/2145
f 2029/2154/2145 2067/2271/2145 2063/2259/2145
f 2022/2189/2145 2046/2272/2145 1948/2250/2145
f 2015/2198/2145 2097/2273/2145 2092/2242/2145
f 2008/2274/2145 2384/2275/2145 2381/2239/2145
f 2005/2276/2145 2110/2277/2145 2109/2278/2145
f 2003/2279/2145 2040/2280/2145 1906/2281/2145
f 1997/2117/2145 2057/2282/2145 2015/2198/2145
f 1990/2174/2145 2058/2283/2145 2022/2189/2145
f 1983/2139/2145 2052/2284/2145 1990/2174/2145
f 1976/2268/2145 2049/2285/2145 1969/2169/2145
f 1969/2169/2145 2059/2286/2145 2029/2154/2145
f 1962/2287/2145 2051/2288/2145 1983/2139/2145
f 1955/2110/2145 2053/2289/2145 1997/2117/2145
f 1955/2110/2145 2046/2272/2145 2047/2290/2145
f 1921/2291/2145 2042/2292/2145 1910/2058/2145
f 1918/2293/2145 2401/2294/2145 2398/2050/2145
f 1910/2058/2145 2055/2295/2145 2005/2276/2145
f 1906/2281/2145 2123/2296/2145 2116/2041/2145
f 1913/2297/2145 2060/2298/2145 2035/2047/2145
f 2063/2259/2145 2048/2299/2145 1962/2287/2145
f 2061/2265/2145 1966/2300/2145 1960/2127/2145
f 1965/2148/2147 2250/2301/2147 2065/2146/2147
f 2081/2100/2147 2223/2302/2147 2085/2303/2147
f 1963/2108/2146 2207/2304/2146 1964/2106/2146
f 2064/2260/2145 1962/2287/2145 1964/2138/2145
f 2146/2258/2145 1961/2305/2145 2133/2140/2145
f 2067/2271/2145 2076/2306/2145 2048/2299/2145
f 2106/2225/2149 2270/2307/2149 2056/2308/2149
f 2040/2185/2149 2308/2309/2149 2123/2183/2149
f 2077/2255/2147 2291/2310/2147 2078/2311/2147
f 2045/2312/2149 2281/2313/2149 2042/2161/2149
f 2110/2123/2148 2307/2124/2148 2111/2105/2148
f 2046/2132/2149 2280/2101/2149 2047/2102/2149
f 2086/2130/2147 2292/2314/2147 2080/2315/2147
f 2111/2316/2147 2295/2162/2147 2083/2163/2147
f 2047/2102/2149 2275/2317/2149 2053/2100/2149
f 2051/2288/2145 2080/2318/2145 2052/2284/2145
f 2085/2303/2147 2293/2317/2147 2081/2100/2147
f 2055/2163/2149 2306/2319/2149 2110/2316/2149
f 2048/2299/2145 2079/2320/2145 2051/2288/2145
f 2068/2185/2147 2294/2321/2147 2082/2322/2147
f 1973/2255/2149 2265/2323/2149 2032/2253/2149
f 2049/2255/2149 2279/2323/2149 2059/2253/2149
f 2044/2324/2145 2402/2325/2145 2401/2294/2145
f 2082/2322/2147 2302/2326/2147 2115/2327/2147
f 2031/2253/2147 2255/2254/2147 1972/2255/2147
f 2041/2328/2145 2088/2329/2145 2060/2298/2145
f 2097/2273/2145 2072/2330/2145 2044/2324/2145
f 2092/2242/2145 2044/2324/2145 1918/2293/2145
f 2090/2248/2145 1944/2331/2145 1916/2332/2145
f 2096/2247/2145 1938/2333/2145 1944/2331/2145
f 2093/2244/2145 1932/2049/2145 1926/2073/2145
f 2363/2245/2145 1926/2073/2145 2350/2334/2145
f 2094/2243/2145 1918/2293/2145 1932/2049/2145
f 2147/2241/2145 1917/2335/2145 2129/2052/2145
f 2050/2311/2149 2278/2254/2149 2049/2255/2149
f 2101/2336/2145 2056/2337/2145 2008/2274/2145
f 1919/2338/2146 2160/2339/2146 1945/2340/2146
f 1927/2312/2149 2388/2341/2149 2382/2342/2149
f 2102/2343/2145 2010/2238/2145 2009/2230/2145
f 2009/2308/2149 2165/2344/2149 2102/2225/2149
f 2148/2345/2145 2007/2346/2145 2141/2235/2145
f 2103/2347/2145 2008/2274/2145 2010/2238/2145
f 2110/2277/2145 2115/2348/2145 2114/2349/2145
f 2109/2278/2145 2114/2349/2145 2113/2350/2145
f 2149/2224/2145 2112/2351/2145 2150/2352/2145
f 2113/2206/2149 2193/2353/2149 2109/2354/2149
f 1929/2203/2148 2172/2355/2148 1923/2207/2148
f 1941/2212/2148 2178/2356/2148 1907/2357/2148
f 2109/2354/2149 2187/2358/2149 2005/2217/2149
f 1922/2207/2146 2099/2202/2146 1928/2203/2146
f 1928/2203/2146 2006/2359/2146 1906/2201/2146
f 1904/2357/2146 2175/2211/2146 1940/2212/2146
f 2150/2352/2145 2002/2360/2145 2139/2213/2145
f 2113/2350/2145 2054/2361/2145 2003/2279/2145
f 2073/2312/2147 2394/2362/2147 2385/2342/2147
f 2123/2296/2145 2071/2363/2145 2043/2364/2145
f 2116/2041/2145 2043/2364/2145 1912/2365/2145
f 2118/2096/2145 1942/2366/2145 1915/2367/2145
f 2122/2079/2145 1936/2368/2145 1942/2366/2145
f 2119/2070/2145 1930/2369/2145 1924/2370/2145
f 2364/2071/2145 1924/2370/2145 2348/2371/2145
f 2120/2042/2145 1912/2365/2145 1930/2369/2145
f 2151/2039/2145 1914/2372/2145 2128/2373/2145
f 2124/2374/2145 2128/2373/2145 2071/2363/2145
f 2115/2348/2145 2139/2213/2145 2082/2375/2145
f 2111/2376/2145 2150/2352/2145 2115/2348/2145
f 2107/2377/2145 2141/2235/2145 2084/2378/2145
f 2098/2379/2145 2129/2052/2145 2072/2330/2145
f 2089/2380/2145 2133/2140/2145 2076/2306/2145
f 2088/2329/2145 2135/2170/2145 2078/2381/2145
f 2087/2382/2145 2146/2258/2145 2089/2380/2145
f 2083/2105/2146 2239/2383/2146 2140/2103/2146
f 2085/2384/2145 2147/2241/2145 2098/2379/2145
f 1971/2106/2148 2210/2107/2148 1970/2108/2148
f 2083/2385/2145 2149/2224/2145 2111/2376/2145
f 2030/2253/2149 2211/2386/2149 1971/2255/2149
f 2064/2146/2149 2214/2261/2149 2030/2253/2149
f 2080/2318/2145 2143/2191/2145 2086/2387/2145
f 2079/2320/2145 2137/2173/2145 2080/2318/2145
f 2082/2322/2147 2221/2388/2147 2068/2185/2147
f 2139/2103/2148 2220/2104/2148 2082/2105/2148
f 2076/2306/2145 2136/2142/2145 2079/2320/2145
f 2068/2105/2146 2230/2383/2146 2125/2103/2146
f 2142/2303/2149 2237/2389/2149 2138/2100/2149
f 2084/2308/2147 2391/2390/2147 2385/2342/2147
f 2072/2330/2145 2403/2054/2145 2402/2325/2145
f 2125/2185/2149 2238/2391/2149 2139/2322/2149
f 2068/2392/2145 2151/2039/2145 2124/2374/2145
f 2069/2393/2145 2145/2036/2145 2088/2329/2145
f 2365/2394/2145 2405/2395/2145 2409/2396/2145
f 2159/2397/2145 2406/2398/2145 2407/2399/2145
f 2162/2400/2145 2407/2399/2145 2404/2401/2145
f 2152/2402/2145 2390/2403/2145 2387/2404/2145
f 2163/2405/2145 2389/2406/2145 2390/2403/2145
f 2367/2407/2145 2388/2408/2145 2396/2409/2145
f 2164/2410/2145 2163/2405/2145 2152/2402/2145
f 2167/2411/2145 2161/2412/2145 2163/2405/2145
f 2368/2413/2145 2158/2414/2145 2367/2407/2145
f 1938/2083/2148 2159/2339/2148 1944/2340/2148
f 1944/2340/2148 2162/2415/2148 1916/2338/2148
f 1945/2340/2146 2156/2416/2146 1939/2083/2146
f 2176/2417/2145 2190/2418/2145 2191/2419/2145
f 2178/2420/2145 2191/2419/2145 2186/2421/2145
f 2105/2422/2145 2175/2423/2145 2104/2424/2145
f 2179/2425/2145 2169/2426/2145 2175/2423/2145
f 2173/2427/2145 2099/2428/2145 2170/2429/2145
f 2370/2430/2145 2170/2429/2145 2345/2431/2145
f 2174/2432/2145 2006/2433/2145 2099/2428/2145
f 2186/2421/2145 2197/2434/2145 2192/2435/2145
f 2191/2419/2145 2196/2436/2145 2197/2434/2145
f 2188/2065/2145 2195/2437/2145 2194/2438/2145
f 2371/2092/2145 2194/2438/2145 2372/2439/2145
f 2189/2064/2145 2193/2440/2145 2195/2437/2145
f 2195/2437/2145 2181/2441/2145 2183/2442/2145
f 2372/2439/2145 2182/2443/2145 2373/2444/2145
f 2194/2438/2145 2183/2442/2145 2182/2443/2145
f 2197/2434/2145 2184/2445/2145 2185/2446/2145
f 2192/2435/2145 2185/2446/2145 2180/2447/2145
f 2180/2447/2145 2179/2425/2145 2105/2422/2145
f 2185/2446/2145 2177/2448/2145 2179/2425/2145
f 2182/2443/2145 2174/2432/2145 2173/2427/2145
f 2373/2444/2145 2173/2427/2145 2370/2430/2145
f 2183/2442/2145 2012/2449/2145 2174/2432/2145
f 2198/2450/2145 2202/2451/2145 2201/2452/2145
f 2374/2453/2145 2201/2452/2145 2375/2454/2145
f 2210/2455/2145 2214/2456/2145 2213/2457/2145
f 2377/2458/2145 2213/2457/2145 2378/2459/2145
f 2378/2459/2145 2204/2460/2145 2379/2461/2145
f 2213/2457/2145 2206/2462/2145 2204/2460/2145
f 2204/2460/2145 2207/2463/2145 2205/2464/2145
f 2379/2461/2145 2205/2464/2145 2376/2465/2145
f 2216/2466/2145 2233/2467/2145 2217/2468/2145
f 2218/2469/2145 2392/2470/2145 2391/2471/2145
f 2220/2472/2145 2230/2473/2145 2221/2474/2145
f 2222/2475/2145 2241/2476/2145 2223/2477/2145
f 2224/2478/2145 2235/2479/2145 2225/2480/2145
f 2225/2480/2145 2243/2481/2145 2226/2482/2145
f 2227/2483/2145 2237/2484/2145 2222/2475/2145
f 2217/2468/2145 2234/2485/2145 2227/2483/2145
f 2219/2486/2145 2231/2487/2145 2228/2488/2145
f 2228/2488/2145 2239/2489/2145 2229/2490/2145
f 1965/2083/2146 2341/2151/2146 2319/2152/2146
f 2134/2255/2149 2236/2491/2149 2135/2311/2149
f 1956/2108/2146 2202/2304/2146 1957/2106/2146
f 1949/2108/2148 2374/2149/2148 2352/2150/2148
f 2085/2105/2146 2241/2383/2146 2142/2103/2146
f 2144/2253/2149 2235/2386/2149 2134/2255/2149
f 2143/2103/2148 2216/2104/2148 2086/2105/2148
f 2078/2311/2147 2225/2386/2147 2077/2255/2147
f 2087/2105/2146 2243/2383/2146 2144/2103/2146
f 2138/2100/2149 2234/2492/2149 2132/2102/2149
f 2077/2255/2147 2226/2261/2147 2087/2253/2147
f 2132/2102/2149 2233/2493/2149 2131/2132/2149
f 2127/2161/2149 2232/2494/2149 2130/2312/2149
f 2075/2102/2147 2222/2389/2147 2081/2100/2147
f 2131/2132/2149 2242/2495/2149 2143/2130/2149
f 2074/2132/2147 2227/2492/2147 2075/2102/2147
f 2140/2163/2149 2231/2496/2149 2127/2161/2149
f 2073/2312/2147 2228/2496/2147 2070/2161/2147
f 1964/2148/2149 2206/2262/2149 2064/2146/2149
f 2135/2103/2148 2224/2104/2148 2078/2105/2148
f 2130/2312/2149 2392/2390/2149 2386/2342/2149
f 2086/2130/2147 2217/2493/2147 2074/2132/2147
f 1957/2102/2149 2199/2493/2149 1950/2132/2149
f 2065/2146/2147 2209/2497/2147 1965/2148/2147
f 1951/2132/2147 2203/2492/2147 1958/2102/2147
f 2070/2161/2147 2229/2498/2147 2083/2163/2147
f 2247/2256/2145 2248/2499/2145 2249/2098/2145
f 2249/2098/2145 2262/2500/2145 2263/2125/2145
f 2253/2300/2145 2258/2501/2145 2259/2128/2145
f 2257/2160/2145 2264/2502/2145 2265/2144/2145
f 2256/2266/2145 2255/2503/2145 2257/2160/2145
f 2260/2179/2145 2244/2504/2145 2246/2181/2145
f 2246/2181/2145 2245/2505/2145 2247/2256/2145
f 2265/2144/2145 2250/2506/2145 2252/2264/2145
f 2252/2264/2145 2251/2507/2145 2253/2300/2145
f 2266/2508/2145 2291/2509/2145 2267/2510/2145
f 2279/2511/2145 2301/2512/2145 2284/2513/2145
f 2268/2514/2145 2288/2515/2145 2269/2516/2145
f 2276/2517/2145 2305/2518/2145 2304/2519/2145
f 2270/2520/2145 2394/2521/2145 2393/2522/2145
f 2283/2523/2145 2307/2524/2145 2306/2525/2145
f 2273/2526/2145 2285/2527/2145 2274/2528/2145
f 2275/2529/2145 2297/2530/2145 2276/2517/2145
f 2277/2531/2145 2298/2532/2145 2268/2514/2145
f 2267/2510/2145 2290/2533/2145 2278/2534/2145
f 2278/2534/2145 2299/2535/2145 2279/2511/2145
f 2280/2536/2145 2293/2537/2145 2275/2529/2145
f 2269/2516/2145 2289/2538/2145 2280/2536/2145
f 2271/2539/2145 2286/2540/2145 2281/2541/2145
f 2281/2541/2145 2295/2542/2145 2283/2523/2145
f 2274/2528/2145 2309/2543/2145 2308/2544/2145
f 2282/2545/2145 2296/2546/2145 2270/2520/2145
f 2272/2547/2145 2294/2548/2145 2273/2526/2145
f 1993/2083/2146 2260/2549/2146 1994/2340/2146
f 1979/2083/2146 2256/2549/2146 1980/2340/2146
f 2075/2102/2147 2288/2131/2147 2074/2132/2147
f 2070/2161/2147 2287/2550/2147 2073/2312/2147
f 2080/2105/2146 2277/2551/2146 2052/2123/2146
f 2084/2308/2147 2303/2552/2147 2107/2225/2147
f 2083/2163/2147 2286/2313/2147 2070/2161/2147
f 2025/2130/2147 2261/2314/2147 1993/2315/2147
f 1994/2315/2149 2246/2263/2149 2026/2130/2149
f 2065/2146/2147 2264/2323/2147 2031/2253/2147
f 2107/2105/2146 2282/2551/2146 2106/2123/2146
f 2032/2253/2149 2252/2301/2149 2066/2146/2149
f 2060/2553/2149 2267/2310/2149 2050/2311/2149
f 2059/2253/2149 2284/2301/2149 2067/2146/2149
f 2058/2130/2149 2269/2131/2149 2046/2132/2149
f 2088/2105/2146 2266/2551/2146 2060/2123/2146
f 2000/2100/2147 2248/2101/2147 1958/2102/2147
f 1986/2554/2147 2251/2147/2147 1965/2148/2147
f 1972/2255/2147 2254/2310/2147 1979/2311/2147
f 1958/2102/2147 2245/2131/2147 1951/2132/2147
f 2067/2123/2148 2301/2124/2148 2089/2105/2148
f 1959/2102/2149 2263/2317/2149 2001/2100/2149
f 1966/2148/2149 2259/2555/2149 1987/2554/2149
f 2056/2308/2149 2393/2362/2149 2384/2342/2149
f 1980/2311/2149 2257/2254/2149 1973/2255/2149
f 1952/2132/2149 2249/2101/2149 1959/2102/2149
f 2114/2327/2149 2273/2321/2149 2054/2322/2149
f 2078/2311/2147 2300/2556/2147 2088/2553/2147
f 2001/2340/2148 2262/2557/2148 2000/2083/2148
f 2054/2322/2149 2274/2184/2149 2040/2185/2149
f 2057/2303/2149 2304/2558/2149 2097/2559/2149
f 2089/2146/2147 2299/2323/2147 2087/2253/2147
f 2053/2100/2149 2276/2560/2149 2057/2303/2149
f 2098/2559/2147 2297/2560/2147 2085/2303/2147
f 2074/2132/2147 2298/2263/2147 2086/2130/2147
f 2115/2105/2146 2272/2551/2146 2114/2123/2146
f 2052/2315/2149 2268/2263/2149 2058/2130/2149
f 2097/2123/2148 2305/2124/2148 2098/2105/2148
f 1987/2340/2148 2258/2557/2148 1986/2083/2148
f 2317/2152/2148 2200/2561/2148 1951/2083/2148
f 2319/2152/2146 2376/2149/2146 2354/2150/2146
f 2208/2562/2145 2341/2563/2145 2209/2564/2145
f 2215/2565/2145 2344/2566/2145 2208/2562/2145
f 2212/2567/2145 2343/2568/2145 2215/2565/2145
f 2200/2569/2145 2340/2570/2145 2203/2571/2145
f 2184/2445/2145 2335/2572/2145 2177/2448/2145
f 2196/2436/2145 2338/2573/2145 2184/2445/2145
f 2190/2418/2145 2337/2574/2145 2196/2436/2145
f 2177/2448/2145 2310/2575/2145 2169/2426/2145
f 2166/2576/2145 2332/2577/2145 2161/2412/2145
f 2161/2412/2145 2395/2578/2145 2389/2406/2145
f 2154/2579/2145 2408/2580/2145 2406/2398/2145
f 2121/2078/2145 2313/2581/2145 1936/2368/2145
f 2095/2246/2145 2315/2582/2145 1938/2333/2145
f 2038/2081/2145 2321/2583/2145 1979/2267/2145
f 2025/2504/2145 2317/2584/2145 1951/2505/2145
f 2018/2194/2145 2328/2585/2145 2095/2246/2145
f 2315/2085/2148 2154/2416/2148 1938/2083/2148
f 2311/2221/2146 2345/2208/2146 2346/2209/2146
f 2312/2221/2148 2171/2222/2148 1935/2210/2148
f 2000/2500/2145 2325/2586/2145 2018/2194/2145
f 1993/2178/2145 2326/2587/2145 2025/2504/2145
f 1986/2501/2145 2323/2588/2145 1993/2178/2145
f 1979/2267/2145 2320/2589/2145 1972/2503/2145
f 2318/2152/2146 2375/2149/2146 2353/2150/2146
f 2320/2152/2148 2212/2561/2148 1972/2083/2148
f 1965/2507/2145 2322/2590/2145 1986/2501/2145
f 1958/2499/2145 2324/2591/2145 2000/2500/2145
f 2171/2592/2145 2336/2593/2145 2190/2418/2145
f 2316/2085/2146 2366/2229/2146 2351/2150/2146
f 1934/2594/2145 2329/2595/2145 2121/2078/2145
f 1937/2596/2145 2327/2597/2145 2038/2081/2145
f 1939/2598/2145 2312/2599/2145 1935/2087/2145
f 2351/2150/2146 2157/2600/2146 1927/2228/2146
f 2353/2150/2146 2201/2107/2146 1956/2108/2146
f 2346/2209/2146 2170/2355/2146 1922/2207/2146
f 2354/2150/2146 2205/2107/2146 1963/2108/2146
f 2352/2150/2148 2339/2151/2148 2317/2152/2148
f 2344/2566/2145 2376/2465/2145 2341/2563/2145
f 2343/2568/2145 2379/2461/2145 2344/2566/2145
f 2342/2601/2145 2378/2459/2145 2343/2568/2145
f 2339/2602/2145 2375/2454/2145 2340/2570/2145
f 2338/2573/2145 2370/2430/2145 2335/2572/2145
f 2337/2574/2145 2373/2444/2145 2338/2573/2145
f 2336/2593/2145 2372/2439/2145 2337/2574/2145
f 2335/2572/2145 2345/2431/2145 2310/2575/2145
f 2408/2580/2149 2418/2603/2149 2333/2603/2149
f 2367/2407/2147 2421/2413/2147 2368/2413/2147
f 2330/2604/2145 2409/2396/2145 2408/2580/2145
f 2329/2595/2145 2348/2371/2145 2313/2581/2145
f 2328/2585/2145 2350/2334/2145 2315/2582/2145
f 2327/2597/2145 2356/2166/2145 2321/2583/2145
f 2326/2587/2145 2352/2252/2145 2317/2584/2145
f 2325/2586/2145 2363/2245/2145 2328/2585/2145
f 2350/2150/2148 2330/2084/2148 2315/2085/2148
f 2347/2209/2148 2334/2220/2148 2312/2221/2148
f 2324/2591/2145 2360/2197/2145 2325/2586/2145
f 2323/2588/2145 2361/2188/2145 2326/2587/2145
f 2322/2590/2145 2358/2177/2145 2323/2588/2145
f 2321/2583/2145 2355/2167/2145 2320/2589/2145
f 2355/2150/2148 2342/2151/2148 2320/2152/2148
f 2319/2605/2145 2357/2137/2145 2322/2590/2145
f 2318/2606/2145 2359/2121/2145 2324/2591/2145
f 2334/2607/2145 2371/2092/2145 2336/2593/2145
f 2311/2608/2145 2364/2071/2145 2329/2595/2145
f 2314/2609/2145 2362/2068/2145 2327/2597/2145
f 2316/2610/2145 2347/2062/2145 2312/2599/2145
f 2395/2578/2145 2366/2611/2145 2331/2612/2145
f 2389/2406/2145 2331/2612/2145 2156/2613/2145
f 2384/2342/2149 2271/2550/2149 2045/2312/2149
f 2393/2522/2145 2287/2614/2145 2271/2539/2145
f 2386/2342/2149 2240/2615/2149 2141/2308/2149
f 2391/2471/2145 2232/2616/2145 2219/2486/2145
f 2396/2409/2145 2157/2617/2145 2366/2611/2145
f 2390/2403/2145 2156/2613/2145 2160/2618/2145
f 2387/2404/2145 2160/2618/2145 2153/2619/2145
f 2385/2342/2147 2219/2494/2147 2073/2312/2147
f 2385/2342/2147 2296/2307/2147 2084/2308/2147
f 2382/2342/2149 2158/2620/2149 2009/2308/2149
f 2381/2239/2145 2045/2621/2145 1921/2291/2145
f 2383/2231/2145 1921/2291/2145 1933/2057/2145
f 2386/2237/2145 1920/2622/2145 2130/2055/2145
f 2382/2232/2145 1933/2057/2145 1927/2072/2145
f 2368/2413/2147 2423/2396/2147 2409/2396/2147
f 2406/2398/2145 2333/2603/2145 2166/2576/2145
f 2404/2401/2145 2167/2411/2145 2164/2410/2145
f 2407/2399/2145 2166/2576/2145 2167/2411/2145
f 2409/2396/2145 2165/2623/2145 2368/2413/2145
f 2402/2325/2145 2148/2345/2145 2107/2377/2145
f 2401/2294/2145 2107/2377/2145 2106/2624/2145
f 2398/2050/2145 2106/2624/2145 2101/2336/2145
f 2399/2227/2149 2155/2625/2149 1926/2626/2149
f 2399/2074/2145 2103/2347/2145 2102/2343/2145
f 2403/2054/2145 2100/2627/2145 2148/2345/2145
f 2400/2051/2145 2101/2336/2145 2103/2347/2145
f 2422/2628/2149 2429/2629/2149 2414/2629/2149
f 2411/2630/2147 2432/2631/2147 2416/2631/2147
f 2416/2631/2146 2433/2632/2146 2417/2632/2146
f 2395/2578/2148 2425/2409/2148 2396/2409/2148
f 2333/2603/2149 2419/2577/2149 2332/2577/2149
f 2332/2577/2149 2424/2578/2149 2395/2578/2149
f 2409/2396/2146 2420/2580/2146 2408/2580/2146
f 2396/2409/2147 2413/2407/2147 2367/2407/2147
f 2411/2630/2145 2418/2633/2145 2410/2634/2145
f 2412/2635/2145 2418/2633/2145 2420/2636/2145
f 2414/2629/2145 2413/2637/2145 2422/2628/2145
f 2415/2638/2145 2421/2639/2145 2414/2629/2145
f 2416/2631/2145 2419/2640/2145 2411/2630/2145
f 2417/2632/2145 2413/2637/2145 2425/2641/2145
f 2416/2631/2145 2425/2641/2145 2424/2642/2145
f 2412/2635/2145 2423/2643/2145 2415/2638/2145
f 2428/2634/2145 2427/2628/2145 2426/2630/2145
f 2426/2630/2145 2433/2632/2145 2432/2631/2145
f 2430/2635/2145 2429/2629/2145 2428/2634/2145
f 2410/2634/2147 2426/2630/2147 2411/2630/2147
f 2415/2638/2148 2430/2635/2148 2412/2635/2148
f 2417/2632/2149 2427/2628/2149 2422/2628/2149
f 2414/2629/2149 2431/2638/2149 2415/2638/2149
f 2412/2635/2147 2428/2634/2147 2410/2634/2147
f 2656/2034/2148 2564/2035/2148 2675/2036/2148
f 2655/2037/2148 2647/2038/2148 2681/2039/2148
f 2458/2040/2148 2646/2041/2148 2650/2042/2148
f 2657/2043/2148 2534/2044/2148 2670/2045/2148
f 2461/2046/2148 2565/2047/2148 2567/2048/2148
f 2462/2049/2148 2928/2050/2148 2930/2051/2148
f 2659/2052/2148 2927/2053/2148 2933/2054/2148
f 2660/2055/2148 2439/2056/2148 2657/2043/2148
f 2459/2059/2148 2451/2291/2148 2440/2058/2148
f 2881/2060/2148 2453/2061/2148 2877/2062/2148
f 2702/2063/2148 2719/2064/2148 2718/2065/2148
f 2879/2066/2148 2566/2067/2148 2892/2068/2148
f 2876/2069/2148 2649/2070/2148 2894/2071/2148
f 2457/2072/2148 2459/2059/2148 2453/2061/2148
f 2929/2074/2148 2462/2049/2148 2930/2051/2148
f 2455/2075/2148 2567/2048/2148 2566/2067/2148
f 2452/2076/2148 2650/2042/2148 2649/2070/2148
f 2470/2077/2148 2651/2078/2148 2652/2079/2148
f 2473/2080/2148 2568/2081/2148 2569/2082/2148
f 2469/2083/2145 2861/2084/2145 2846/2085/2145
f 2475/2086/2148 2465/2087/2148 2471/2088/2148
f 2449/2089/2148 2471/2088/2148 2437/2090/2148
f 2899/2091/2148 2718/2065/2148 2901/2092/2148
f 2441/2093/2148 2569/2082/2148 2563/2094/2148
f 2434/2095/2148 2652/2079/2148 2648/2096/2148
f 2476/2097/2148 2489/2098/2148 2483/2099/2148
f 2611/2100/2147 2819/2101/2147 2605/2102/2147
f 2671/2103/2150 2748/2104/2150 2614/2105/2150
f 2480/2106/2150 2728/2107/2150 2479/2108/2150
f 2480/2109/2148 2485/2110/2148 2487/2111/2148
f 2661/2112/2148 2484/2113/2148 2662/2114/2148
f 2662/2114/2148 2526/2115/2148 2668/2116/2148
f 2487/2111/2148 2527/2117/2148 2529/2118/2148
f 2883/2119/2148 2528/2120/2148 2889/2121/2148
f 2528/2120/2148 2487/2111/2148 2529/2118/2148
f 2653/2123/2150 2839/2124/2150 2654/2105/2150
f 2525/2126/2148 2489/2098/2148 2531/2125/2148
f 2490/2127/2148 2517/2128/2148 2511/2129/2148
f 2556/2130/2149 2777/2131/2149 2482/2132/2149
f 2493/2133/2148 2515/2134/2148 2514/2135/2148
f 2884/2136/2148 2514/2135/2148 2887/2137/2148
f 2494/2138/2148 2513/2139/2148 2515/2134/2148
f 2663/2140/2148 2512/2141/2148 2666/2142/2148
f 2497/2143/2148 2562/2144/2148 2557/2145/2148
f 2596/2146/2149 2783/2147/2149 2496/2148/2149
f 2500/2108/2150 2907/2149/2150 2885/2150/2150
f 2488/2083/2145 2870/2151/2145 2848/2152/2145
f 2501/2153/2148 2559/2154/2148 2560/2155/2148
f 2664/2156/2148 2558/2157/2148 2674/2158/2148
f 2504/2159/2148 2503/2160/2148 2497/2143/2148
f 2572/2161/2149 2813/2162/2149 2585/2163/2149
f 2507/2164/2148 2501/2153/2148 2500/2165/2148
f 2886/2166/2148 2500/2165/2148 2885/2167/2148
f 2508/2168/2148 2499/2169/2148 2501/2153/2148
f 2665/2170/2148 2498/2171/2148 2664/2156/2148
f 2666/2142/2148 2519/2172/2148 2667/2173/2148
f 2515/2134/2148 2520/2174/2148 2522/2175/2148
f 2887/2137/2148 2521/2176/2148 2888/2177/2148
f 2514/2135/2148 2522/2175/2148 2521/2176/2148
f 2517/2128/2148 2523/2178/2148 2524/2179/2148
f 2511/2129/2148 2524/2179/2148 2518/2180/2148
f 2518/2180/2148 2556/2181/2148 2550/2182/2148
f 2654/2183/2147 2815/2184/2147 2598/2185/2147
f 2521/2176/2148 2554/2186/2148 2553/2187/2148
f 2888/2177/2148 2553/2187/2148 2891/2188/2148
f 2522/2175/2148 2552/2189/2148 2554/2186/2148
f 2667/2173/2148 2551/2190/2148 2673/2191/2148
f 2525/2126/2148 2549/2192/2148 2543/2193/2148
f 2531/2125/2148 2548/2194/2148 2549/2192/2148
f 2546/2196/2148 2529/2118/2148 2547/2195/2148
f 2889/2121/2148 2546/2196/2148 2890/2197/2148
f 2529/2118/2148 2545/2198/2148 2547/2195/2148
f 2668/2116/2148 2544/2199/2148 2672/2200/2148
f 2440/2201/2150 2541/2202/2150 2459/2203/2150
f 2533/2204/2149 2711/2205/2149 2643/2206/2149
f 2453/2207/2150 2899/2208/2150 2877/2209/2150
f 2465/2210/2150 2706/2211/2150 2471/2212/2150
f 2669/2213/2148 2435/2214/2148 2655/2037/2148
f 2436/2215/2149 2542/2216/2149 2533/2204/2149
f 2535/2217/2149 2698/2218/2149 2440/2219/2149
f 2464/2210/2145 2840/2220/2145 2841/2221/2145
f 2470/2212/2145 2699/2222/2145 2464/2210/2145
f 2670/2045/2148 2638/2223/2148 2679/2224/2148
f 2632/2225/2149 2935/2226/2149 2929/2227/2149
f 2456/2228/2150 2895/2229/2150 2880/2150/2150
f 2539/2230/2148 2913/2231/2148 2912/2232/2148
f 2541/2233/2148 2717/2234/2148 2719/2064/2148
f 2916/2237/2148 2537/2346/2148 2910/2236/2148
f 2913/2231/2148 2538/2274/2148 2911/2239/2148
f 2672/2200/2148 2621/2240/2148 2677/2241/2148
f 2547/2195/2148 2622/2242/2148 2624/2243/2148
f 2890/2197/2148 2623/2244/2148 2893/2245/2148
f 2623/2244/2148 2547/2195/2148 2624/2243/2148
f 2549/2192/2148 2625/2246/2148 2626/2247/2148
f 2543/2193/2148 2626/2247/2148 2620/2248/2148
f 2673/2191/2148 2477/2249/2148 2661/2112/2148
f 2480/2109/2148 2552/2189/2148 2478/2250/2148
f 2891/2188/2148 2479/2251/2148 2882/2252/2148
f 2553/2187/2148 2480/2109/2148 2479/2251/2148
f 2617/2253/2147 2820/2254/2147 2607/2255/2147
f 2550/2182/2148 2482/2256/2148 2476/2097/2148
f 2674/2158/2148 2592/2257/2148 2676/2258/2148
f 2560/2155/2148 2593/2259/2148 2594/2260/2148
f 2502/2255/2147 2745/2261/2147 2561/2253/2147
f 2561/2253/2147 2738/2262/2147 2595/2146/2147
f 2481/2132/2147 2774/2263/2147 2555/2130/2147
f 2557/2145/2148 2596/2264/2148 2591/2265/2148
f 2563/2094/2148 2510/2266/2148 2504/2159/2148
f 2569/2082/2148 2509/2267/2148 2510/2266/2148
f 2566/2067/2148 2508/2168/2148 2507/2164/2148
f 2892/2068/2148 2507/2164/2148 2886/2166/2148
f 2567/2048/2148 2506/2268/2148 2508/2168/2148
f 2675/2036/2148 2505/2269/2148 2665/2170/2148
f 2565/2047/2148 2580/2270/2148 2506/2268/2148
f 2559/2154/2148 2597/2271/2148 2593/2259/2148
f 2552/2189/2148 2576/2272/2148 2478/2250/2148
f 2545/2198/2148 2627/2273/2148 2622/2242/2148
f 2911/2239/2148 2586/2337/2148 2914/2275/2148
f 2535/2276/2148 2640/2277/2148 2639/2278/2148
f 2533/2279/2148 2570/2280/2148 2436/2281/2148
f 2527/2117/2148 2587/2282/2148 2545/2198/2148
f 2520/2174/2148 2588/2283/2148 2552/2189/2148
f 2513/2139/2148 2582/2284/2148 2520/2174/2148
f 2506/2268/2148 2579/2285/2148 2499/2169/2148
f 2559/2154/2148 2579/2285/2148 2589/2286/2148
f 2492/2287/2148 2581/2288/2148 2513/2139/2148
f 2485/2110/2148 2583/2289/2148 2527/2117/2148
f 2485/2110/2148 2576/2272/2148 2577/2290/2148
f 2440/2058/2148 2575/2621/2148 2572/2292/2148
f 2448/2293/2148 2931/2294/2148 2928/2050/2148
f 2440/2058/2148 2585/2295/2148 2535/2276/2148
f 2436/2281/2148 2653/2296/2148 2646/2041/2148
f 2443/2297/2148 2590/2298/2148 2565/2047/2148
f 2593/2259/2148 2578/2299/2148 2492/2287/2148
f 2591/2265/2148 2496/2300/2148 2490/2127/2148
f 2495/2148/2147 2780/2301/2147 2595/2146/2147
f 2611/2100/2147 2753/2302/2147 2615/2303/2147
f 2493/2108/2145 2737/2304/2145 2494/2106/2145
f 2594/2260/2148 2492/2287/2148 2494/2138/2148
f 2676/2258/2148 2491/2305/2148 2663/2140/2148
f 2597/2271/2148 2606/2306/2148 2578/2299/2148
f 2636/2225/2149 2800/2307/2149 2586/2308/2149
f 2570/2185/2149 2838/2309/2149 2653/2183/2149
f 2607/2255/2147 2821/2310/2147 2608/2311/2147
f 2575/2312/2149 2811/2313/2149 2572/2161/2149
f 2640/2123/2150 2837/2124/2150 2641/2105/2150
f 2576/2132/2149 2810/2101/2149 2577/2102/2149
f 2616/2130/2147 2822/2314/2147 2610/2315/2147
f 2641/2316/2147 2825/2162/2147 2613/2163/2147
f 2577/2102/2149 2805/2317/2149 2583/2100/2149
f 2581/2288/2148 2610/2318/2148 2582/2284/2148
f 2615/2303/2147 2823/2317/2147 2611/2100/2147
f 2585/2163/2149 2836/2319/2149 2640/2316/2149
f 2578/2299/2148 2609/2320/2148 2581/2288/2148
f 2598/2185/2147 2824/2321/2147 2612/2322/2147
f 2503/2255/2149 2795/2323/2149 2562/2253/2149
f 2579/2255/2149 2809/2323/2149 2589/2253/2149
f 2574/2324/2148 2932/2325/2148 2931/2294/2148
f 2612/2322/2147 2832/2326/2147 2645/2327/2147
f 2561/2253/2147 2785/2254/2147 2502/2255/2147
f 2571/2328/2148 2618/2329/2148 2590/2298/2148
f 2627/2273/2148 2602/2330/2148 2574/2324/2148
f 2622/2242/2148 2574/2324/2148 2448/2293/2148
f 2620/2248/2148 2474/2331/2148 2446/2332/2148
f 2626/2247/2148 2468/2333/2148 2474/2331/2148
f 2623/2244/2148 2462/2049/2148 2456/2073/2148
f 2893/2245/2148 2456/2073/2148 2880/2334/2148
f 2624/2243/2148 2448/2293/2148 2462/2049/2148
f 2677/2241/2148 2447/2335/2148 2659/2052/2148
f 2580/2311/2149 2808/2254/2149 2579/2255/2149
f 2631/2336/2148 2586/2337/2148 2538/2274/2148
f 2449/2338/2145 2690/2339/2145 2475/2340/2145
f 2457/2312/2149 2918/2341/2149 2912/2342/2149
f 2539/2230/2148 2633/2347/2148 2540/2238/2148
f 2539/2308/2149 2695/2344/2149 2632/2225/2149
f 2678/2345/2148 2537/2346/2148 2671/2235/2148
f 2633/2347/2148 2538/2274/2148 2540/2238/2148
f 2640/2277/2148 2645/2348/2148 2644/2349/2148
f 2639/2278/2148 2644/2349/2148 2643/2350/2148
f 2679/2224/2148 2642/2351/2148 2680/2352/2148
f 2643/2206/2149 2723/2353/2149 2639/2354/2149
f 2459/2203/2150 2702/2355/2150 2453/2207/2150
f 2437/2357/2150 2706/2211/2150 2708/2356/2150
f 2639/2354/2149 2717/2358/2149 2535/2217/2149
f 2452/2207/2145 2629/2202/2145 2458/2203/2145
f 2458/2203/2145 2536/2359/2145 2436/2201/2145
f 2434/2357/2145 2705/2211/2145 2470/2212/2145
f 2680/2352/2148 2532/2360/2148 2669/2213/2148
f 2643/2350/2148 2584/2361/2148 2533/2279/2148
f 2603/2312/2147 2924/2362/2147 2915/2342/2147
f 2653/2296/2148 2601/2363/2148 2573/2364/2148
f 2646/2041/2148 2573/2364/2148 2442/2365/2148
f 2648/2096/2148 2472/2366/2148 2445/2367/2148
f 2652/2079/2148 2466/2368/2148 2472/2366/2148
f 2649/2070/2148 2460/2369/2148 2454/2370/2148
f 2894/2071/2148 2454/2370/2148 2878/2371/2148
f 2650/2042/2148 2442/2365/2148 2460/2369/2148
f 2681/2039/2148 2444/2372/2148 2658/2373/2148
f 2654/2374/2148 2658/2373/2148 2601/2363/2148
f 2645/2348/2148 2669/2213/2148 2612/2375/2148
f 2641/2376/2148 2680/2352/2148 2645/2348/2148
f 2637/2377/2148 2671/2235/2148 2614/2378/2148
f 2628/2379/2148 2659/2052/2148 2602/2330/2148
f 2606/2306/2148 2676/2258/2148 2663/2140/2148
f 2618/2329/2148 2665/2170/2148 2608/2381/2148
f 2619/2380/2148 2674/2158/2148 2676/2258/2148
f 2613/2105/2145 2769/2383/2145 2670/2103/2145
f 2615/2384/2148 2677/2241/2148 2628/2379/2148
f 2501/2106/2150 2740/2107/2150 2500/2108/2150
f 2613/2385/2148 2679/2224/2148 2641/2376/2148
f 2560/2253/2149 2741/2386/2149 2501/2255/2149
f 2594/2146/2149 2744/2261/2149 2560/2253/2149
f 2616/2387/2148 2667/2173/2148 2673/2191/2148
f 2610/2318/2148 2666/2142/2148 2667/2173/2148
f 2612/2322/2147 2751/2388/2147 2598/2185/2147
f 2612/2105/2150 2768/2383/2150 2750/2104/2150
f 2609/2320/2148 2663/2140/2148 2666/2142/2148
f 2598/2105/2145 2760/2383/2145 2655/2103/2145
f 2672/2303/2149 2767/2389/2149 2668/2100/2149
f 2614/2308/2147 2921/2390/2147 2915/2342/2147
f 2602/2330/2148 2933/2054/2148 2932/2325/2148
f 2655/2185/2149 2768/2391/2149 2669/2322/2149
f 2598/2392/2148 2681/2039/2148 2654/2374/2148
f 2599/2393/2148 2675/2036/2148 2618/2329/2148
f 2895/2394/2148 2935/2395/2148 2939/2396/2148
f 2937/2399/2148 2684/2579/2148 2936/2398/2148
f 2934/2401/2148 2689/2397/2148 2937/2399/2148
f 2682/2402/2148 2920/2403/2148 2917/2404/2148
f 2693/2405/2148 2919/2406/2148 2920/2403/2148
f 2897/2407/2148 2918/2408/2148 2926/2409/2148
f 2694/2410/2148 2693/2405/2148 2682/2402/2148
f 2697/2411/2148 2691/2412/2148 2693/2405/2148
f 2898/2413/2148 2688/2414/2148 2897/2407/2148
f 2468/2083/2150 2689/2339/2150 2474/2340/2150
f 2474/2340/2150 2692/2415/2150 2446/2338/2150
f 2475/2340/2145 2686/2416/2145 2469/2083/2145
f 2706/2417/2148 2720/2418/2148 2721/2419/2148
f 2716/2421/2148 2706/2417/2148 2721/2419/2148
f 2635/2422/2148 2705/2423/2148 2634/2424/2148
f 2709/2425/2148 2699/2426/2148 2705/2423/2148
f 2703/2427/2148 2629/2428/2148 2700/2429/2148
f 2900/2430/2148 2700/2429/2148 2875/2431/2148
f 2704/2432/2148 2536/2433/2148 2629/2428/2148
f 2716/2421/2148 2727/2434/2148 2722/2435/2148
f 2721/2419/2148 2726/2436/2148 2727/2434/2148
f 2718/2065/2148 2725/2437/2148 2724/2438/2148
f 2901/2092/2148 2724/2438/2148 2902/2439/2148
f 2719/2064/2148 2723/2440/2148 2725/2437/2148
f 2713/2442/2148 2723/2440/2148 2711/2441/2148
f 2902/2439/2148 2712/2443/2148 2903/2444/2148
f 2724/2438/2148 2713/2442/2148 2712/2443/2148
f 2727/2434/2148 2714/2445/2148 2715/2446/2148
f 2722/2435/2148 2715/2446/2148 2710/2447/2148
f 2710/2447/2148 2709/2425/2148 2635/2422/2148
f 2715/2446/2148 2707/2448/2148 2709/2425/2148
f 2712/2443/2148 2704/2432/2148 2703/2427/2148
f 2903/2444/2148 2703/2427/2148 2900/2430/2148
f 2713/2442/2148 2542/2449/2148 2704/2432/2148
f 2728/2450/2148 2732/2451/2148 2731/2452/2148
f 2905/2454/2148 2728/2450/2148 2731/2452/2148
f 2740/2455/2148 2744/2456/2148 2743/2457/2148
f 2907/2458/2148 2743/2457/2148 2908/2459/2148
f 2908/2459/2148 2734/2460/2148 2909/2461/2148
f 2743/2457/2148 2736/2462/2148 2734/2460/2148
f 2734/2460/2148 2737/2463/2148 2735/2464/2148
f 2906/2465/2148 2734/2460/2148 2735/2464/2148
f 2746/2466/2148 2763/2467/2148 2747/2468/2148
f 2748/2469/2148 2922/2470/2148 2921/2471/2148
f 2750/2472/2148 2760/2473/2148 2751/2474/2148
f 2752/2475/2148 2771/2476/2148 2753/2477/2148
f 2754/2478/2148 2765/2479/2148 2755/2480/2148
f 2755/2480/2148 2773/2481/2148 2756/2482/2148
f 2757/2483/2148 2767/2484/2148 2752/2475/2148
f 2747/2468/2148 2764/2485/2148 2757/2483/2148
f 2758/2488/2148 2762/2616/2148 2761/2487/2148
f 2758/2488/2148 2769/2489/2148 2759/2490/2148
f 2495/2083/2145 2871/2151/2145 2849/2152/2145
f 2664/2255/2149 2766/2491/2149 2665/2311/2149
f 2486/2108/2145 2732/2304/2145 2487/2106/2145
f 2479/2108/2150 2904/2149/2150 2882/2150/2150
f 2615/2105/2145 2771/2383/2145 2672/2103/2145
f 2674/2253/2149 2765/2386/2149 2664/2255/2149
f 2616/2105/2150 2772/2383/2150 2746/2104/2150
f 2608/2311/2147 2755/2386/2147 2607/2255/2147
f 2617/2105/2145 2773/2383/2145 2674/2103/2145
f 2668/2100/2149 2764/2492/2149 2662/2102/2149
f 2607/2255/2147 2756/2261/2147 2617/2253/2147
f 2662/2102/2149 2763/2493/2149 2661/2132/2149
f 2657/2161/2149 2762/2494/2149 2660/2312/2149
f 2605/2102/2147 2752/2389/2147 2611/2100/2147
f 2661/2132/2149 2772/2495/2149 2673/2130/2149
f 2604/2132/2147 2757/2492/2147 2605/2102/2147
f 2670/2163/2149 2761/2496/2149 2657/2161/2149
f 2603/2312/2147 2758/2496/2147 2600/2161/2147
f 2494/2148/2149 2736/2262/2149 2594/2146/2149
f 2608/2105/2150 2766/2383/2150 2754/2104/2150
f 2660/2312/2149 2922/2390/2149 2916/2342/2149
f 2616/2130/2147 2747/2493/2147 2604/2132/2147
f 2487/2102/2149 2729/2493/2149 2480/2132/2149
f 2595/2146/2147 2739/2497/2147 2495/2148/2147
f 2481/2132/2147 2733/2492/2147 2488/2102/2147
f 2600/2161/2147 2759/2498/2147 2613/2163/2147
f 2777/2256/2148 2778/2499/2148 2779/2098/2148
f 2779/2098/2148 2792/2500/2148 2793/2125/2148
f 2783/2300/2148 2788/2501/2148 2789/2128/2148
f 2787/2160/2148 2794/2502/2148 2795/2144/2148
f 2786/2266/2148 2785/2503/2148 2787/2160/2148
f 2790/2179/2148 2774/2504/2148 2776/2181/2148
f 2776/2181/2148 2775/2505/2148 2777/2256/2148
f 2795/2144/2148 2780/2506/2148 2782/2264/2148
f 2782/2264/2148 2781/2507/2148 2783/2300/2148
f 2796/2508/2148 2821/2509/2148 2797/2510/2148
f 2809/2511/2148 2831/2512/2148 2814/2513/2148
f 2798/2514/2148 2818/2515/2148 2799/2516/2148
f 2834/2519/2148 2827/2530/2148 2835/2518/2148
f 2923/2522/2148 2826/2546/2148 2924/2521/2148
f 2813/2523/2148 2837/2524/2148 2836/2525/2148
f 2803/2526/2148 2815/2527/2148 2804/2528/2148
f 2806/2517/2148 2823/2537/2148 2827/2530/2148
f 2807/2531/2148 2828/2532/2148 2798/2514/2148
f 2797/2510/2148 2820/2533/2148 2808/2534/2148
f 2808/2534/2148 2829/2535/2148 2809/2511/2148
f 2805/2529/2148 2819/2538/2148 2823/2537/2148
f 2799/2516/2148 2819/2538/2148 2810/2536/2148
f 2801/2539/2148 2816/2540/2148 2811/2541/2148
f 2811/2541/2148 2825/2542/2148 2813/2523/2148
f 2804/2528/2148 2839/2543/2148 2838/2544/2148
f 2800/2520/2148 2833/2644/2148 2826/2546/2148
f 2802/2547/2148 2824/2548/2148 2803/2526/2148
f 2523/2083/2145 2790/2549/2145 2524/2340/2145
f 2509/2083/2145 2786/2549/2145 2510/2340/2145
f 2605/2102/2147 2818/2131/2147 2604/2132/2147
f 2600/2161/2147 2817/2550/2147 2603/2312/2147
f 2610/2105/2145 2807/2551/2145 2582/2123/2145
f 2614/2308/2147 2833/2552/2147 2637/2225/2147
f 2613/2163/2147 2816/2313/2147 2600/2161/2147
f 2555/2130/2147 2791/2314/2147 2523/2315/2147
f 2524/2315/2149 2776/2263/2149 2556/2130/2149
f 2595/2146/2147 2794/2323/2147 2561/2253/2147
f 2637/2105/2145 2812/2551/2145 2636/2123/2145
f 2562/2253/2149 2782/2301/2149 2596/2146/2149
f 2590/2553/2149 2797/2310/2149 2580/2311/2149
f 2589/2253/2149 2814/2301/2149 2597/2146/2149
f 2588/2130/2149 2799/2131/2149 2576/2132/2149
f 2618/2105/2145 2796/2551/2145 2590/2123/2145
f 2530/2100/2147 2778/2101/2147 2488/2102/2147
f 2516/2554/2147 2781/2147/2147 2495/2148/2147
f 2502/2255/2147 2784/2310/2147 2509/2311/2147
f 2488/2102/2147 2775/2131/2147 2481/2132/2147
f 2597/2123/2150 2831/2124/2150 2619/2105/2150
f 2489/2102/2149 2793/2317/2149 2531/2100/2149
f 2496/2148/2149 2789/2555/2149 2517/2554/2149
f 2586/2308/2149 2923/2362/2149 2914/2342/2149
f 2510/2311/2149 2787/2254/2149 2503/2255/2149
f 2482/2132/2149 2779/2101/2149 2489/2102/2149
f 2644/2327/2149 2803/2321/2149 2584/2322/2149
f 2608/2311/2147 2830/2556/2147 2618/2553/2147
f 2531/2340/2150 2792/2557/2150 2530/2083/2150
f 2584/2322/2149 2804/2184/2149 2570/2185/2149
f 2587/2303/2149 2834/2558/2149 2627/2559/2149
f 2619/2146/2147 2829/2323/2147 2617/2253/2147
f 2583/2100/2149 2806/2560/2149 2587/2303/2149
f 2628/2559/2147 2827/2560/2147 2615/2303/2147
f 2604/2132/2147 2828/2263/2147 2616/2130/2147
f 2645/2105/2145 2802/2551/2145 2644/2123/2145
f 2582/2315/2149 2798/2263/2149 2588/2130/2149
f 2627/2123/2150 2835/2124/2150 2628/2105/2150
f 2517/2340/2150 2788/2557/2150 2516/2083/2150
f 2847/2152/2150 2730/2561/2150 2481/2083/2150
f 2849/2152/2145 2906/2149/2145 2884/2150/2145
f 2739/2564/2148 2874/2566/2148 2871/2563/2148
f 2745/2565/2148 2874/2566/2148 2738/2562/2148
f 2745/2565/2148 2872/2601/2148 2873/2568/2148
f 2733/2571/2148 2869/2602/2148 2870/2570/2148
f 2707/2448/2148 2868/2573/2148 2865/2572/2148
f 2714/2445/2148 2867/2574/2148 2868/2573/2148
f 2720/2418/2148 2867/2574/2148 2726/2436/2148
f 2707/2448/2148 2840/2575/2148 2699/2426/2148
f 2691/2412/2148 2863/2603/2148 2862/2577/2148
f 2919/2406/2148 2862/2577/2148 2925/2578/2148
f 2684/2579/2148 2938/2580/2148 2936/2398/2148
f 2651/2078/2148 2843/2581/2148 2466/2368/2148
f 2625/2246/2148 2845/2582/2148 2468/2333/2148
f 2568/2081/2148 2851/2583/2148 2509/2267/2148
f 2481/2505/2148 2856/2587/2148 2847/2584/2148
f 2548/2194/2148 2858/2585/2148 2625/2246/2148
f 2845/2085/2150 2684/2416/2150 2468/2083/2150
f 2841/2221/2145 2875/2208/2145 2876/2209/2145
f 2842/2221/2150 2701/2222/2150 2465/2210/2150
f 2530/2500/2148 2855/2586/2148 2548/2194/2148
f 2523/2178/2148 2856/2587/2148 2555/2504/2148
f 2523/2178/2148 2852/2590/2148 2853/2588/2148
f 2509/2267/2148 2850/2589/2148 2502/2503/2148
f 2848/2152/2145 2905/2149/2145 2883/2150/2145
f 2850/2152/2150 2742/2561/2150 2502/2083/2150
f 2516/2501/2148 2849/2605/2148 2852/2590/2148
f 2488/2499/2148 2854/2591/2148 2530/2500/2148
f 2701/2592/2148 2866/2593/2148 2720/2418/2148
f 2846/2085/2145 2896/2229/2145 2881/2150/2145
f 2464/2594/2148 2859/2595/2148 2651/2078/2148
f 2467/2596/2148 2857/2597/2148 2568/2081/2148
f 2469/2598/2148 2842/2599/2148 2465/2087/2148
f 2881/2150/2145 2687/2600/2145 2457/2228/2145
f 2883/2150/2145 2731/2107/2145 2486/2108/2145
f 2876/2209/2145 2700/2355/2145 2452/2207/2145
f 2884/2150/2145 2735/2107/2145 2493/2108/2145
f 2882/2150/2150 2869/2151/2150 2847/2152/2150
f 2874/2566/2148 2906/2465/2148 2871/2563/2148
f 2874/2566/2148 2908/2459/2148 2909/2461/2148
f 2872/2601/2148 2908/2459/2148 2873/2568/2148
f 2869/2602/2148 2905/2454/2148 2870/2570/2148
f 2865/2572/2148 2903/2444/2148 2900/2430/2148
f 2867/2574/2148 2903/2444/2148 2868/2573/2148
f 2866/2593/2148 2902/2439/2148 2867/2574/2148
f 2865/2572/2148 2875/2431/2148 2840/2575/2148
f 2938/2580/2149 2948/2603/2149 2863/2603/2149
f 2897/2407/2147 2951/2413/2147 2898/2413/2147
f 2860/2604/2148 2939/2396/2148 2938/2580/2148
f 2859/2595/2148 2878/2371/2148 2843/2581/2148
f 2858/2585/2148 2880/2334/2148 2845/2582/2148
f 2857/2597/2148 2886/2166/2148 2851/2583/2148
f 2856/2587/2148 2882/2252/2148 2847/2584/2148
f 2855/2586/2148 2893/2245/2148 2858/2585/2148
f 2880/2150/2150 2860/2084/2150 2845/2085/2150
f 2877/2209/2150 2864/2220/2150 2842/2221/2150
f 2855/2586/2148 2889/2121/2148 2890/2197/2148
f 2853/2588/2148 2891/2188/2148 2856/2587/2148
f 2853/2588/2148 2887/2137/2148 2888/2177/2148
f 2851/2583/2148 2885/2167/2148 2850/2589/2148
f 2885/2150/2150 2872/2151/2150 2850/2152/2150
f 2849/2605/2148 2887/2137/2148 2852/2590/2148
f 2848/2606/2148 2889/2121/2148 2854/2591/2148
f 2864/2607/2148 2901/2092/2148 2866/2593/2148
f 2841/2608/2148 2894/2071/2148 2859/2595/2148
f 2844/2609/2148 2892/2068/2148 2857/2597/2148
f 2846/2610/2148 2877/2062/2148 2842/2599/2148
f 2925/2578/2148 2896/2611/2148 2861/2612/2148
f 2919/2406/2148 2861/2612/2148 2686/2613/2148
f 2914/2342/2149 2801/2550/2149 2575/2312/2149
f 2923/2522/2148 2817/2614/2148 2801/2539/2148
f 2916/2342/2149 2770/2615/2149 2671/2308/2149
f 2921/2471/2148 2762/2616/2148 2749/2486/2148
f 2926/2409/2148 2687/2617/2148 2896/2611/2148
f 2920/2403/2148 2686/2613/2148 2690/2618/2148
f 2917/2404/2148 2690/2618/2148 2683/2619/2148
f 2915/2342/2147 2749/2494/2147 2603/2312/2147
f 2915/2342/2147 2826/2307/2147 2614/2308/2147
f 2912/2342/2149 2688/2620/2149 2539/2308/2149
f 2911/2239/2148 2575/2621/2148 2451/2291/2148
f 2913/2231/2148 2451/2291/2148 2463/2057/2148
f 2916/2237/2148 2450/2622/2148 2660/2055/2148
f 2912/2232/2148 2463/2057/2148 2457/2072/2148
f 2898/2413/2147 2953/2396/2147 2939/2396/2147
f 2936/2398/2148 2863/2603/2148 2696/2576/2148
f 2934/2401/2148 2697/2411/2148 2694/2410/2148
f 2937/2399/2148 2696/2576/2148 2697/2411/2148
f 2939/2396/2148 2695/2623/2148 2898/2413/2148
f 2932/2325/2148 2678/2345/2148 2637/2377/2148
f 2636/2624/2148 2932/2325/2148 2637/2377/2148
f 2631/2336/2148 2931/2294/2148 2636/2624/2148
f 2929/2227/2149 2685/2625/2149 2456/2626/2149
f 2632/2343/2148 2930/2051/2148 2633/2347/2148
f 2933/2054/2148 2630/2627/2148 2678/2345/2148
f 2633/2347/2148 2928/2050/2148 2631/2336/2148
f 2952/2628/2149 2959/2629/2149 2944/2629/2149
f 2941/2630/2147 2962/2631/2147 2946/2631/2147
f 2946/2631/2145 2963/2632/2145 2947/2632/2145
f 2925/2578/2150 2955/2409/2150 2926/2409/2150
f 2863/2603/2149 2949/2577/2149 2862/2577/2149
f 2862/2577/2149 2954/2578/2149 2925/2578/2149
f 2939/2396/2145 2950/2580/2145 2938/2580/2145
f 2926/2409/2147 2943/2407/2147 2897/2407/2147
f 2941/2630/2148 2948/2633/2148 2940/2634/2148
f 2942/2635/2148 2948/2633/2148 2950/2636/2148
f 2944/2629/2148 2943/2637/2148 2952/2628/2148
f 2945/2638/2148 2951/2639/2148 2944/2629/2148
f 2946/2631/2148 2949/2640/2148 2941/2630/2148
f 2947/2632/2148 2943/2637/2148 2955/2641/2148
f 2946/2631/2148 2955/2641/2148 2954/2642/2148
f 2942/2635/2148 2953/2643/2148 2945/2638/2148
f 2956/2630/2148 2959/2629/2148 2957/2628/2148
f 2956/2630/2148 2963/2632/2148 2962/2631/2148
f 2958/2634/2148 2961/2638/2148 2959/2629/2148
f 2940/2634/2147 2956/2630/2147 2941/2630/2147
f 2945/2638/2150 2960/2635/2150 2942/2635/2150
f 2947/2632/2149 2957/2628/2149 2952/2628/2149
f 2944/2629/2149 2961/2638/2149 2945/2638/2149
f 2942/2635/2147 2958/2634/2147 2940/2634/2147
f 3186/2034/2150 3094/2035/2150 3205/2036/2150
f 3185/2037/2150 3177/2038/2150 3211/2039/2150
f 2988/2040/2150 3176/2041/2150 3180/2042/2150
f 3187/2043/2150 3064/2044/2150 3200/2045/2150
f 2991/2046/2150 3095/2047/2150 3097/2048/2150
f 2992/2049/2150 3458/2050/2150 3460/2051/2150
f 3189/2052/2150 3457/2053/2150 3463/2054/2150
f 3190/2055/2150 2969/2056/2150 3187/2043/2150
f 2993/2057/2150 2970/2058/2150 2989/2059/2150
f 3411/2060/2150 2983/2061/2150 3407/2062/2150
f 3232/2063/2150 3249/2064/2150 3248/2065/2150
f 3409/2066/2150 3096/2067/2150 3422/2068/2150
f 3406/2069/2150 3179/2070/2150 3424/2071/2150
f 2987/2072/2150 2989/2059/2150 2983/2061/2150
f 2986/2073/2150 3460/2051/2150 3459/2074/2150
f 2985/2075/2150 3097/2048/2150 3096/2067/2150
f 2982/2076/2150 3180/2042/2150 3179/2070/2150
f 3000/2077/2150 3181/2078/2150 3182/2079/2150
f 3003/2080/2150 3098/2081/2150 3099/2082/2150
f 2999/2083/2148 3391/2084/2148 3376/2085/2148
f 3005/2086/2150 2995/2087/2150 3001/2088/2150
f 2979/2089/2150 3001/2088/2150 2967/2090/2150
f 3429/2091/2150 3248/2065/2150 3431/2092/2150
f 2971/2093/2150 3099/2082/2150 3093/2094/2150
f 2964/2095/2150 3182/2079/2150 3178/2096/2150
f 3006/2097/2150 3019/2098/2150 3013/2099/2150
f 3141/2100/2147 3349/2101/2147 3135/2102/2147
f 3201/2103/2146 3278/2104/2146 3144/2105/2146
f 3010/2106/2146 3258/2107/2146 3009/2108/2146
f 3010/2109/2150 3015/2110/2150 3017/2111/2150
f 3191/2112/2150 3014/2113/2150 3192/2114/2150
f 3192/2114/2150 3056/2115/2150 3198/2116/2150
f 3017/2111/2150 3057/2117/2150 3059/2118/2150
f 3413/2119/2150 3058/2120/2150 3419/2121/2150
f 3016/2122/2150 3059/2118/2150 3058/2120/2150
f 3183/2123/2146 3369/2124/2146 3184/2105/2146
f 3013/2099/2150 3061/2125/2150 3055/2126/2150
f 3020/2127/2150 3047/2128/2150 3041/2129/2150
f 3086/2130/2149 3307/2131/2149 3012/2132/2149
f 3023/2133/2150 3045/2134/2150 3044/2135/2150
f 3414/2136/2150 3044/2135/2150 3417/2137/2150
f 3024/2138/2150 3043/2139/2150 3045/2134/2150
f 3193/2140/2150 3042/2141/2150 3196/2142/2150
f 3027/2143/2150 3092/2144/2150 3087/2145/2150
f 3126/2146/2149 3313/2147/2149 3026/2148/2149
f 3030/2108/2146 3437/2149/2146 3415/2150/2146
f 3018/2083/2148 3400/2151/2148 3378/2152/2148
f 3031/2153/2150 3089/2154/2150 3090/2155/2150
f 3194/2156/2150 3088/2157/2150 3204/2158/2150
f 3034/2159/2150 3033/2160/2150 3027/2143/2150
f 3102/2161/2149 3343/2162/2149 3115/2163/2149
f 3037/2164/2150 3031/2153/2150 3030/2165/2150
f 3416/2166/2150 3030/2165/2150 3415/2167/2150
f 3038/2168/2150 3029/2169/2150 3031/2153/2150
f 3195/2170/2150 3028/2171/2150 3194/2156/2150
f 3196/2142/2150 3049/2172/2150 3197/2173/2150
f 3045/2134/2150 3050/2174/2150 3052/2175/2150
f 3417/2137/2150 3051/2176/2150 3418/2177/2150
f 3044/2135/2150 3052/2175/2150 3051/2176/2150
f 3047/2128/2150 3053/2178/2150 3054/2179/2150
f 3041/2129/2150 3054/2179/2150 3048/2180/2150
f 3048/2180/2150 3086/2181/2150 3080/2182/2150
f 3184/2183/2147 3345/2184/2147 3128/2185/2147
f 3051/2176/2150 3084/2186/2150 3083/2187/2150
f 3418/2177/2150 3083/2187/2150 3421/2188/2150
f 3052/2175/2150 3082/2189/2150 3084/2186/2150
f 3197/2173/2150 3081/2190/2150 3203/2191/2150
f 3055/2126/2150 3079/2192/2150 3073/2193/2150
f 3061/2125/2150 3078/2194/2150 3079/2192/2150
f 3058/2120/2150 3077/2195/2150 3076/2196/2150
f 3419/2121/2150 3076/2196/2150 3420/2197/2150
f 3059/2118/2150 3075/2198/2150 3077/2195/2150
f 3198/2116/2150 3074/2199/2150 3202/2200/2150
f 2970/2201/2146 3071/2202/2146 2989/2203/2146
f 3063/2204/2149 3241/2205/2149 3173/2206/2149
f 2983/2207/2146 3429/2208/2146 3407/2209/2146
f 2995/2210/2146 3236/2211/2146 3001/2212/2146
f 3199/2213/2150 2965/2214/2150 3185/2037/2150
f 2966/2215/2149 3072/2216/2149 3063/2204/2149
f 3065/2217/2149 3228/2218/2149 2970/2219/2149
f 2994/2210/2148 3370/2220/2148 3371/2221/2148
f 3000/2212/2148 3229/2222/2148 2994/2210/2148
f 3200/2045/2150 3168/2223/2150 3209/2224/2150
f 3162/2225/2149 3465/2226/2149 3459/2227/2149
f 2986/2228/2146 3425/2229/2146 3410/2150/2146
f 3069/2230/2150 3443/2231/2150 3442/2232/2150
f 3071/2233/2150 3247/2234/2150 3249/2064/2150
f 3201/2235/2150 3440/2236/2150 3446/2237/2150
f 3070/2238/2150 3441/2239/2150 3443/2231/2150
f 3202/2200/2150 3151/2240/2150 3207/2241/2150
f 3077/2195/2150 3152/2242/2150 3154/2243/2150
f 3420/2197/2150 3153/2244/2150 3423/2245/2150
f 3076/2196/2150 3154/2243/2150 3153/2244/2150
f 3079/2192/2150 3155/2246/2150 3156/2247/2150
f 3073/2193/2150 3156/2247/2150 3150/2248/2150
f 3203/2191/2150 3007/2249/2150 3191/2112/2150
f 3084/2186/2150 3008/2250/2150 3010/2109/2150
f 3421/2188/2150 3009/2251/2150 3412/2252/2150
f 3083/2187/2150 3010/2109/2150 3009/2251/2150
f 3147/2253/2147 3350/2254/2147 3137/2255/2147
f 3080/2182/2150 3012/2256/2150 3006/2097/2150
f 3204/2158/2150 3122/2257/2150 3206/2258/2150
f 3090/2155/2150 3123/2259/2150 3124/2260/2150
f 3032/2255/2147 3275/2261/2147 3091/2253/2147
f 3091/2253/2147 3268/2262/2147 3125/2146/2147
f 3011/2132/2147 3304/2263/2147 3085/2130/2147
f 3087/2145/2150 3126/2264/2150 3121/2265/2150
f 3093/2094/2150 3040/2266/2150 3034/2159/2150
f 3099/2082/2150 3039/2267/2150 3040/2266/2150
f 3096/2067/2150 3038/2168/2150 3037/2164/2150
f 3422/2068/2150 3037/2164/2150 3416/2166/2150
f 3097/2048/2150 3036/2268/2150 3038/2168/2150
f 3205/2036/2150 3035/2269/2150 3195/2170/2150
f 3095/2047/2150 3110/2270/2150 3036/2268/2150
f 3089/2154/2150 3127/2271/2150 3123/2259/2150
f 3082/2189/2150 3106/2272/2150 3008/2250/2150
f 3075/2198/2150 3157/2273/2150 3152/2242/2150
f 3068/2274/2150 3444/2275/2150 3441/2239/2150
f 3065/2276/2150 3170/2277/2150 3169/2278/2150
f 3063/2279/2150 3100/2280/2150 2966/2281/2150
f 3057/2117/2150 3117/2282/2150 3075/2198/2150
f 3050/2174/2150 3118/2283/2150 3082/2189/2150
f 3043/2139/2150 3112/2284/2150 3050/2174/2150
f 3036/2268/2150 3109/2285/2150 3029/2169/2150
f 3029/2169/2150 3119/2286/2150 3089/2154/2150
f 3022/2287/2150 3111/2288/2150 3043/2139/2150
f 3015/2110/2150 3113/2289/2150 3057/2117/2150
f 3008/2250/2150 3107/2290/2150 3015/2110/2150
f 2981/2291/2150 3102/2292/2150 2970/2058/2150
f 2978/2293/2150 3461/2294/2150 3458/2050/2150
f 2970/2058/2150 3115/2295/2150 3065/2276/2150
f 2966/2281/2150 3183/2296/2150 3176/2041/2150
f 2973/2297/2150 3120/2298/2150 3095/2047/2150
f 3123/2259/2150 3108/2299/2150 3022/2287/2150
f 3121/2265/2150 3026/2300/2150 3020/2127/2150
f 3125/2146/2147 3311/2147/2147 3310/2301/2147
f 3141/2100/2147 3283/2302/2147 3145/2303/2147
f 3023/2108/2148 3267/2304/2148 3024/2106/2148
f 3124/2260/2150 3022/2287/2150 3024/2138/2150
f 3206/2258/2150 3021/2305/2150 3193/2140/2150
f 3127/2271/2150 3136/2306/2150 3108/2299/2150
f 3116/2308/2149 3342/2552/2149 3330/2307/2149
f 3100/2185/2149 3368/2309/2149 3183/2183/2149
f 3137/2255/2147 3351/2310/2147 3138/2311/2147
f 3105/2312/2149 3341/2313/2149 3102/2161/2149
f 3170/2123/2146 3367/2124/2146 3171/2105/2146
f 3106/2132/2149 3340/2101/2149 3107/2102/2149
f 3146/2130/2147 3352/2314/2147 3140/2315/2147
f 3171/2316/2147 3355/2162/2147 3143/2163/2147
f 3113/2100/2149 3340/2101/2149 3335/2317/2149
f 3111/2288/2150 3140/2318/2150 3112/2284/2150
f 3145/2303/2147 3353/2317/2147 3141/2100/2147
f 3115/2163/2149 3366/2319/2149 3170/2316/2149
f 3108/2299/2150 3139/2320/2150 3111/2288/2150
f 3128/2185/2147 3354/2321/2147 3142/2322/2147
f 3033/2255/2149 3325/2323/2149 3092/2253/2149
f 3109/2255/2149 3339/2323/2149 3119/2253/2149
f 3104/2324/2150 3462/2325/2150 3461/2294/2150
f 3142/2322/2147 3362/2326/2147 3175/2327/2147
f 3091/2253/2147 3315/2254/2147 3032/2255/2147
f 3101/2328/2150 3148/2329/2150 3120/2298/2150
f 3157/2273/2150 3132/2330/2150 3104/2324/2150
f 3152/2242/2150 3104/2324/2150 2978/2293/2150
f 3150/2248/2150 3004/2331/2150 2976/2332/2150
f 3156/2247/2150 2998/2333/2150 3004/2331/2150
f 3153/2244/2150 2992/2049/2150 2986/2073/2150
f 3423/2245/2150 2986/2073/2150 3410/2334/2150
f 3154/2243/2150 2978/2293/2150 2992/2049/2150
f 3207/2241/2150 2977/2335/2150 3189/2052/2150
f 3110/2311/2149 3338/2254/2149 3109/2255/2149
f 3161/2336/2150 3116/2337/2150 3068/2274/2150
f 2979/2338/2148 3220/2339/2148 3005/2340/2148
f 2987/2312/2149 3448/2341/2149 3442/2342/2149
f 3162/2343/2150 3070/2238/2150 3069/2230/2150
f 3162/2225/2149 3218/2620/2149 3225/2344/2149
f 3208/2345/2150 3067/2346/2150 3201/2235/2150
f 3163/2347/2150 3068/2274/2150 3070/2238/2150
f 3170/2277/2150 3175/2348/2150 3174/2349/2150
f 3169/2278/2150 3174/2349/2150 3173/2350/2150
f 3209/2224/2150 3172/2351/2150 3210/2352/2150
f 3173/2206/2149 3253/2353/2149 3169/2354/2149
f 2989/2203/2146 3232/2355/2146 2983/2207/2146
f 3001/2212/2146 3238/2356/2146 2967/2357/2146
f 3169/2354/2149 3247/2358/2149 3065/2217/2149
f 2982/2207/2148 3159/2202/2148 2988/2203/2148
f 2988/2203/2148 3066/2359/2148 2966/2201/2148
f 2964/2357/2148 3235/2211/2148 3000/2212/2148
f 3210/2352/2150 3062/2360/2150 3199/2213/2150
f 3173/2350/2150 3114/2361/2150 3063/2279/2150
f 3133/2312/2147 3454/2362/2147 3445/2342/2147
f 3183/2296/2150 3131/2363/2150 3103/2364/2150
f 3176/2041/2150 3103/2364/2150 2972/2365/2150
f 3178/2096/2150 3002/2366/2150 2975/2367/2150
f 3182/2079/2150 2996/2368/2150 3002/2366/2150
f 3179/2070/2150 2990/2369/2150 2984/2370/2150
f 3424/2071/2150 2984/2370/2150 3408/2371/2150
f 3180/2042/2150 2972/2365/2150 2990/2369/2150
f 3211/2039/2150 2974/2372/2150 3188/2373/2150
f 3184/2374/2150 3188/2373/2150 3131/2363/2150
f 3175/2348/2150 3199/2213/2150 3142/2375/2150
f 3171/2376/2150 3210/2352/2150 3175/2348/2150
f 3167/2377/2150 3201/2235/2150 3144/2378/2150
f 3158/2379/2150 3189/2052/2150 3132/2330/2150
f 3149/2380/2150 3193/2140/2150 3136/2306/2150
f 3148/2329/2150 3195/2170/2150 3138/2381/2150
f 3147/2382/2150 3206/2258/2150 3149/2380/2150
f 3143/2105/2148 3299/2383/2148 3200/2103/2148
f 3145/2384/2150 3207/2241/2150 3158/2379/2150
f 3031/2106/2146 3270/2107/2146 3030/2108/2146
f 3143/2385/2150 3209/2224/2150 3171/2376/2150
f 3090/2253/2149 3271/2386/2149 3031/2255/2149
f 3124/2146/2149 3274/2261/2149 3090/2253/2149
f 3140/2318/2150 3203/2191/2150 3146/2387/2150
f 3139/2320/2150 3197/2173/2150 3140/2318/2150
f 3142/2322/2147 3281/2388/2147 3128/2185/2147
f 3199/2103/2146 3280/2104/2146 3142/2105/2146
f 3136/2306/2150 3196/2142/2150 3139/2320/2150
f 3128/2105/2148 3290/2383/2148 3185/2103/2148
f 3198/2100/2149 3301/2302/2149 3297/2389/2149
f 3144/2308/2147 3451/2390/2147 3445/2342/2147
f 3132/2330/2150 3463/2054/2150 3462/2325/2150
f 3185/2185/2149 3298/2391/2149 3199/2322/2149
f 3128/2392/2150 3211/2039/2150 3184/2374/2150
f 3129/2393/2150 3205/2036/2150 3148/2329/2150
f 3425/2394/2150 3465/2395/2150 3469/2396/2150
f 3219/2397/2150 3466/2398/2150 3467/2399/2150
f 3222/2400/2150 3467/2399/2150 3464/2401/2150
f 3212/2402/2150 3450/2403/2150 3447/2404/2150
f 3223/2405/2150 3449/2406/2150 3450/2403/2150
f 3427/2407/2150 3448/2408/2150 3456/2409/2150
f 3224/2410/2150 3223/2405/2150 3212/2402/2150
f 3227/2411/2150 3221/2412/2150 3223/2405/2150
f 3428/2413/2150 3218/2414/2150 3427/2407/2150
f 2998/2083/2146 3219/2339/2146 3004/2340/2146
f 3004/2340/2146 3222/2415/2146 2976/2338/2146
f 3005/2340/2148 3216/2416/2148 2999/2083/2148
f 3236/2417/2150 3250/2418/2150 3251/2419/2150
f 3238/2420/2150 3251/2419/2150 3246/2421/2150
f 3165/2422/2150 3235/2423/2150 3164/2424/2150
f 3239/2425/2150 3229/2426/2150 3235/2423/2150
f 3233/2427/2150 3159/2428/2150 3230/2429/2150
f 3430/2430/2150 3230/2429/2150 3405/2431/2150
f 3234/2432/2150 3066/2433/2150 3159/2428/2150
f 3246/2421/2150 3257/2434/2150 3252/2435/2150
f 3251/2419/2150 3256/2436/2150 3257/2434/2150
f 3248/2065/2150 3255/2437/2150 3254/2438/2150
f 3431/2092/2150 3254/2438/2150 3432/2439/2150
f 3249/2064/2150 3253/2440/2150 3255/2437/2150
f 3255/2437/2150 3241/2441/2150 3243/2442/2150
f 3432/2439/2150 3242/2443/2150 3433/2444/2150
f 3254/2438/2150 3243/2442/2150 3242/2443/2150
f 3257/2434/2150 3244/2445/2150 3245/2446/2150
f 3252/2435/2150 3245/2446/2150 3240/2447/2150
f 3240/2447/2150 3239/2425/2150 3165/2422/2150
f 3245/2446/2150 3237/2448/2150 3239/2425/2150
f 3242/2443/2150 3234/2432/2150 3233/2427/2150
f 3433/2444/2150 3233/2427/2150 3430/2430/2150
f 3243/2442/2150 3072/2449/2150 3234/2432/2150
f 3258/2450/2150 3262/2451/2150 3261/2452/2150
f 3434/2453/2150 3261/2452/2150 3435/2454/2150
f 3270/2455/2150 3274/2456/2150 3273/2457/2150
f 3437/2458/2150 3273/2457/2150 3438/2459/2150
f 3438/2459/2150 3264/2460/2150 3439/2461/2150
f 3273/2457/2150 3266/2462/2150 3264/2460/2150
f 3264/2460/2150 3267/2463/2150 3265/2464/2150
f 3439/2461/2150 3265/2464/2150 3436/2465/2150
f 3276/2466/2150 3293/2467/2150 3277/2468/2150
f 3278/2469/2150 3452/2470/2150 3451/2471/2150
f 3280/2472/2150 3290/2473/2150 3281/2474/2150
f 3282/2475/2150 3301/2476/2150 3283/2477/2150
f 3284/2478/2150 3295/2479/2150 3285/2480/2150
f 3285/2480/2150 3303/2481/2150 3286/2482/2150
f 3287/2483/2150 3297/2484/2150 3282/2475/2150
f 3277/2468/2150 3294/2485/2150 3287/2483/2150
f 3279/2486/2150 3291/2487/2150 3288/2488/2150
f 3288/2488/2150 3299/2489/2150 3289/2490/2150
f 3025/2083/2148 3401/2151/2148 3379/2152/2148
f 3194/2255/2149 3296/2491/2149 3195/2311/2149
f 3016/2108/2148 3262/2304/2148 3017/2106/2148
f 3009/2108/2146 3434/2149/2146 3412/2150/2146
f 3145/2105/2148 3301/2383/2148 3202/2103/2148
f 3204/2253/2149 3295/2386/2149 3194/2255/2149
f 3203/2103/2146 3276/2104/2146 3146/2105/2146
f 3138/2311/2147 3285/2386/2147 3137/2255/2147
f 3147/2105/2148 3303/2383/2148 3204/2103/2148
f 3198/2100/2149 3294/2492/2149 3192/2102/2149
f 3137/2255/2147 3286/2261/2147 3147/2253/2147
f 3192/2102/2149 3293/2493/2149 3191/2132/2149
f 3187/2161/2149 3292/2494/2149 3190/2312/2149
f 3135/2102/2147 3282/2389/2147 3141/2100/2147
f 3191/2132/2149 3302/2495/2149 3203/2130/2149
f 3134/2132/2147 3287/2492/2147 3135/2102/2147
f 3187/2161/2149 3299/2498/2149 3291/2496/2149
f 3133/2312/2147 3288/2496/2147 3130/2161/2147
f 3024/2148/2149 3266/2262/2149 3124/2146/2149
f 3195/2103/2146 3284/2104/2146 3138/2105/2146
f 3190/2312/2149 3452/2390/2149 3446/2342/2149
f 3146/2130/2147 3277/2493/2147 3134/2132/2147
f 3017/2102/2149 3259/2493/2149 3010/2132/2149
f 3125/2146/2147 3269/2497/2147 3025/2148/2147
f 3011/2132/2147 3263/2492/2147 3018/2102/2147
f 3130/2161/2147 3289/2498/2147 3143/2163/2147
f 3307/2256/2150 3308/2499/2150 3309/2098/2150
f 3309/2098/2150 3322/2500/2150 3323/2125/2150
f 3313/2300/2150 3318/2501/2150 3319/2128/2150
f 3317/2160/2150 3324/2502/2150 3325/2144/2150
f 3316/2266/2150 3315/2503/2150 3317/2160/2150
f 3320/2179/2150 3304/2504/2150 3306/2181/2150
f 3306/2181/2150 3305/2505/2150 3307/2256/2150
f 3325/2144/2150 3310/2506/2150 3312/2264/2150
f 3312/2264/2150 3311/2507/2150 3313/2300/2150
f 3326/2508/2150 3351/2509/2150 3327/2510/2150
f 3339/2511/2150 3361/2512/2150 3344/2513/2150
f 3328/2514/2150 3348/2515/2150 3329/2516/2150
f 3336/2517/2150 3365/2518/2150 3364/2519/2150
f 3330/2520/2150 3454/2521/2150 3453/2522/2150
f 3343/2523/2150 3367/2524/2150 3366/2525/2150
f 3333/2526/2150 3345/2527/2150 3334/2528/2150
f 3335/2529/2150 3357/2530/2150 3336/2517/2150
f 3337/2531/2150 3358/2532/2150 3328/2514/2150
f 3327/2510/2150 3350/2533/2150 3338/2534/2150
f 3338/2534/2150 3359/2535/2150 3339/2511/2150
f 3340/2536/2150 3353/2537/2150 3335/2529/2150
f 3329/2516/2150 3349/2538/2150 3340/2536/2150
f 3331/2539/2150 3346/2540/2150 3341/2541/2150
f 3341/2541/2150 3355/2542/2150 3343/2523/2150
f 3334/2528/2150 3369/2543/2150 3368/2544/2150
f 3342/2545/2150 3356/2546/2150 3330/2520/2150
f 3332/2547/2150 3354/2548/2150 3333/2526/2150
f 3053/2083/2148 3320/2549/2148 3054/2340/2148
f 3039/2083/2148 3316/2549/2148 3040/2340/2148
f 3135/2102/2147 3348/2131/2147 3134/2132/2147
f 3130/2161/2147 3347/2550/2147 3133/2312/2147
f 3140/2105/2148 3337/2551/2148 3112/2123/2148
f 3144/2308/2147 3363/2552/2147 3167/2225/2147
f 3143/2163/2147 3346/2313/2147 3130/2161/2147
f 3085/2130/2147 3321/2314/2147 3053/2315/2147
f 3054/2315/2149 3306/2263/2149 3086/2130/2149
f 3125/2146/2147 3324/2323/2147 3091/2253/2147
f 3167/2105/2148 3342/2551/2148 3166/2123/2148
f 3092/2253/2149 3312/2301/2149 3126/2146/2149
f 3120/2553/2149 3327/2310/2149 3110/2311/2149
f 3119/2253/2149 3344/2301/2149 3127/2146/2149
f 3118/2130/2149 3329/2131/2149 3106/2132/2149
f 3148/2105/2148 3326/2551/2148 3120/2123/2148
f 3060/2100/2147 3308/2101/2147 3018/2102/2147
f 3046/2554/2147 3311/2147/2147 3025/2148/2147
f 3032/2255/2147 3314/2310/2147 3039/2311/2147
f 3018/2102/2147 3305/2131/2147 3011/2132/2147
f 3127/2123/2146 3361/2124/2146 3149/2105/2146
f 3019/2102/2149 3323/2317/2149 3061/2100/2149
f 3026/2148/2149 3319/2555/2149 3047/2554/2149
f 3444/2342/2149 3330/2307/2149 3453/2362/2149
f 3040/2311/2149 3317/2254/2149 3033/2255/2149
f 3012/2132/2149 3309/2101/2149 3019/2102/2149
f 3174/2327/2149 3333/2321/2149 3114/2322/2149
f 3138/2311/2147 3360/2556/2147 3148/2553/2147
f 3061/2340/2146 3322/2557/2146 3060/2083/2146
f 3114/2322/2149 3334/2184/2149 3100/2185/2149
f 3157/2559/2149 3336/2560/2149 3364/2558/2149
f 3149/2146/2147 3359/2323/2147 3147/2253/2147
f 3117/2303/2149 3335/2317/2149 3336/2560/2149
f 3158/2559/2147 3357/2560/2147 3145/2303/2147
f 3134/2132/2147 3358/2263/2147 3146/2130/2147
f 3175/2105/2148 3332/2551/2148 3174/2123/2148
f 3112/2315/2149 3328/2263/2149 3118/2130/2149
f 3157/2123/2146 3365/2124/2146 3158/2105/2146
f 3047/2340/2146 3318/2557/2146 3046/2083/2146
f 3011/2083/2146 3399/2151/2146 3260/2561/2146
f 3379/2152/2148 3436/2149/2148 3414/2150/2148
f 3268/2562/2150 3401/2563/2150 3269/2564/2150
f 3275/2565/2150 3404/2566/2150 3268/2562/2150
f 3272/2567/2150 3403/2568/2150 3275/2565/2150
f 3260/2569/2150 3400/2570/2150 3263/2571/2150
f 3244/2445/2150 3395/2572/2150 3237/2448/2150
f 3256/2436/2150 3398/2573/2150 3244/2445/2150
f 3250/2418/2150 3397/2574/2150 3256/2436/2150
f 3237/2448/2150 3370/2575/2150 3229/2426/2150
f 3226/2576/2150 3392/2577/2150 3221/2412/2150
f 3221/2412/2150 3455/2578/2150 3449/2406/2150
f 3214/2579/2150 3468/2580/2150 3466/2398/2150
f 3181/2078/2150 3373/2581/2150 2996/2368/2150
f 3155/2246/2150 3375/2582/2150 2998/2333/2150
f 3098/2081/2150 3381/2583/2150 3039/2267/2150
f 3085/2504/2150 3377/2584/2150 3011/2505/2150
f 3078/2194/2150 3388/2585/2150 3155/2246/2150
f 3375/2085/2146 3214/2416/2146 2998/2083/2146
f 3371/2221/2148 3405/2208/2148 3406/2209/2148
f 3372/2221/2146 3231/2222/2146 2995/2210/2146
f 3060/2500/2150 3385/2586/2150 3078/2194/2150
f 3053/2178/2150 3386/2587/2150 3085/2504/2150
f 3046/2501/2150 3383/2588/2150 3053/2178/2150
f 3039/2267/2150 3380/2589/2150 3032/2503/2150
f 3378/2152/2148 3435/2149/2148 3413/2150/2148
f 3380/2152/2146 3272/2561/2146 3032/2083/2146
f 3025/2507/2150 3382/2590/2150 3046/2501/2150
f 3018/2499/2150 3384/2591/2150 3060/2500/2150
f 3231/2592/2150 3396/2593/2150 3250/2418/2150
f 3376/2085/2148 3426/2229/2148 3411/2150/2148
f 2994/2594/2150 3389/2595/2150 3181/2078/2150
f 2997/2596/2150 3387/2597/2150 3098/2081/2150
f 2999/2598/2150 3372/2599/2150 2995/2087/2150
f 3411/2150/2148 3217/2600/2148 2987/2228/2148
f 3413/2150/2148 3261/2107/2148 3016/2108/2148
f 3406/2209/2148 3230/2355/2148 2982/2207/2148
f 3414/2150/2148 3265/2107/2148 3023/2108/2148
f 3412/2150/2146 3399/2151/2146 3377/2152/2146
f 3404/2566/2150 3436/2465/2150 3401/2563/2150
f 3403/2568/2150 3439/2461/2150 3404/2566/2150
f 3402/2601/2150 3438/2459/2150 3403/2568/2150
f 3399/2602/2150 3435/2454/2150 3400/2570/2150
f 3398/2573/2150 3430/2430/2150 3395/2572/2150
f 3397/2574/2150 3433/2444/2150 3398/2573/2150
f 3396/2593/2150 3432/2439/2150 3397/2574/2150
f 3395/2572/2150 3405/2431/2150 3370/2575/2150
f 3393/2603/2149 3480/2580/2149 3478/2603/2149
f 3427/2407/2147 3481/2413/2147 3428/2413/2147
f 3390/2604/2150 3469/2396/2150 3468/2580/2150
f 3389/2595/2150 3408/2371/2150 3373/2581/2150
f 3388/2585/2150 3410/2334/2150 3375/2582/2150
f 3387/2597/2150 3416/2166/2150 3381/2583/2150
f 3386/2587/2150 3412/2252/2150 3377/2584/2150
f 3385/2586/2150 3423/2245/2150 3388/2585/2150
f 3410/2150/2146 3390/2084/2146 3375/2085/2146
f 3407/2209/2146 3394/2220/2146 3372/2221/2146
f 3384/2591/2150 3420/2197/2150 3385/2586/2150
f 3383/2588/2150 3421/2188/2150 3386/2587/2150
f 3382/2590/2150 3418/2177/2150 3383/2588/2150
f 3381/2583/2150 3415/2167/2150 3380/2589/2150
f 3415/2150/2146 3402/2151/2146 3380/2152/2146
f 3379/2605/2150 3417/2137/2150 3382/2590/2150
f 3378/2606/2150 3419/2121/2150 3384/2591/2150
f 3394/2607/2150 3431/2092/2150 3396/2593/2150
f 3371/2608/2150 3424/2071/2150 3389/2595/2150
f 3374/2609/2150 3422/2068/2150 3387/2597/2150
f 3376/2610/2150 3407/2062/2150 3372/2599/2150
f 3455/2578/2150 3426/2611/2150 3391/2612/2150
f 3449/2406/2150 3391/2612/2150 3216/2613/2150
f 3444/2342/2149 3331/2550/2149 3105/2312/2149
f 3453/2522/2150 3347/2614/2150 3331/2539/2150
f 3446/2342/2149 3300/2615/2149 3201/2308/2149
f 3451/2471/2150 3292/2616/2150 3279/2486/2150
f 3456/2409/2150 3217/2617/2150 3426/2611/2150
f 3450/2403/2150 3216/2613/2150 3220/2618/2150
f 3447/2404/2150 3220/2618/2150 3213/2619/2150
f 3133/2312/2147 3451/2390/2147 3279/2494/2147
f 3445/2342/2147 3356/2307/2147 3144/2308/2147
f 3442/2342/2149 3218/2620/2149 3069/2308/2149
f 3441/2239/2150 3105/2621/2150 2981/2291/2150
f 3443/2231/2150 2981/2291/2150 2993/2057/2150
f 3446/2237/2150 2980/2622/2150 3190/2055/2150
f 3442/2232/2150 2993/2057/2150 2987/2072/2150
f 3428/2413/2147 3483/2396/2147 3469/2396/2147
f 3466/2398/2150 3393/2603/2150 3226/2576/2150
f 3464/2401/2150 3227/2411/2150 3224/2410/2150
f 3467/2399/2150 3226/2576/2150 3227/2411/2150
f 3469/2396/2150 3225/2623/2150 3428/2413/2150
f 3462/2325/2150 3208/2345/2150 3167/2377/2150
f 3461/2294/2150 3167/2377/2150 3166/2624/2150
f 3458/2050/2150 3166/2624/2150 3161/2336/2150
f 2986/2626/2149 3465/2226/2149 3215/2625/2149
f 3459/2074/2150 3163/2347/2150 3162/2343/2150
f 3463/2054/2150 3160/2627/2150 3208/2345/2150
f 3460/2051/2150 3161/2336/2150 3163/2347/2150
f 3474/2629/2149 3487/2628/2149 3489/2629/2149
f 3471/2630/2147 3492/2631/2147 3476/2631/2147
f 3476/2631/2148 3493/2632/2148 3477/2632/2148
f 3455/2578/2146 3485/2409/2146 3456/2409/2146
f 3392/2577/2149 3478/2603/2149 3479/2577/2149
f 3392/2577/2149 3484/2578/2149 3455/2578/2149
f 3469/2396/2148 3480/2580/2148 3468/2580/2148
f 3456/2409/2147 3473/2407/2147 3427/2407/2147
f 3471/2630/2150 3478/2633/2150 3470/2634/2150
f 3472/2635/2150 3478/2633/2150 3480/2636/2150
f 3474/2629/2150 3473/2637/2150 3482/2628/2150
f 3475/2638/2150 3481/2639/2150 3474/2629/2150
f 3476/2631/2150 3479/2640/2150 3471/2630/2150
f 3477/2632/2150 3473/2637/2150 3485/2641/2150
f 3476/2631/2150 3485/2641/2150 3484/2642/2150
f 3472/2635/2150 3483/2643/2150 3475/2638/2150
f 3488/2634/2150 3487/2628/2150 3486/2630/2150
f 3486/2630/2150 3493/2632/2150 3492/2631/2150
f 3490/2635/2150 3489/2629/2150 3488/2634/2150
f 3470/2634/2147 3486/2630/2147 3471/2630/2147
f 3475/2638/2146 3490/2635/2146 3472/2635/2146
f 3477/2632/2149 3487/2628/2149 3482/2628/2149
f 3474/2629/2149 3491/2638/2149 3475/2638/2149
f 3472/2635/2147 3488/2634/2147 3470/2634/2147
f 3716/2034/2146 3624/2035/2146 3735/2036/2146
f 3715/2037/2146 3707/2038/2146 3741/2039/2146
f 3518/2040/2146 3706/2041/2146 3710/2042/2146
f 3717/2043/2146 3594/2044/2146 3730/2045/2146
f 3627/2048/2146 3503/2297/2146 3625/2047/2146
f 3522/2049/2146 3988/2050/2146 3990/2051/2146
f 3719/2052/2146 3987/2053/2146 3993/2054/2146
f 3720/2055/2146 3499/2056/2146 3717/2043/2146
f 3523/2057/2146 3500/2058/2146 3519/2059/2146
f 3941/2060/2146 3513/2061/2146 3937/2062/2146
f 3778/2065/2146 3601/2233/2146 3779/2064/2146
f 3952/2068/2146 3515/2075/2146 3626/2067/2146
f 3936/2069/2146 3709/2070/2146 3954/2071/2146
f 3517/2072/2146 3519/2059/2146 3513/2061/2146
f 3516/2073/2146 3990/2051/2146 3989/2074/2146
f 3515/2075/2146 3627/2048/2146 3626/2067/2146
f 3512/2076/2146 3710/2042/2146 3709/2070/2146
f 3530/2077/2146 3711/2078/2146 3712/2079/2146
f 3533/2080/2146 3628/2081/2146 3629/2082/2146
f 3529/2083/2150 3921/2084/2150 3906/2085/2150
f 3535/2086/2146 3525/2087/2146 3531/2088/2146
f 3509/2089/2146 3531/2088/2146 3497/2090/2146
f 3961/2092/2146 3762/2063/2146 3778/2065/2146
f 3501/2093/2146 3629/2082/2146 3623/2094/2146
f 3494/2095/2146 3712/2079/2146 3708/2096/2146
f 3536/2097/2146 3549/2098/2146 3543/2099/2146
f 3671/2100/2147 3879/2101/2147 3665/2102/2147
f 3731/2103/2145 3808/2104/2145 3674/2105/2145
f 3540/2106/2145 3788/2107/2145 3539/2108/2145
f 3547/2111/2146 3538/2250/2146 3545/2110/2146
f 3721/2112/2146 3544/2113/2146 3722/2114/2146
f 3722/2114/2146 3586/2115/2146 3728/2116/2146
f 3547/2111/2146 3587/2117/2146 3589/2118/2146
f 3943/2119/2146 3588/2120/2146 3949/2121/2146
f 3546/2122/2146 3589/2118/2146 3588/2120/2146
f 3713/2123/2145 3899/2124/2145 3714/2105/2145
f 3543/2099/2146 3591/2125/2146 3585/2126/2146
f 3550/2127/2146 3577/2128/2146 3571/2129/2146
f 3616/2130/2149 3837/2131/2149 3542/2132/2149
f 3553/2133/2146 3575/2134/2146 3574/2135/2146
f 3944/2136/2146 3574/2135/2146 3947/2137/2146
f 3554/2138/2146 3573/2139/2146 3575/2134/2146
f 3723/2140/2146 3572/2141/2146 3726/2142/2146
f 3557/2143/2146 3622/2144/2146 3617/2145/2146
f 3656/2146/2149 3843/2147/2149 3556/2148/2149
f 3560/2108/2145 3967/2149/2145 3945/2150/2145
f 3548/2083/2150 3930/2151/2150 3908/2152/2150
f 3561/2153/2146 3619/2154/2146 3620/2155/2146
f 3734/2158/2146 3558/2171/2146 3618/2157/2146
f 3557/2143/2146 3570/2266/2146 3563/2160/2146
f 3632/2161/2149 3873/2162/2149 3645/2163/2149
f 3567/2164/2146 3561/2153/2146 3560/2165/2146
f 3946/2166/2146 3560/2165/2146 3945/2167/2146
f 3568/2168/2146 3559/2169/2146 3561/2153/2146
f 3725/2170/2146 3558/2171/2146 3724/2156/2146
f 3726/2142/2146 3579/2172/2146 3727/2173/2146
f 3575/2134/2146 3580/2174/2146 3582/2175/2146
f 3947/2137/2146 3581/2176/2146 3948/2177/2146
f 3574/2135/2146 3582/2175/2146 3581/2176/2146
f 3577/2128/2146 3583/2178/2146 3584/2179/2146
f 3571/2129/2146 3584/2179/2146 3578/2180/2146
f 3610/2182/2146 3584/2179/2146 3616/2181/2146
f 3714/2183/2147 3875/2184/2147 3658/2185/2147
f 3581/2176/2146 3614/2186/2146 3613/2187/2146
f 3948/2177/2146 3613/2187/2146 3951/2188/2146
f 3582/2175/2146 3612/2189/2146 3614/2186/2146
f 3727/2173/2146 3611/2190/2146 3733/2191/2146
f 3585/2126/2146 3609/2192/2146 3603/2193/2146
f 3591/2125/2146 3608/2194/2146 3609/2192/2146
f 3588/2120/2146 3607/2195/2146 3606/2196/2146
f 3949/2121/2146 3606/2196/2146 3950/2197/2146
f 3589/2118/2146 3605/2198/2146 3607/2195/2146
f 3728/2116/2146 3604/2199/2146 3732/2200/2146
f 3500/2201/2145 3601/2202/2145 3519/2203/2145
f 3593/2204/2149 3771/2205/2149 3703/2206/2149
f 3513/2207/2145 3959/2208/2145 3937/2209/2145
f 3525/2210/2145 3766/2211/2145 3531/2212/2145
f 3715/2037/2146 3592/2360/2146 3495/2214/2146
f 3496/2215/2149 3602/2216/2149 3593/2204/2149
f 3595/2217/2149 3758/2218/2149 3500/2219/2149
f 3524/2210/2150 3900/2220/2150 3901/2221/2150
f 3530/2212/2150 3759/2222/2150 3524/2210/2150
f 3730/2045/2146 3698/2223/2146 3739/2224/2146
f 3692/2225/2149 3995/2226/2149 3989/2227/2149
f 3516/2228/2145 3955/2229/2145 3940/2150/2145
f 3599/2230/2146 3973/2231/2146 3972/2232/2146
f 3779/2064/2146 3758/2645/2146 3777/2234/2146
f 3731/2235/2146 3970/2236/2146 3976/2237/2146
f 3600/2238/2146 3971/2239/2146 3973/2231/2146
f 3732/2200/2146 3681/2240/2146 3737/2241/2146
f 3607/2195/2146 3682/2242/2146 3684/2243/2146
f 3950/2197/2146 3683/2244/2146 3953/2245/2146
f 3606/2196/2146 3684/2243/2146 3683/2244/2146
f 3609/2192/2146 3685/2246/2146 3686/2247/2146
f 3603/2193/2146 3686/2247/2146 3680/2248/2146
f 3733/2191/2146 3537/2249/2146 3721/2112/2146
f 3614/2186/2146 3538/2250/2146 3540/2109/2146
f 3951/2188/2146 3539/2251/2146 3942/2252/2146
f 3613/2187/2146 3540/2109/2146 3539/2251/2146
f 3677/2253/2147 3880/2254/2147 3667/2255/2147
f 3610/2182/2146 3542/2256/2146 3536/2097/2146
f 3734/2158/2146 3652/2257/2146 3736/2258/2146
f 3620/2155/2146 3653/2259/2146 3654/2260/2146
f 3562/2255/2147 3805/2261/2147 3621/2253/2147
f 3621/2253/2147 3798/2262/2147 3655/2146/2147
f 3541/2132/2147 3834/2263/2147 3615/2130/2147
f 3651/2265/2146 3622/2144/2146 3656/2264/2146
f 3623/2094/2146 3570/2266/2146 3564/2159/2146
f 3629/2082/2146 3569/2267/2146 3570/2266/2146
f 3626/2067/2146 3568/2168/2146 3567/2164/2146
f 3952/2068/2146 3567/2164/2146 3946/2166/2146
f 3627/2048/2146 3566/2268/2146 3568/2168/2146
f 3735/2036/2146 3565/2269/2146 3725/2170/2146
f 3625/2047/2146 3640/2270/2146 3566/2268/2146
f 3619/2154/2146 3657/2271/2146 3653/2259/2146
f 3612/2189/2146 3636/2272/2146 3538/2250/2146
f 3605/2198/2146 3687/2273/2146 3682/2242/2146
f 3598/2274/2146 3974/2275/2146 3971/2239/2146
f 3595/2276/2146 3700/2277/2146 3699/2278/2146
f 3593/2279/2146 3630/2280/2146 3496/2281/2146
f 3587/2117/2146 3647/2282/2146 3605/2198/2146
f 3580/2174/2146 3648/2283/2146 3612/2189/2146
f 3573/2139/2146 3642/2284/2146 3580/2174/2146
f 3566/2268/2146 3639/2285/2146 3559/2169/2146
f 3559/2169/2146 3649/2286/2146 3619/2154/2146
f 3552/2287/2146 3641/2288/2146 3573/2139/2146
f 3545/2110/2146 3643/2289/2146 3587/2117/2146
f 3538/2250/2146 3637/2290/2146 3545/2110/2146
f 3511/2291/2146 3632/2292/2146 3500/2058/2146
f 3508/2293/2146 3991/2294/2146 3988/2050/2146
f 3595/2276/2146 3632/2292/2146 3645/2295/2146
f 3496/2281/2146 3713/2296/2146 3706/2041/2146
f 3503/2297/2146 3650/2298/2146 3625/2047/2146
f 3653/2259/2146 3638/2299/2146 3552/2287/2146
f 3550/2127/2146 3656/2264/2146 3556/2300/2146
f 3555/2148/2147 3840/2301/2147 3655/2146/2147
f 3671/2100/2147 3813/2302/2147 3675/2303/2147
f 3553/2108/2150 3797/2304/2150 3554/2106/2150
f 3654/2260/2146 3552/2287/2146 3554/2138/2146
f 3736/2258/2146 3551/2305/2146 3723/2140/2146
f 3657/2271/2146 3666/2306/2146 3638/2299/2146
f 3696/2225/2149 3860/2307/2149 3646/2308/2149
f 3630/2185/2149 3898/2309/2149 3713/2183/2149
f 3667/2255/2147 3881/2310/2147 3668/2311/2147
f 3635/2312/2149 3871/2313/2149 3632/2161/2149
f 3700/2123/2145 3897/2124/2145 3701/2105/2145
f 3636/2132/2149 3870/2101/2149 3637/2102/2149
f 3676/2130/2147 3882/2314/2147 3670/2315/2147
f 3701/2316/2147 3885/2162/2147 3673/2163/2147
f 3637/2102/2149 3865/2317/2149 3643/2100/2149
f 3641/2288/2146 3670/2318/2146 3642/2284/2146
f 3675/2303/2147 3883/2317/2147 3671/2100/2147
f 3645/2163/2149 3896/2319/2149 3700/2316/2149
f 3638/2299/2146 3669/2320/2146 3641/2288/2146
f 3658/2185/2147 3884/2321/2147 3672/2322/2147
f 3563/2255/2149 3855/2323/2149 3622/2253/2149
f 3639/2255/2149 3869/2323/2149 3649/2253/2149
f 3634/2324/2146 3992/2325/2146 3991/2294/2146
f 3672/2322/2147 3892/2326/2147 3705/2327/2147
f 3621/2253/2147 3845/2254/2147 3562/2255/2147
f 3631/2328/2146 3678/2329/2146 3650/2298/2146
f 3687/2273/2146 3662/2330/2146 3634/2324/2146
f 3682/2242/2146 3634/2324/2146 3508/2293/2146
f 3680/2248/2146 3534/2331/2146 3506/2332/2146
f 3686/2247/2146 3528/2333/2146 3534/2331/2146
f 3683/2244/2146 3522/2049/2146 3516/2073/2146
f 3953/2245/2146 3516/2073/2146 3940/2334/2146
f 3684/2243/2146 3508/2293/2146 3522/2049/2146
f 3737/2241/2146 3507/2335/2146 3719/2052/2146
f 3640/2311/2149 3868/2254/2149 3639/2255/2149
f 3691/2336/2146 3646/2337/2146 3598/2274/2146
f 3509/2338/2150 3750/2339/2150 3535/2340/2150
f 3517/2312/2149 3978/2341/2149 3972/2342/2149
f 3692/2343/2146 3600/2238/2146 3599/2230/2146
f 3599/2308/2149 3755/2344/2149 3692/2225/2149
f 3738/2345/2146 3597/2346/2146 3731/2235/2146
f 3693/2347/2146 3598/2274/2146 3600/2238/2146
f 3700/2277/2146 3705/2348/2146 3704/2349/2146
f 3699/2278/2146 3704/2349/2146 3703/2350/2146
f 3739/2224/2146 3702/2351/2146 3740/2352/2146
f 3703/2206/2149 3783/2353/2149 3699/2354/2149
f 3519/2203/2145 3762/2355/2145 3513/2207/2145
f 3531/2212/2145 3768/2356/2145 3497/2357/2145
f 3699/2354/2149 3777/2358/2149 3595/2217/2149
f 3512/2207/2150 3689/2202/2150 3518/2203/2150
f 3518/2203/2150 3596/2359/2150 3496/2201/2150
f 3494/2357/2150 3765/2211/2150 3530/2212/2150
f 3740/2352/2146 3592/2360/2146 3729/2213/2146
f 3703/2350/2146 3644/2361/2146 3593/2279/2146
f 3663/2312/2147 3984/2362/2147 3975/2342/2147
f 3713/2296/2146 3661/2363/2146 3633/2364/2146
f 3706/2041/2146 3633/2364/2146 3502/2365/2146
f 3708/2096/2146 3532/2366/2146 3505/2367/2146
f 3712/2079/2146 3526/2368/2146 3532/2366/2146
f 3709/2070/2146 3520/2369/2146 3514/2370/2146
f 3954/2071/2146 3514/2370/2146 3938/2371/2146
f 3520/2369/2146 3706/2041/2146 3502/2365/2146
f 3741/2039/2146 3504/2372/2146 3718/2373/2146
f 3714/2374/2146 3718/2373/2146 3661/2363/2146
f 3705/2348/2146 3729/2213/2146 3672/2375/2146
f 3701/2376/2146 3740/2352/2146 3705/2348/2146
f 3697/2377/2146 3731/2235/2146 3674/2378/2146
f 3688/2379/2146 3719/2052/2146 3662/2330/2146
f 3679/2380/2146 3723/2140/2146 3666/2306/2146
f 3678/2329/2146 3725/2170/2146 3668/2381/2146
f 3677/2382/2146 3736/2258/2146 3679/2380/2146
f 3673/2105/2150 3829/2383/2150 3730/2103/2150
f 3675/2384/2146 3737/2241/2146 3688/2379/2146
f 3561/2106/2145 3800/2107/2145 3560/2108/2145
f 3673/2385/2146 3739/2224/2146 3701/2376/2146
f 3620/2253/2149 3801/2386/2149 3561/2255/2149
f 3654/2146/2149 3804/2261/2149 3620/2253/2149
f 3670/2318/2146 3733/2191/2146 3676/2387/2146
f 3669/2320/2146 3727/2173/2146 3670/2318/2146
f 3672/2322/2147 3811/2388/2147 3658/2185/2147
f 3729/2103/2145 3810/2104/2145 3672/2105/2145
f 3666/2306/2146 3726/2142/2146 3669/2320/2146
f 3658/2105/2150 3820/2383/2150 3715/2103/2150
f 3732/2303/2149 3827/2389/2149 3728/2100/2149
f 3674/2308/2147 3981/2390/2147 3975/2342/2147
f 3662/2330/2146 3993/2054/2146 3992/2325/2146
f 3715/2185/2149 3828/2391/2149 3729/2322/2149
f 3658/2392/2146 3741/2039/2146 3714/2374/2146
f 3659/2393/2146 3735/2036/2146 3678/2329/2146
f 3955/2394/2146 3995/2395/2146 3999/2396/2146
f 3749/2397/2146 3996/2398/2146 3997/2399/2146
f 3752/2400/2146 3997/2399/2146 3994/2401/2146
f 3742/2402/2146 3980/2403/2146 3977/2404/2146
f 3753/2405/2146 3979/2406/2146 3980/2403/2146
f 3957/2407/2146 3978/2408/2146 3986/2409/2146
f 3754/2410/2146 3753/2405/2146 3742/2402/2146
f 3757/2411/2146 3751/2412/2146 3753/2405/2146
f 3958/2413/2146 3748/2414/2146 3957/2407/2146
f 3528/2083/2145 3749/2339/2145 3534/2340/2145
f 3534/2340/2145 3752/2415/2145 3506/2338/2145
f 3535/2340/2150 3746/2416/2150 3529/2083/2150
f 3766/2417/2146 3780/2418/2146 3781/2419/2146
f 3768/2420/2146 3781/2419/2146 3776/2421/2146
f 3695/2422/2146 3765/2423/2146 3694/2424/2146
f 3769/2425/2146 3759/2426/2146 3765/2423/2146
f 3763/2427/2146 3689/2428/2146 3760/2429/2146
f 3935/2431/2146 3763/2427/2146 3760/2429/2146
f 3764/2432/2146 3596/2433/2146 3689/2428/2146
f 3776/2421/2146 3787/2434/2146 3782/2435/2146
f 3781/2419/2146 3786/2436/2146 3787/2434/2146
f 3778/2065/2146 3785/2437/2146 3784/2438/2146
f 3961/2092/2146 3784/2438/2146 3962/2439/2146
f 3779/2064/2146 3783/2440/2146 3785/2437/2146
f 3785/2437/2146 3771/2441/2146 3773/2442/2146
f 3963/2444/2146 3784/2438/2146 3772/2443/2146
f 3784/2438/2146 3773/2442/2146 3772/2443/2146
f 3775/2446/2146 3786/2436/2146 3774/2445/2146
f 3770/2447/2146 3787/2434/2146 3775/2446/2146
f 3695/2422/2146 3775/2446/2146 3769/2425/2146
f 3769/2425/2146 3774/2445/2146 3767/2448/2146
f 3772/2443/2146 3764/2432/2146 3763/2427/2146
f 3963/2444/2146 3763/2427/2146 3960/2430/2146
f 3773/2442/2146 3602/2449/2146 3764/2432/2146
f 3788/2450/2146 3792/2451/2146 3791/2452/2146
f 3964/2453/2146 3791/2452/2146 3965/2454/2146
f 3800/2455/2146 3804/2456/2146 3803/2457/2146
f 3967/2458/2146 3803/2457/2146 3968/2459/2146
f 3968/2459/2146 3794/2460/2146 3969/2461/2146
f 3803/2457/2146 3796/2462/2146 3794/2460/2146
f 3794/2460/2146 3797/2463/2146 3795/2464/2146
f 3966/2465/2146 3794/2460/2146 3795/2464/2146
f 3807/2468/2146 3832/2646/2146 3823/2467/2146
f 3808/2469/2146 3982/2470/2146 3981/2471/2146
f 3811/2474/2146 3828/2647/2146 3820/2473/2146
f 3812/2475/2146 3831/2476/2146 3813/2477/2146
f 3814/2478/2146 3825/2479/2146 3815/2480/2146
f 3815/2480/2146 3833/2481/2146 3816/2482/2146
f 3817/2483/2146 3827/2484/2146 3812/2475/2146
f 3807/2468/2146 3824/2485/2146 3817/2483/2146
f 3809/2486/2146 3821/2487/2146 3818/2488/2146
f 3818/2488/2146 3829/2489/2146 3819/2490/2146
f 3555/2083/2150 3931/2151/2150 3909/2152/2150
f 3724/2255/2149 3826/2491/2149 3725/2311/2149
f 3546/2108/2150 3792/2304/2150 3547/2106/2150
f 3539/2108/2145 3964/2149/2145 3942/2150/2145
f 3675/2105/2150 3831/2383/2150 3732/2103/2150
f 3734/2253/2149 3825/2386/2149 3724/2255/2149
f 3733/2103/2145 3806/2104/2145 3676/2105/2145
f 3668/2311/2147 3815/2386/2147 3667/2255/2147
f 3677/2105/2150 3833/2383/2150 3734/2103/2150
f 3728/2100/2149 3824/2492/2149 3722/2102/2149
f 3667/2255/2147 3816/2261/2147 3677/2253/2147
f 3722/2102/2149 3823/2493/2149 3721/2132/2149
f 3717/2161/2149 3822/2494/2149 3720/2312/2149
f 3665/2102/2147 3812/2389/2147 3671/2100/2147
f 3721/2132/2149 3832/2495/2149 3733/2130/2149
f 3664/2132/2147 3817/2492/2147 3665/2102/2147
f 3730/2163/2149 3821/2496/2149 3717/2161/2149
f 3663/2312/2147 3818/2496/2147 3660/2161/2147
f 3554/2148/2149 3796/2262/2149 3654/2146/2149
f 3725/2103/2145 3814/2104/2145 3668/2105/2145
f 3720/2312/2149 3982/2390/2149 3976/2342/2149
f 3676/2130/2147 3807/2493/2147 3664/2132/2147
f 3547/2102/2149 3789/2493/2149 3540/2132/2149
f 3655/2146/2147 3799/2497/2147 3555/2148/2147
f 3541/2132/2147 3793/2492/2147 3548/2102/2147
f 3660/2161/2147 3819/2498/2147 3673/2163/2147
f 3837/2256/2146 3838/2499/2146 3839/2098/2146
f 3853/2125/2146 3838/2499/2146 3852/2500/2146
f 3843/2300/2146 3848/2501/2146 3849/2128/2146
f 3847/2160/2146 3854/2502/2146 3855/2144/2146
f 3847/2160/2146 3844/2267/2146 3845/2503/2146
f 3836/2181/2146 3851/2178/2146 3834/2504/2146
f 3836/2181/2146 3835/2505/2146 3837/2256/2146
f 3842/2264/2146 3854/2502/2146 3840/2506/2146
f 3842/2264/2146 3841/2507/2146 3843/2300/2146
f 3856/2508/2146 3881/2509/2146 3857/2510/2146
f 3869/2511/2146 3891/2512/2146 3874/2513/2146
f 3858/2514/2146 3878/2515/2146 3859/2516/2146
f 3866/2517/2146 3895/2518/2146 3894/2519/2146
f 3860/2520/2146 3984/2521/2146 3983/2522/2146
f 3873/2523/2146 3897/2524/2146 3896/2525/2146
f 3864/2528/2146 3884/2548/2146 3875/2527/2146
f 3865/2529/2146 3887/2530/2146 3866/2517/2146
f 3867/2531/2146 3888/2532/2146 3858/2514/2146
f 3857/2510/2146 3880/2533/2146 3868/2534/2146
f 3868/2534/2146 3889/2535/2146 3869/2511/2146
f 3870/2536/2146 3883/2537/2146 3865/2529/2146
f 3859/2516/2146 3879/2538/2146 3870/2536/2146
f 3861/2539/2146 3876/2540/2146 3871/2541/2146
f 3871/2541/2146 3885/2542/2146 3873/2523/2146
f 3864/2528/2146 3899/2543/2146 3898/2544/2146
f 3872/2545/2146 3886/2546/2146 3860/2520/2146
f 3862/2547/2146 3884/2548/2146 3863/2526/2146
f 3583/2083/2150 3850/2549/2150 3584/2340/2150
f 3569/2083/2150 3846/2549/2150 3570/2340/2150
f 3665/2102/2147 3878/2131/2147 3664/2132/2147
f 3660/2161/2147 3877/2550/2147 3663/2312/2147
f 3670/2105/2150 3867/2551/2150 3642/2123/2150
f 3674/2308/2147 3893/2552/2147 3697/2225/2147
f 3673/2163/2147 3876/2313/2147 3660/2161/2147
f 3615/2130/2147 3851/2314/2147 3583/2315/2147
f 3584/2315/2149 3836/2263/2149 3616/2130/2149
f 3655/2146/2147 3854/2323/2147 3621/2253/2147
f 3697/2105/2150 3872/2551/2150 3696/2123/2150
f 3622/2253/2149 3842/2301/2149 3656/2146/2149
f 3650/2553/2149 3857/2310/2149 3640/2311/2149
f 3649/2253/2149 3874/2301/2149 3657/2146/2149
f 3648/2130/2149 3859/2131/2149 3636/2132/2149
f 3678/2105/2150 3856/2551/2150 3650/2123/2150
f 3590/2100/2147 3838/2101/2147 3548/2102/2147
f 3576/2554/2147 3841/2147/2147 3555/2148/2147
f 3562/2255/2147 3844/2310/2147 3569/2311/2147
f 3548/2102/2147 3835/2131/2147 3541/2132/2147
f 3657/2123/2145 3891/2124/2145 3679/2105/2145
f 3549/2102/2149 3853/2317/2149 3591/2100/2149
f 3556/2148/2149 3849/2555/2149 3577/2554/2149
f 3646/2308/2149 3983/2362/2149 3974/2342/2149
f 3570/2311/2149 3847/2254/2149 3563/2255/2149
f 3542/2132/2149 3839/2101/2149 3549/2102/2149
f 3704/2327/2149 3863/2321/2149 3644/2322/2149
f 3668/2311/2147 3890/2556/2147 3678/2553/2147
f 3591/2340/2145 3852/2557/2145 3590/2083/2145
f 3644/2322/2149 3864/2184/2149 3630/2185/2149
f 3647/2303/2149 3894/2558/2149 3687/2559/2149
f 3679/2146/2147 3889/2323/2147 3677/2253/2147
f 3643/2100/2149 3866/2560/2149 3647/2303/2149
f 3688/2559/2147 3887/2560/2147 3675/2303/2147
f 3664/2132/2147 3888/2263/2147 3676/2130/2147
f 3705/2105/2150 3862/2551/2150 3704/2123/2150
f 3642/2315/2149 3858/2263/2149 3648/2130/2149
f 3687/2123/2145 3895/2124/2145 3688/2105/2145
f 3577/2340/2145 3848/2557/2145 3576/2083/2145
f 3541/2083/2145 3929/2151/2145 3790/2561/2145
f 3909/2152/2150 3966/2149/2150 3944/2150/2150
f 3798/2562/2146 3931/2563/2146 3799/2564/2146
f 3805/2565/2146 3934/2566/2146 3798/2562/2146
f 3802/2567/2146 3933/2568/2146 3805/2565/2146
f 3790/2569/2146 3930/2570/2146 3793/2571/2146
f 3774/2445/2146 3925/2572/2146 3767/2448/2146
f 3774/2445/2146 3927/2574/2146 3928/2573/2146
f 3780/2418/2146 3927/2574/2146 3786/2436/2146
f 3767/2448/2146 3900/2575/2146 3759/2426/2146
f 3756/2576/2146 3922/2577/2146 3751/2412/2146
f 3751/2412/2146 3985/2578/2146 3979/2406/2146
f 3744/2579/2146 3998/2580/2146 3996/2398/2146
f 3711/2078/2146 3903/2581/2146 3526/2368/2146
f 3685/2246/2146 3905/2582/2146 3528/2333/2146
f 3628/2081/2146 3911/2583/2146 3569/2267/2146
f 3615/2504/2146 3907/2584/2146 3541/2505/2146
f 3608/2194/2146 3918/2585/2146 3685/2246/2146
f 3905/2085/2145 3744/2416/2145 3528/2083/2145
f 3901/2221/2150 3935/2208/2150 3936/2209/2150
f 3902/2221/2145 3761/2222/2145 3525/2210/2145
f 3590/2500/2146 3915/2586/2146 3608/2194/2146
f 3615/2504/2146 3913/2588/2146 3916/2587/2146
f 3576/2501/2146 3913/2588/2146 3583/2178/2146
f 3569/2267/2146 3910/2589/2146 3562/2503/2146
f 3908/2152/2150 3965/2149/2150 3943/2150/2150
f 3910/2152/2145 3802/2561/2145 3562/2083/2145
f 3555/2507/2146 3912/2590/2146 3576/2501/2146
f 3590/2500/2146 3908/2606/2146 3914/2591/2146
f 3761/2592/2146 3926/2593/2146 3780/2418/2146
f 3906/2085/2150 3956/2229/2150 3941/2150/2150
f 3524/2594/2146 3919/2595/2146 3711/2078/2146
f 3527/2596/2146 3917/2597/2146 3628/2081/2146
f 3529/2598/2146 3902/2599/2146 3525/2087/2146
f 3941/2150/2150 3747/2600/2150 3517/2228/2150
f 3943/2150/2150 3791/2107/2150 3546/2108/2150
f 3936/2209/2150 3760/2355/2150 3512/2207/2150
f 3944/2150/2150 3795/2107/2150 3553/2108/2150
f 3942/2150/2145 3929/2151/2145 3907/2152/2145
f 3931/2563/2146 3969/2461/2146 3966/2465/2146
f 3933/2568/2146 3969/2461/2146 3934/2566/2146
f 3932/2601/2146 3968/2459/2146 3933/2568/2146
f 3930/2570/2146 3964/2453/2146 3965/2454/2146
f 3928/2573/2146 3960/2430/2146 3925/2572/2146
f 3928/2573/2146 3962/2439/2146 3963/2444/2146
f 3926/2593/2146 3962/2439/2146 3927/2574/2146
f 3925/2572/2146 3935/2431/2146 3900/2575/2146
f 3998/2580/2149 4008/2603/2149 3923/2603/2149
f 3957/2407/2147 4011/2413/2147 3958/2413/2147
f 3920/2604/2146 3999/2396/2146 3998/2580/2146
f 3919/2595/2146 3938/2371/2146 3903/2581/2146
f 3918/2585/2146 3940/2334/2146 3905/2582/2146
f 3917/2597/2146 3946/2166/2146 3911/2583/2146
f 3916/2587/2146 3942/2252/2146 3907/2584/2146
f 3915/2586/2146 3953/2245/2146 3918/2585/2146
f 3940/2150/2145 3920/2084/2145 3905/2085/2145
f 3937/2209/2145 3924/2220/2145 3902/2221/2145
f 3914/2591/2146 3950/2197/2146 3915/2586/2146
f 3916/2587/2146 3948/2177/2146 3951/2188/2146
f 3912/2590/2146 3948/2177/2146 3913/2588/2146
f 3911/2583/2146 3945/2167/2146 3910/2589/2146
f 3945/2150/2145 3932/2151/2145 3910/2152/2145
f 3909/2605/2146 3947/2137/2146 3912/2590/2146
f 3914/2591/2146 3943/2119/2146 3949/2121/2146
f 3924/2607/2146 3961/2092/2146 3926/2593/2146
f 3901/2608/2146 3954/2071/2146 3919/2595/2146
f 3904/2609/2146 3952/2068/2146 3917/2597/2146
f 3906/2610/2146 3937/2062/2146 3902/2599/2146
f 3921/2612/2146 3986/2409/2146 3956/2611/2146
f 3979/2406/2146 3921/2612/2146 3746/2613/2146
f 3974/2342/2149 3861/2550/2149 3635/2312/2149
f 3983/2522/2146 3877/2614/2146 3861/2539/2146
f 3976/2342/2149 3830/2615/2149 3731/2308/2149
f 3809/2486/2146 3982/2470/2146 3822/2616/2146
f 3956/2611/2146 3978/2408/2146 3747/2617/2146
f 3980/2403/2146 3746/2613/2146 3750/2618/2146
f 3977/2404/2146 3750/2618/2146 3743/2619/2146
f 3975/2342/2147 3809/2494/2147 3663/2312/2147
f 3975/2342/2147 3886/2307/2147 3674/2308/2147
f 3972/2342/2149 3748/2620/2149 3599/2308/2149
f 3971/2239/2146 3635/2621/2146 3511/2291/2146
f 3973/2231/2146 3511/2291/2146 3523/2057/2146
f 3976/2237/2146 3510/2622/2146 3720/2055/2146
f 3972/2232/2146 3523/2057/2146 3517/2072/2146
f 3958/2413/2147 4013/2396/2147 3999/2396/2147
f 3996/2398/2146 3923/2603/2146 3756/2576/2146
f 3754/2410/2146 3997/2399/2146 3757/2411/2146
f 3997/2399/2146 3756/2576/2146 3757/2411/2146
f 3999/2396/2146 3755/2623/2146 3958/2413/2146
f 3697/2377/2146 3993/2054/2146 3738/2345/2146
f 3991/2294/2146 3697/2377/2146 3696/2624/2146
f 3988/2050/2146 3696/2624/2146 3691/2336/2146
f 3989/2227/2149 3745/2625/2149 3516/2626/2149
f 3989/2074/2146 3693/2347/2146 3692/2343/2146
f 3993/2054/2146 3690/2627/2146 3738/2345/2146
f 3990/2051/2146 3691/2336/2146 3693/2347/2146
f 4012/2628/2149 4019/2629/2149 4004/2629/2149
f 4001/2630/2147 4022/2631/2147 4006/2631/2147
f 4006/2631/2150 4023/2632/2150 4007/2632/2150
f 3985/2578/2145 4015/2409/2145 3986/2409/2145
f 3923/2603/2149 4009/2577/2149 3922/2577/2149
f 3922/2577/2149 4014/2578/2149 3985/2578/2149
f 3999/2396/2150 4010/2580/2150 3998/2580/2150
f 3986/2409/2147 4003/2407/2147 3957/2407/2147
f 4001/2630/2146 4008/2633/2146 4000/2634/2146
f 4002/2635/2146 4008/2633/2146 4010/2636/2146
f 4004/2629/2146 4003/2637/2146 4012/2628/2146
f 4005/2638/2146 4011/2639/2146 4004/2629/2146
f 4006/2631/2146 4009/2640/2146 4001/2630/2146
f 4007/2632/2146 4003/2637/2146 4015/2641/2146
f 4007/2632/2146 4014/2642/2146 4006/2631/2146
f 4002/2635/2146 4013/2643/2146 4005/2638/2146
f 4018/2634/2146 4017/2628/2146 4016/2630/2146
f 4022/2631/2146 4017/2628/2146 4023/2632/2146
f 4020/2635/2146 4019/2629/2146 4018/2634/2146
f 4000/2634/2147 4016/2630/2147 4001/2630/2147
f 4005/2638/2145 4020/2635/2145 4002/2635/2145
f 4007/2632/2149 4017/2628/2149 4012/2628/2149
f 4004/2629/2149 4021/2638/2149 4005/2638/2149
f 4002/2635/2147 4018/2634/2147 4000/2634/2147
f 4025/2648/2148 4026/2649/2148 4024/2650/2148
f 4027/2648/2150 4030/2649/2150 4026/2650/2150
f 4031/2651/2146 4028/2650/2146 4030/2649/2146
f 4029/2651/2145 4024/2650/2145 4028/2649/2145
f 4030/2652/2149 4024/2653/2149 4026/2654/2149
f 4027/2654/2147 4029/2655/2147 4031/2652/2147
f 4033/2656/2148 4034/2657/2148 4032/2658/2148
f 4035/2656/2150 4038/2657/2150 4034/2658/2150
f 4039/2659/2146 4036/2658/2146 4038/2657/2146
f 4037/2659/2145 4032/2658/2145 4036/2657/2145
f 4038/2652/2149 4032/2653/2149 4034/2654/2149
f 4035/2654/2147 4037/2655/2147 4039/2652/2147
f 2126/2034/2145 1908/2660/2145 2034/2035/2145
f 2125/2037/2145 1905/2214/2145 2117/2038/2145
f 1928/2040/2145 1906/2281/2145 2116/2041/2145
f 2127/2043/2145 1909/2056/2145 2004/2044/2145
f 1931/2046/2145 1913/2297/2145 2035/2047/2145
f 1932/2049/2145 1918/2293/2145 2398/2050/2145
f 2129/2052/2145 1917/2335/2145 2397/2053/2145
f 2130/2055/2145 1920/2622/2145 1909/2056/2145
f 1933/2057/2145 1921/2291/2145 1910/2058/2145
f 2351/2060/2145 1927/2072/2145 1923/2061/2145
f 2172/2063/2145 2011/2233/2145 2189/2064/2145
f 2349/2066/2145 1925/2075/2145 2036/2067/2145
f 2346/2069/2145 1922/2076/2145 2119/2070/2145
f 1927/2072/2145 1933/2057/2145 1929/2059/2145
f 1926/2073/2145 1932/2049/2145 2400/2051/2145
f 1925/2075/2145 1931/2046/2145 2037/2048/2145
f 1922/2076/2145 1928/2040/2145 2120/2042/2145
f 1940/2077/2145 1934/2594/2145 2121/2078/2145
f 1943/2080/2145 1937/2596/2145 2038/2081/2145
f 1939/2083/2146 2156/2416/2146 2331/2084/2146
f 1945/2086/2145 1939/2598/2145 1935/2087/2145
f 1919/2089/2145 1945/2086/2145 1941/2088/2145
f 2369/2091/2145 2172/2063/2145 2188/2065/2145
f 1911/2093/2145 1943/2080/2145 2039/2082/2145
f 1904/2095/2145 1940/2077/2145 2122/2079/2145
f 1946/2097/2145 1952/2256/2145 1959/2098/2145
f 2081/2100/2147 2293/2317/2147 2289/2101/2147
f 2141/2103/2148 2240/2383/2148 2218/2104/2148
f 1950/2106/2148 2199/2304/2148 2198/2107/2148
f 1950/2109/2145 1948/2250/2145 1955/2110/2145
f 2131/2112/2145 1947/2249/2145 1954/2113/2145
f 2132/2114/2145 1954/2113/2145 1996/2115/2145
f 1957/2111/2145 1955/2110/2145 1997/2117/2145
f 2353/2119/2145 1956/2122/2145 1998/2120/2145
f 1956/2122/2145 1957/2111/2145 1999/2118/2145
f 2123/2123/2148 2308/2551/2148 2309/2124/2148
f 1953/2099/2145 1959/2098/2145 2001/2125/2145
f 1960/2127/2145 1966/2300/2145 1987/2128/2145
f 2026/2130/2149 2246/2263/2149 2247/2131/2149
f 1963/2133/2145 1964/2138/2145 1985/2134/2145
f 2354/2136/2145 1963/2133/2145 1984/2135/2145
f 1964/2138/2145 1962/2287/2145 1983/2139/2145
f 2133/2140/2145 1961/2305/2145 1982/2141/2145
f 1967/2143/2145 1973/2160/2145 2032/2144/2145
f 2066/2146/2149 2252/2301/2149 2253/2147/2149
f 1970/2108/2148 2210/2107/2148 2377/2149/2148
f 1958/2083/2146 2203/2561/2146 2340/2151/2146
f 1971/2153/2145 1969/2169/2145 2029/2154/2145
f 2134/2156/2145 1968/2171/2145 2028/2157/2145
f 1974/2159/2145 1980/2266/2145 1973/2160/2145
f 2042/2161/2149 2281/2313/2149 2283/2162/2149
f 1977/2164/2145 1978/2168/2145 1971/2153/2145
f 2356/2166/2145 1977/2164/2145 1970/2165/2145
f 1978/2168/2145 1976/2268/2145 1969/2169/2145
f 2135/2170/2145 1975/2269/2145 1968/2171/2145
f 2136/2142/2145 1982/2141/2145 1989/2172/2145
f 1985/2134/2145 1983/2139/2145 1990/2174/2145
f 2357/2137/2145 1984/2135/2145 1991/2176/2145
f 1984/2135/2145 1985/2134/2145 1992/2175/2145
f 1987/2128/2145 1986/2501/2145 1993/2178/2145
f 1981/2129/2145 1987/2128/2145 1994/2179/2145
f 1988/2180/2145 1994/2179/2145 2026/2181/2145
f 2124/2183/2147 2309/2309/2147 2285/2184/2147
f 1991/2176/2145 1992/2175/2145 2024/2186/2145
f 2358/2177/2145 1991/2176/2145 2023/2187/2145
f 1992/2175/2145 1990/2174/2145 2022/2189/2145
f 2137/2173/2145 1989/2172/2145 2021/2190/2145
f 1995/2126/2145 2001/2125/2145 2019/2192/2145
f 2001/2125/2145 2000/2500/2145 2018/2194/2145
f 1998/2120/2145 1999/2118/2145 2017/2195/2145
f 2359/2121/2145 1998/2120/2145 2016/2196/2145
f 1999/2118/2145 1997/2117/2145 2015/2198/2145
f 2138/2116/2145 1996/2115/2145 2014/2199/2145
f 1910/2201/2148 2168/2359/2148 2011/2202/2148
f 2003/2204/2149 2012/2216/2149 2181/2205/2149
f 1923/2207/2148 2172/2355/2148 2369/2208/2148
f 1935/2210/2148 2171/2222/2148 2176/2211/2148
f 2139/2213/2145 2002/2360/2145 1905/2214/2145
f 1906/2215/2149 2006/2661/2149 2012/2216/2149
f 2005/2217/2149 2187/2358/2149 2168/2218/2149
f 1934/2210/2146 2169/2222/2146 2310/2220/2146
f 1940/2212/2146 2175/2211/2146 2169/2222/2146
f 2140/2045/2145 2004/2044/2145 2108/2223/2145
f 2102/2225/2149 2165/2344/2149 2405/2226/2149
f 1926/2228/2148 2155/2600/2148 2365/2229/2148
f 2009/2230/2145 2010/2238/2145 2383/2231/2145
f 2011/2233/2145 2168/2645/2145 2187/2234/2145
f 2141/2235/2145 2007/2346/2145 2380/2236/2145
f 2010/2238/2145 2008/2274/2145 2381/2239/2145
f 2142/2200/2145 2014/2199/2145 2091/2240/2145
f 2017/2195/2145 2015/2198/2145 2092/2242/2145
f 2360/2197/2145 2016/2196/2145 2093/2244/2145
f 2016/2196/2145 2017/2195/2145 2094/2243/2145
f 2019/2192/2145 2018/2194/2145 2095/2246/2145
f 2013/2193/2145 2019/2192/2145 2096/2247/2145
f 2143/2191/2145 2021/2190/2145 1947/2249/2145
f 2024/2186/2145 2022/2189/2145 1948/2250/2145
f 2361/2188/2145 2023/2187/2145 1949/2251/2145
f 2023/2187/2145 2024/2186/2145 1950/2109/2145
f 2087/2253/2147 2299/2323/2147 2290/2254/2147
f 2020/2182/2145 2026/2181/2145 1952/2256/2145
f 2144/2158/2145 2028/2157/2145 2062/2257/2145
f 2030/2155/2145 2029/2154/2145 2063/2259/2145
f 1972/2255/2147 2212/2386/2147 2215/2261/2147
f 2031/2253/2147 2215/2261/2147 2208/2262/2147
f 1951/2132/2147 2245/2131/2147 2244/2263/2147
f 2027/2145/2145 2032/2144/2145 2066/2264/2145
f 2033/2094/2145 2039/2082/2145 1980/2266/2145
f 2039/2082/2145 2038/2081/2145 1979/2267/2145
f 2036/2067/2145 2037/2048/2145 1978/2168/2145
f 2362/2068/2145 2036/2067/2145 1977/2164/2145
f 2037/2048/2145 2035/2047/2145 1976/2268/2145
f 2145/2036/2145 2034/2035/2145 1975/2269/2145
f 2035/2047/2145 2060/2298/2145 2050/2270/2145
f 2029/2154/2145 2059/2286/2145 2067/2271/2145
f 2022/2189/2145 2058/2283/2145 2046/2272/2145
f 2015/2198/2145 2057/2282/2145 2097/2273/2145
f 2008/2274/2145 2056/2337/2145 2384/2275/2145
f 2005/2276/2145 2055/2295/2145 2110/2277/2145
f 2003/2279/2145 2054/2361/2145 2040/2280/2145
f 1997/2117/2145 2053/2289/2145 2057/2282/2145
f 1990/2174/2145 2052/2284/2145 2058/2283/2145
f 1983/2139/2145 2051/2288/2145 2052/2284/2145
f 1976/2268/2145 2050/2270/2145 2049/2285/2145
f 1969/2169/2145 2049/2285/2145 2059/2286/2145
f 1962/2287/2145 2048/2299/2145 2051/2288/2145
f 1955/2110/2145 2047/2290/2145 2053/2289/2145
f 1955/2110/2145 1948/2250/2145 2046/2272/2145
f 1921/2291/2145 2045/2621/2145 2042/2292/2145
f 1918/2293/2145 2044/2324/2145 2401/2294/2145
f 1910/2058/2145 2042/2292/2145 2055/2295/2145
f 1906/2281/2145 2040/2280/2145 2123/2296/2145
f 1913/2297/2145 2041/2328/2145 2060/2298/2145
f 2063/2259/2145 2067/2271/2145 2048/2299/2145
f 2061/2265/2145 2066/2264/2145 1966/2300/2145
f 1965/2148/2147 2251/2147/2147 2250/2301/2147
f 2081/2100/2147 2222/2389/2147 2223/2302/2147
f 1963/2108/2146 2205/2107/2146 2207/2304/2146
f 2064/2260/2145 2063/2259/2145 1962/2287/2145
f 2146/2258/2145 2062/2257/2145 1961/2305/2145
f 2067/2271/2145 2089/2380/2145 2076/2306/2145
f 2106/2225/2149 2282/2552/2149 2270/2307/2149
f 2040/2185/2149 2274/2184/2149 2308/2309/2149
f 2077/2255/2147 2290/2254/2147 2291/2310/2147
f 2045/2312/2149 2271/2550/2149 2281/2313/2149
f 2110/2123/2148 2306/2551/2148 2307/2124/2148
f 2046/2132/2149 2269/2131/2149 2280/2101/2149
f 2086/2130/2147 2298/2263/2147 2292/2314/2147
f 2111/2316/2147 2307/2319/2147 2295/2162/2147
f 2047/2102/2149 2280/2101/2149 2275/2317/2149
f 2051/2288/2145 2079/2320/2145 2080/2318/2145
f 2085/2303/2147 2297/2560/2147 2293/2317/2147
f 2055/2163/2149 2283/2162/2149 2306/2319/2149
f 2048/2299/2145 2076/2306/2145 2079/2320/2145
f 2068/2185/2147 2285/2184/2147 2294/2321/2147
f 1973/2255/2149 2257/2254/2149 2265/2323/2149
f 2049/2255/2149 2278/2254/2149 2279/2323/2149
f 2044/2324/2145 2072/2330/2145 2402/2325/2145
f 2082/2322/2147 2294/2321/2147 2302/2326/2147
f 2031/2253/2147 2264/2323/2147 2255/2254/2147
f 2041/2328/2145 2069/2393/2145 2088/2329/2145
f 2097/2273/2145 2098/2379/2145 2072/2330/2145
f 2092/2242/2145 2097/2273/2145 2044/2324/2145
f 2090/2248/2145 2096/2247/2145 1944/2331/2145
f 2096/2247/2145 2095/2246/2145 1938/2333/2145
f 2093/2244/2145 2094/2243/2145 1932/2049/2145
f 2363/2245/2145 2093/2244/2145 1926/2073/2145
f 2094/2243/2145 2092/2242/2145 1918/2293/2145
f 2147/2241/2145 2091/2240/2145 1917/2335/2145
f 2050/2311/2149 2267/2310/2149 2278/2254/2149
f 2101/2336/2145 2106/2624/2145 2056/2337/2145
f 1919/2338/2146 2153/2415/2146 2160/2339/2146
f 1927/2312/2149 2157/2662/2149 2388/2341/2149
f 2102/2343/2145 2103/2347/2145 2010/2238/2145
f 2009/2308/2149 2158/2620/2149 2165/2344/2149
f 2148/2345/2145 2100/2627/2145 2007/2346/2145
f 2103/2347/2145 2101/2336/2145 2008/2274/2145
f 2110/2277/2145 2111/2376/2145 2115/2348/2145
f 2109/2278/2145 2110/2277/2145 2114/2349/2145
f 2149/2224/2145 2108/2223/2145 2112/2351/2145
f 2113/2206/2149 2181/2205/2149 2193/2353/2149
f 1929/2203/2148 2011/2202/2148 2172/2355/2148
f 1941/2212/2148 2176/2211/2148 2178/2356/2148
f 2109/2354/2149 2193/2353/2149 2187/2358/2149
f 1922/2207/2146 2170/2355/2146 2099/2202/2146
f 1928/2203/2146 2099/2202/2146 2006/2359/2146
f 1904/2357/2146 2104/2356/2146 2175/2211/2146
f 2150/2352/2145 2112/2351/2145 2002/2360/2145
f 2113/2350/2145 2114/2349/2145 2054/2361/2145
f 2073/2312/2147 2287/2550/2147 2394/2362/2147
f 2123/2296/2145 2124/2374/2145 2071/2363/2145
f 2116/2041/2145 2123/2296/2145 2043/2364/2145
f 2118/2096/2145 2122/2079/2145 1942/2366/2145
f 2122/2079/2145 2121/2078/2145 1936/2368/2145
f 2119/2070/2145 2120/2042/2145 1930/2369/2145
f 2364/2071/2145 2119/2070/2145 1924/2370/2145
f 2120/2042/2145 2116/2041/2145 1912/2365/2145
f 2151/2039/2145 2117/2038/2145 1914/2372/2145
f 2124/2374/2145 2151/2039/2145 2128/2373/2145
f 2115/2348/2145 2150/2352/2145 2139/2213/2145
f 2111/2376/2145 2149/2224/2145 2150/2352/2145
f 2107/2377/2145 2148/2345/2145 2141/2235/2145
f 2098/2379/2145 2147/2241/2145 2129/2052/2145
f 2089/2380/2145 2146/2258/2145 2133/2140/2145
f 2088/2329/2145 2145/2036/2145 2135/2170/2145
f 2087/2382/2145 2144/2158/2145 2146/2258/2145
f 2083/2105/2146 2229/2104/2146 2239/2383/2146
f 2085/2384/2145 2142/2200/2145 2147/2241/2145
f 1971/2106/2148 2211/2304/2148 2210/2107/2148
f 2083/2385/2145 2140/2045/2145 2149/2224/2145
f 2030/2253/2149 2214/2261/2149 2211/2386/2149
f 2064/2146/2149 2206/2262/2149 2214/2261/2149
f 2080/2318/2145 2137/2173/2145 2143/2191/2145
f 2079/2320/2145 2136/2142/2145 2137/2173/2145
f 2082/2322/2147 2220/2391/2147 2221/2388/2147
f 2139/2103/2148 2238/2383/2148 2220/2104/2148
f 2076/2306/2145 2133/2140/2145 2136/2142/2145
f 2068/2105/2146 2221/2104/2146 2230/2383/2146
f 2142/2303/2149 2241/2302/2149 2237/2389/2149
f 2084/2308/2147 2218/2615/2147 2391/2390/2147
f 2072/2330/2145 2129/2052/2145 2403/2054/2145
f 2125/2185/2149 2230/2388/2149 2238/2391/2149
f 2068/2392/2145 2125/2037/2145 2151/2039/2145
f 2069/2393/2145 2126/2034/2145 2145/2036/2145
f 2365/2394/2145 2155/2663/2145 2405/2395/2145
f 2159/2397/2145 2154/2579/2145 2406/2398/2145
f 2162/2400/2145 2159/2397/2145 2407/2399/2145
f 2152/2402/2145 2163/2405/2145 2390/2403/2145
f 2163/2405/2145 2161/2412/2145 2389/2406/2145
f 2367/2407/2145 2158/2414/2145 2388/2408/2145
f 2164/2410/2145 2167/2411/2145 2163/2405/2145
f 2167/2411/2145 2166/2576/2145 2161/2412/2145
f 2368/2413/2145 2165/2623/2145 2158/2414/2145
f 1938/2083/2148 2154/2416/2148 2159/2339/2148
f 1944/2340/2148 2159/2339/2148 2162/2415/2148
f 1945/2340/2146 2160/2339/2146 2156/2416/2146
f 2176/2417/2145 2171/2592/2145 2190/2418/2145
f 2178/2420/2145 2176/2417/2145 2191/2419/2145
f 2105/2422/2145 2179/2425/2145 2175/2423/2145
f 2179/2425/2145 2177/2448/2145 2169/2426/2145
f 2173/2427/2145 2174/2432/2145 2099/2428/2145
f 2370/2430/2145 2173/2427/2145 2170/2429/2145
f 2174/2432/2145 2012/2449/2145 2006/2433/2145
f 2186/2421/2145 2191/2419/2145 2197/2434/2145
f 2191/2419/2145 2190/2418/2145 2196/2436/2145
f 2188/2065/2145 2189/2064/2145 2195/2437/2145
f 2371/2092/2145 2188/2065/2145 2194/2438/2145
f 2189/2064/2145 2187/2234/2145 2193/2440/2145
f 2195/2437/2145 2193/2440/2145 2181/2441/2145
f 2372/2439/2145 2194/2438/2145 2182/2443/2145
f 2194/2438/2145 2195/2437/2145 2183/2442/2145
f 2197/2434/2145 2196/2436/2145 2184/2445/2145
f 2192/2435/2145 2197/2434/2145 2185/2446/2145
f 2180/2447/2145 2185/2446/2145 2179/2425/2145
f 2185/2446/2145 2184/2445/2145 2177/2448/2145
f 2182/2443/2145 2183/2442/2145 2174/2432/2145
f 2373/2444/2145 2182/2443/2145 2173/2427/2145
f 2183/2442/2145 2181/2441/2145 2012/2449/2145
f 2198/2450/2145 2199/2664/2145 2202/2451/2145
f 2374/2453/2145 2198/2450/2145 2201/2452/2145
f 2210/2455/2145 2211/2665/2145 2214/2456/2145
f 2377/2458/2145 2210/2455/2145 2213/2457/2145
f 2378/2459/2145 2213/2457/2145 2204/2460/2145
f 2213/2457/2145 2214/2456/2145 2206/2462/2145
f 2204/2460/2145 2206/2462/2145 2207/2463/2145
f 2379/2461/2145 2204/2460/2145 2205/2464/2145
f 2216/2466/2145 2242/2646/2145 2233/2467/2145
f 2218/2469/2145 2240/2666/2145 2392/2470/2145
f 2220/2472/2145 2238/2647/2145 2230/2473/2145
f 2222/2475/2145 2237/2484/2145 2241/2476/2145
f 2224/2478/2145 2236/2667/2145 2235/2479/2145
f 2225/2480/2145 2235/2479/2145 2243/2481/2145
f 2227/2483/2145 2234/2485/2145 2237/2484/2145
f 2217/2468/2145 2233/2467/2145 2234/2485/2145
f 2219/2486/2145 2232/2616/2145 2231/2487/2145
f 2228/2488/2145 2231/2487/2145 2239/2489/2145
f 1965/2083/2146 2209/2561/2146 2341/2151/2146
f 2134/2255/2149 2235/2386/2149 2236/2491/2149
f 1956/2108/2146 2201/2107/2146 2202/2304/2146
f 1949/2108/2148 2198/2107/2148 2374/2149/2148
f 2085/2105/2146 2223/2104/2146 2241/2383/2146
f 2144/2253/2149 2243/2261/2149 2235/2386/2149
f 2143/2103/2148 2242/2383/2148 2216/2104/2148
f 2078/2311/2147 2224/2491/2147 2225/2386/2147
f 2087/2105/2146 2226/2104/2146 2243/2383/2146
f 2138/2100/2149 2237/2389/2149 2234/2492/2149
f 2077/2255/2147 2225/2386/2147 2226/2261/2147
f 2132/2102/2149 2234/2492/2149 2233/2493/2149
f 2127/2161/2149 2231/2496/2149 2232/2494/2149
f 2075/2102/2147 2227/2492/2147 2222/2389/2147
f 2131/2132/2149 2233/2493/2149 2242/2495/2149
f 2074/2132/2147 2217/2493/2147 2227/2492/2147
f 2140/2163/2149 2239/2498/2149 2231/2496/2149
f 2073/2312/2147 2219/2494/2147 2228/2496/2147
f 1964/2148/2149 2207/2497/2149 2206/2262/2149
f 2135/2103/2148 2236/2383/2148 2224/2104/2148
f 2130/2312/2149 2232/2494/2149 2392/2390/2149
f 2086/2130/2147 2216/2495/2147 2217/2493/2147
f 1957/2102/2149 2202/2492/2149 2199/2493/2149
f 2065/2146/2147 2208/2262/2147 2209/2497/2147
f 1951/2132/2147 2200/2493/2147 2203/2492/2147
f 2070/2161/2147 2228/2496/2147 2229/2498/2147
f 2247/2256/2145 2245/2505/2145 2248/2499/2145
f 2249/2098/2145 2248/2499/2145 2262/2500/2145
f 2253/2300/2145 2251/2507/2145 2258/2501/2145
f 2257/2160/2145 2255/2503/2145 2264/2502/2145
f 2256/2266/2145 2254/2267/2145 2255/2503/2145
f 2260/2179/2145 2261/2178/2145 2244/2504/2145
f 2246/2181/2145 2244/2504/2145 2245/2505/2145
f 2265/2144/2145 2264/2502/2145 2250/2506/2145
f 2252/2264/2145 2250/2506/2145 2251/2507/2145
f 2266/2508/2145 2300/2668/2145 2291/2509/2145
f 2279/2511/2145 2299/2535/2145 2301/2512/2145
f 2268/2514/2145 2298/2532/2145 2288/2515/2145
f 2276/2517/2145 2297/2530/2145 2305/2518/2145
f 2270/2520/2145 2296/2546/2145 2394/2521/2145
f 2283/2523/2145 2295/2542/2145 2307/2524/2145
f 2273/2526/2145 2294/2548/2145 2285/2527/2145
f 2275/2529/2145 2293/2537/2145 2297/2530/2145
f 2277/2531/2145 2292/2669/2145 2298/2532/2145
f 2267/2510/2145 2291/2509/2145 2290/2533/2145
f 2278/2534/2145 2290/2533/2145 2299/2535/2145
f 2280/2536/2145 2289/2538/2145 2293/2537/2145
f 2269/2516/2145 2288/2515/2145 2289/2538/2145
f 2271/2539/2145 2287/2614/2145 2286/2540/2145
f 2281/2541/2145 2286/2540/2145 2295/2542/2145
f 2274/2528/2145 2285/2527/2145 2309/2543/2145
f 2282/2545/2145 2303/2644/2145 2296/2546/2145
f 2272/2547/2145 2302/2670/2145 2294/2548/2145
f 1993/2083/2146 2261/2557/2146 2260/2549/2146
f 1979/2083/2146 2254/2557/2146 2256/2549/2146
f 2075/2102/2147 2289/2101/2147 2288/2131/2147
f 2070/2161/2147 2286/2313/2147 2287/2550/2147
f 2080/2105/2146 2292/2124/2146 2277/2551/2146
f 2084/2308/2147 2296/2307/2147 2303/2552/2147
f 2083/2163/2147 2295/2162/2147 2286/2313/2147
f 2025/2130/2147 2244/2263/2147 2261/2314/2147
f 1994/2315/2149 2260/2314/2149 2246/2263/2149
f 2065/2146/2147 2250/2301/2147 2264/2323/2147
f 2107/2105/2146 2303/2124/2146 2282/2551/2146
f 2032/2253/2149 2265/2323/2149 2252/2301/2149
f 2060/2553/2149 2266/2556/2149 2267/2310/2149
f 2059/2253/2149 2279/2323/2149 2284/2301/2149
f 2058/2130/2149 2268/2263/2149 2269/2131/2149
f 2088/2105/2146 2300/2124/2146 2266/2551/2146
f 2000/2100/2147 2262/2317/2147 2248/2101/2147
f 1986/2554/2147 2258/2555/2147 2251/2147/2147
f 1972/2255/2147 2255/2254/2147 2254/2310/2147
f 1958/2102/2147 2248/2101/2147 2245/2131/2147
f 2067/2123/2148 2284/2551/2148 2301/2124/2148
f 1959/2102/2149 2249/2101/2149 2263/2317/2149
f 1966/2148/2149 2253/2147/2149 2259/2555/2149
f 2056/2308/2149 2270/2307/2149 2393/2362/2149
f 1980/2311/2149 2256/2310/2149 2257/2254/2149
f 1952/2132/2149 2247/2131/2149 2249/2101/2149
f 2114/2327/2149 2272/2326/2149 2273/2321/2149
f 2078/2311/2147 2291/2310/2147 2300/2556/2147
f 2001/2340/2148 2263/2549/2148 2262/2557/2148
f 2054/2322/2149 2273/2321/2149 2274/2184/2149
f 2057/2303/2149 2276/2560/2149 2304/2558/2149
f 2089/2146/2147 2301/2301/2147 2299/2323/2147
f 2053/2100/2149 2275/2317/2149 2276/2560/2149
f 2098/2559/2147 2305/2558/2147 2297/2560/2147
f 2074/2132/2147 2288/2131/2147 2298/2263/2147
f 2115/2105/2146 2302/2124/2146 2272/2551/2146
f 2052/2315/2149 2277/2314/2149 2268/2263/2149
f 2097/2123/2148 2304/2551/2148 2305/2124/2148
f 1987/2340/2148 2259/2549/2148 2258/2557/2148
f 2317/2152/2148 2339/2151/2148 2200/2561/2148
f 2319/2152/2146 2341/2151/2146 2376/2149/2146
f 2208/2562/2145 2344/2566/2145 2341/2563/2145
f 2215/2565/2145 2343/2568/2145 2344/2566/2145
f 2212/2567/2145 2342/2601/2145 2343/2568/2145
f 2200/2569/2145 2339/2602/2145 2340/2570/2145
f 2184/2445/2145 2338/2573/2145 2335/2572/2145
f 2196/2436/2145 2337/2574/2145 2338/2573/2145
f 2190/2418/2145 2336/2593/2145 2337/2574/2145
f 2177/2448/2145 2335/2572/2145 2310/2575/2145
f 2166/2576/2145 2333/2603/2145 2332/2577/2145
f 2161/2412/2145 2332/2577/2145 2395/2578/2145
f 2154/2579/2145 2330/2604/2145 2408/2580/2145
f 2121/2078/2145 2329/2595/2145 2313/2581/2145
f 2095/2246/2145 2328/2585/2145 2315/2582/2145
f 2038/2081/2145 2327/2597/2145 2321/2583/2145
f 2025/2504/2145 2326/2587/2145 2317/2584/2145
f 2018/2194/2145 2325/2586/2145 2328/2585/2145
f 2315/2085/2148 2330/2084/2148 2154/2416/2148
f 2311/2221/2146 2310/2220/2146 2345/2208/2146
f 2312/2221/2148 2334/2220/2148 2171/2222/2148
f 2000/2500/2145 2324/2591/2145 2325/2586/2145
f 1993/2178/2145 2323/2588/2145 2326/2587/2145
f 1986/2501/2145 2322/2590/2145 2323/2588/2145
f 1979/2267/2145 2321/2583/2145 2320/2589/2145
f 2318/2152/2146 2340/2151/2146 2375/2149/2146
f 2320/2152/2148 2342/2151/2148 2212/2561/2148
f 1965/2507/2145 2319/2605/2145 2322/2590/2145
f 1958/2499/2145 2318/2606/2145 2324/2591/2145
f 2171/2592/2145 2334/2607/2145 2336/2593/2145
f 2316/2085/2146 2331/2084/2146 2366/2229/2146
f 1934/2594/2145 2311/2608/2145 2329/2595/2145
f 1937/2596/2145 2314/2609/2145 2327/2597/2145
f 1939/2598/2145 2316/2610/2145 2312/2599/2145
f 2351/2150/2146 2366/2229/2146 2157/2600/2146
f 2353/2150/2146 2375/2149/2146 2201/2107/2146
f 2346/2209/2146 2345/2208/2146 2170/2355/2146
f 2354/2150/2146 2376/2149/2146 2205/2107/2146
f 2352/2150/2148 2374/2149/2148 2339/2151/2148
f 2344/2566/2145 2379/2461/2145 2376/2465/2145
f 2343/2568/2145 2378/2459/2145 2379/2461/2145
f 2342/2601/2145 2377/2458/2145 2378/2459/2145
f 2339/2602/2145 2374/2453/2145 2375/2454/2145
f 2338/2573/2145 2373/2444/2145 2370/2430/2145
f 2337/2574/2145 2372/2439/2145 2373/2444/2145
f 2336/2593/2145 2371/2092/2145 2372/2439/2145
f 2335/2572/2145 2370/2430/2145 2345/2431/2145
f 2408/2580/2149 2420/2580/2149 2418/2603/2149
f 2367/2407/2147 2413/2407/2147 2421/2413/2147
f 2330/2604/2145 2365/2394/2145 2409/2396/2145
f 2329/2595/2145 2364/2071/2145 2348/2371/2145
f 2328/2585/2145 2363/2245/2145 2350/2334/2145
f 2327/2597/2145 2362/2068/2145 2356/2166/2145
f 2326/2587/2145 2361/2188/2145 2352/2252/2145
f 2325/2586/2145 2360/2197/2145 2363/2245/2145
f 2350/2150/2148 2365/2229/2148 2330/2084/2148
f 2347/2209/2148 2369/2208/2148 2334/2220/2148
f 2324/2591/2145 2359/2121/2145 2360/2197/2145
f 2323/2588/2145 2358/2177/2145 2361/2188/2145
f 2322/2590/2145 2357/2137/2145 2358/2177/2145
f 2321/2583/2145 2356/2166/2145 2355/2167/2145
f 2355/2150/2148 2377/2149/2148 2342/2151/2148
f 2319/2605/2145 2354/2136/2145 2357/2137/2145
f 2318/2606/2145 2353/2119/2145 2359/2121/2145
f 2334/2607/2145 2369/2091/2145 2371/2092/2145
f 2311/2608/2145 2346/2069/2145 2364/2071/2145
f 2314/2609/2145 2349/2066/2145 2362/2068/2145
f 2316/2610/2145 2351/2060/2145 2347/2062/2145
f 2395/2578/2145 2396/2409/2145 2366/2611/2145
f 2389/2406/2145 2395/2578/2145 2331/2612/2145
f 2384/2342/2149 2393/2362/2149 2271/2550/2149
f 2393/2522/2145 2394/2521/2145 2287/2614/2145
f 2386/2342/2149 2392/2390/2149 2240/2615/2149
f 2391/2471/2145 2392/2470/2145 2232/2616/2145
f 2396/2409/2145 2388/2408/2145 2157/2617/2145
f 2390/2403/2145 2389/2406/2145 2156/2613/2145
f 2387/2404/2145 2390/2403/2145 2160/2618/2145
f 2385/2342/2147 2391/2390/2147 2219/2494/2147
f 2385/2342/2147 2394/2362/2147 2296/2307/2147
f 2382/2342/2149 2388/2341/2149 2158/2620/2149
f 2381/2239/2145 2384/2275/2145 2045/2621/2145
f 2383/2231/2145 2381/2239/2145 1921/2291/2145
f 2386/2237/2145 2380/2236/2145 1920/2622/2145
f 2382/2232/2145 2383/2231/2145 1933/2057/2145
f 2368/2413/2147 2421/2413/2147 2423/2396/2147
f 2406/2398/2145 2408/2580/2145 2333/2603/2145
f 2404/2401/2145 2407/2399/2145 2167/2411/2145
f 2407/2399/2145 2406/2398/2145 2166/2576/2145
f 2409/2396/2145 2405/2395/2145 2165/2623/2145
f 2402/2325/2145 2403/2054/2145 2148/2345/2145
f 2401/2294/2145 2402/2325/2145 2107/2377/2145
f 2398/2050/2145 2401/2294/2145 2106/2624/2145
f 2399/2227/2149 2405/2226/2149 2155/2625/2149
f 2399/2074/2145 2400/2051/2145 2103/2347/2145
f 2403/2054/2145 2397/2053/2145 2100/2627/2145
f 2400/2051/2145 2398/2050/2145 2101/2336/2145
f 2422/2628/2149 2427/2628/2149 2429/2629/2149
f 2411/2630/2147 2426/2630/2147 2432/2631/2147
f 2416/2631/2146 2432/2631/2146 2433/2632/2146
f 2395/2578/2148 2424/2578/2148 2425/2409/2148
f 2333/2603/2149 2418/2603/2149 2419/2577/2149
f 2332/2577/2149 2419/2577/2149 2424/2578/2149
f 2409/2396/2146 2423/2396/2146 2420/2580/2146
f 2396/2409/2147 2425/2409/2147 2413/2407/2147
f 2411/2630/2145 2419/2640/2145 2418/2633/2145
f 2412/2635/2145 2410/2634/2145 2418/2633/2145
f 2414/2629/2145 2421/2639/2145 2413/2637/2145
f 2415/2638/2145 2423/2643/2145 2421/2639/2145
f 2416/2631/2145 2424/2642/2145 2419/2640/2145
f 2417/2632/2145 2422/2628/2145 2413/2637/2145
f 2416/2631/2145 2417/2632/2145 2425/2641/2145
f 2412/2635/2145 2420/2636/2145 2423/2643/2145
f 2428/2634/2145 2429/2629/2145 2427/2628/2145
f 2426/2630/2145 2427/2628/2145 2433/2632/2145
f 2430/2635/2145 2431/2638/2145 2429/2629/2145
f 2410/2634/2147 2428/2634/2147 2426/2630/2147
f 2415/2638/2148 2431/2638/2148 2430/2635/2148
f 2417/2632/2149 2433/2632/2149 2427/2628/2149
f 2414/2629/2149 2429/2629/2149 2431/2638/2149
f 2412/2635/2147 2430/2635/2147 2428/2634/2147
f 2656/2034/2148 2438/2660/2148 2564/2035/2148
f 2655/2037/2148 2435/2214/2148 2647/2038/2148
f 2458/2040/2148 2436/2281/2148 2646/2041/2148
f 2657/2043/2148 2439/2056/2148 2534/2044/2148
f 2461/2046/2148 2443/2297/2148 2565/2047/2148
f 2462/2049/2148 2448/2293/2148 2928/2050/2148
f 2659/2052/2148 2447/2335/2148 2927/2053/2148
f 2660/2055/2148 2450/2622/2148 2439/2056/2148
f 2459/2059/2148 2463/2057/2148 2451/2291/2148
f 2881/2060/2148 2457/2072/2148 2453/2061/2148
f 2702/2063/2148 2541/2233/2148 2719/2064/2148
f 2879/2066/2148 2455/2075/2148 2566/2067/2148
f 2876/2069/2148 2452/2076/2148 2649/2070/2148
f 2457/2072/2148 2463/2057/2148 2459/2059/2148
f 2929/2074/2148 2456/2073/2148 2462/2049/2148
f 2455/2075/2148 2461/2046/2148 2567/2048/2148
f 2452/2076/2148 2458/2040/2148 2650/2042/2148
f 2470/2077/2148 2464/2594/2148 2651/2078/2148
f 2473/2080/2148 2467/2596/2148 2568/2081/2148
f 2469/2083/2145 2686/2416/2145 2861/2084/2145
f 2475/2086/2148 2469/2598/2148 2465/2087/2148
f 2449/2089/2148 2475/2086/2148 2471/2088/2148
f 2899/2091/2148 2702/2063/2148 2718/2065/2148
f 2441/2093/2148 2473/2080/2148 2569/2082/2148
f 2434/2095/2148 2470/2077/2148 2652/2079/2148
f 2476/2097/2148 2482/2256/2148 2489/2098/2148
f 2611/2100/2147 2823/2317/2147 2819/2101/2147
f 2671/2103/2150 2770/2383/2150 2748/2104/2150
f 2480/2106/2150 2729/2304/2150 2728/2107/2150
f 2480/2109/2148 2478/2250/2148 2485/2110/2148
f 2661/2112/2148 2477/2249/2148 2484/2113/2148
f 2662/2114/2148 2484/2113/2148 2526/2115/2148
f 2487/2111/2148 2485/2110/2148 2527/2117/2148
f 2883/2119/2148 2486/2122/2148 2528/2120/2148
f 2528/2120/2148 2486/2122/2148 2487/2111/2148
f 2653/2123/2150 2838/2551/2150 2839/2124/2150
f 2525/2126/2148 2483/2099/2148 2489/2098/2148
f 2490/2127/2148 2496/2300/2148 2517/2128/2148
f 2556/2130/2149 2776/2263/2149 2777/2131/2149
f 2493/2133/2148 2494/2138/2148 2515/2134/2148
f 2884/2136/2148 2493/2133/2148 2514/2135/2148
f 2494/2138/2148 2492/2287/2148 2513/2139/2148
f 2663/2140/2148 2491/2305/2148 2512/2141/2148
f 2497/2143/2148 2503/2160/2148 2562/2144/2148
f 2596/2146/2149 2782/2301/2149 2783/2147/2149
f 2500/2108/2150 2740/2107/2150 2907/2149/2150
f 2488/2083/2145 2733/2561/2145 2870/2151/2145
f 2501/2153/2148 2499/2169/2148 2559/2154/2148
f 2664/2156/2148 2498/2171/2148 2558/2157/2148
f 2504/2159/2148 2510/2266/2148 2503/2160/2148
f 2572/2161/2149 2811/2313/2149 2813/2162/2149
f 2507/2164/2148 2508/2168/2148 2501/2153/2148
f 2886/2166/2148 2507/2164/2148 2500/2165/2148
f 2508/2168/2148 2506/2268/2148 2499/2169/2148
f 2665/2170/2148 2505/2269/2148 2498/2171/2148
f 2666/2142/2148 2512/2141/2148 2519/2172/2148
f 2515/2134/2148 2513/2139/2148 2520/2174/2148
f 2887/2137/2148 2514/2135/2148 2521/2176/2148
f 2514/2135/2148 2515/2134/2148 2522/2175/2148
f 2517/2128/2148 2516/2501/2148 2523/2178/2148
f 2511/2129/2148 2517/2128/2148 2524/2179/2148
f 2518/2180/2148 2524/2179/2148 2556/2181/2148
f 2654/2183/2147 2839/2309/2147 2815/2184/2147
f 2521/2176/2148 2522/2175/2148 2554/2186/2148
f 2888/2177/2148 2521/2176/2148 2553/2187/2148
f 2522/2175/2148 2520/2174/2148 2552/2189/2148
f 2667/2173/2148 2519/2172/2148 2551/2190/2148
f 2525/2126/2148 2531/2125/2148 2549/2192/2148
f 2531/2125/2148 2530/2500/2148 2548/2194/2148
f 2546/2196/2148 2528/2120/2148 2529/2118/2148
f 2889/2121/2148 2528/2120/2148 2546/2196/2148
f 2529/2118/2148 2527/2117/2148 2545/2198/2148
f 2668/2116/2148 2526/2115/2148 2544/2199/2148
f 2440/2201/2150 2698/2359/2150 2541/2202/2150
f 2533/2204/2149 2542/2216/2149 2711/2205/2149
f 2453/2207/2150 2702/2355/2150 2899/2208/2150
f 2465/2210/2150 2701/2222/2150 2706/2211/2150
f 2669/2213/2148 2532/2360/2148 2435/2214/2148
f 2436/2215/2149 2536/2661/2149 2542/2216/2149
f 2535/2217/2149 2717/2358/2149 2698/2218/2149
f 2464/2210/2145 2699/2222/2145 2840/2220/2145
f 2470/2212/2145 2705/2211/2145 2699/2222/2145
f 2670/2045/2148 2534/2044/2148 2638/2223/2148
f 2632/2225/2149 2695/2344/2149 2935/2226/2149
f 2456/2228/2150 2685/2600/2150 2895/2229/2150
f 2539/2230/2148 2540/2238/2148 2913/2231/2148
f 2541/2233/2148 2698/2645/2148 2717/2234/2148
f 2916/2237/2148 2671/2235/2148 2537/2346/2148
f 2913/2231/2148 2540/2238/2148 2538/2274/2148
f 2672/2200/2148 2544/2199/2148 2621/2240/2148
f 2547/2195/2148 2545/2198/2148 2622/2242/2148
f 2890/2197/2148 2546/2196/2148 2623/2244/2148
f 2623/2244/2148 2546/2196/2148 2547/2195/2148
f 2549/2192/2148 2548/2194/2148 2625/2246/2148
f 2543/2193/2148 2549/2192/2148 2626/2247/2148
f 2673/2191/2148 2551/2190/2148 2477/2249/2148
f 2480/2109/2148 2554/2186/2148 2552/2189/2148
f 2891/2188/2148 2553/2187/2148 2479/2251/2148
f 2553/2187/2148 2554/2186/2148 2480/2109/2148
f 2617/2253/2147 2829/2323/2147 2820/2254/2147
f 2550/2182/2148 2556/2181/2148 2482/2256/2148
f 2674/2158/2148 2558/2157/2148 2592/2257/2148
f 2560/2155/2148 2559/2154/2148 2593/2259/2148
f 2502/2255/2147 2742/2386/2147 2745/2261/2147
f 2561/2253/2147 2745/2261/2147 2738/2262/2147
f 2481/2132/2147 2775/2131/2147 2774/2263/2147
f 2557/2145/2148 2562/2144/2148 2596/2264/2148
f 2563/2094/2148 2569/2082/2148 2510/2266/2148
f 2569/2082/2148 2568/2081/2148 2509/2267/2148
f 2566/2067/2148 2567/2048/2148 2508/2168/2148
f 2892/2068/2148 2566/2067/2148 2507/2164/2148
f 2567/2048/2148 2565/2047/2148 2506/2268/2148
f 2675/2036/2148 2564/2035/2148 2505/2269/2148
f 2565/2047/2148 2590/2298/2148 2580/2270/2148
f 2559/2154/2148 2589/2286/2148 2597/2271/2148
f 2552/2189/2148 2588/2283/2148 2576/2272/2148
f 2545/2198/2148 2587/2282/2148 2627/2273/2148
f 2911/2239/2148 2538/2274/2148 2586/2337/2148
f 2535/2276/2148 2585/2295/2148 2640/2277/2148
f 2533/2279/2148 2584/2361/2148 2570/2280/2148
f 2527/2117/2148 2583/2289/2148 2587/2282/2148
f 2520/2174/2148 2582/2284/2148 2588/2283/2148
f 2513/2139/2148 2581/2288/2148 2582/2284/2148
f 2506/2268/2148 2580/2270/2148 2579/2285/2148
f 2559/2154/2148 2499/2169/2148 2579/2285/2148
f 2492/2287/2148 2578/2299/2148 2581/2288/2148
f 2485/2110/2148 2577/2290/2148 2583/2289/2148
f 2485/2110/2148 2478/2250/2148 2576/2272/2148
f 2440/2058/2148 2451/2291/2148 2575/2621/2148
f 2448/2293/2148 2574/2324/2148 2931/2294/2148
f 2440/2058/2148 2572/2292/2148 2585/2295/2148
f 2436/2281/2148 2570/2280/2148 2653/2296/2148
f 2443/2297/2148 2571/2328/2148 2590/2298/2148
f 2593/2259/2148 2597/2271/2148 2578/2299/2148
f 2591/2265/2148 2596/2264/2148 2496/2300/2148
f 2495/2148/2147 2781/2147/2147 2780/2301/2147
f 2611/2100/2147 2752/2389/2147 2753/2302/2147
f 2493/2108/2145 2735/2107/2145 2737/2304/2145
f 2594/2260/2148 2593/2259/2148 2492/2287/2148
f 2676/2258/2148 2592/2257/2148 2491/2305/2148
f 2597/2271/2148 2619/2380/2148 2606/2306/2148
f 2636/2225/2149 2812/2552/2149 2800/2307/2149
f 2570/2185/2149 2804/2184/2149 2838/2309/2149
f 2607/2255/2147 2820/2254/2147 2821/2310/2147
f 2575/2312/2149 2801/2550/2149 2811/2313/2149
f 2640/2123/2150 2836/2551/2150 2837/2124/2150
f 2576/2132/2149 2799/2131/2149 2810/2101/2149
f 2616/2130/2147 2828/2263/2147 2822/2314/2147
f 2641/2316/2147 2837/2319/2147 2825/2162/2147
f 2577/2102/2149 2810/2101/2149 2805/2317/2149
f 2581/2288/2148 2609/2320/2148 2610/2318/2148
f 2615/2303/2147 2827/2560/2147 2823/2317/2147
f 2585/2163/2149 2813/2162/2149 2836/2319/2149
f 2578/2299/2148 2606/2306/2148 2609/2320/2148
f 2598/2185/2147 2815/2184/2147 2824/2321/2147
f 2503/2255/2149 2787/2254/2149 2795/2323/2149
f 2579/2255/2149 2808/2254/2149 2809/2323/2149
f 2574/2324/2148 2602/2330/2148 2932/2325/2148
f 2612/2322/2147 2824/2321/2147 2832/2326/2147
f 2561/2253/2147 2794/2323/2147 2785/2254/2147
f 2571/2328/2148 2599/2393/2148 2618/2329/2148
f 2627/2273/2148 2628/2379/2148 2602/2330/2148
f 2622/2242/2148 2627/2273/2148 2574/2324/2148
f 2620/2248/2148 2626/2247/2148 2474/2331/2148
f 2626/2247/2148 2625/2246/2148 2468/2333/2148
f 2623/2244/2148 2624/2243/2148 2462/2049/2148
f 2893/2245/2148 2623/2244/2148 2456/2073/2148
f 2624/2243/2148 2622/2242/2148 2448/2293/2148
f 2677/2241/2148 2621/2240/2148 2447/2335/2148
f 2580/2311/2149 2797/2310/2149 2808/2254/2149
f 2631/2336/2148 2636/2624/2148 2586/2337/2148
f 2449/2338/2145 2683/2415/2145 2690/2339/2145
f 2457/2312/2149 2687/2662/2149 2918/2341/2149
f 2539/2230/2148 2632/2343/2148 2633/2347/2148
f 2539/2308/2149 2688/2620/2149 2695/2344/2149
f 2678/2345/2148 2630/2627/2148 2537/2346/2148
f 2633/2347/2148 2631/2336/2148 2538/2274/2148
f 2640/2277/2148 2641/2376/2148 2645/2348/2148
f 2639/2278/2148 2640/2277/2148 2644/2349/2148
f 2679/2224/2148 2638/2223/2148 2642/2351/2148
f 2643/2206/2149 2711/2205/2149 2723/2353/2149
f 2459/2203/2150 2541/2202/2150 2702/2355/2150
f 2437/2357/2150 2471/2212/2150 2706/2211/2150
f 2639/2354/2149 2723/2353/2149 2717/2358/2149
f 2452/2207/2145 2700/2355/2145 2629/2202/2145
f 2458/2203/2145 2629/2202/2145 2536/2359/2145
f 2434/2357/2145 2634/2356/2145 2705/2211/2145
f 2680/2352/2148 2642/2351/2148 2532/2360/2148
f 2643/2350/2148 2644/2349/2148 2584/2361/2148
f 2603/2312/2147 2817/2550/2147 2924/2362/2147
f 2653/2296/2148 2654/2374/2148 2601/2363/2148
f 2646/2041/2148 2653/2296/2148 2573/2364/2148
f 2648/2096/2148 2652/2079/2148 2472/2366/2148
f 2652/2079/2148 2651/2078/2148 2466/2368/2148
f 2649/2070/2148 2650/2042/2148 2460/2369/2148
f 2894/2071/2148 2649/2070/2148 2454/2370/2148
f 2650/2042/2148 2646/2041/2148 2442/2365/2148
f 2681/2039/2148 2647/2038/2148 2444/2372/2148
f 2654/2374/2148 2681/2039/2148 2658/2373/2148
f 2645/2348/2148 2680/2352/2148 2669/2213/2148
f 2641/2376/2148 2679/2224/2148 2680/2352/2148
f 2637/2377/2148 2678/2345/2148 2671/2235/2148
f 2628/2379/2148 2677/2241/2148 2659/2052/2148
f 2606/2306/2148 2619/2380/2148 2676/2258/2148
f 2618/2329/2148 2675/2036/2148 2665/2170/2148
f 2619/2380/2148 2617/2382/2148 2674/2158/2148
f 2613/2105/2145 2759/2104/2145 2769/2383/2145
f 2615/2384/2148 2672/2200/2148 2677/2241/2148
f 2501/2106/2150 2741/2304/2150 2740/2107/2150
f 2613/2385/2148 2670/2045/2148 2679/2224/2148
f 2560/2253/2149 2744/2261/2149 2741/2386/2149
f 2594/2146/2149 2736/2262/2149 2744/2261/2149
f 2616/2387/2148 2610/2318/2148 2667/2173/2148
f 2610/2318/2148 2609/2320/2148 2666/2142/2148
f 2612/2322/2147 2750/2391/2147 2751/2388/2147
f 2612/2105/2150 2669/2103/2150 2768/2383/2150
f 2609/2320/2148 2606/2306/2148 2663/2140/2148
f 2598/2105/2145 2751/2104/2145 2760/2383/2145
f 2672/2303/2149 2771/2302/2149 2767/2389/2149
f 2614/2308/2147 2748/2615/2147 2921/2390/2147
f 2602/2330/2148 2659/2052/2148 2933/2054/2148
f 2655/2185/2149 2760/2388/2149 2768/2391/2149
f 2598/2392/2148 2655/2037/2148 2681/2039/2148
f 2599/2393/2148 2656/2034/2148 2675/2036/2148
f 2895/2394/2148 2685/2663/2148 2935/2395/2148
f 2937/2399/2148 2689/2397/2148 2684/2579/2148
f 2934/2401/2148 2692/2400/2148 2689/2397/2148
f 2682/2402/2148 2693/2405/2148 2920/2403/2148
f 2693/2405/2148 2691/2412/2148 2919/2406/2148
f 2897/2407/2148 2688/2414/2148 2918/2408/2148
f 2694/2410/2148 2697/2411/2148 2693/2405/2148
f 2697/2411/2148 2696/2576/2148 2691/2412/2148
f 2898/2413/2148 2695/2623/2148 2688/2414/2148
f 2468/2083/2150 2684/2416/2150 2689/2339/2150
f 2474/2340/2150 2689/2339/2150 2692/2415/2150
f 2475/2340/2145 2690/2339/2145 2686/2416/2145
f 2706/2417/2148 2701/2592/2148 2720/2418/2148
f 2716/2421/2148 2708/2420/2148 2706/2417/2148
f 2635/2422/2148 2709/2425/2148 2705/2423/2148
f 2709/2425/2148 2707/2448/2148 2699/2426/2148
f 2703/2427/2148 2704/2432/2148 2629/2428/2148
f 2900/2430/2148 2703/2427/2148 2700/2429/2148
f 2704/2432/2148 2542/2449/2148 2536/2433/2148
f 2716/2421/2148 2721/2419/2148 2727/2434/2148
f 2721/2419/2148 2720/2418/2148 2726/2436/2148
f 2718/2065/2148 2719/2064/2148 2725/2437/2148
f 2901/2092/2148 2718/2065/2148 2724/2438/2148
f 2719/2064/2148 2717/2234/2148 2723/2440/2148
f 2713/2442/2148 2725/2437/2148 2723/2440/2148
f 2902/2439/2148 2724/2438/2148 2712/2443/2148
f 2724/2438/2148 2725/2437/2148 2713/2442/2148
f 2727/2434/2148 2726/2436/2148 2714/2445/2148
f 2722/2435/2148 2727/2434/2148 2715/2446/2148
f 2710/2447/2148 2715/2446/2148 2709/2425/2148
f 2715/2446/2148 2714/2445/2148 2707/2448/2148
f 2712/2443/2148 2713/2442/2148 2704/2432/2148
f 2903/2444/2148 2712/2443/2148 2703/2427/2148
f 2713/2442/2148 2711/2441/2148 2542/2449/2148
f 2728/2450/2148 2729/2664/2148 2732/2451/2148
f 2905/2454/2148 2904/2453/2148 2728/2450/2148
f 2740/2455/2148 2741/2665/2148 2744/2456/2148
f 2907/2458/2148 2740/2455/2148 2743/2457/2148
f 2908/2459/2148 2743/2457/2148 2734/2460/2148
f 2743/2457/2148 2744/2456/2148 2736/2462/2148
f 2734/2460/2148 2736/2462/2148 2737/2463/2148
f 2906/2465/2148 2909/2461/2148 2734/2460/2148
f 2746/2466/2148 2772/2646/2148 2763/2467/2148
f 2748/2469/2148 2770/2666/2148 2922/2470/2148
f 2750/2472/2148 2768/2647/2148 2760/2473/2148
f 2752/2475/2148 2767/2484/2148 2771/2476/2148
f 2754/2478/2148 2766/2667/2148 2765/2479/2148
f 2755/2480/2148 2765/2479/2148 2773/2481/2148
f 2757/2483/2148 2764/2485/2148 2767/2484/2148
f 2747/2468/2148 2763/2467/2148 2764/2485/2148
f 2758/2488/2148 2749/2486/2148 2762/2616/2148
f 2758/2488/2148 2761/2487/2148 2769/2489/2148
f 2495/2083/2145 2739/2561/2145 2871/2151/2145
f 2664/2255/2149 2765/2386/2149 2766/2491/2149
f 2486/2108/2145 2731/2107/2145 2732/2304/2145
f 2479/2108/2150 2728/2107/2150 2904/2149/2150
f 2615/2105/2145 2753/2104/2145 2771/2383/2145
f 2674/2253/2149 2773/2261/2149 2765/2386/2149
f 2616/2105/2150 2673/2103/2150 2772/2383/2150
f 2608/2311/2147 2754/2491/2147 2755/2386/2147
f 2617/2105/2145 2756/2104/2145 2773/2383/2145
f 2668/2100/2149 2767/2389/2149 2764/2492/2149
f 2607/2255/2147 2755/2386/2147 2756/2261/2147
f 2662/2102/2149 2764/2492/2149 2763/2493/2149
f 2657/2161/2149 2761/2496/2149 2762/2494/2149
f 2605/2102/2147 2757/2492/2147 2752/2389/2147
f 2661/2132/2149 2763/2493/2149 2772/2495/2149
f 2604/2132/2147 2747/2493/2147 2757/2492/2147
f 2670/2163/2149 2769/2498/2149 2761/2496/2149
f 2603/2312/2147 2749/2494/2147 2758/2496/2147
f 2494/2148/2149 2737/2497/2149 2736/2262/2149
f 2608/2105/2150 2665/2103/2150 2766/2383/2150
f 2660/2312/2149 2762/2494/2149 2922/2390/2149
f 2616/2130/2147 2746/2495/2147 2747/2493/2147
f 2487/2102/2149 2732/2492/2149 2729/2493/2149
f 2595/2146/2147 2738/2262/2147 2739/2497/2147
f 2481/2132/2147 2730/2493/2147 2733/2492/2147
f 2600/2161/2147 2758/2496/2147 2759/2498/2147
f 2777/2256/2148 2775/2505/2148 2778/2499/2148
f 2779/2098/2148 2778/2499/2148 2792/2500/2148
f 2783/2300/2148 2781/2507/2148 2788/2501/2148
f 2787/2160/2148 2785/2503/2148 2794/2502/2148
f 2786/2266/2148 2784/2267/2148 2785/2503/2148
f 2790/2179/2148 2791/2178/2148 2774/2504/2148
f 2776/2181/2148 2774/2504/2148 2775/2505/2148
f 2795/2144/2148 2794/2502/2148 2780/2506/2148
f 2782/2264/2148 2780/2506/2148 2781/2507/2148
f 2796/2508/2148 2830/2668/2148 2821/2509/2148
f 2809/2511/2148 2829/2535/2148 2831/2512/2148
f 2798/2514/2148 2828/2532/2148 2818/2515/2148
f 2834/2519/2148 2806/2517/2148 2827/2530/2148
f 2923/2522/2148 2800/2520/2148 2826/2546/2148
f 2813/2523/2148 2825/2542/2148 2837/2524/2148
f 2803/2526/2148 2824/2548/2148 2815/2527/2148
f 2806/2517/2148 2805/2529/2148 2823/2537/2148
f 2807/2531/2148 2822/2669/2148 2828/2532/2148
f 2797/2510/2148 2821/2509/2148 2820/2533/2148
f 2808/2534/2148 2820/2533/2148 2829/2535/2148
f 2805/2529/2148 2810/2536/2148 2819/2538/2148
f 2799/2516/2148 2818/2515/2148 2819/2538/2148
f 2801/2539/2148 2817/2614/2148 2816/2540/2148
f 2811/2541/2148 2816/2540/2148 2825/2542/2148
f 2804/2528/2148 2815/2527/2148 2839/2543/2148
f 2800/2520/2148 2812/2545/2148 2833/2644/2148
f 2802/2547/2148 2832/2670/2148 2824/2548/2148
f 2523/2083/2145 2791/2557/2145 2790/2549/2145
f 2509/2083/2145 2784/2557/2145 2786/2549/2145
f 2605/2102/2147 2819/2101/2147 2818/2131/2147
f 2600/2161/2147 2816/2313/2147 2817/2550/2147
f 2610/2105/2145 2822/2124/2145 2807/2551/2145
f 2614/2308/2147 2826/2307/2147 2833/2552/2147
f 2613/2163/2147 2825/2162/2147 2816/2313/2147
f 2555/2130/2147 2774/2263/2147 2791/2314/2147
f 2524/2315/2149 2790/2314/2149 2776/2263/2149
f 2595/2146/2147 2780/2301/2147 2794/2323/2147
f 2637/2105/2145 2833/2124/2145 2812/2551/2145
f 2562/2253/2149 2795/2323/2149 2782/2301/2149
f 2590/2553/2149 2796/2556/2149 2797/2310/2149
f 2589/2253/2149 2809/2323/2149 2814/2301/2149
f 2588/2130/2149 2798/2263/2149 2799/2131/2149
f 2618/2105/2145 2830/2124/2145 2796/2551/2145
f 2530/2100/2147 2792/2317/2147 2778/2101/2147
f 2516/2554/2147 2788/2555/2147 2781/2147/2147
f 2502/2255/2147 2785/2254/2147 2784/2310/2147
f 2488/2102/2147 2778/2101/2147 2775/2131/2147
f 2597/2123/2150 2814/2551/2150 2831/2124/2150
f 2489/2102/2149 2779/2101/2149 2793/2317/2149
f 2496/2148/2149 2783/2147/2149 2789/2555/2149
f 2586/2308/2149 2800/2307/2149 2923/2362/2149
f 2510/2311/2149 2786/2310/2149 2787/2254/2149
f 2482/2132/2149 2777/2131/2149 2779/2101/2149
f 2644/2327/2149 2802/2326/2149 2803/2321/2149
f 2608/2311/2147 2821/2310/2147 2830/2556/2147
f 2531/2340/2150 2793/2549/2150 2792/2557/2150
f 2584/2322/2149 2803/2321/2149 2804/2184/2149
f 2587/2303/2149 2806/2560/2149 2834/2558/2149
f 2619/2146/2147 2831/2301/2147 2829/2323/2147
f 2583/2100/2149 2805/2317/2149 2806/2560/2149
f 2628/2559/2147 2835/2558/2147 2827/2560/2147
f 2604/2132/2147 2818/2131/2147 2828/2263/2147
f 2645/2105/2145 2832/2124/2145 2802/2551/2145
f 2582/2315/2149 2807/2314/2149 2798/2263/2149
f 2627/2123/2150 2834/2551/2150 2835/2124/2150
f 2517/2340/2150 2789/2549/2150 2788/2557/2150
f 2847/2152/2150 2869/2151/2150 2730/2561/2150
f 2849/2152/2145 2871/2151/2145 2906/2149/2145
f 2739/2564/2148 2738/2562/2148 2874/2566/2148
f 2745/2565/2148 2873/2568/2148 2874/2566/2148
f 2745/2565/2148 2742/2567/2148 2872/2601/2148
f 2733/2571/2148 2730/2569/2148 2869/2602/2148
f 2707/2448/2148 2714/2445/2148 2868/2573/2148
f 2714/2445/2148 2726/2436/2148 2867/2574/2148
f 2720/2418/2148 2866/2593/2148 2867/2574/2148
f 2707/2448/2148 2865/2572/2148 2840/2575/2148
f 2691/2412/2148 2696/2576/2148 2863/2603/2148
f 2919/2406/2148 2691/2412/2148 2862/2577/2148
f 2684/2579/2148 2860/2604/2148 2938/2580/2148
f 2651/2078/2148 2859/2595/2148 2843/2581/2148
f 2625/2246/2148 2858/2585/2148 2845/2582/2148
f 2568/2081/2148 2857/2597/2148 2851/2583/2148
f 2481/2505/2148 2555/2504/2148 2856/2587/2148
f 2548/2194/2148 2855/2586/2148 2858/2585/2148
f 2845/2085/2150 2860/2084/2150 2684/2416/2150
f 2841/2221/2145 2840/2220/2145 2875/2208/2145
f 2842/2221/2150 2864/2220/2150 2701/2222/2150
f 2530/2500/2148 2854/2591/2148 2855/2586/2148
f 2523/2178/2148 2853/2588/2148 2856/2587/2148
f 2523/2178/2148 2516/2501/2148 2852/2590/2148
f 2509/2267/2148 2851/2583/2148 2850/2589/2148
f 2848/2152/2145 2870/2151/2145 2905/2149/2145
f 2850/2152/2150 2872/2151/2150 2742/2561/2150
f 2516/2501/2148 2495/2507/2148 2849/2605/2148
f 2488/2499/2148 2848/2606/2148 2854/2591/2148
f 2701/2592/2148 2864/2607/2148 2866/2593/2148
f 2846/2085/2145 2861/2084/2145 2896/2229/2145
f 2464/2594/2148 2841/2608/2148 2859/2595/2148
f 2467/2596/2148 2844/2609/2148 2857/2597/2148
f 2469/2598/2148 2846/2610/2148 2842/2599/2148
f 2881/2150/2145 2896/2229/2145 2687/2600/2145
f 2883/2150/2145 2905/2149/2145 2731/2107/2145
f 2876/2209/2145 2875/2208/2145 2700/2355/2145
f 2884/2150/2145 2906/2149/2145 2735/2107/2145
f 2882/2150/2150 2904/2149/2150 2869/2151/2150
f 2874/2566/2148 2909/2461/2148 2906/2465/2148
f 2874/2566/2148 2873/2568/2148 2908/2459/2148
f 2872/2601/2148 2907/2458/2148 2908/2459/2148
f 2869/2602/2148 2904/2453/2148 2905/2454/2148
f 2865/2572/2148 2868/2573/2148 2903/2444/2148
f 2867/2574/2148 2902/2439/2148 2903/2444/2148
f 2866/2593/2148 2901/2092/2148 2902/2439/2148
f 2865/2572/2148 2900/2430/2148 2875/2431/2148
f 2938/2580/2149 2950/2580/2149 2948/2603/2149
f 2897/2407/2147 2943/2407/2147 2951/2413/2147
f 2860/2604/2148 2895/2394/2148 2939/2396/2148
f 2859/2595/2148 2894/2071/2148 2878/2371/2148
f 2858/2585/2148 2893/2245/2148 2880/2334/2148
f 2857/2597/2148 2892/2068/2148 2886/2166/2148
f 2856/2587/2148 2891/2188/2148 2882/2252/2148
f 2855/2586/2148 2890/2197/2148 2893/2245/2148
f 2880/2150/2150 2895/2229/2150 2860/2084/2150
f 2877/2209/2150 2899/2208/2150 2864/2220/2150
f 2855/2586/2148 2854/2591/2148 2889/2121/2148
f 2853/2588/2148 2888/2177/2148 2891/2188/2148
f 2853/2588/2148 2852/2590/2148 2887/2137/2148
f 2851/2583/2148 2886/2166/2148 2885/2167/2148
f 2885/2150/2150 2907/2149/2150 2872/2151/2150
f 2849/2605/2148 2884/2136/2148 2887/2137/2148
f 2848/2606/2148 2883/2119/2148 2889/2121/2148
f 2864/2607/2148 2899/2091/2148 2901/2092/2148
f 2841/2608/2148 2876/2069/2148 2894/2071/2148
f 2844/2609/2148 2879/2066/2148 2892/2068/2148
f 2846/2610/2148 2881/2060/2148 2877/2062/2148
f 2925/2578/2148 2926/2409/2148 2896/2611/2148
f 2919/2406/2148 2925/2578/2148 2861/2612/2148
f 2914/2342/2149 2923/2362/2149 2801/2550/2149
f 2923/2522/2148 2924/2521/2148 2817/2614/2148
f 2916/2342/2149 2922/2390/2149 2770/2615/2149
f 2921/2471/2148 2922/2470/2148 2762/2616/2148
f 2926/2409/2148 2918/2408/2148 2687/2617/2148
f 2920/2403/2148 2919/2406/2148 2686/2613/2148
f 2917/2404/2148 2920/2403/2148 2690/2618/2148
f 2915/2342/2147 2921/2390/2147 2749/2494/2147
f 2915/2342/2147 2924/2362/2147 2826/2307/2147
f 2912/2342/2149 2918/2341/2149 2688/2620/2149
f 2911/2239/2148 2914/2275/2148 2575/2621/2148
f 2913/2231/2148 2911/2239/2148 2451/2291/2148
f 2916/2237/2148 2910/2236/2148 2450/2622/2148
f 2912/2232/2148 2913/2231/2148 2463/2057/2148
f 2898/2413/2147 2951/2413/2147 2953/2396/2147
f 2936/2398/2148 2938/2580/2148 2863/2603/2148
f 2934/2401/2148 2937/2399/2148 2697/2411/2148
f 2937/2399/2148 2936/2398/2148 2696/2576/2148
f 2939/2396/2148 2935/2395/2148 2695/2623/2148
f 2932/2325/2148 2933/2054/2148 2678/2345/2148
f 2636/2624/2148 2931/2294/2148 2932/2325/2148
f 2631/2336/2148 2928/2050/2148 2931/2294/2148
f 2929/2227/2149 2935/2226/2149 2685/2625/2149
f 2632/2343/2148 2929/2074/2148 2930/2051/2148
f 2933/2054/2148 2927/2053/2148 2630/2627/2148
f 2633/2347/2148 2930/2051/2148 2928/2050/2148
f 2952/2628/2149 2957/2628/2149 2959/2629/2149
f 2941/2630/2147 2956/2630/2147 2962/2631/2147
f 2946/2631/2145 2962/2631/2145 2963/2632/2145
f 2925/2578/2150 2954/2578/2150 2955/2409/2150
f 2863/2603/2149 2948/2603/2149 2949/2577/2149
f 2862/2577/2149 2949/2577/2149 2954/2578/2149
f 2939/2396/2145 2953/2396/2145 2950/2580/2145
f 2926/2409/2147 2955/2409/2147 2943/2407/2147
f 2941/2630/2148 2949/2640/2148 2948/2633/2148
f 2942/2635/2148 2940/2634/2148 2948/2633/2148
f 2944/2629/2148 2951/2639/2148 2943/2637/2148
f 2945/2638/2148 2953/2643/2148 2951/2639/2148
f 2946/2631/2148 2954/2642/2148 2949/2640/2148
f 2947/2632/2148 2952/2628/2148 2943/2637/2148
f 2946/2631/2148 2947/2632/2148 2955/2641/2148
f 2942/2635/2148 2950/2636/2148 2953/2643/2148
f 2956/2630/2148 2958/2634/2148 2959/2629/2148
f 2956/2630/2148 2957/2628/2148 2963/2632/2148
f 2958/2634/2148 2960/2635/2148 2961/2638/2148
f 2940/2634/2147 2958/2634/2147 2956/2630/2147
f 2945/2638/2150 2961/2638/2150 2960/2635/2150
f 2947/2632/2149 2963/2632/2149 2957/2628/2149
f 2944/2629/2149 2959/2629/2149 2961/2638/2149
f 2942/2635/2147 2960/2635/2147 2958/2634/2147
f 3186/2034/2150 2968/2660/2150 3094/2035/2150
f 3185/2037/2150 2965/2214/2150 3177/2038/2150
f 2988/2040/2150 2966/2281/2150 3176/2041/2150
f 3187/2043/2150 2969/2056/2150 3064/2044/2150
f 2991/2046/2150 2973/2297/2150 3095/2047/2150
f 2992/2049/2150 2978/2293/2150 3458/2050/2150
f 3189/2052/2150 2977/2335/2150 3457/2053/2150
f 3190/2055/2150 2980/2622/2150 2969/2056/2150
f 2993/2057/2150 2981/2291/2150 2970/2058/2150
f 3411/2060/2150 2987/2072/2150 2983/2061/2150
f 3232/2063/2150 3071/2233/2150 3249/2064/2150
f 3409/2066/2150 2985/2075/2150 3096/2067/2150
f 3406/2069/2150 2982/2076/2150 3179/2070/2150
f 2987/2072/2150 2993/2057/2150 2989/2059/2150
f 2986/2073/2150 2992/2049/2150 3460/2051/2150
f 2985/2075/2150 2991/2046/2150 3097/2048/2150
f 2982/2076/2150 2988/2040/2150 3180/2042/2150
f 3000/2077/2150 2994/2594/2150 3181/2078/2150
f 3003/2080/2150 2997/2596/2150 3098/2081/2150
f 2999/2083/2148 3216/2416/2148 3391/2084/2148
f 3005/2086/2150 2999/2598/2150 2995/2087/2150
f 2979/2089/2150 3005/2086/2150 3001/2088/2150
f 3429/2091/2150 3232/2063/2150 3248/2065/2150
f 2971/2093/2150 3003/2080/2150 3099/2082/2150
f 2964/2095/2150 3000/2077/2150 3182/2079/2150
f 3006/2097/2150 3012/2256/2150 3019/2098/2150
f 3141/2100/2147 3353/2317/2147 3349/2101/2147
f 3201/2103/2146 3300/2383/2146 3278/2104/2146
f 3010/2106/2146 3259/2304/2146 3258/2107/2146
f 3010/2109/2150 3008/2250/2150 3015/2110/2150
f 3191/2112/2150 3007/2249/2150 3014/2113/2150
f 3192/2114/2150 3014/2113/2150 3056/2115/2150
f 3017/2111/2150 3015/2110/2150 3057/2117/2150
f 3413/2119/2150 3016/2122/2150 3058/2120/2150
f 3016/2122/2150 3017/2111/2150 3059/2118/2150
f 3183/2123/2146 3368/2551/2146 3369/2124/2146
f 3013/2099/2150 3019/2098/2150 3061/2125/2150
f 3020/2127/2150 3026/2300/2150 3047/2128/2150
f 3086/2130/2149 3306/2263/2149 3307/2131/2149
f 3023/2133/2150 3024/2138/2150 3045/2134/2150
f 3414/2136/2150 3023/2133/2150 3044/2135/2150
f 3024/2138/2150 3022/2287/2150 3043/2139/2150
f 3193/2140/2150 3021/2305/2150 3042/2141/2150
f 3027/2143/2150 3033/2160/2150 3092/2144/2150
f 3126/2146/2149 3312/2301/2149 3313/2147/2149
f 3030/2108/2146 3270/2107/2146 3437/2149/2146
f 3018/2083/2148 3263/2561/2148 3400/2151/2148
f 3031/2153/2150 3029/2169/2150 3089/2154/2150
f 3194/2156/2150 3028/2171/2150 3088/2157/2150
f 3034/2159/2150 3040/2266/2150 3033/2160/2150
f 3102/2161/2149 3341/2313/2149 3343/2162/2149
f 3037/2164/2150 3038/2168/2150 3031/2153/2150
f 3416/2166/2150 3037/2164/2150 3030/2165/2150
f 3038/2168/2150 3036/2268/2150 3029/2169/2150
f 3195/2170/2150 3035/2269/2150 3028/2171/2150
f 3196/2142/2150 3042/2141/2150 3049/2172/2150
f 3045/2134/2150 3043/2139/2150 3050/2174/2150
f 3417/2137/2150 3044/2135/2150 3051/2176/2150
f 3044/2135/2150 3045/2134/2150 3052/2175/2150
f 3047/2128/2150 3046/2501/2150 3053/2178/2150
f 3041/2129/2150 3047/2128/2150 3054/2179/2150
f 3048/2180/2150 3054/2179/2150 3086/2181/2150
f 3184/2183/2147 3369/2309/2147 3345/2184/2147
f 3051/2176/2150 3052/2175/2150 3084/2186/2150
f 3418/2177/2150 3051/2176/2150 3083/2187/2150
f 3052/2175/2150 3050/2174/2150 3082/2189/2150
f 3197/2173/2150 3049/2172/2150 3081/2190/2150
f 3055/2126/2150 3061/2125/2150 3079/2192/2150
f 3061/2125/2150 3060/2500/2150 3078/2194/2150
f 3058/2120/2150 3059/2118/2150 3077/2195/2150
f 3419/2121/2150 3058/2120/2150 3076/2196/2150
f 3059/2118/2150 3057/2117/2150 3075/2198/2150
f 3198/2116/2150 3056/2115/2150 3074/2199/2150
f 2970/2201/2146 3228/2359/2146 3071/2202/2146
f 3063/2204/2149 3072/2216/2149 3241/2205/2149
f 2983/2207/2146 3232/2355/2146 3429/2208/2146
f 2995/2210/2146 3231/2222/2146 3236/2211/2146
f 3199/2213/2150 3062/2360/2150 2965/2214/2150
f 2966/2215/2149 3066/2661/2149 3072/2216/2149
f 3065/2217/2149 3247/2358/2149 3228/2218/2149
f 2994/2210/2148 3229/2222/2148 3370/2220/2148
f 3000/2212/2148 3235/2211/2148 3229/2222/2148
f 3200/2045/2150 3064/2044/2150 3168/2223/2150
f 3162/2225/2149 3225/2344/2149 3465/2226/2149
f 2986/2228/2146 3215/2600/2146 3425/2229/2146
f 3069/2230/2150 3070/2238/2150 3443/2231/2150
f 3071/2233/2150 3228/2645/2150 3247/2234/2150
f 3201/2235/2150 3067/2346/2150 3440/2236/2150
f 3070/2238/2150 3068/2274/2150 3441/2239/2150
f 3202/2200/2150 3074/2199/2150 3151/2240/2150
f 3077/2195/2150 3075/2198/2150 3152/2242/2150
f 3420/2197/2150 3076/2196/2150 3153/2244/2150
f 3076/2196/2150 3077/2195/2150 3154/2243/2150
f 3079/2192/2150 3078/2194/2150 3155/2246/2150
f 3073/2193/2150 3079/2192/2150 3156/2247/2150
f 3203/2191/2150 3081/2190/2150 3007/2249/2150
f 3084/2186/2150 3082/2189/2150 3008/2250/2150
f 3421/2188/2150 3083/2187/2150 3009/2251/2150
f 3083/2187/2150 3084/2186/2150 3010/2109/2150
f 3147/2253/2147 3359/2323/2147 3350/2254/2147
f 3080/2182/2150 3086/2181/2150 3012/2256/2150
f 3204/2158/2150 3088/2157/2150 3122/2257/2150
f 3090/2155/2150 3089/2154/2150 3123/2259/2150
f 3032/2255/2147 3272/2386/2147 3275/2261/2147
f 3091/2253/2147 3275/2261/2147 3268/2262/2147
f 3011/2132/2147 3305/2131/2147 3304/2263/2147
f 3087/2145/2150 3092/2144/2150 3126/2264/2150
f 3093/2094/2150 3099/2082/2150 3040/2266/2150
f 3099/2082/2150 3098/2081/2150 3039/2267/2150
f 3096/2067/2150 3097/2048/2150 3038/2168/2150
f 3422/2068/2150 3096/2067/2150 3037/2164/2150
f 3097/2048/2150 3095/2047/2150 3036/2268/2150
f 3205/2036/2150 3094/2035/2150 3035/2269/2150
f 3095/2047/2150 3120/2298/2150 3110/2270/2150
f 3089/2154/2150 3119/2286/2150 3127/2271/2150
f 3082/2189/2150 3118/2283/2150 3106/2272/2150
f 3075/2198/2150 3117/2282/2150 3157/2273/2150
f 3068/2274/2150 3116/2337/2150 3444/2275/2150
f 3065/2276/2150 3115/2295/2150 3170/2277/2150
f 3063/2279/2150 3114/2361/2150 3100/2280/2150
f 3057/2117/2150 3113/2289/2150 3117/2282/2150
f 3050/2174/2150 3112/2284/2150 3118/2283/2150
f 3043/2139/2150 3111/2288/2150 3112/2284/2150
f 3036/2268/2150 3110/2270/2150 3109/2285/2150
f 3029/2169/2150 3109/2285/2150 3119/2286/2150
f 3022/2287/2150 3108/2299/2150 3111/2288/2150
f 3015/2110/2150 3107/2290/2150 3113/2289/2150
f 3008/2250/2150 3106/2272/2150 3107/2290/2150
f 2981/2291/2150 3105/2621/2150 3102/2292/2150
f 2978/2293/2150 3104/2324/2150 3461/2294/2150
f 2970/2058/2150 3102/2292/2150 3115/2295/2150
f 2966/2281/2150 3100/2280/2150 3183/2296/2150
f 2973/2297/2150 3101/2328/2150 3120/2298/2150
f 3123/2259/2150 3127/2271/2150 3108/2299/2150
f 3121/2265/2150 3126/2264/2150 3026/2300/2150
f 3125/2146/2147 3025/2148/2147 3311/2147/2147
f 3141/2100/2147 3282/2389/2147 3283/2302/2147
f 3023/2108/2148 3265/2107/2148 3267/2304/2148
f 3124/2260/2150 3123/2259/2150 3022/2287/2150
f 3206/2258/2150 3122/2257/2150 3021/2305/2150
f 3127/2271/2150 3149/2380/2150 3136/2306/2150
f 3116/2308/2149 3166/2225/2149 3342/2552/2149
f 3100/2185/2149 3334/2184/2149 3368/2309/2149
f 3137/2255/2147 3350/2254/2147 3351/2310/2147
f 3105/2312/2149 3331/2550/2149 3341/2313/2149
f 3170/2123/2146 3366/2551/2146 3367/2124/2146
f 3106/2132/2149 3329/2131/2149 3340/2101/2149
f 3146/2130/2147 3358/2263/2147 3352/2314/2147
f 3171/2316/2147 3367/2319/2147 3355/2162/2147
f 3113/2100/2149 3107/2102/2149 3340/2101/2149
f 3111/2288/2150 3139/2320/2150 3140/2318/2150
f 3145/2303/2147 3357/2560/2147 3353/2317/2147
f 3115/2163/2149 3343/2162/2149 3366/2319/2149
f 3108/2299/2150 3136/2306/2150 3139/2320/2150
f 3128/2185/2147 3345/2184/2147 3354/2321/2147
f 3033/2255/2149 3317/2254/2149 3325/2323/2149
f 3109/2255/2149 3338/2254/2149 3339/2323/2149
f 3104/2324/2150 3132/2330/2150 3462/2325/2150
f 3142/2322/2147 3354/2321/2147 3362/2326/2147
f 3091/2253/2147 3324/2323/2147 3315/2254/2147
f 3101/2328/2150 3129/2393/2150 3148/2329/2150
f 3157/2273/2150 3158/2379/2150 3132/2330/2150
f 3152/2242/2150 3157/2273/2150 3104/2324/2150
f 3150/2248/2150 3156/2247/2150 3004/2331/2150
f 3156/2247/2150 3155/2246/2150 2998/2333/2150
f 3153/2244/2150 3154/2243/2150 2992/2049/2150
f 3423/2245/2150 3153/2244/2150 2986/2073/2150
f 3154/2243/2150 3152/2242/2150 2978/2293/2150
f 3207/2241/2150 3151/2240/2150 2977/2335/2150
f 3110/2311/2149 3327/2310/2149 3338/2254/2149
f 3161/2336/2150 3166/2624/2150 3116/2337/2150
f 2979/2338/2148 3213/2415/2148 3220/2339/2148
f 2987/2312/2149 3217/2662/2149 3448/2341/2149
f 3162/2343/2150 3163/2347/2150 3070/2238/2150
f 3162/2225/2149 3069/2308/2149 3218/2620/2149
f 3208/2345/2150 3160/2627/2150 3067/2346/2150
f 3163/2347/2150 3161/2336/2150 3068/2274/2150
f 3170/2277/2150 3171/2376/2150 3175/2348/2150
f 3169/2278/2150 3170/2277/2150 3174/2349/2150
f 3209/2224/2150 3168/2223/2150 3172/2351/2150
f 3173/2206/2149 3241/2205/2149 3253/2353/2149
f 2989/2203/2146 3071/2202/2146 3232/2355/2146
f 3001/2212/2146 3236/2211/2146 3238/2356/2146
f 3169/2354/2149 3253/2353/2149 3247/2358/2149
f 2982/2207/2148 3230/2355/2148 3159/2202/2148
f 2988/2203/2148 3159/2202/2148 3066/2359/2148
f 2964/2357/2148 3164/2356/2148 3235/2211/2148
f 3210/2352/2150 3172/2351/2150 3062/2360/2150
f 3173/2350/2150 3174/2349/2150 3114/2361/2150
f 3133/2312/2147 3347/2550/2147 3454/2362/2147
f 3183/2296/2150 3184/2374/2150 3131/2363/2150
f 3176/2041/2150 3183/2296/2150 3103/2364/2150
f 3178/2096/2150 3182/2079/2150 3002/2366/2150
f 3182/2079/2150 3181/2078/2150 2996/2368/2150
f 3179/2070/2150 3180/2042/2150 2990/2369/2150
f 3424/2071/2150 3179/2070/2150 2984/2370/2150
f 3180/2042/2150 3176/2041/2150 2972/2365/2150
f 3211/2039/2150 3177/2038/2150 2974/2372/2150
f 3184/2374/2150 3211/2039/2150 3188/2373/2150
f 3175/2348/2150 3210/2352/2150 3199/2213/2150
f 3171/2376/2150 3209/2224/2150 3210/2352/2150
f 3167/2377/2150 3208/2345/2150 3201/2235/2150
f 3158/2379/2150 3207/2241/2150 3189/2052/2150
f 3149/2380/2150 3206/2258/2150 3193/2140/2150
f 3148/2329/2150 3205/2036/2150 3195/2170/2150
f 3147/2382/2150 3204/2158/2150 3206/2258/2150
f 3143/2105/2148 3289/2104/2148 3299/2383/2148
f 3145/2384/2150 3202/2200/2150 3207/2241/2150
f 3031/2106/2146 3271/2304/2146 3270/2107/2146
f 3143/2385/2150 3200/2045/2150 3209/2224/2150
f 3090/2253/2149 3274/2261/2149 3271/2386/2149
f 3124/2146/2149 3266/2262/2149 3274/2261/2149
f 3140/2318/2150 3197/2173/2150 3203/2191/2150
f 3139/2320/2150 3196/2142/2150 3197/2173/2150
f 3142/2322/2147 3280/2391/2147 3281/2388/2147
f 3199/2103/2146 3298/2383/2146 3280/2104/2146
f 3136/2306/2150 3193/2140/2150 3196/2142/2150
f 3128/2105/2148 3281/2104/2148 3290/2383/2148
f 3198/2100/2149 3202/2303/2149 3301/2302/2149
f 3144/2308/2147 3278/2615/2147 3451/2390/2147
f 3132/2330/2150 3189/2052/2150 3463/2054/2150
f 3185/2185/2149 3290/2388/2149 3298/2391/2149
f 3128/2392/2150 3185/2037/2150 3211/2039/2150
f 3129/2393/2150 3186/2034/2150 3205/2036/2150
f 3425/2394/2150 3215/2663/2150 3465/2395/2150
f 3219/2397/2150 3214/2579/2150 3466/2398/2150
f 3222/2400/2150 3219/2397/2150 3467/2399/2150
f 3212/2402/2150 3223/2405/2150 3450/2403/2150
f 3223/2405/2150 3221/2412/2150 3449/2406/2150
f 3427/2407/2150 3218/2414/2150 3448/2408/2150
f 3224/2410/2150 3227/2411/2150 3223/2405/2150
f 3227/2411/2150 3226/2576/2150 3221/2412/2150
f 3428/2413/2150 3225/2623/2150 3218/2414/2150
f 2998/2083/2146 3214/2416/2146 3219/2339/2146
f 3004/2340/2146 3219/2339/2146 3222/2415/2146
f 3005/2340/2148 3220/2339/2148 3216/2416/2148
f 3236/2417/2150 3231/2592/2150 3250/2418/2150
f 3238/2420/2150 3236/2417/2150 3251/2419/2150
f 3165/2422/2150 3239/2425/2150 3235/2423/2150
f 3239/2425/2150 3237/2448/2150 3229/2426/2150
f 3233/2427/2150 3234/2432/2150 3159/2428/2150
f 3430/2430/2150 3233/2427/2150 3230/2429/2150
f 3234/2432/2150 3072/2449/2150 3066/2433/2150
f 3246/2421/2150 3251/2419/2150 3257/2434/2150
f 3251/2419/2150 3250/2418/2150 3256/2436/2150
f 3248/2065/2150 3249/2064/2150 3255/2437/2150
f 3431/2092/2150 3248/2065/2150 3254/2438/2150
f 3249/2064/2150 3247/2234/2150 3253/2440/2150
f 3255/2437/2150 3253/2440/2150 3241/2441/2150
f 3432/2439/2150 3254/2438/2150 3242/2443/2150
f 3254/2438/2150 3255/2437/2150 3243/2442/2150
f 3257/2434/2150 3256/2436/2150 3244/2445/2150
f 3252/2435/2150 3257/2434/2150 3245/2446/2150
f 3240/2447/2150 3245/2446/2150 3239/2425/2150
f 3245/2446/2150 3244/2445/2150 3237/2448/2150
f 3242/2443/2150 3243/2442/2150 3234/2432/2150
f 3433/2444/2150 3242/2443/2150 3233/2427/2150
f 3243/2442/2150 3241/2441/2150 3072/2449/2150
f 3258/2450/2150 3259/2664/2150 3262/2451/2150
f 3434/2453/2150 3258/2450/2150 3261/2452/2150
f 3270/2455/2150 3271/2665/2150 3274/2456/2150
f 3437/2458/2150 3270/2455/2150 3273/2457/2150
f 3438/2459/2150 3273/2457/2150 3264/2460/2150
f 3273/2457/2150 3274/2456/2150 3266/2462/2150
f 3264/2460/2150 3266/2462/2150 3267/2463/2150
f 3439/2461/2150 3264/2460/2150 3265/2464/2150
f 3276/2466/2150 3302/2646/2150 3293/2467/2150
f 3278/2469/2150 3300/2666/2150 3452/2470/2150
f 3280/2472/2150 3298/2647/2150 3290/2473/2150
f 3282/2475/2150 3297/2484/2150 3301/2476/2150
f 3284/2478/2150 3296/2667/2150 3295/2479/2150
f 3285/2480/2150 3295/2479/2150 3303/2481/2150
f 3287/2483/2150 3294/2485/2150 3297/2484/2150
f 3277/2468/2150 3293/2467/2150 3294/2485/2150
f 3279/2486/2150 3292/2616/2150 3291/2487/2150
f 3288/2488/2150 3291/2487/2150 3299/2489/2150
f 3025/2083/2148 3269/2561/2148 3401/2151/2148
f 3194/2255/2149 3295/2386/2149 3296/2491/2149
f 3016/2108/2148 3261/2107/2148 3262/2304/2148
f 3009/2108/2146 3258/2107/2146 3434/2149/2146
f 3145/2105/2148 3283/2104/2148 3301/2383/2148
f 3204/2253/2149 3303/2261/2149 3295/2386/2149
f 3203/2103/2146 3302/2383/2146 3276/2104/2146
f 3138/2311/2147 3284/2491/2147 3285/2386/2147
f 3147/2105/2148 3286/2104/2148 3303/2383/2148
f 3198/2100/2149 3297/2389/2149 3294/2492/2149
f 3137/2255/2147 3285/2386/2147 3286/2261/2147
f 3192/2102/2149 3294/2492/2149 3293/2493/2149
f 3187/2161/2149 3291/2496/2149 3292/2494/2149
f 3135/2102/2147 3287/2492/2147 3282/2389/2147
f 3191/2132/2149 3293/2493/2149 3302/2495/2149
f 3134/2132/2147 3277/2493/2147 3287/2492/2147
f 3187/2161/2149 3200/2163/2149 3299/2498/2149
f 3133/2312/2147 3279/2494/2147 3288/2496/2147
f 3024/2148/2149 3267/2497/2149 3266/2262/2149
f 3195/2103/2146 3296/2383/2146 3284/2104/2146
f 3190/2312/2149 3292/2494/2149 3452/2390/2149
f 3146/2130/2147 3276/2495/2147 3277/2493/2147
f 3017/2102/2149 3262/2492/2149 3259/2493/2149
f 3125/2146/2147 3268/2262/2147 3269/2497/2147
f 3011/2132/2147 3260/2493/2147 3263/2492/2147
f 3130/2161/2147 3288/2496/2147 3289/2498/2147
f 3307/2256/2150 3305/2505/2150 3308/2499/2150
f 3309/2098/2150 3308/2499/2150 3322/2500/2150
f 3313/2300/2150 3311/2507/2150 3318/2501/2150
f 3317/2160/2150 3315/2503/2150 3324/2502/2150
f 3316/2266/2150 3314/2267/2150 3315/2503/2150
f 3320/2179/2150 3321/2178/2150 3304/2504/2150
f 3306/2181/2150 3304/2504/2150 3305/2505/2150
f 3325/2144/2150 3324/2502/2150 3310/2506/2150
f 3312/2264/2150 3310/2506/2150 3311/2507/2150
f 3326/2508/2150 3360/2668/2150 3351/2509/2150
f 3339/2511/2150 3359/2535/2150 3361/2512/2150
f 3328/2514/2150 3358/2532/2150 3348/2515/2150
f 3336/2517/2150 3357/2530/2150 3365/2518/2150
f 3330/2520/2150 3356/2546/2150 3454/2521/2150
f 3343/2523/2150 3355/2542/2150 3367/2524/2150
f 3333/2526/2150 3354/2548/2150 3345/2527/2150
f 3335/2529/2150 3353/2537/2150 3357/2530/2150
f 3337/2531/2150 3352/2669/2150 3358/2532/2150
f 3327/2510/2150 3351/2509/2150 3350/2533/2150
f 3338/2534/2150 3350/2533/2150 3359/2535/2150
f 3340/2536/2150 3349/2538/2150 3353/2537/2150
f 3329/2516/2150 3348/2515/2150 3349/2538/2150
f 3331/2539/2150 3347/2614/2150 3346/2540/2150
f 3341/2541/2150 3346/2540/2150 3355/2542/2150
f 3334/2528/2150 3345/2527/2150 3369/2543/2150
f 3342/2545/2150 3363/2644/2150 3356/2546/2150
f 3332/2547/2150 3362/2670/2150 3354/2548/2150
f 3053/2083/2148 3321/2557/2148 3320/2549/2148
f 3039/2083/2148 3314/2557/2148 3316/2549/2148
f 3135/2102/2147 3349/2101/2147 3348/2131/2147
f 3130/2161/2147 3346/2313/2147 3347/2550/2147
f 3140/2105/2148 3352/2124/2148 3337/2551/2148
f 3144/2308/2147 3356/2307/2147 3363/2552/2147
f 3143/2163/2147 3355/2162/2147 3346/2313/2147
f 3085/2130/2147 3304/2263/2147 3321/2314/2147
f 3054/2315/2149 3320/2314/2149 3306/2263/2149
f 3125/2146/2147 3310/2301/2147 3324/2323/2147
f 3167/2105/2148 3363/2124/2148 3342/2551/2148
f 3092/2253/2149 3325/2323/2149 3312/2301/2149
f 3120/2553/2149 3326/2556/2149 3327/2310/2149
f 3119/2253/2149 3339/2323/2149 3344/2301/2149
f 3118/2130/2149 3328/2263/2149 3329/2131/2149
f 3148/2105/2148 3360/2124/2148 3326/2551/2148
f 3060/2100/2147 3322/2317/2147 3308/2101/2147
f 3046/2554/2147 3318/2555/2147 3311/2147/2147
f 3032/2255/2147 3315/2254/2147 3314/2310/2147
f 3018/2102/2147 3308/2101/2147 3305/2131/2147
f 3127/2123/2146 3344/2551/2146 3361/2124/2146
f 3019/2102/2149 3309/2101/2149 3323/2317/2149
f 3026/2148/2149 3313/2147/2149 3319/2555/2149
f 3444/2342/2149 3116/2308/2149 3330/2307/2149
f 3040/2311/2149 3316/2310/2149 3317/2254/2149
f 3012/2132/2149 3307/2131/2149 3309/2101/2149
f 3174/2327/2149 3332/2326/2149 3333/2321/2149
f 3138/2311/2147 3351/2310/2147 3360/2556/2147
f 3061/2340/2146 3323/2549/2146 3322/2557/2146
f 3114/2322/2149 3333/2321/2149 3334/2184/2149
f 3157/2559/2149 3117/2303/2149 3336/2560/2149
f 3149/2146/2147 3361/2301/2147 3359/2323/2147
f 3117/2303/2149 3113/2100/2149 3335/2317/2149
f 3158/2559/2147 3365/2558/2147 3357/2560/2147
f 3134/2132/2147 3348/2131/2147 3358/2263/2147
f 3175/2105/2148 3362/2124/2148 3332/2551/2148
f 3112/2315/2149 3337/2314/2149 3328/2263/2149
f 3157/2123/2146 3364/2551/2146 3365/2124/2146
f 3047/2340/2146 3319/2549/2146 3318/2557/2146
f 3011/2083/2146 3377/2152/2146 3399/2151/2146
f 3379/2152/2148 3401/2151/2148 3436/2149/2148
f 3268/2562/2150 3404/2566/2150 3401/2563/2150
f 3275/2565/2150 3403/2568/2150 3404/2566/2150
f 3272/2567/2150 3402/2601/2150 3403/2568/2150
f 3260/2569/2150 3399/2602/2150 3400/2570/2150
f 3244/2445/2150 3398/2573/2150 3395/2572/2150
f 3256/2436/2150 3397/2574/2150 3398/2573/2150
f 3250/2418/2150 3396/2593/2150 3397/2574/2150
f 3237/2448/2150 3395/2572/2150 3370/2575/2150
f 3226/2576/2150 3393/2603/2150 3392/2577/2150
f 3221/2412/2150 3392/2577/2150 3455/2578/2150
f 3214/2579/2150 3390/2604/2150 3468/2580/2150
f 3181/2078/2150 3389/2595/2150 3373/2581/2150
f 3155/2246/2150 3388/2585/2150 3375/2582/2150
f 3098/2081/2150 3387/2597/2150 3381/2583/2150
f 3085/2504/2150 3386/2587/2150 3377/2584/2150
f 3078/2194/2150 3385/2586/2150 3388/2585/2150
f 3375/2085/2146 3390/2084/2146 3214/2416/2146
f 3371/2221/2148 3370/2220/2148 3405/2208/2148
f 3372/2221/2146 3394/2220/2146 3231/2222/2146
f 3060/2500/2150 3384/2591/2150 3385/2586/2150
f 3053/2178/2150 3383/2588/2150 3386/2587/2150
f 3046/2501/2150 3382/2590/2150 3383/2588/2150
f 3039/2267/2150 3381/2583/2150 3380/2589/2150
f 3378/2152/2148 3400/2151/2148 3435/2149/2148
f 3380/2152/2146 3402/2151/2146 3272/2561/2146
f 3025/2507/2150 3379/2605/2150 3382/2590/2150
f 3018/2499/2150 3378/2606/2150 3384/2591/2150
f 3231/2592/2150 3394/2607/2150 3396/2593/2150
f 3376/2085/2148 3391/2084/2148 3426/2229/2148
f 2994/2594/2150 3371/2608/2150 3389/2595/2150
f 2997/2596/2150 3374/2609/2150 3387/2597/2150
f 2999/2598/2150 3376/2610/2150 3372/2599/2150
f 3411/2150/2148 3426/2229/2148 3217/2600/2148
f 3413/2150/2148 3435/2149/2148 3261/2107/2148
f 3406/2209/2148 3405/2208/2148 3230/2355/2148
f 3414/2150/2148 3436/2149/2148 3265/2107/2148
f 3412/2150/2146 3434/2149/2146 3399/2151/2146
f 3404/2566/2150 3439/2461/2150 3436/2465/2150
f 3403/2568/2150 3438/2459/2150 3439/2461/2150
f 3402/2601/2150 3437/2458/2150 3438/2459/2150
f 3399/2602/2150 3434/2453/2150 3435/2454/2150
f 3398/2573/2150 3433/2444/2150 3430/2430/2150
f 3397/2574/2150 3432/2439/2150 3433/2444/2150
f 3396/2593/2150 3431/2092/2150 3432/2439/2150
f 3395/2572/2150 3430/2430/2150 3405/2431/2150
f 3393/2603/2149 3468/2580/2149 3480/2580/2149
f 3427/2407/2147 3473/2407/2147 3481/2413/2147
f 3390/2604/2150 3425/2394/2150 3469/2396/2150
f 3389/2595/2150 3424/2071/2150 3408/2371/2150
f 3388/2585/2150 3423/2245/2150 3410/2334/2150
f 3387/2597/2150 3422/2068/2150 3416/2166/2150
f 3386/2587/2150 3421/2188/2150 3412/2252/2150
f 3385/2586/2150 3420/2197/2150 3423/2245/2150
f 3410/2150/2146 3425/2229/2146 3390/2084/2146
f 3407/2209/2146 3429/2208/2146 3394/2220/2146
f 3384/2591/2150 3419/2121/2150 3420/2197/2150
f 3383/2588/2150 3418/2177/2150 3421/2188/2150
f 3382/2590/2150 3417/2137/2150 3418/2177/2150
f 3381/2583/2150 3416/2166/2150 3415/2167/2150
f 3415/2150/2146 3437/2149/2146 3402/2151/2146
f 3379/2605/2150 3414/2136/2150 3417/2137/2150
f 3378/2606/2150 3413/2119/2150 3419/2121/2150
f 3394/2607/2150 3429/2091/2150 3431/2092/2150
f 3371/2608/2150 3406/2069/2150 3424/2071/2150
f 3374/2609/2150 3409/2066/2150 3422/2068/2150
f 3376/2610/2150 3411/2060/2150 3407/2062/2150
f 3455/2578/2150 3456/2409/2150 3426/2611/2150
f 3449/2406/2150 3455/2578/2150 3391/2612/2150
f 3444/2342/2149 3453/2362/2149 3331/2550/2149
f 3453/2522/2150 3454/2521/2150 3347/2614/2150
f 3446/2342/2149 3452/2390/2149 3300/2615/2149
f 3451/2471/2150 3452/2470/2150 3292/2616/2150
f 3456/2409/2150 3448/2408/2150 3217/2617/2150
f 3450/2403/2150 3449/2406/2150 3216/2613/2150
f 3447/2404/2150 3450/2403/2150 3220/2618/2150
f 3133/2312/2147 3445/2342/2147 3451/2390/2147
f 3445/2342/2147 3454/2362/2147 3356/2307/2147
f 3442/2342/2149 3448/2341/2149 3218/2620/2149
f 3441/2239/2150 3444/2275/2150 3105/2621/2150
f 3443/2231/2150 3441/2239/2150 2981/2291/2150
f 3446/2237/2150 3440/2236/2150 2980/2622/2150
f 3442/2232/2150 3443/2231/2150 2993/2057/2150
f 3428/2413/2147 3481/2413/2147 3483/2396/2147
f 3466/2398/2150 3468/2580/2150 3393/2603/2150
f 3464/2401/2150 3467/2399/2150 3227/2411/2150
f 3467/2399/2150 3466/2398/2150 3226/2576/2150
f 3469/2396/2150 3465/2395/2150 3225/2623/2150
f 3462/2325/2150 3463/2054/2150 3208/2345/2150
f 3461/2294/2150 3462/2325/2150 3167/2377/2150
f 3458/2050/2150 3461/2294/2150 3166/2624/2150
f 2986/2626/2149 3459/2227/2149 3465/2226/2149
f 3459/2074/2150 3460/2051/2150 3163/2347/2150
f 3463/2054/2150 3457/2053/2150 3160/2627/2150
f 3460/2051/2150 3458/2050/2150 3161/2336/2150
f 3474/2629/2149 3482/2628/2149 3487/2628/2149
f 3471/2630/2147 3486/2630/2147 3492/2631/2147
f 3476/2631/2148 3492/2631/2148 3493/2632/2148
f 3455/2578/2146 3484/2578/2146 3485/2409/2146
f 3392/2577/2149 3393/2603/2149 3478/2603/2149
f 3392/2577/2149 3479/2577/2149 3484/2578/2149
f 3469/2396/2148 3483/2396/2148 3480/2580/2148
f 3456/2409/2147 3485/2409/2147 3473/2407/2147
f 3471/2630/2150 3479/2640/2150 3478/2633/2150
f 3472/2635/2150 3470/2634/2150 3478/2633/2150
f 3474/2629/2150 3481/2639/2150 3473/2637/2150
f 3475/2638/2150 3483/2643/2150 3481/2639/2150
f 3476/2631/2150 3484/2642/2150 3479/2640/2150
f 3477/2632/2150 3482/2628/2150 3473/2637/2150
f 3476/2631/2150 3477/2632/2150 3485/2641/2150
f 3472/2635/2150 3480/2636/2150 3483/2643/2150
f 3488/2634/2150 3489/2629/2150 3487/2628/2150
f 3486/2630/2150 3487/2628/2150 3493/2632/2150
f 3490/2635/2150 3491/2638/2150 3489/2629/2150
f 3470/2634/2147 3488/2634/2147 3486/2630/2147
f 3475/2638/2146 3491/2638/2146 3490/2635/2146
f 3477/2632/2149 3493/2632/2149 3487/2628/2149
f 3474/2629/2149 3489/2629/2149 3491/2638/2149
f 3472/2635/2147 3490/2635/2147 3488/2634/2147
f 3716/2034/2146 3498/2660/2146 3624/2035/2146
f 3715/2037/2146 3495/2214/2146 3707/2038/2146
f 3518/2040/2146 3496/2281/2146 3706/2041/2146
f 3717/2043/2146 3499/2056/2146 3594/2044/2146
f 3627/2048/2146 3521/2046/2146 3503/2297/2146
f 3522/2049/2146 3508/2293/2146 3988/2050/2146
f 3719/2052/2146 3507/2335/2146 3987/2053/2146
f 3720/2055/2146 3510/2622/2146 3499/2056/2146
f 3523/2057/2146 3511/2291/2146 3500/2058/2146
f 3941/2060/2146 3517/2072/2146 3513/2061/2146
f 3778/2065/2146 3762/2063/2146 3601/2233/2146
f 3952/2068/2146 3939/2066/2146 3515/2075/2146
f 3936/2069/2146 3512/2076/2146 3709/2070/2146
f 3517/2072/2146 3523/2057/2146 3519/2059/2146
f 3516/2073/2146 3522/2049/2146 3990/2051/2146
f 3515/2075/2146 3521/2046/2146 3627/2048/2146
f 3512/2076/2146 3518/2040/2146 3710/2042/2146
f 3530/2077/2146 3524/2594/2146 3711/2078/2146
f 3533/2080/2146 3527/2596/2146 3628/2081/2146
f 3529/2083/2150 3746/2416/2150 3921/2084/2150
f 3535/2086/2146 3529/2598/2146 3525/2087/2146
f 3509/2089/2146 3535/2086/2146 3531/2088/2146
f 3961/2092/2146 3959/2091/2146 3762/2063/2146
f 3501/2093/2146 3533/2080/2146 3629/2082/2146
f 3494/2095/2146 3530/2077/2146 3712/2079/2146
f 3536/2097/2146 3542/2256/2146 3549/2098/2146
f 3671/2100/2147 3883/2317/2147 3879/2101/2147
f 3731/2103/2145 3830/2383/2145 3808/2104/2145
f 3540/2106/2145 3789/2304/2145 3788/2107/2145
f 3547/2111/2146 3540/2109/2146 3538/2250/2146
f 3721/2112/2146 3537/2249/2146 3544/2113/2146
f 3722/2114/2146 3544/2113/2146 3586/2115/2146
f 3547/2111/2146 3545/2110/2146 3587/2117/2146
f 3943/2119/2146 3546/2122/2146 3588/2120/2146
f 3546/2122/2146 3547/2111/2146 3589/2118/2146
f 3713/2123/2145 3898/2551/2145 3899/2124/2145
f 3543/2099/2146 3549/2098/2146 3591/2125/2146
f 3550/2127/2146 3556/2300/2146 3577/2128/2146
f 3616/2130/2149 3836/2263/2149 3837/2131/2149
f 3553/2133/2146 3554/2138/2146 3575/2134/2146
f 3944/2136/2146 3553/2133/2146 3574/2135/2146
f 3554/2138/2146 3552/2287/2146 3573/2139/2146
f 3723/2140/2146 3551/2305/2146 3572/2141/2146
f 3557/2143/2146 3563/2160/2146 3622/2144/2146
f 3656/2146/2149 3842/2301/2149 3843/2147/2149
f 3560/2108/2145 3800/2107/2145 3967/2149/2145
f 3548/2083/2150 3793/2561/2150 3930/2151/2150
f 3561/2153/2146 3559/2169/2146 3619/2154/2146
f 3734/2158/2146 3724/2156/2146 3558/2171/2146
f 3557/2143/2146 3564/2159/2146 3570/2266/2146
f 3632/2161/2149 3871/2313/2149 3873/2162/2149
f 3567/2164/2146 3568/2168/2146 3561/2153/2146
f 3946/2166/2146 3567/2164/2146 3560/2165/2146
f 3568/2168/2146 3566/2268/2146 3559/2169/2146
f 3725/2170/2146 3565/2269/2146 3558/2171/2146
f 3726/2142/2146 3572/2141/2146 3579/2172/2146
f 3575/2134/2146 3573/2139/2146 3580/2174/2146
f 3947/2137/2146 3574/2135/2146 3581/2176/2146
f 3574/2135/2146 3575/2134/2146 3582/2175/2146
f 3577/2128/2146 3576/2501/2146 3583/2178/2146
f 3571/2129/2146 3577/2128/2146 3584/2179/2146
f 3610/2182/2146 3578/2180/2146 3584/2179/2146
f 3714/2183/2147 3899/2309/2147 3875/2184/2147
f 3581/2176/2146 3582/2175/2146 3614/2186/2146
f 3948/2177/2146 3581/2176/2146 3613/2187/2146
f 3582/2175/2146 3580/2174/2146 3612/2189/2146
f 3727/2173/2146 3579/2172/2146 3611/2190/2146
f 3585/2126/2146 3591/2125/2146 3609/2192/2146
f 3591/2125/2146 3590/2500/2146 3608/2194/2146
f 3588/2120/2146 3589/2118/2146 3607/2195/2146
f 3949/2121/2146 3588/2120/2146 3606/2196/2146
f 3589/2118/2146 3587/2117/2146 3605/2198/2146
f 3728/2116/2146 3586/2115/2146 3604/2199/2146
f 3500/2201/2145 3758/2359/2145 3601/2202/2145
f 3593/2204/2149 3602/2216/2149 3771/2205/2149
f 3513/2207/2145 3762/2355/2145 3959/2208/2145
f 3525/2210/2145 3761/2222/2145 3766/2211/2145
f 3715/2037/2146 3729/2213/2146 3592/2360/2146
f 3496/2215/2149 3596/2661/2149 3602/2216/2149
f 3595/2217/2149 3777/2358/2149 3758/2218/2149
f 3524/2210/2150 3759/2222/2150 3900/2220/2150
f 3530/2212/2150 3765/2211/2150 3759/2222/2150
f 3730/2045/2146 3594/2044/2146 3698/2223/2146
f 3692/2225/2149 3755/2344/2149 3995/2226/2149
f 3516/2228/2145 3745/2600/2145 3955/2229/2145
f 3599/2230/2146 3600/2238/2146 3973/2231/2146
f 3779/2064/2146 3601/2233/2146 3758/2645/2146
f 3731/2235/2146 3597/2346/2146 3970/2236/2146
f 3600/2238/2146 3598/2274/2146 3971/2239/2146
f 3732/2200/2146 3604/2199/2146 3681/2240/2146
f 3607/2195/2146 3605/2198/2146 3682/2242/2146
f 3950/2197/2146 3606/2196/2146 3683/2244/2146
f 3606/2196/2146 3607/2195/2146 3684/2243/2146
f 3609/2192/2146 3608/2194/2146 3685/2246/2146
f 3603/2193/2146 3609/2192/2146 3686/2247/2146
f 3733/2191/2146 3611/2190/2146 3537/2249/2146
f 3614/2186/2146 3612/2189/2146 3538/2250/2146
f 3951/2188/2146 3613/2187/2146 3539/2251/2146
f 3613/2187/2146 3614/2186/2146 3540/2109/2146
f 3677/2253/2147 3889/2323/2147 3880/2254/2147
f 3610/2182/2146 3616/2181/2146 3542/2256/2146
f 3734/2158/2146 3618/2157/2146 3652/2257/2146
f 3620/2155/2146 3619/2154/2146 3653/2259/2146
f 3562/2255/2147 3802/2386/2147 3805/2261/2147
f 3621/2253/2147 3805/2261/2147 3798/2262/2147
f 3541/2132/2147 3835/2131/2147 3834/2263/2147
f 3651/2265/2146 3617/2145/2146 3622/2144/2146
f 3623/2094/2146 3629/2082/2146 3570/2266/2146
f 3629/2082/2146 3628/2081/2146 3569/2267/2146
f 3626/2067/2146 3627/2048/2146 3568/2168/2146
f 3952/2068/2146 3626/2067/2146 3567/2164/2146
f 3627/2048/2146 3625/2047/2146 3566/2268/2146
f 3735/2036/2146 3624/2035/2146 3565/2269/2146
f 3625/2047/2146 3650/2298/2146 3640/2270/2146
f 3619/2154/2146 3649/2286/2146 3657/2271/2146
f 3612/2189/2146 3648/2283/2146 3636/2272/2146
f 3605/2198/2146 3647/2282/2146 3687/2273/2146
f 3598/2274/2146 3646/2337/2146 3974/2275/2146
f 3595/2276/2146 3645/2295/2146 3700/2277/2146
f 3593/2279/2146 3644/2361/2146 3630/2280/2146
f 3587/2117/2146 3643/2289/2146 3647/2282/2146
f 3580/2174/2146 3642/2284/2146 3648/2283/2146
f 3573/2139/2146 3641/2288/2146 3642/2284/2146
f 3566/2268/2146 3640/2270/2146 3639/2285/2146
f 3559/2169/2146 3639/2285/2146 3649/2286/2146
f 3552/2287/2146 3638/2299/2146 3641/2288/2146
f 3545/2110/2146 3637/2290/2146 3643/2289/2146
f 3538/2250/2146 3636/2272/2146 3637/2290/2146
f 3511/2291/2146 3635/2621/2146 3632/2292/2146
f 3508/2293/2146 3634/2324/2146 3991/2294/2146
f 3595/2276/2146 3500/2058/2146 3632/2292/2146
f 3496/2281/2146 3630/2280/2146 3713/2296/2146
f 3503/2297/2146 3631/2328/2146 3650/2298/2146
f 3653/2259/2146 3657/2271/2146 3638/2299/2146
f 3550/2127/2146 3651/2265/2146 3656/2264/2146
f 3555/2148/2147 3841/2147/2147 3840/2301/2147
f 3671/2100/2147 3812/2389/2147 3813/2302/2147
f 3553/2108/2150 3795/2107/2150 3797/2304/2150
f 3654/2260/2146 3653/2259/2146 3552/2287/2146
f 3736/2258/2146 3652/2257/2146 3551/2305/2146
f 3657/2271/2146 3679/2380/2146 3666/2306/2146
f 3696/2225/2149 3872/2552/2149 3860/2307/2149
f 3630/2185/2149 3864/2184/2149 3898/2309/2149
f 3667/2255/2147 3880/2254/2147 3881/2310/2147
f 3635/2312/2149 3861/2550/2149 3871/2313/2149
f 3700/2123/2145 3896/2551/2145 3897/2124/2145
f 3636/2132/2149 3859/2131/2149 3870/2101/2149
f 3676/2130/2147 3888/2263/2147 3882/2314/2147
f 3701/2316/2147 3897/2319/2147 3885/2162/2147
f 3637/2102/2149 3870/2101/2149 3865/2317/2149
f 3641/2288/2146 3669/2320/2146 3670/2318/2146
f 3675/2303/2147 3887/2560/2147 3883/2317/2147
f 3645/2163/2149 3873/2162/2149 3896/2319/2149
f 3638/2299/2146 3666/2306/2146 3669/2320/2146
f 3658/2185/2147 3875/2184/2147 3884/2321/2147
f 3563/2255/2149 3847/2254/2149 3855/2323/2149
f 3639/2255/2149 3868/2254/2149 3869/2323/2149
f 3634/2324/2146 3662/2330/2146 3992/2325/2146
f 3672/2322/2147 3884/2321/2147 3892/2326/2147
f 3621/2253/2147 3854/2323/2147 3845/2254/2147
f 3631/2328/2146 3659/2393/2146 3678/2329/2146
f 3687/2273/2146 3688/2379/2146 3662/2330/2146
f 3682/2242/2146 3687/2273/2146 3634/2324/2146
f 3680/2248/2146 3686/2247/2146 3534/2331/2146
f 3686/2247/2146 3685/2246/2146 3528/2333/2146
f 3683/2244/2146 3684/2243/2146 3522/2049/2146
f 3953/2245/2146 3683/2244/2146 3516/2073/2146
f 3684/2243/2146 3682/2242/2146 3508/2293/2146
f 3737/2241/2146 3681/2240/2146 3507/2335/2146
f 3640/2311/2149 3857/2310/2149 3868/2254/2149
f 3691/2336/2146 3696/2624/2146 3646/2337/2146
f 3509/2338/2150 3743/2415/2150 3750/2339/2150
f 3517/2312/2149 3747/2662/2149 3978/2341/2149
f 3692/2343/2146 3693/2347/2146 3600/2238/2146
f 3599/2308/2149 3748/2620/2149 3755/2344/2149
f 3738/2345/2146 3690/2627/2146 3597/2346/2146
f 3693/2347/2146 3691/2336/2146 3598/2274/2146
f 3700/2277/2146 3701/2376/2146 3705/2348/2146
f 3699/2278/2146 3700/2277/2146 3704/2349/2146
f 3739/2224/2146 3698/2223/2146 3702/2351/2146
f 3703/2206/2149 3771/2205/2149 3783/2353/2149
f 3519/2203/2145 3601/2202/2145 3762/2355/2145
f 3531/2212/2145 3766/2211/2145 3768/2356/2145
f 3699/2354/2149 3783/2353/2149 3777/2358/2149
f 3512/2207/2150 3760/2355/2150 3689/2202/2150
f 3518/2203/2150 3689/2202/2150 3596/2359/2150
f 3494/2357/2150 3694/2356/2150 3765/2211/2150
f 3740/2352/2146 3702/2351/2146 3592/2360/2146
f 3703/2350/2146 3704/2349/2146 3644/2361/2146
f 3663/2312/2147 3877/2550/2147 3984/2362/2147
f 3713/2296/2146 3714/2374/2146 3661/2363/2146
f 3706/2041/2146 3713/2296/2146 3633/2364/2146
f 3708/2096/2146 3712/2079/2146 3532/2366/2146
f 3712/2079/2146 3711/2078/2146 3526/2368/2146
f 3709/2070/2146 3710/2042/2146 3520/2369/2146
f 3954/2071/2146 3709/2070/2146 3514/2370/2146
f 3520/2369/2146 3710/2042/2146 3706/2041/2146
f 3741/2039/2146 3707/2038/2146 3504/2372/2146
f 3714/2374/2146 3741/2039/2146 3718/2373/2146
f 3705/2348/2146 3740/2352/2146 3729/2213/2146
f 3701/2376/2146 3739/2224/2146 3740/2352/2146
f 3697/2377/2146 3738/2345/2146 3731/2235/2146
f 3688/2379/2146 3737/2241/2146 3719/2052/2146
f 3679/2380/2146 3736/2258/2146 3723/2140/2146
f 3678/2329/2146 3735/2036/2146 3725/2170/2146
f 3677/2382/2146 3734/2158/2146 3736/2258/2146
f 3673/2105/2150 3819/2104/2150 3829/2383/2150
f 3675/2384/2146 3732/2200/2146 3737/2241/2146
f 3561/2106/2145 3801/2304/2145 3800/2107/2145
f 3673/2385/2146 3730/2045/2146 3739/2224/2146
f 3620/2253/2149 3804/2261/2149 3801/2386/2149
f 3654/2146/2149 3796/2262/2149 3804/2261/2149
f 3670/2318/2146 3727/2173/2146 3733/2191/2146
f 3669/2320/2146 3726/2142/2146 3727/2173/2146
f 3672/2322/2147 3810/2391/2147 3811/2388/2147
f 3729/2103/2145 3828/2383/2145 3810/2104/2145
f 3666/2306/2146 3723/2140/2146 3726/2142/2146
f 3658/2105/2150 3811/2104/2150 3820/2383/2150
f 3732/2303/2149 3831/2302/2149 3827/2389/2149
f 3674/2308/2147 3808/2615/2147 3981/2390/2147
f 3662/2330/2146 3719/2052/2146 3993/2054/2146
f 3715/2185/2149 3820/2388/2149 3828/2391/2149
f 3658/2392/2146 3715/2037/2146 3741/2039/2146
f 3659/2393/2146 3716/2034/2146 3735/2036/2146
f 3955/2394/2146 3745/2663/2146 3995/2395/2146
f 3749/2397/2146 3744/2579/2146 3996/2398/2146
f 3752/2400/2146 3749/2397/2146 3997/2399/2146
f 3742/2402/2146 3753/2405/2146 3980/2403/2146
f 3753/2405/2146 3751/2412/2146 3979/2406/2146
f 3957/2407/2146 3748/2414/2146 3978/2408/2146
f 3754/2410/2146 3757/2411/2146 3753/2405/2146
f 3757/2411/2146 3756/2576/2146 3751/2412/2146
f 3958/2413/2146 3755/2623/2146 3748/2414/2146
f 3528/2083/2145 3744/2416/2145 3749/2339/2145
f 3534/2340/2145 3749/2339/2145 3752/2415/2145
f 3535/2340/2150 3750/2339/2150 3746/2416/2150
f 3766/2417/2146 3761/2592/2146 3780/2418/2146
f 3768/2420/2146 3766/2417/2146 3781/2419/2146
f 3695/2422/2146 3769/2425/2146 3765/2423/2146
f 3769/2425/2146 3767/2448/2146 3759/2426/2146
f 3763/2427/2146 3764/2432/2146 3689/2428/2146
f 3935/2431/2146 3960/2430/2146 3763/2427/2146
f 3764/2432/2146 3602/2449/2146 3596/2433/2146
f 3776/2421/2146 3781/2419/2146 3787/2434/2146
f 3781/2419/2146 3780/2418/2146 3786/2436/2146
f 3778/2065/2146 3779/2064/2146 3785/2437/2146
f 3961/2092/2146 3778/2065/2146 3784/2438/2146
f 3779/2064/2146 3777/2234/2146 3783/2440/2146
f 3785/2437/2146 3783/2440/2146 3771/2441/2146
f 3963/2444/2146 3962/2439/2146 3784/2438/2146
f 3784/2438/2146 3785/2437/2146 3773/2442/2146
f 3775/2446/2146 3787/2434/2146 3786/2436/2146
f 3770/2447/2146 3782/2435/2146 3787/2434/2146
f 3695/2422/2146 3770/2447/2146 3775/2446/2146
f 3769/2425/2146 3775/2446/2146 3774/2445/2146
f 3772/2443/2146 3773/2442/2146 3764/2432/2146
f 3963/2444/2146 3772/2443/2146 3763/2427/2146
f 3773/2442/2146 3771/2441/2146 3602/2449/2146
f 3788/2450/2146 3789/2664/2146 3792/2451/2146
f 3964/2453/2146 3788/2450/2146 3791/2452/2146
f 3800/2455/2146 3801/2665/2146 3804/2456/2146
f 3967/2458/2146 3800/2455/2146 3803/2457/2146
f 3968/2459/2146 3803/2457/2146 3794/2460/2146
f 3803/2457/2146 3804/2456/2146 3796/2462/2146
f 3794/2460/2146 3796/2462/2146 3797/2463/2146
f 3966/2465/2146 3969/2461/2146 3794/2460/2146
f 3807/2468/2146 3806/2466/2146 3832/2646/2146
f 3808/2469/2146 3830/2666/2146 3982/2470/2146
f 3811/2474/2146 3810/2472/2146 3828/2647/2146
f 3812/2475/2146 3827/2484/2146 3831/2476/2146
f 3814/2478/2146 3826/2667/2146 3825/2479/2146
f 3815/2480/2146 3825/2479/2146 3833/2481/2146
f 3817/2483/2146 3824/2485/2146 3827/2484/2146
f 3807/2468/2146 3823/2467/2146 3824/2485/2146
f 3809/2486/2146 3822/2616/2146 3821/2487/2146
f 3818/2488/2146 3821/2487/2146 3829/2489/2146
f 3555/2083/2150 3799/2561/2150 3931/2151/2150
f 3724/2255/2149 3825/2386/2149 3826/2491/2149
f 3546/2108/2150 3791/2107/2150 3792/2304/2150
f 3539/2108/2145 3788/2107/2145 3964/2149/2145
f 3675/2105/2150 3813/2104/2150 3831/2383/2150
f 3734/2253/2149 3833/2261/2149 3825/2386/2149
f 3733/2103/2145 3832/2383/2145 3806/2104/2145
f 3668/2311/2147 3814/2491/2147 3815/2386/2147
f 3677/2105/2150 3816/2104/2150 3833/2383/2150
f 3728/2100/2149 3827/2389/2149 3824/2492/2149
f 3667/2255/2147 3815/2386/2147 3816/2261/2147
f 3722/2102/2149 3824/2492/2149 3823/2493/2149
f 3717/2161/2149 3821/2496/2149 3822/2494/2149
f 3665/2102/2147 3817/2492/2147 3812/2389/2147
f 3721/2132/2149 3823/2493/2149 3832/2495/2149
f 3664/2132/2147 3807/2493/2147 3817/2492/2147
f 3730/2163/2149 3829/2498/2149 3821/2496/2149
f 3663/2312/2147 3809/2494/2147 3818/2496/2147
f 3554/2148/2149 3797/2497/2149 3796/2262/2149
f 3725/2103/2145 3826/2383/2145 3814/2104/2145
f 3720/2312/2149 3822/2494/2149 3982/2390/2149
f 3676/2130/2147 3806/2495/2147 3807/2493/2147
f 3547/2102/2149 3792/2492/2149 3789/2493/2149
f 3655/2146/2147 3798/2262/2147 3799/2497/2147
f 3541/2132/2147 3790/2493/2147 3793/2492/2147
f 3660/2161/2147 3818/2496/2147 3819/2498/2147
f 3837/2256/2146 3835/2505/2146 3838/2499/2146
f 3853/2125/2146 3839/2098/2146 3838/2499/2146
f 3843/2300/2146 3841/2507/2146 3848/2501/2146
f 3847/2160/2146 3845/2503/2146 3854/2502/2146
f 3847/2160/2146 3846/2266/2146 3844/2267/2146
f 3836/2181/2146 3850/2179/2146 3851/2178/2146
f 3836/2181/2146 3834/2504/2146 3835/2505/2146
f 3842/2264/2146 3855/2144/2146 3854/2502/2146
f 3842/2264/2146 3840/2506/2146 3841/2507/2146
f 3856/2508/2146 3890/2668/2146 3881/2509/2146
f 3869/2511/2146 3889/2535/2146 3891/2512/2146
f 3858/2514/2146 3888/2532/2146 3878/2515/2146
f 3866/2517/2146 3887/2530/2146 3895/2518/2146
f 3860/2520/2146 3886/2546/2146 3984/2521/2146
f 3873/2523/2146 3885/2542/2146 3897/2524/2146
f 3864/2528/2146 3863/2526/2146 3884/2548/2146
f 3865/2529/2146 3883/2537/2146 3887/2530/2146
f 3867/2531/2146 3882/2669/2146 3888/2532/2146
f 3857/2510/2146 3881/2509/2146 3880/2533/2146
f 3868/2534/2146 3880/2533/2146 3889/2535/2146
f 3870/2536/2146 3879/2538/2146 3883/2537/2146
f 3859/2516/2146 3878/2515/2146 3879/2538/2146
f 3861/2539/2146 3877/2614/2146 3876/2540/2146
f 3871/2541/2146 3876/2540/2146 3885/2542/2146
f 3864/2528/2146 3875/2527/2146 3899/2543/2146
f 3872/2545/2146 3893/2644/2146 3886/2546/2146
f 3862/2547/2146 3892/2670/2146 3884/2548/2146
f 3583/2083/2150 3851/2557/2150 3850/2549/2150
f 3569/2083/2150 3844/2557/2150 3846/2549/2150
f 3665/2102/2147 3879/2101/2147 3878/2131/2147
f 3660/2161/2147 3876/2313/2147 3877/2550/2147
f 3670/2105/2150 3882/2124/2150 3867/2551/2150
f 3674/2308/2147 3886/2307/2147 3893/2552/2147
f 3673/2163/2147 3885/2162/2147 3876/2313/2147
f 3615/2130/2147 3834/2263/2147 3851/2314/2147
f 3584/2315/2149 3850/2314/2149 3836/2263/2149
f 3655/2146/2147 3840/2301/2147 3854/2323/2147
f 3697/2105/2150 3893/2124/2150 3872/2551/2150
f 3622/2253/2149 3855/2323/2149 3842/2301/2149
f 3650/2553/2149 3856/2556/2149 3857/2310/2149
f 3649/2253/2149 3869/2323/2149 3874/2301/2149
f 3648/2130/2149 3858/2263/2149 3859/2131/2149
f 3678/2105/2150 3890/2124/2150 3856/2551/2150
f 3590/2100/2147 3852/2317/2147 3838/2101/2147
f 3576/2554/2147 3848/2555/2147 3841/2147/2147
f 3562/2255/2147 3845/2254/2147 3844/2310/2147
f 3548/2102/2147 3838/2101/2147 3835/2131/2147
f 3657/2123/2145 3874/2551/2145 3891/2124/2145
f 3549/2102/2149 3839/2101/2149 3853/2317/2149
f 3556/2148/2149 3843/2147/2149 3849/2555/2149
f 3646/2308/2149 3860/2307/2149 3983/2362/2149
f 3570/2311/2149 3846/2310/2149 3847/2254/2149
f 3542/2132/2149 3837/2131/2149 3839/2101/2149
f 3704/2327/2149 3862/2326/2149 3863/2321/2149
f 3668/2311/2147 3881/2310/2147 3890/2556/2147
f 3591/2340/2145 3853/2549/2145 3852/2557/2145
f 3644/2322/2149 3863/2321/2149 3864/2184/2149
f 3647/2303/2149 3866/2560/2149 3894/2558/2149
f 3679/2146/2147 3891/2301/2147 3889/2323/2147
f 3643/2100/2149 3865/2317/2149 3866/2560/2149
f 3688/2559/2147 3895/2558/2147 3887/2560/2147
f 3664/2132/2147 3878/2131/2147 3888/2263/2147
f 3705/2105/2150 3892/2124/2150 3862/2551/2150
f 3642/2315/2149 3867/2314/2149 3858/2263/2149
f 3687/2123/2145 3894/2551/2145 3895/2124/2145
f 3577/2340/2145 3849/2549/2145 3848/2557/2145
f 3541/2083/2145 3907/2152/2145 3929/2151/2145
f 3909/2152/2150 3931/2151/2150 3966/2149/2150
f 3798/2562/2146 3934/2566/2146 3931/2563/2146
f 3805/2565/2146 3933/2568/2146 3934/2566/2146
f 3802/2567/2146 3932/2601/2146 3933/2568/2146
f 3790/2569/2146 3929/2602/2146 3930/2570/2146
f 3774/2445/2146 3928/2573/2146 3925/2572/2146
f 3774/2445/2146 3786/2436/2146 3927/2574/2146
f 3780/2418/2146 3926/2593/2146 3927/2574/2146
f 3767/2448/2146 3925/2572/2146 3900/2575/2146
f 3756/2576/2146 3923/2603/2146 3922/2577/2146
f 3751/2412/2146 3922/2577/2146 3985/2578/2146
f 3744/2579/2146 3920/2604/2146 3998/2580/2146
f 3711/2078/2146 3919/2595/2146 3903/2581/2146
f 3685/2246/2146 3918/2585/2146 3905/2582/2146
f 3628/2081/2146 3917/2597/2146 3911/2583/2146
f 3615/2504/2146 3916/2587/2146 3907/2584/2146
f 3608/2194/2146 3915/2586/2146 3918/2585/2146
f 3905/2085/2145 3920/2084/2145 3744/2416/2145
f 3901/2221/2150 3900/2220/2150 3935/2208/2150
f 3902/2221/2145 3924/2220/2145 3761/2222/2145
f 3590/2500/2146 3914/2591/2146 3915/2586/2146
f 3615/2504/2146 3583/2178/2146 3913/2588/2146
f 3576/2501/2146 3912/2590/2146 3913/2588/2146
f 3569/2267/2146 3911/2583/2146 3910/2589/2146
f 3908/2152/2150 3930/2151/2150 3965/2149/2150
f 3910/2152/2145 3932/2151/2145 3802/2561/2145
f 3555/2507/2146 3909/2605/2146 3912/2590/2146
f 3590/2500/2146 3548/2499/2146 3908/2606/2146
f 3761/2592/2146 3924/2607/2146 3926/2593/2146
f 3906/2085/2150 3921/2084/2150 3956/2229/2150
f 3524/2594/2146 3901/2608/2146 3919/2595/2146
f 3527/2596/2146 3904/2609/2146 3917/2597/2146
f 3529/2598/2146 3906/2610/2146 3902/2599/2146
f 3941/2150/2150 3956/2229/2150 3747/2600/2150
f 3943/2150/2150 3965/2149/2150 3791/2107/2150
f 3936/2209/2150 3935/2208/2150 3760/2355/2150
f 3944/2150/2150 3966/2149/2150 3795/2107/2150
f 3942/2150/2145 3964/2149/2145 3929/2151/2145
f 3931/2563/2146 3934/2566/2146 3969/2461/2146
f 3933/2568/2146 3968/2459/2146 3969/2461/2146
f 3932/2601/2146 3967/2458/2146 3968/2459/2146
f 3930/2570/2146 3929/2602/2146 3964/2453/2146
f 3928/2573/2146 3963/2444/2146 3960/2430/2146
f 3928/2573/2146 3927/2574/2146 3962/2439/2146
f 3926/2593/2146 3961/2092/2146 3962/2439/2146
f 3925/2572/2146 3960/2430/2146 3935/2431/2146
f 3998/2580/2149 4010/2580/2149 4008/2603/2149
f 3957/2407/2147 4003/2407/2147 4011/2413/2147
f 3920/2604/2146 3955/2394/2146 3999/2396/2146
f 3919/2595/2146 3954/2071/2146 3938/2371/2146
f 3918/2585/2146 3953/2245/2146 3940/2334/2146
f 3917/2597/2146 3952/2068/2146 3946/2166/2146
f 3916/2587/2146 3951/2188/2146 3942/2252/2146
f 3915/2586/2146 3950/2197/2146 3953/2245/2146
f 3940/2150/2145 3955/2229/2145 3920/2084/2145
f 3937/2209/2145 3959/2208/2145 3924/2220/2145
f 3914/2591/2146 3949/2121/2146 3950/2197/2146
f 3916/2587/2146 3913/2588/2146 3948/2177/2146
f 3912/2590/2146 3947/2137/2146 3948/2177/2146
f 3911/2583/2146 3946/2166/2146 3945/2167/2146
f 3945/2150/2145 3967/2149/2145 3932/2151/2145
f 3909/2605/2146 3944/2136/2146 3947/2137/2146
f 3914/2591/2146 3908/2606/2146 3943/2119/2146
f 3924/2607/2146 3959/2091/2146 3961/2092/2146
f 3901/2608/2146 3936/2069/2146 3954/2071/2146
f 3904/2609/2146 3939/2066/2146 3952/2068/2146
f 3906/2610/2146 3941/2060/2146 3937/2062/2146
f 3921/2612/2146 3985/2578/2146 3986/2409/2146
f 3979/2406/2146 3985/2578/2146 3921/2612/2146
f 3974/2342/2149 3983/2362/2149 3861/2550/2149
f 3983/2522/2146 3984/2521/2146 3877/2614/2146
f 3976/2342/2149 3982/2390/2149 3830/2615/2149
f 3809/2486/2146 3981/2471/2146 3982/2470/2146
f 3956/2611/2146 3986/2409/2146 3978/2408/2146
f 3980/2403/2146 3979/2406/2146 3746/2613/2146
f 3977/2404/2146 3980/2403/2146 3750/2618/2146
f 3975/2342/2147 3981/2390/2147 3809/2494/2147
f 3975/2342/2147 3984/2362/2147 3886/2307/2147
f 3972/2342/2149 3978/2341/2149 3748/2620/2149
f 3971/2239/2146 3974/2275/2146 3635/2621/2146
f 3973/2231/2146 3971/2239/2146 3511/2291/2146
f 3976/2237/2146 3970/2236/2146 3510/2622/2146
f 3972/2232/2146 3973/2231/2146 3523/2057/2146
f 3958/2413/2147 4011/2413/2147 4013/2396/2147
f 3996/2398/2146 3998/2580/2146 3923/2603/2146
f 3754/2410/2146 3994/2401/2146 3997/2399/2146
f 3997/2399/2146 3996/2398/2146 3756/2576/2146
f 3999/2396/2146 3995/2395/2146 3755/2623/2146
f 3697/2377/2146 3992/2325/2146 3993/2054/2146
f 3991/2294/2146 3992/2325/2146 3697/2377/2146
f 3988/2050/2146 3991/2294/2146 3696/2624/2146
f 3989/2227/2149 3995/2226/2149 3745/2625/2149
f 3989/2074/2146 3990/2051/2146 3693/2347/2146
f 3993/2054/2146 3987/2053/2146 3690/2627/2146
f 3990/2051/2146 3988/2050/2146 3691/2336/2146
f 4012/2628/2149 4017/2628/2149 4019/2629/2149
f 4001/2630/2147 4016/2630/2147 4022/2631/2147
f 4006/2631/2150 4022/2631/2150 4023/2632/2150
f 3985/2578/2145 4014/2578/2145 4015/2409/2145
f 3923/2603/2149 4008/2603/2149 4009/2577/2149
f 3922/2577/2149 4009/2577/2149 4014/2578/2149
f 3999/2396/2150 4013/2396/2150 4010/2580/2150
f 3986/2409/2147 4015/2409/2147 4003/2407/2147
f 4001/2630/2146 4009/2640/2146 4008/2633/2146
f 4002/2635/2146 4000/2634/2146 4008/2633/2146
f 4004/2629/2146 4011/2639/2146 4003/2637/2146
f 4005/2638/2146 4013/2643/2146 4011/2639/2146
f 4006/2631/2146 4014/2642/2146 4009/2640/2146
f 4007/2632/2146 4012/2628/2146 4003/2637/2146
f 4007/2632/2146 4015/2641/2146 4014/2642/2146
f 4002/2635/2146 4010/2636/2146 4013/2643/2146
f 4018/2634/2146 4019/2629/2146 4017/2628/2146
f 4022/2631/2146 4016/2630/2146 4017/2628/2146
f 4020/2635/2146 4021/2638/2146 4019/2629/2146
f 4000/2634/2147 4018/2634/2147 4016/2630/2147
f 4005/2638/2145 4021/2638/2145 4020/2635/2145
f 4007/2632/2149 4023/2632/2149 4017/2628/2149
f 4004/2629/2149 4019/2629/2149 4021/2638/2149
f 4002/2635/2147 4020/2635/2147 4018/2634/2147
f 4025/2648/2148 4027/2651/2148 4026/2649/2148
f 4027/2648/2150 4031/2651/2150 4030/2649/2150
f 4031/2651/2146 4029/2648/2146 4028/2650/2146
f 4029/2651/2145 4025/2648/2145 4024/2650/2145
f 4030/2652/2149 4028/2655/2149 4024/2653/2149
f 4027/2654/2147 4025/2653/2147 4029/2655/2147
f 4033/2656/2148 4035/2659/2148 4034/2657/2148
f 4035/2656/2150 4039/2659/2150 4038/2657/2150
f 4039/2659/2146 4037/2656/2146 4036/2658/2146
f 4037/2659/2145 4033/2656/2145 4032/2658/2145
f 4038/2652/2149 4036/2655/2149 4032/2653/2149
f 4035/2654/2147 4033/2653/2147 4037/2655/2147
o building2
v -3.428340 -0.553774 -10.399776
v -3.428340 1.942316 -10.399776
v -3.428340 0.401802 -10.399776
v -2.365948 -0.553774 -10.399776
v 0.016536 1.942316 -10.399776
v -2.365948 1.942316 -10.399776
v -2.365948 0.401802 -10.399776
v 0.016536 -0.553774 -10.399776
v -3.657593 0.401802 -10.399776
v 0.016536 0.401802 -10.399776
v -3.657593 1.942316 -10.399776
v -3.657593 -0.553774 -10.399776
v -1.857014 -0.553774 -10.399776
v -1.857014 1.942316 -10.399776
v -1.857014 0.401802 -10.399776
v -2.212150 -0.553774 -10.399776
v -2.212150 1.942316 -10.399776
v -2.212150 0.401802 -10.399776
v -3.428340 0.217393 -10.399776
v -2.365948 0.217393 -10.399776
v -3.657593 0.217393 -10.399776
v 0.016536 0.217393 -10.399776
v -1.857014 0.217393 -10.399776
v -2.212150 0.217393 -10.399776
v -3.428340 0.270361 -10.399776
v -2.365948 0.270361 -10.399776
v -3.657593 0.270361 -10.399776
v 0.016536 0.270362 -10.399776
v -1.857014 0.270362 -10.399776
v -2.212150 0.270362 -10.399776
v -3.428340 -0.212981 -10.399776
v -2.365948 -0.212981 -10.399776
v -3.657593 -0.212981 -10.399776
v 0.016536 -0.212981 -10.399776
v -1.857014 -0.212981 -10.399776
v -2.212150 -0.212981 -10.399776
v -3.428340 -0.252152 -10.399776
v -2.365948 -0.252152 -10.399776
v -3.657593 -0.252152 -10.399776
v 0.016536 -0.252152 -10.399776
v -1.857014 -0.252152 -10.399776
v -2.212150 -0.252152 -10.399776
v -1.116534 -0.553774 -10.399776
v -1.116534 1.942316 -10.399776
v -1.116534 0.401802 -10.399776
v -1.116534 0.217393 -10.399776
v -1.116534 0.270362 -10.399776
v -1.116534 -0.212981 -10.399776
v -1.116534 -0.252152 -10.399776
v -1.648510 -0.553774 -10.399776
v -1.648510 1.942316 -10.399776
v -1.648510 0.401802 -10.399776
v -1.648510 0.217393 -10.399776
v -1.648510 0.270362 -10.399776
v -1.648510 -0.212981 -10.399776
v -1.648510 -0.252152 -10.399776
v -0.984601 -0.553774 -10.399776
v -0.984601 1.942316 -10.399776
v -0.984601 0.401802 -10.399776
v -0.984601 0.217393 -10.399776
v -0.984601 0.270362 -10.399776
v -0.984601 -0.212981 -10.399776
v -0.984601 -0.252152 -10.399776
v -0.237629 -0.553774 -10.399776
v -0.237629 1.942316 -10.399776
v -0.237629 0.401802 -10.399776
v -0.237629 0.217393 -10.399776
v -0.237629 0.270362 -10.399776
v -0.237629 -0.212981 -10.399776
v -0.237629 -0.252152 -10.399776
v -0.202328 -0.553774 -10.399776
v -0.202328 1.942316 -10.399776
v -0.202328 0.401802 -10.399776
v -0.202328 0.217393 -10.399776
v -0.202328 0.270362 -10.399776
v -0.202328 -0.212981 -10.399776
v -0.202328 -0.252152 -10.399776
v -1.012873 -0.553774 -10.399776
v -1.012873 1.942316 -10.399776
v -1.012873 0.401802 -10.399776
v -1.012873 0.217393 -10.399776
v -1.012873 0.270362 -10.399776
v -1.012873 -0.212981 -10.399776
v -1.012873 -0.252152 -10.399776
v -1.078839 -0.553774 -10.399776
v -1.078839 1.942316 -10.399776
v -1.078839 0.401802 -10.399776
v -1.078839 0.217393 -10.399776
v -1.078839 0.270362 -10.399776
v -1.078839 -0.212981 -10.399776
v -1.078839 -0.252152 -10.399776
v -1.686420 -0.553774 -10.399776
v -1.686420 1.942316 -10.399776
v -1.686420 0.401802 -10.399776
v -1.686420 0.217393 -10.399776
v -1.686420 0.270362 -10.399776
v -1.686420 -0.212981 -10.399776
v -1.686420 -0.252152 -10.399776
v -2.864527 1.942316 -10.399776
v -2.864527 0.401802 -10.399776
v -2.516493 1.942316 -10.399776
v -2.516493 0.401802 -10.399776
v -3.428340 0.401802 -10.477646
v -1.990597 1.942316 -10.399776
v -1.990597 0.401802 -10.399776
v -1.990597 0.217393 -10.399776
v -1.990597 0.270362 -10.399776
v -2.365948 0.270361 -10.477646
v -2.864527 0.401802 -10.477646
v -1.719227 -0.553774 -10.399776
v -1.719227 1.942316 -10.399776
v -1.719227 0.401802 -10.399776
v -1.719227 0.217393 -10.399776
v -1.719227 0.270362 -10.399776
v -1.719227 -0.212981 -10.399776
v -1.719227 -0.252152 -10.399776
v -1.097687 -0.553774 -10.399776
v -1.097687 1.942316 -10.399776
v -1.097687 0.401802 -10.399776
v -1.097687 0.217393 -10.399776
v -1.097687 0.270362 -10.399776
v -1.097687 -0.212981 -10.399776
v -1.097687 -0.252152 -10.399776
v -0.792199 -0.553774 -10.399776
v -0.792199 1.942316 -10.399776
v -0.792199 0.401802 -10.399776
v -0.792199 0.270362 -10.399776
v -0.792199 -0.212981 -10.399776
v -0.792199 -0.252152 -10.399776
v -0.177829 -0.553774 -10.399776
v -0.177829 1.942316 -10.399776
v -0.177829 0.401802 -10.399776
v -0.177829 0.217393 -10.399776
v -0.177829 0.270362 -10.399776
v -0.177829 -0.212981 -10.399776
v -0.177829 -0.252152 -10.399776
v -3.428340 0.950368 -10.399776
v 0.016536 0.950368 -10.399776
v -2.365948 0.950368 -10.399776
v -3.657593 0.950368 -10.399776
v -1.857014 0.950368 -10.399776
v -2.212150 0.950368 -10.399776
v -1.116534 0.950368 -10.399776
v -1.648510 0.950368 -10.399776
v -0.984601 0.950368 -10.399776
v -0.237629 0.950368 -10.399776
v -0.202328 0.950368 -10.399776
v -1.012873 0.950368 -10.399776
v -1.078839 0.950368 -10.399776
v -1.686420 0.950368 -10.399776
v -2.864527 0.950368 -10.399776
v -2.516493 0.950368 -10.399776
v -1.990597 0.950368 -10.399776
v -1.719227 0.950368 -10.399776
v -1.097687 0.950368 -10.399776
v -0.792199 0.950368 -10.399776
v -0.177829 0.950368 -10.399776
v -0.819918 -0.553774 -10.399776
v -0.819918 1.942316 -10.399776
v -0.819918 0.401802 -10.399776
v -0.819918 0.270362 -10.399776
v -0.819918 -0.212981 -10.399776
v -0.819918 -0.252152 -10.399776
v -0.819918 0.950368 -10.399776
v -3.428340 0.987647 -10.399776
v 0.016536 0.987647 -10.399776
v -2.365948 0.987647 -10.399776
v -3.657593 0.987647 -10.399776
v -1.857014 0.987647 -10.399776
v -2.212150 0.987647 -10.399776
v -1.116534 0.987647 -10.399776
v -1.648510 0.987647 -10.399776
v -0.984601 0.987647 -10.399776
v -0.237629 0.987647 -10.399776
v -0.202328 0.987647 -10.399776
v -1.012873 0.987647 -10.399776
v -1.078839 0.987647 -10.399776
v -1.686420 0.987647 -10.399776
v -2.864527 0.987647 -10.399776
v -2.516493 0.987647 -10.399776
v -1.990597 0.987647 -10.399776
v -1.719227 0.987647 -10.399776
v -1.097687 0.987647 -10.399776
v -0.792199 0.987647 -10.399776
v -0.177829 0.987647 -10.399776
v -0.819918 0.987647 -10.399776
v -1.739556 -0.553774 -10.399776
v -1.739556 1.942316 -10.399776
v -1.739556 0.401802 -10.399776
v -1.739556 0.217393 -10.399776
v -1.739556 0.270362 -10.399776
v -1.739556 -0.212981 -10.399776
v -1.739556 -0.252152 -10.399776
v -1.739556 0.950368 -10.399776
v -1.739556 0.987647 -10.399776
v -3.428340 0.270361 -10.477646
v -1.970220 1.942316 -10.399776
v -1.970220 0.401802 -10.399776
v -1.970220 0.217393 -10.399776
v -1.970220 0.270362 -10.399776
v -3.428340 -0.553774 -10.477646
v -2.864527 -0.553774 -10.477646
v -1.970220 0.950368 -10.399776
v -1.970220 0.987647 -10.399776
v -2.544560 1.942316 -10.399776
v -2.544560 0.401802 -10.399776
v -2.544560 0.950368 -10.399776
v -2.544560 0.987647 -10.399776
v -2.840868 1.942316 -10.399776
v -2.840868 0.401802 -10.399776
v -2.840868 0.950368 -10.399776
v -2.840868 0.987647 -10.399776
v -3.445197 0.401802 -10.399776
v -3.445197 1.942316 -10.399776
v -3.445197 -0.553774 -10.399776
v -3.445197 0.217393 -10.399776
v -3.445197 0.270361 -10.399776
v -3.445197 -0.212981 -10.399776
v -3.445197 -0.252152 -10.399776
v -3.445197 0.950368 -10.399776
v -3.445197 0.987647 -10.399776
v -3.428340 1.505729 -10.399776
v 0.016536 1.505729 -10.399776
v -2.365948 1.505729 -10.399776
v -3.657593 1.505729 -10.399776
v -1.857014 1.505729 -10.399776
v -2.212150 1.505729 -10.399776
v -1.116534 1.505729 -10.399776
v -1.648510 1.505729 -10.399776
v -0.984601 1.505729 -10.399776
v -0.237629 1.505729 -10.399776
v -0.202328 1.505729 -10.399776
v -1.012873 1.505729 -10.399776
v -1.078839 1.505729 -10.399776
v -1.686420 1.505729 -10.399776
v -2.864527 1.505729 -10.399776
v -2.516493 1.505729 -10.399776
v -1.990597 1.505729 -10.399776
v -1.719227 1.505729 -10.399776
v -1.097687 1.505729 -10.399776
v -0.792199 1.505729 -10.399776
v -0.177829 1.505729 -10.399776
v -0.819918 1.505729 -10.399776
v -1.739556 1.505729 -10.399776
v -1.970220 1.505729 -10.399776
v -2.544560 1.505729 -10.399776
v -2.840868 1.505729 -10.399776
v -3.445197 1.505729 -10.399776
v -1.990597 -0.553774 -10.428985
v -2.212150 -0.553774 -10.428985
v -1.857014 -0.212981 -10.428985
v -1.857014 0.217393 -10.428985
v -2.212150 -0.212981 -10.428985
v -2.212150 0.217393 -10.428985
v -1.990597 0.217393 -10.428985
v -1.857014 -0.252152 -10.428985
v -2.212150 -0.252152 -10.428985
v -1.990597 -0.212981 -10.428985
v -1.857014 -0.553774 -10.428985
v -1.990597 -0.252152 -10.428985
v -1.970220 -0.553774 -10.428985
v -1.970220 0.217393 -10.428985
v -1.970220 -0.212981 -10.428985
v -1.970220 -0.252152 -10.428985
v -2.365948 0.401802 -10.477646
v -3.428340 -0.212981 -10.477646
v -3.428340 0.217393 -10.477646
v -2.365948 -0.212981 -10.477646
v -2.365948 0.217393 -10.477646
v -2.864527 0.217393 -10.477646
v -2.864527 0.270361 -10.477646
v -3.428340 -0.252152 -10.477646
v -2.365948 -0.252152 -10.477646
v -2.864527 -0.212981 -10.477646
v -2.365948 -0.553774 -10.477646
v -2.864527 -0.252152 -10.477646
v -2.840868 -0.553774 -10.477646
v -2.840868 0.401802 -10.477646
v -2.840868 0.217393 -10.477646
v -2.840868 0.270361 -10.477646
v -2.840868 -0.212981 -10.477646
v -2.840868 -0.252152 -10.477646
v -2.516493 -0.553774 -10.477646
v -2.516493 0.401802 -10.477646
v -2.516493 0.217393 -10.477646
v -2.516493 0.270361 -10.477646
v -2.516493 -0.212981 -10.477646
v -2.516493 -0.252152 -10.477646
v -2.544560 -0.553774 -10.477646
v -2.544560 0.401802 -10.477646
v -2.544560 0.217393 -10.477646
v -2.544560 0.270361 -10.477646
v -2.544560 -0.212981 -10.477646
v -2.544560 -0.252152 -10.477646
v -1.116534 0.217393 -10.418256
v -1.116534 0.270362 -10.418256
v -1.116534 -0.212981 -10.418256
v -1.648510 0.217393 -10.418256
v -1.648510 0.270362 -10.418256
v -1.648510 -0.212981 -10.418256
v -0.819918 0.217393 -10.418256
v -0.984601 0.217393 -10.418256
v -0.819918 0.270362 -10.418256
v -0.984601 0.270362 -10.418256
v -0.819918 -0.212981 -10.418256
v -0.984601 -0.212981 -10.418256
v -0.237629 0.217393 -10.418256
v -0.237629 0.270362 -10.418256
v -0.237629 -0.212981 -10.418256
v -0.792199 0.217393 -10.418256
v -0.792199 0.270362 -10.418256
v -0.792199 -0.212981 -10.418256
v -1.097687 0.987647 -10.418256
v -1.116534 0.987647 -10.418256
v -1.990597 0.987647 -10.418256
v -2.212150 0.987647 -10.418256
v -2.864527 0.987647 -10.418256
v -3.428340 0.987647 -10.418256
v -1.686420 0.987647 -10.418256
v -1.719227 0.987647 -10.418256
v -0.202328 0.987647 -10.418256
v -0.237629 0.987647 -10.418256
v -0.792199 0.987647 -10.418256
v -1.648510 0.987647 -10.418256
v -2.365948 0.987647 -10.418256
v -2.516493 0.987647 -10.418256
v -3.428340 1.505729 -10.418256
v -2.365948 1.505729 -10.418256
v -2.212150 1.505729 -10.418256
v -1.116534 1.505729 -10.418256
v -1.648510 1.505729 -10.418256
v -0.237629 1.505729 -10.418256
v -0.202328 1.505729 -10.418256
v -1.686420 1.505729 -10.418256
v -2.864527 1.505729 -10.418256
v -2.516493 1.505729 -10.418256
v -1.990597 1.505729 -10.418256
v -1.719227 1.505729 -10.418256
v -1.097687 1.505729 -10.418256
v -0.792199 1.505729 -10.418256
v -1.097687 -0.212981 -10.369927
v -1.116534 -0.212981 -10.369927
v -1.097687 -0.252152 -10.369927
v -1.116534 -0.252152 -10.369927
v -1.648510 -0.212981 -10.369927
v -1.648510 -0.252152 -10.369927
v -0.819918 -0.212981 -10.369927
v -0.984601 -0.212981 -10.369927
v -0.819918 -0.252152 -10.369927
v -0.984601 -0.252152 -10.369927
v -0.202328 -0.212981 -10.369927
v -0.237629 -0.212981 -10.369927
v -0.202328 -0.252152 -10.369927
v -0.237629 -0.252152 -10.369927
v -1.012873 -0.212981 -10.369927
v -1.012873 -0.252152 -10.369927
v -1.078839 -0.252152 -10.369927
v -1.078839 -0.212981 -10.369927
v -1.686420 -0.212981 -10.369927
v -1.686420 -0.252152 -10.369927
v -0.792199 -0.212981 -10.369927
v -0.792199 -0.252152 -10.369927
v -0.177829 0.950368 -10.369927
v -0.202328 0.950368 -10.369927
v -1.097687 0.950368 -10.369927
v -1.116534 0.950368 -10.369927
v -1.990597 0.950368 -10.369927
v -2.212150 0.950368 -10.369927
v -2.840868 0.950368 -10.369927
v -2.864527 0.950368 -10.369927
v -3.428340 0.950368 -10.369927
v -1.686420 0.950368 -10.369927
v -1.719227 0.950368 -10.369927
v -1.078839 0.950368 -10.369927
v -0.237629 0.950368 -10.369927
v -0.792199 0.950368 -10.369927
v -1.648510 0.950368 -10.369927
v -2.365948 0.950368 -10.369927
v -1.970220 0.950368 -10.369927
v -2.516493 0.950368 -10.369927
v -0.819918 0.950368 -10.369927
v -3.428340 0.987647 -10.369927
v -2.365948 0.987647 -10.369927
v -2.212150 0.987647 -10.369927
v -1.116534 0.987647 -10.369927
v -1.648510 0.987647 -10.369927
v -0.237629 0.987647 -10.369927
v -0.202328 0.987647 -10.369927
v -1.078839 0.987647 -10.369927
v -1.686420 0.987647 -10.369927
v -2.864527 0.987647 -10.369927
v -2.516493 0.987647 -10.369927
v -1.990597 0.987647 -10.369927
v -1.719227 0.987647 -10.369927
v -1.097687 0.987647 -10.369927
v -0.792199 0.987647 -10.369927
v -0.177829 0.987647 -10.369927
v -0.819918 0.987647 -10.369927
v -2.840868 0.987647 -10.369927
v -1.970220 0.987647 -10.369927
v -1.739556 0.950368 -10.369927
v -1.739556 0.987647 -10.369927
v -2.544560 0.950368 -10.369927
v -2.544560 0.987647 -10.369927
v -3.445197 0.950368 -10.369927
v -3.445197 0.987647 -10.369927
v -3.428340 -0.068370 -10.477646
v -3.428340 -0.068370 -10.399776
v -2.365948 -0.068370 -10.399776
v -3.657593 -0.068370 -10.399776
v 0.016536 -0.068370 -10.399776
v -1.857014 -0.068370 -10.399776
v -2.212150 -0.068370 -10.399776
v -1.116534 -0.068370 -10.399776
v -1.648510 -0.068370 -10.399776
v -0.984601 -0.068370 -10.399776
v -0.237629 -0.068370 -10.399776
v -0.202328 -0.068370 -10.399776
v -1.012873 -0.068370 -10.399776
v -1.078839 -0.068370 -10.399776
v -1.686420 -0.068370 -10.399776
v -1.719227 -0.068370 -10.399776
v -1.097687 -0.068370 -10.399776
v -0.177829 -0.068370 -10.399776
v -1.739556 -0.068370 -10.399776
v -3.445197 -0.068370 -10.399776
v -1.857014 -0.068370 -10.428985
v -2.212150 -0.068370 -10.428985
v -1.990597 -0.068370 -10.428985
v -1.970220 -0.068370 -10.428985
v -2.365948 -0.068370 -10.477646
v -2.864527 -0.068370 -10.477646
v -2.516493 -0.068370 -10.477646
v -2.544560 -0.068370 -10.477646
v -2.840868 -0.068370 -10.477646
v -1.116534 -0.068370 -10.418256
v -1.648510 -0.068370 -10.418256
v -0.984601 -0.068370 -10.418256
v -0.237629 -0.068370 -10.418256
v -0.792199 -0.068370 -10.418256
v -0.819918 -0.068370 -10.418256
v -3.428340 0.174850 -10.477646
v -3.428340 0.174850 -10.399776
v -2.365948 0.174850 -10.399776
v -3.657593 0.174850 -10.399776
v 0.016536 0.174850 -10.399776
v -1.857014 0.174850 -10.399776
v -2.212150 0.174850 -10.399776
v -1.116534 0.174850 -10.399776
v -1.648510 0.174850 -10.399776
v -0.984601 0.174850 -10.399776
v -0.237629 0.174850 -10.399776
v -0.202328 0.174850 -10.399776
v -1.012873 0.174850 -10.399776
v -1.078839 0.174850 -10.399776
v -1.686420 0.174850 -10.399776
v -1.719227 0.174850 -10.399776
v -1.097687 0.174850 -10.399776
v -0.177829 0.174850 -10.399776
v -1.739556 0.174850 -10.399776
v -3.445197 0.174850 -10.399776
v -1.857014 0.174850 -10.428985
v -2.212150 0.174850 -10.428985
v -1.990597 0.174850 -10.428985
v -1.970220 0.174850 -10.428985
v -2.365948 0.174850 -10.477646
v -2.864527 0.174850 -10.477646
v -2.516493 0.174850 -10.477646
v -2.544560 0.174850 -10.477646
v -2.840868 0.174850 -10.477646
v -1.116534 0.174850 -10.418256
v -1.648510 0.174850 -10.418256
v -0.984601 0.174850 -10.418256
v -0.237629 0.174850 -10.418256
v -0.792199 0.174850 -10.418256
v -0.819918 0.174850 -10.418256
v -2.167187 1.942316 -10.399776
v -2.167187 0.401802 -10.399776
v -2.167187 0.217393 -10.399776
v -2.167187 0.270362 -10.399776
v -2.167187 0.950368 -10.399776
v -2.167187 0.987647 -10.399776
v -2.167187 1.505729 -10.399776
v -2.167187 -0.553774 -10.428985
v -2.167187 0.217393 -10.428985
v -2.167187 -0.212981 -10.428985
v -2.167187 -0.252152 -10.428985
v -2.167187 0.987647 -10.418256
v -2.167187 1.505729 -10.418256
v -2.167187 0.950368 -10.369927
v -2.167187 0.987647 -10.369927
v -2.167187 -0.068370 -10.428985
v -2.167187 0.174850 -10.428985
v -1.895400 1.942316 -10.399776
v -1.895400 0.401802 -10.399776
v -1.895400 0.217393 -10.399776
v -1.895400 0.270362 -10.399776
v -1.895400 0.950368 -10.399776
v -1.895400 0.987647 -10.399776
v -1.895400 1.505729 -10.399776
v -1.895400 -0.553774 -10.428985
v -1.895400 0.217393 -10.428985
v -1.895400 -0.212981 -10.428985
v -1.895400 -0.252152 -10.428985
v -1.895400 -0.068370 -10.428985
v -1.895400 0.174850 -10.428985
v -1.970220 -0.058859 -10.418174
v -1.990597 -0.058859 -10.418174
v -1.904911 -0.058859 -10.418174
v -1.990597 0.174850 -10.418174
v -1.970220 0.165339 -10.418174
v -1.904911 0.165339 -10.418174
v -2.157676 -0.058859 -10.418174
v -2.157676 0.165339 -10.418174
v -1.970220 -0.068370 -10.418174
v -1.990597 -0.068370 -10.418174
v -1.895400 -0.068370 -10.418174
v -1.970220 0.174850 -10.418174
v -1.990597 0.165339 -10.418174
v -1.895400 0.174850 -10.418174
v -2.167187 -0.068370 -10.418174
v -2.167187 0.174850 -10.418174
v -1.990597 -0.058859 -10.426188
v -1.990597 0.165339 -10.426188
v -1.970220 -0.058859 -10.426188
v -1.970220 0.165339 -10.426188
v -1.904911 -0.058859 -10.426188
v -1.904911 0.165339 -10.426188
v -2.157676 -0.058859 -10.426188
v -2.157676 0.165339 -10.426188
v -3.657558 -0.553775 -13.844668
v -3.657558 1.942316 -13.844668
v -3.657558 0.401802 -13.844668
v -3.657558 -0.553775 -12.782276
v -3.657558 1.942316 -10.399793
v -3.657558 1.942316 -12.782276
v -3.657558 0.401802 -12.782276
v -3.657558 -0.553774 -10.399793
v -3.657558 0.401802 -14.073921
v -3.657558 0.401802 -10.399793
v -3.657558 1.942316 -14.073921
v -3.657558 -0.553775 -14.073921
v -3.657558 -0.553775 -12.273342
v -3.657558 1.942316 -12.273342
v -3.657558 0.401802 -12.273342
v -3.657558 -0.553775 -12.628477
v -3.657558 1.942316 -12.628478
v -3.657558 0.401802 -12.628478
v -3.657558 0.217392 -13.844668
v -3.657558 0.217393 -12.782276
v -3.657558 0.217392 -14.073921
v -3.657558 0.217393 -10.399793
v -3.657558 0.217393 -12.273342
v -3.657558 0.217393 -12.628478
v -3.657558 0.270361 -13.844668
v -3.657558 0.270361 -12.782276
v -3.657558 0.270361 -14.073921
v -3.657558 0.270362 -10.399793
v -3.657558 0.270361 -12.273342
v -3.657558 0.270361 -12.628478
v -3.657558 -0.212981 -13.844668
v -3.657558 -0.212981 -12.782276
v -3.657558 -0.212981 -14.073921
v -3.657558 -0.212981 -10.399793
v -3.657558 -0.212981 -12.273342
v -3.657558 -0.212981 -12.628478
v -3.657558 -0.252153 -13.844668
v -3.657558 -0.252153 -12.782276
v -3.657558 -0.252153 -14.073921
v -3.657558 -0.252152 -10.399793
v -3.657558 -0.252153 -12.273342
v -3.657558 -0.252153 -12.628478
v -3.657558 -0.553775 -11.532863
v -3.657558 1.942316 -11.532863
v -3.657558 0.401802 -11.532863
v -3.657558 0.217393 -11.532863
v -3.657558 0.270361 -11.532863
v -3.657558 -0.212981 -11.532863
v -3.657558 -0.252153 -11.532863
v -3.657558 -0.553775 -12.064838
v -3.657558 1.942316 -12.064838
v -3.657558 0.401802 -12.064838
v -3.657558 0.217393 -12.064838
v -3.657558 0.270361 -12.064838
v -3.657558 -0.212981 -12.064838
v -3.657558 -0.252153 -12.064838
v -3.657558 -0.553775 -11.400929
v -3.657558 1.942316 -11.400929
v -3.657558 0.401802 -11.400929
v -3.657558 0.217393 -11.400929
v -3.657558 0.270361 -11.400929
v -3.657558 -0.212981 -11.400929
v -3.657558 -0.252153 -11.400929
v -3.657558 -0.553774 -10.653957
v -3.657558 1.942316 -10.653957
v -3.657558 0.401802 -10.653957
v -3.657558 0.217393 -10.653957
v -3.657558 0.270361 -10.653957
v -3.657558 -0.212981 -10.653957
v -3.657558 -0.252152 -10.653957
v -3.657558 -0.553774 -10.618656
v -3.657558 1.942316 -10.618656
v -3.657558 0.401802 -10.618656
v -3.657558 0.217393 -10.618656
v -3.657558 0.270361 -10.618656
v -3.657558 -0.212981 -10.618656
v -3.657558 -0.252152 -10.618656
v -3.657558 -0.553775 -11.429201
v -3.657558 1.942316 -11.429201
v -3.657558 0.401802 -11.429201
v -3.657558 0.217393 -11.429201
v -3.657558 0.270361 -11.429201
v -3.657558 -0.212981 -11.429201
v -3.657558 -0.252153 -11.429201
v -3.657558 -0.553775 -11.495167
v -3.657558 1.942316 -11.495168
v -3.657558 0.401802 -11.495168
v -3.657558 0.217393 -11.495168
v -3.657558 0.270361 -11.495168
v -3.657558 -0.212981 -11.495167
v -3.657558 -0.252153 -11.495167
v -3.657558 -0.553775 -12.102748
v -3.657558 1.942316 -12.102749
v -3.657558 0.401802 -12.102748
v -3.657558 0.217393 -12.102748
v -3.657558 0.270361 -12.102748
v -3.657558 -0.212981 -12.102748
v -3.657558 -0.252153 -12.102748
v -3.657558 1.942316 -13.280855
v -3.657558 0.401802 -13.280855
v -3.657558 1.942316 -12.932821
v -3.657558 0.401802 -12.932821
v -3.579689 0.401802 -13.844668
v -3.657558 1.942316 -12.406925
v -3.657558 0.401802 -12.406925
v -3.657558 0.217393 -12.406925
v -3.657558 0.270361 -12.406925
v -3.579689 0.270361 -12.782276
v -3.579689 0.401802 -13.280855
v -3.657558 -0.553775 -12.135554
v -3.657558 1.942316 -12.135555
v -3.657558 0.401802 -12.135554
v -3.657558 0.217393 -12.135554
v -3.657558 0.270361 -12.135554
v -3.657558 -0.212981 -12.135554
v -3.657558 -0.252153 -12.135554
v -3.657558 -0.553775 -11.514014
v -3.657558 1.942316 -11.514015
v -3.657558 0.401802 -11.514015
v -3.657558 0.217393 -11.514015
v -3.657558 0.270361 -11.514015
v -3.657558 -0.212981 -11.514014
v -3.657558 -0.252153 -11.514014
v -3.657558 -0.553775 -11.208528
v -3.657558 1.942316 -11.208528
v -3.657558 0.401802 -11.208528
v -3.657558 0.270361 -11.208528
v -3.657558 -0.212981 -11.208528
v -3.657558 -0.252152 -11.208528
v -3.657558 -0.553774 -10.594156
v -3.657558 1.942316 -10.594157
v -3.657558 0.401802 -10.594156
v -3.657558 0.217393 -10.594156
v -3.657558 0.270361 -10.594156
v -3.657558 -0.212981 -10.594156
v -3.657558 -0.252152 -10.594156
v -3.657558 0.950367 -13.844668
v -3.657558 0.950368 -10.399793
v -3.657558 0.950367 -12.782276
v -3.657558 0.950367 -14.073921
v -3.657558 0.950367 -12.273342
v -3.657558 0.950367 -12.628478
v -3.657558 0.950367 -11.532863
v -3.657558 0.950367 -12.064838
v -3.657558 0.950367 -11.400929
v -3.657558 0.950368 -10.653957
v -3.657558 0.950368 -10.618656
v -3.657558 0.950367 -11.429201
v -3.657558 0.950367 -11.495168
v -3.657558 0.950367 -12.102749
v -3.657558 0.950367 -13.280855
v -3.657558 0.950367 -12.932821
v -3.657558 0.950367 -12.406925
v -3.657558 0.950367 -12.135555
v -3.657558 0.950367 -11.514015
v -3.657558 0.950367 -11.208528
v -3.657558 0.950368 -10.594157
v -3.657558 -0.553775 -11.236246
v -3.657558 1.942316 -11.236247
v -3.657558 0.401802 -11.236246
v -3.657558 0.270361 -11.236246
v -3.657558 -0.212981 -11.236246
v -3.657558 -0.252153 -11.236246
v -3.657558 0.950367 -11.236246
v -3.657558 0.987646 -13.844668
v -3.657558 0.987647 -10.399793
v -3.657558 0.987647 -12.782276
v -3.657558 0.987646 -14.073921
v -3.657558 0.987647 -12.273342
v -3.657558 0.987647 -12.628478
v -3.657558 0.987647 -11.532863
v -3.657558 0.987647 -12.064838
v -3.657558 0.987647 -11.400929
v -3.657558 0.987647 -10.653957
v -3.657558 0.987647 -10.618656
v -3.657558 0.987647 -11.429201
v -3.657558 0.987647 -11.495168
v -3.657558 0.987647 -12.102749
v -3.657558 0.987647 -13.280855
v -3.657558 0.987647 -12.932821
v -3.657558 0.987647 -12.406925
v -3.657558 0.987647 -12.135555
v -3.657558 0.987647 -11.514015
v -3.657558 0.987647 -11.208528
v -3.657558 0.987647 -10.594157
v -3.657558 0.987647 -11.236246
v -3.657558 -0.553775 -12.155884
v -3.657558 1.942316 -12.155885
v -3.657558 0.401802 -12.155884
v -3.657558 0.217393 -12.155884
v -3.657558 0.270361 -12.155884
v -3.657558 -0.212981 -12.155884
v -3.657558 -0.252153 -12.155884
v -3.657558 0.950367 -12.155884
v -3.657558 0.987647 -12.155884
v -3.579689 0.270361 -13.844668
v -3.657558 1.942316 -12.386548
v -3.657558 0.401802 -12.386548
v -3.657558 0.217393 -12.386548
v -3.657558 0.270361 -12.386548
v -3.579689 -0.553775 -13.844668
v -3.579689 -0.553775 -13.280855
v -3.657558 0.950367 -12.386548
v -3.657558 0.987647 -12.386548
v -3.657558 1.942316 -12.960889
v -3.657558 0.401802 -12.960889
v -3.657558 0.950367 -12.960889
v -3.657558 0.987647 -12.960889
v -3.657558 1.942316 -13.257196
v -3.657558 0.401802 -13.257195
v -3.657558 0.950367 -13.257195
v -3.657558 0.987647 -13.257195
v -3.657558 0.401802 -13.861526
v -3.657558 1.942316 -13.861526
v -3.657558 -0.553775 -13.861526
v -3.657558 0.217392 -13.861526
v -3.657558 0.270361 -13.861526
v -3.657558 -0.212981 -13.861526
v -3.657558 -0.252153 -13.861526
v -3.657558 0.950367 -13.861526
v -3.657558 0.987646 -13.861526
v -3.657558 1.505729 -13.844668
v -3.657558 1.505729 -10.399793
v -3.657558 1.505729 -12.782276
v -3.657558 1.505729 -14.073921
v -3.657558 1.505729 -12.273342
v -3.657558 1.505729 -12.628478
v -3.657558 1.505729 -11.532863
v -3.657558 1.505729 -12.064838
v -3.657558 1.505729 -11.400929
v -3.657558 1.505729 -10.653957
v -3.657558 1.505729 -10.618656
v -3.657558 1.505729 -11.429201
v -3.657558 1.505729 -11.495168
v -3.657558 1.505729 -12.102749
v -3.657558 1.505729 -13.280855
v -3.657558 1.505729 -12.932821
v -3.657558 1.505729 -12.406925
v -3.657558 1.505729 -12.135555
v -3.657558 1.505729 -11.514015
v -3.657558 1.505729 -11.208528
v -3.657558 1.505729 -10.594157
v -3.657558 1.505729 -11.236247
v -3.657558 1.505729 -12.155884
v -3.657558 1.505729 -12.386548
v -3.657558 1.505729 -12.960889
v -3.657558 1.505729 -13.257196
v -3.657558 1.505729 -13.861526
v -3.628349 -0.553775 -12.406925
v -3.628349 -0.553775 -12.628477
v -3.628349 -0.212981 -12.273342
v -3.628349 0.217393 -12.273342
v -3.628349 -0.212981 -12.628478
v -3.628349 0.217393 -12.628478
v -3.628349 0.217393 -12.406925
v -3.628349 -0.252153 -12.273342
v -3.628349 -0.252153 -12.628478
v -3.628349 -0.212981 -12.406925
v -3.628349 -0.553775 -12.273342
v -3.628349 -0.252153 -12.406925
v -3.628349 -0.553775 -12.386548
v -3.628349 0.217393 -12.386548
v -3.628349 -0.212981 -12.386548
v -3.628349 -0.252153 -12.386548
v -3.579689 0.401802 -12.782276
v -3.579689 -0.212981 -13.844668
v -3.579689 0.217392 -13.844668
v -3.579689 -0.212981 -12.782276
v -3.579689 0.217393 -12.782276
v -3.579689 0.217392 -13.280855
v -3.579689 0.270361 -13.280855
v -3.579689 -0.252153 -13.844668
v -3.579689 -0.252153 -12.782276
v -3.579689 -0.212981 -13.280855
v -3.579689 -0.553775 -12.782276
v -3.579689 -0.252153 -13.280855
v -3.579689 -0.553775 -13.257195
v -3.579689 0.401802 -13.257195
v -3.579689 0.217392 -13.257195
v -3.579689 0.270361 -13.257195
v -3.579689 -0.212981 -13.257195
v -3.579689 -0.252153 -13.257195
v -3.579689 -0.553775 -12.932821
v -3.579689 0.401802 -12.932821
v -3.579689 0.217392 -12.932821
v -3.579689 0.270361 -12.932821
v -3.579689 -0.212981 -12.932821
v -3.579689 -0.252153 -12.932821
v -3.579689 -0.553775 -12.960889
v -3.579689 0.401802 -12.960889
v -3.579689 0.217392 -12.960889
v -3.579689 0.270361 -12.960889
v -3.579689 -0.212981 -12.960889
v -3.579689 -0.252153 -12.960889
v -3.639078 0.217393 -11.532863
v -3.639078 0.270361 -11.532863
v -3.639078 -0.212981 -11.532863
v -3.639078 0.217393 -12.064838
v -3.639078 0.270361 -12.064838
v -3.639078 -0.212981 -12.064838
v -3.639078 0.217393 -11.236246
v -3.639078 0.217393 -11.400929
v -3.639078 0.270361 -11.236246
v -3.639078 0.270361 -11.400929
v -3.639078 -0.212981 -11.236246
v -3.639078 -0.212981 -11.400929
v -3.639078 0.217393 -10.653957
v -3.639078 0.270361 -10.653957
v -3.639078 -0.212981 -10.653957
v -3.639078 0.217393 -11.208528
v -3.639078 0.270361 -11.208528
v -3.639078 -0.212981 -11.208528
v -3.639078 0.987647 -11.514015
v -3.639078 0.987647 -11.532863
v -3.639078 0.987647 -12.406925
v -3.639078 0.987647 -12.628478
v -3.639078 0.987647 -13.280855
v -3.639078 0.987646 -13.844668
v -3.639078 0.987647 -12.102749
v -3.639078 0.987647 -12.135555
v -3.639078 0.987647 -10.618656
v -3.639078 0.987647 -10.653957
v -3.639078 0.987647 -11.208528
v -3.639078 0.987647 -12.064838
v -3.639078 0.987647 -12.782276
v -3.639078 0.987647 -12.932821
v -3.639078 1.505729 -13.844668
v -3.639078 1.505729 -12.782276
v -3.639078 1.505729 -12.628478
v -3.639078 1.505729 -11.532863
v -3.639078 1.505729 -12.064838
v -3.639079 1.505729 -10.653957
v -3.639079 1.505729 -10.618656
v -3.639078 1.505729 -12.102749
v -3.639078 1.505729 -13.280855
v -3.639078 1.505729 -12.932821
v -3.639078 1.505729 -12.406925
v -3.639078 1.505729 -12.135555
v -3.639078 1.505729 -11.514015
v -3.639078 1.505729 -11.208528
v -3.687407 -0.212981 -11.514014
v -3.687407 -0.212981 -11.532863
v -3.687407 -0.252153 -11.514014
v -3.687407 -0.252153 -11.532863
v -3.687407 -0.212981 -12.064838
v -3.687407 -0.252153 -12.064838
v -3.687407 -0.212981 -11.236246
v -3.687407 -0.212981 -11.400929
v -3.687407 -0.252153 -11.236246
v -3.687407 -0.252153 -11.400929
v -3.687407 -0.212981 -10.618656
v -3.687407 -0.212981 -10.653957
v -3.687407 -0.252152 -10.618656
v -3.687407 -0.252152 -10.653957
v -3.687407 -0.212981 -11.429201
v -3.687407 -0.252153 -11.429201
v -3.687407 -0.252153 -11.495167
v -3.687407 -0.212981 -11.495167
v -3.687407 -0.212981 -12.102748
v -3.687407 -0.252153 -12.102748
v -3.687407 -0.212981 -11.208528
v -3.687407 -0.252152 -11.208528
v -3.687407 0.950368 -10.594157
v -3.687407 0.950368 -10.618656
v -3.687407 0.950367 -11.514015
v -3.687407 0.950367 -11.532863
v -3.687407 0.950367 -12.406925
v -3.687407 0.950367 -12.628478
v -3.687407 0.950367 -13.257195
v -3.687407 0.950367 -13.280855
v -3.687407 0.950367 -13.844668
v -3.687407 0.950367 -12.102749
v -3.687407 0.950367 -12.135555
v -3.687407 0.950367 -11.495168
v -3.687407 0.950368 -10.653957
v -3.687407 0.950367 -11.208528
v -3.687407 0.950367 -12.064838
v -3.687407 0.950367 -12.782276
v -3.687407 0.950367 -12.386548
v -3.687407 0.950367 -12.932821
v -3.687407 0.950367 -11.236246
v -3.687407 0.987646 -13.844668
v -3.687407 0.987647 -12.782276
v -3.687407 0.987647 -12.628478
v -3.687407 0.987647 -11.532863
v -3.687407 0.987647 -12.064838
v -3.687407 0.987647 -10.653957
v -3.687407 0.987647 -10.618656
v -3.687407 0.987647 -11.495168
v -3.687407 0.987647 -12.102749
v -3.687407 0.987647 -13.280855
v -3.687407 0.987647 -12.932821
v -3.687407 0.987647 -12.406925
v -3.687407 0.987647 -12.135555
v -3.687407 0.987647 -11.514015
v -3.687407 0.987647 -11.208528
v -3.687407 0.987647 -10.594157
v -3.687407 0.987647 -11.236246
v -3.687407 0.987647 -13.257195
v -3.687407 0.987647 -12.386548
v -3.687407 0.950367 -12.155884
v -3.687407 0.987647 -12.155884
v -3.687407 0.950367 -12.960889
v -3.687407 0.987647 -12.960889
v -3.687407 0.950367 -13.861526
v -3.687407 0.987646 -13.861526
v -3.579689 -0.068371 -13.844668
v -3.657558 -0.068371 -13.844668
v -3.657558 -0.068371 -12.782276
v -3.657558 -0.068371 -14.073921
v -3.657558 -0.068370 -10.399793
v -3.657558 -0.068371 -12.273342
v -3.657558 -0.068371 -12.628478
v -3.657558 -0.068371 -11.532863
v -3.657558 -0.068371 -12.064838
v -3.657558 -0.068370 -11.400929
v -3.657558 -0.068370 -10.653957
v -3.657558 -0.068370 -10.618656
v -3.657558 -0.068370 -11.429201
v -3.657558 -0.068370 -11.495167
v -3.657558 -0.068371 -12.102748
v -3.657558 -0.068371 -12.135554
v -3.657558 -0.068371 -11.514015
v -3.657558 -0.068370 -10.594156
v -3.657558 -0.068371 -12.155884
v -3.657558 -0.068371 -13.861526
v -3.628349 -0.068371 -12.273342
v -3.628349 -0.068371 -12.628478
v -3.628349 -0.068371 -12.406925
v -3.628349 -0.068371 -12.386548
v -3.579689 -0.068371 -12.782276
v -3.579689 -0.068371 -13.280855
v -3.579689 -0.068371 -12.932821
v -3.579689 -0.068371 -12.960889
v -3.579689 -0.068371 -13.257195
v -3.639078 -0.068371 -11.532863
v -3.639078 -0.068371 -12.064838
v -3.639078 -0.068370 -11.400929
v -3.639078 -0.068370 -10.653957
v -3.639078 -0.068370 -11.208528
v -3.639078 -0.068370 -11.236246
v -3.579689 0.174849 -13.844668
v -3.657558 0.174849 -13.844668
v -3.657558 0.174850 -12.782276
v -3.657558 0.174849 -14.073921
v -3.657558 0.174850 -10.399793
v -3.657558 0.174850 -12.273342
v -3.657558 0.174850 -12.628478
v -3.657558 0.174850 -11.532863
v -3.657558 0.174850 -12.064838
v -3.657558 0.174850 -11.400929
v -3.657558 0.174850 -10.653957
v -3.657558 0.174850 -10.618656
v -3.657558 0.174850 -11.429201
v -3.657558 0.174850 -11.495168
v -3.657558 0.174850 -12.102748
v -3.657558 0.174850 -12.135554
v -3.657558 0.174850 -11.514015
v -3.657558 0.174850 -10.594156
v -3.657558 0.174850 -12.155884
v -3.657558 0.174849 -13.861526
v -3.628349 0.174850 -12.273342
v -3.628349 0.174850 -12.628478
v -3.628349 0.174850 -12.406925
v -3.628349 0.174850 -12.386548
v -3.579689 0.174850 -12.782276
v -3.579689 0.174850 -13.280855
v -3.579689 0.174850 -12.932821
v -3.579689 0.174850 -12.960889
v -3.579689 0.174850 -13.257195
v -3.639078 0.174850 -11.532863
v -3.639078 0.174850 -12.064838
v -3.639078 0.174850 -11.400929
v -3.639078 0.174850 -10.653957
v -3.639078 0.174850 -11.208528
v -3.639078 0.174850 -11.236246
v -3.657558 1.942316 -12.583516
v -3.657558 0.401802 -12.583515
v -3.657558 0.217393 -12.583515
v -3.657558 0.270361 -12.583515
v -3.657558 0.950367 -12.583515
v -3.657558 0.987647 -12.583515
v -3.657558 1.505729 -12.583515
v -3.628349 -0.553775 -12.583515
v -3.628349 0.217393 -12.583515
v -3.628349 -0.212981 -12.583515
v -3.628349 -0.252153 -12.583515
v -3.639078 0.987647 -12.583515
v -3.639078 1.505729 -12.583515
v -3.687407 0.950367 -12.583515
v -3.687407 0.987647 -12.583515
v -3.628349 -0.068371 -12.583515
v -3.628349 0.174850 -12.583515
v -3.657558 1.942316 -12.311728
v -3.657558 0.401802 -12.311728
v -3.657558 0.217393 -12.311728
v -3.657558 0.270361 -12.311728
v -3.657558 0.950367 -12.311728
v -3.657558 0.987647 -12.311728
v -3.657558 1.505729 -12.311728
v -3.628349 -0.553775 -12.311728
v -3.628349 0.217393 -12.311728
v -3.628349 -0.212981 -12.311728
v -3.628349 -0.252153 -12.311728
v -3.628349 -0.068371 -12.311728
v -3.628349 0.174850 -12.311728
v -3.639160 -0.058859 -12.386548
v -3.639160 -0.058859 -12.406925
v -3.639160 -0.058859 -12.321239
v -3.639160 0.174850 -12.406925
v -3.639160 0.165338 -12.386548
v -3.639160 0.165338 -12.321239
v -3.639160 -0.058859 -12.574004
v -3.639160 0.165338 -12.574004
v -3.639160 -0.068371 -12.386548
v -3.639160 -0.068371 -12.406925
v -3.639160 -0.068371 -12.311728
v -3.639160 0.174850 -12.386548
v -3.639160 0.165338 -12.406925
v -3.639160 0.174850 -12.311728
v -3.639160 -0.068371 -12.583515
v -3.639160 0.174850 -12.583515
v -3.631146 -0.058859 -12.406925
v -3.631146 0.165338 -12.406925
v -3.631146 -0.058859 -12.386548
v -3.631146 0.165338 -12.386548
v -3.631146 -0.058859 -12.321239
v -3.631146 0.165338 -12.321239
v -3.631146 -0.058859 -12.574004
v -3.631146 0.165338 -12.574004
v -0.212683 -0.553775 -14.073910
v -0.212683 1.942316 -14.073910
v -0.212683 0.401802 -14.073910
v -1.275075 -0.553775 -14.073910
v -3.657559 1.942316 -14.073912
v -1.275075 1.942316 -14.073911
v -1.275075 0.401802 -14.073910
v -3.657559 -0.553775 -14.073911
v 0.016570 0.401802 -14.073910
v -3.657559 0.401802 -14.073911
v 0.016570 1.942316 -14.073910
v 0.016570 -0.553775 -14.073910
v -1.784009 -0.553775 -14.073910
v -1.784009 1.942316 -14.073911
v -1.784009 0.401802 -14.073910
v -1.428874 -0.553775 -14.073910
v -1.428874 1.942316 -14.073911
v -1.428874 0.401802 -14.073910
v -0.212683 0.217392 -14.073910
v -1.275075 0.217392 -14.073910
v 0.016570 0.217392 -14.073910
v -3.657559 0.217392 -14.073911
v -1.784009 0.217392 -14.073910
v -1.428874 0.217392 -14.073910
v -0.212683 0.270361 -14.073910
v -1.275075 0.270361 -14.073910
v 0.016570 0.270361 -14.073910
v -3.657559 0.270361 -14.073911
v -1.784009 0.270361 -14.073910
v -1.428874 0.270361 -14.073910
v -0.212683 -0.212981 -14.073910
v -1.275075 -0.212981 -14.073910
v 0.016570 -0.212981 -14.073910
v -3.657559 -0.212981 -14.073911
v -1.784009 -0.212981 -14.073910
v -1.428874 -0.212981 -14.073910
v -0.212683 -0.252153 -14.073910
v -1.275075 -0.252153 -14.073910
v 0.016570 -0.252153 -14.073910
v -3.657559 -0.252153 -14.073911
v -1.784009 -0.252153 -14.073910
v -1.428874 -0.252153 -14.073910
v -2.524489 -0.553775 -14.073910
v -2.524489 1.942316 -14.073911
v -2.524489 0.401802 -14.073911
v -2.524489 0.217392 -14.073911
v -2.524489 0.270361 -14.073911
v -2.524489 -0.212981 -14.073911
v -2.524489 -0.252153 -14.073911
v -1.992513 -0.553775 -14.073910
v -1.992513 1.942316 -14.073911
v -1.992513 0.401802 -14.073910
v -1.992513 0.217392 -14.073910
v -1.992513 0.270361 -14.073910
v -1.992513 -0.212981 -14.073910
v -1.992513 -0.252153 -14.073910
v -2.656422 -0.553775 -14.073911
v -2.656422 1.942316 -14.073911
v -2.656422 0.401802 -14.073911
v -2.656422 0.217392 -14.073911
v -2.656422 0.270361 -14.073911
v -2.656422 -0.212981 -14.073911
v -2.656422 -0.252153 -14.073911
v -3.403394 -0.553775 -14.073911
v -3.403394 1.942316 -14.073911
v -3.403394 0.401802 -14.073911
v -3.403394 0.217392 -14.073911
v -3.403394 0.270361 -14.073911
v -3.403394 -0.212981 -14.073911
v -3.403394 -0.252153 -14.073911
v -3.438695 -0.553775 -14.073911
v -3.438695 1.942316 -14.073912
v -3.438695 0.401802 -14.073911
v -3.438695 0.217392 -14.073911
v -3.438695 0.270361 -14.073911
v -3.438695 -0.212981 -14.073911
v -3.438695 -0.252153 -14.073911
v -2.628150 -0.553775 -14.073911
v -2.628150 1.942316 -14.073911
v -2.628150 0.401802 -14.073911
v -2.628150 0.217392 -14.073911
v -2.628150 0.270361 -14.073911
v -2.628150 -0.212981 -14.073911
v -2.628150 -0.252153 -14.073911
v -2.562184 -0.553775 -14.073911
v -2.562184 1.942316 -14.073911
v -2.562184 0.401802 -14.073911
v -2.562184 0.217392 -14.073911
v -2.562184 0.270361 -14.073911
v -2.562184 -0.212981 -14.073911
v -2.562184 -0.252153 -14.073911
v -1.954603 -0.553775 -14.073910
v -1.954603 1.942316 -14.073911
v -1.954603 0.401802 -14.073910
v -1.954603 0.217392 -14.073910
v -1.954603 0.270361 -14.073910
v -1.954603 -0.212981 -14.073910
v -1.954603 -0.252153 -14.073910
v -0.776496 1.942316 -14.073910
v -0.776496 0.401802 -14.073910
v -1.124530 1.942316 -14.073911
v -1.124530 0.401802 -14.073910
v -0.212683 0.401802 -13.996040
v -1.650426 1.942316 -14.073911
v -1.650426 0.401802 -14.073910
v -1.650426 0.217392 -14.073910
v -1.650426 0.270361 -14.073910
v -1.275075 0.270361 -13.996040
v -0.776496 0.401802 -13.996040
v -1.921797 -0.553775 -14.073910
v -1.921797 1.942316 -14.073911
v -1.921797 0.401802 -14.073910
v -1.921797 0.217392 -14.073910
v -1.921797 0.270361 -14.073910
v -1.921797 -0.212981 -14.073910
v -1.921797 -0.252153 -14.073910
v -2.543337 -0.553775 -14.073911
v -2.543337 1.942316 -14.073911
v -2.543337 0.401802 -14.073911
v -2.543337 0.217392 -14.073911
v -2.543337 0.270361 -14.073911
v -2.543337 -0.212981 -14.073911
v -2.543337 -0.252153 -14.073911
v -2.848824 -0.553775 -14.073911
v -2.848824 1.942316 -14.073911
v -2.848824 0.401802 -14.073911
v -2.848824 0.270361 -14.073911
v -2.848824 -0.212981 -14.073911
v -2.848824 -0.252153 -14.073911
v -3.463195 -0.553775 -14.073911
v -3.463195 1.942316 -14.073912
v -3.463195 0.401802 -14.073911
v -3.463195 0.217392 -14.073911
v -3.463195 0.270361 -14.073911
v -3.463195 -0.212981 -14.073911
v -3.463195 -0.252153 -14.073911
v -0.212683 0.950367 -14.073910
v -3.657559 0.950367 -14.073911
v -1.275075 0.950367 -14.073910
v 0.016570 0.950367 -14.073910
v -1.784009 0.950367 -14.073911
v -1.428874 0.950367 -14.073911
v -2.524489 0.950367 -14.073911
v -1.992513 0.950367 -14.073911
v -2.656422 0.950367 -14.073911
v -3.403394 0.950367 -14.073911
v -3.438695 0.950367 -14.073911
v -2.628150 0.950367 -14.073911
v -2.562184 0.950367 -14.073911
v -1.954603 0.950367 -14.073911
v -0.776496 0.950367 -14.073910
v -1.124530 0.950367 -14.073910
v -1.650426 0.950367 -14.073911
v -1.921797 0.950367 -14.073911
v -2.543337 0.950367 -14.073911
v -2.848824 0.950367 -14.073911
v -3.463195 0.950367 -14.073911
v -2.821105 -0.553775 -14.073911
v -2.821105 1.942316 -14.073911
v -2.821105 0.401802 -14.073911
v -2.821105 0.270361 -14.073911
v -2.821105 -0.212981 -14.073911
v -2.821105 -0.252153 -14.073911
v -2.821105 0.950367 -14.073911
v -0.212683 0.987646 -14.073910
v -3.657559 0.987646 -14.073911
v -1.275075 0.987646 -14.073910
v 0.016570 0.987646 -14.073910
v -1.784009 0.987646 -14.073911
v -1.428874 0.987646 -14.073911
v -2.524489 0.987646 -14.073911
v -1.992513 0.987646 -14.073911
v -2.656422 0.987646 -14.073911
v -3.403394 0.987646 -14.073911
v -3.438695 0.987646 -14.073911
v -2.628150 0.987646 -14.073911
v -2.562184 0.987646 -14.073911
v -1.954603 0.987646 -14.073911
v -0.776496 0.987646 -14.073910
v -1.124530 0.987646 -14.073910
v -1.650426 0.987646 -14.073911
v -1.921797 0.987646 -14.073911
v -2.543337 0.987646 -14.073911
v -2.848824 0.987646 -14.073911
v -3.463195 0.987646 -14.073911
v -2.821105 0.987646 -14.073911
v -1.901467 -0.553775 -14.073910
v -1.901467 1.942316 -14.073911
v -1.901467 0.401802 -14.073910
v -1.901467 0.217392 -14.073910
v -1.901467 0.270361 -14.073910
v -1.901467 -0.212981 -14.073910
v -1.901467 -0.252153 -14.073910
v -1.901467 0.950367 -14.073911
v -1.901467 0.987646 -14.073911
v -0.212683 0.270361 -13.996040
v -1.670803 1.942316 -14.073911
v -1.670803 0.401802 -14.073910
v -1.670803 0.217392 -14.073910
v -1.670803 0.270361 -14.073910
v -0.212683 -0.553775 -13.996040
v -0.776496 -0.553775 -13.996040
v -1.670803 0.950367 -14.073911
v -1.670803 0.987646 -14.073911
v -1.096463 1.942316 -14.073911
v -1.096463 0.401802 -14.073910
v -1.096463 0.950367 -14.073910
v -1.096463 0.987646 -14.073910
v -0.800156 1.942316 -14.073910
v -0.800156 0.401802 -14.073910
v -0.800156 0.950367 -14.073910
v -0.800156 0.987646 -14.073910
v -0.195826 0.401802 -14.073910
v -0.195826 1.942316 -14.073910
v -0.195826 -0.553775 -14.073910
v -0.195826 0.217392 -14.073910
v -0.195826 0.270361 -14.073910
v -0.195826 -0.212981 -14.073910
v -0.195826 -0.252153 -14.073910
v -0.195826 0.950367 -14.073910
v -0.195826 0.987646 -14.073910
v -0.212683 1.505729 -14.073910
v -3.657559 1.505729 -14.073912
v -1.275075 1.505729 -14.073911
v 0.016570 1.505729 -14.073910
v -1.784009 1.505729 -14.073911
v -1.428874 1.505729 -14.073911
v -2.524489 1.505729 -14.073911
v -1.992513 1.505729 -14.073911
v -2.656422 1.505729 -14.073911
v -3.403394 1.505729 -14.073911
v -3.438695 1.505729 -14.073911
v -2.628150 1.505729 -14.073911
v -2.562184 1.505729 -14.073911
v -1.954603 1.505729 -14.073911
v -0.776496 1.505729 -14.073910
v -1.124530 1.505729 -14.073910
v -1.650426 1.505729 -14.073911
v -1.921797 1.505729 -14.073911
v -2.543337 1.505729 -14.073911
v -2.848824 1.505729 -14.073911
v -3.463195 1.505729 -14.073911
v -2.821105 1.505729 -14.073911
v -1.901467 1.505729 -14.073911
v -1.670803 1.505729 -14.073911
v -1.096463 1.505729 -14.073910
v -0.800156 1.505729 -14.073910
v -0.195826 1.505729 -14.073910
v -1.650426 -0.553775 -14.044702
v -1.428874 -0.553775 -14.044702
v -1.784009 -0.212981 -14.044702
v -1.784009 0.217392 -14.044702
v -1.428874 -0.212981 -14.044702
v -1.428874 0.217392 -14.044702
v -1.650426 0.217392 -14.044702
v -1.784009 -0.252153 -14.044702
v -1.428874 -0.252153 -14.044702
v -1.650426 -0.212981 -14.044702
v -1.784009 -0.553775 -14.044702
v -1.650426 -0.252153 -14.044702
v -1.670803 -0.553775 -14.044702
v -1.670803 0.217392 -14.044702
v -1.670803 -0.212981 -14.044702
v -1.670803 -0.252153 -14.044702
v -1.275075 0.401802 -13.996040
v -0.212683 -0.212981 -13.996040
v -0.212683 0.217392 -13.996040
v -1.275075 -0.212981 -13.996040
v -1.275075 0.217392 -13.996040
v -0.776496 0.217392 -13.996040
v -0.776496 0.270361 -13.996040
v -0.212683 -0.252153 -13.996040
v -1.275075 -0.252153 -13.996040
v -0.776496 -0.212981 -13.996040
v -1.275075 -0.553775 -13.996040
v -0.776496 -0.252153 -13.996040
v -0.800156 -0.553775 -13.996040
v -0.800156 0.401802 -13.996040
v -0.800156 0.217392 -13.996040
v -0.800156 0.270361 -13.996040
v -0.800156 -0.212981 -13.996040
v -0.800156 -0.252153 -13.996040
v -1.124530 -0.553775 -13.996040
v -1.124530 0.401802 -13.996040
v -1.124530 0.217392 -13.996040
v -1.124530 0.270361 -13.996040
v -1.124530 -0.212981 -13.996040
v -1.124530 -0.252153 -13.996040
v -1.096463 -0.553775 -13.996040
v -1.096463 0.401802 -13.996040
v -1.096463 0.217392 -13.996040
v -1.096463 0.270361 -13.996040
v -1.096463 -0.212981 -13.996040
v -1.096463 -0.252153 -13.996040
v -2.524489 0.217392 -14.055430
v -2.524489 0.270361 -14.055430
v -2.524489 -0.212981 -14.055430
v -1.992513 0.217392 -14.055430
v -1.992513 0.270361 -14.055430
v -1.992513 -0.212981 -14.055430
v -2.821105 0.217392 -14.055430
v -2.656422 0.217392 -14.055430
v -2.821105 0.270361 -14.055430
v -2.656422 0.270361 -14.055430
v -2.821105 -0.212981 -14.055430
v -2.656422 -0.212981 -14.055430
v -3.403394 0.217392 -14.055430
v -3.403394 0.270361 -14.055430
v -3.403394 -0.212981 -14.055430
v -2.848824 0.217392 -14.055430
v -2.848824 0.270361 -14.055430
v -2.848824 -0.212981 -14.055430
v -2.543337 0.987646 -14.055430
v -2.524489 0.987646 -14.055430
v -1.650426 0.987646 -14.055430
v -1.428874 0.987646 -14.055430
v -0.776496 0.987646 -14.055430
v -0.212683 0.987646 -14.055429
v -1.954603 0.987646 -14.055430
v -1.921797 0.987646 -14.055430
v -3.438695 0.987646 -14.055431
v -3.403394 0.987646 -14.055431
v -2.848824 0.987646 -14.055430
v -1.992513 0.987646 -14.055430
v -1.275075 0.987646 -14.055430
v -1.124530 0.987646 -14.055430
v -0.212683 1.505729 -14.055429
v -1.275075 1.505729 -14.055430
v -1.428874 1.505729 -14.055430
v -2.524489 1.505729 -14.055430
v -1.992513 1.505729 -14.055430
v -3.403394 1.505729 -14.055431
v -3.438695 1.505729 -14.055431
v -1.954603 1.505729 -14.055430
v -0.776496 1.505729 -14.055430
v -1.124530 1.505729 -14.055430
v -1.650426 1.505729 -14.055430
v -1.921797 1.505729 -14.055430
v -2.543337 1.505729 -14.055430
v -2.848824 1.505729 -14.055430
v -2.543337 -0.212981 -14.103759
v -2.524489 -0.212981 -14.103759
v -2.543337 -0.252153 -14.103759
v -2.524489 -0.252153 -14.103759
v -1.992513 -0.212981 -14.103759
v -1.992513 -0.252153 -14.103759
v -2.821105 -0.212981 -14.103760
v -2.656422 -0.212981 -14.103759
v -2.821105 -0.252153 -14.103760
v -2.656422 -0.252153 -14.103759
v -3.438695 -0.212981 -14.103760
v -3.403394 -0.212981 -14.103760
v -3.438695 -0.252153 -14.103760
v -3.403394 -0.252153 -14.103760
v -2.628150 -0.212981 -14.103759
v -2.628150 -0.252153 -14.103759
v -2.562184 -0.252153 -14.103759
v -2.562184 -0.212981 -14.103759
v -1.954603 -0.212981 -14.103759
v -1.954603 -0.252153 -14.103759
v -2.848824 -0.212981 -14.103760
v -2.848824 -0.252153 -14.103760
v -3.463195 0.950367 -14.103760
v -3.438695 0.950367 -14.103760
v -2.543337 0.950367 -14.103760
v -2.524489 0.950367 -14.103760
v -1.650426 0.950367 -14.103759
v -1.428874 0.950367 -14.103759
v -0.800156 0.950367 -14.103759
v -0.776496 0.950367 -14.103759
v -0.212683 0.950367 -14.103759
v -1.954603 0.950367 -14.103760
v -1.921797 0.950367 -14.103760
v -2.562184 0.950367 -14.103760
v -3.403394 0.950367 -14.103760
v -2.848824 0.950367 -14.103760
v -1.992513 0.950367 -14.103760
v -1.275075 0.950367 -14.103759
v -1.670803 0.950367 -14.103759
v -1.124530 0.950367 -14.103759
v -2.821105 0.950367 -14.103760
v -0.212683 0.987646 -14.103759
v -1.275075 0.987646 -14.103759
v -1.428874 0.987646 -14.103759
v -2.524489 0.987646 -14.103760
v -1.992513 0.987646 -14.103760
v -3.403394 0.987646 -14.103760
v -3.438695 0.987646 -14.103760
v -2.562184 0.987646 -14.103760
v -1.954603 0.987646 -14.103760
v -0.776496 0.987646 -14.103759
v -1.124530 0.987646 -14.103759
v -1.650426 0.987646 -14.103759
v -1.921797 0.987646 -14.103760
v -2.543337 0.987646 -14.103760
v -2.848824 0.987646 -14.103760
v -3.463195 0.987646 -14.103760
v -2.821105 0.987646 -14.103760
v -0.800156 0.987646 -14.103759
v -1.670803 0.987646 -14.103759
v -1.901467 0.950367 -14.103760
v -1.901467 0.987646 -14.103760
v -1.096463 0.950367 -14.103759
v -1.096463 0.987646 -14.103759
v -0.195826 0.950367 -14.103759
v -0.195826 0.987646 -14.103759
v -0.212683 -0.068371 -13.996040
v -0.212683 -0.068371 -14.073910
v -1.275075 -0.068371 -14.073910
v 0.016570 -0.068371 -14.073910
v -3.657559 -0.068371 -14.073911
v -1.784009 -0.068371 -14.073910
v -1.428874 -0.068371 -14.073910
v -2.524489 -0.068371 -14.073911
v -1.992513 -0.068371 -14.073910
v -2.656422 -0.068371 -14.073911
v -3.403394 -0.068371 -14.073911
v -3.438695 -0.068371 -14.073911
v -2.628150 -0.068371 -14.073911
v -2.562184 -0.068371 -14.073911
v -1.954603 -0.068371 -14.073910
v -1.921797 -0.068371 -14.073910
v -2.543337 -0.068371 -14.073911
v -3.463195 -0.068371 -14.073911
v -1.901467 -0.068371 -14.073910
v -0.195826 -0.068371 -14.073910
v -1.784009 -0.068371 -14.044702
v -1.428874 -0.068371 -14.044702
v -1.650426 -0.068371 -14.044702
v -1.670803 -0.068371 -14.044702
v -1.275075 -0.068371 -13.996040
v -0.776496 -0.068371 -13.996040
v -1.124530 -0.068371 -13.996040
v -1.096463 -0.068371 -13.996040
v -0.800156 -0.068371 -13.996040
v -2.524489 -0.068371 -14.055430
v -1.992513 -0.068371 -14.055430
v -2.656422 -0.068371 -14.055430
v -3.403394 -0.068371 -14.055430
v -2.848824 -0.068371 -14.055430
v -2.821105 -0.068371 -14.055430
v -0.212683 0.174849 -13.996040
v -0.212683 0.174849 -14.073910
v -1.275075 0.174849 -14.073910
v 0.016570 0.174849 -14.073910
v -3.657559 0.174850 -14.073911
v -1.784009 0.174849 -14.073910
v -1.428874 0.174849 -14.073910
v -2.524489 0.174849 -14.073911
v -1.992513 0.174849 -14.073910
v -2.656422 0.174849 -14.073911
v -3.403394 0.174850 -14.073911
v -3.438695 0.174850 -14.073911
v -2.628150 0.174849 -14.073911
v -2.562184 0.174849 -14.073911
v -1.954603 0.174849 -14.073910
v -1.921797 0.174849 -14.073910
v -2.543337 0.174849 -14.073911
v -3.463195 0.174850 -14.073911
v -1.901467 0.174849 -14.073910
v -0.195826 0.174849 -14.073910
v -1.784009 0.174849 -14.044702
v -1.428874 0.174849 -14.044702
v -1.650426 0.174849 -14.044702
v -1.670803 0.174849 -14.044702
v -1.275075 0.174849 -13.996040
v -0.776496 0.174849 -13.996040
v -1.124530 0.174849 -13.996040
v -1.096463 0.174849 -13.996040
v -0.800156 0.174849 -13.996040
v -2.524489 0.174849 -14.055430
v -1.992513 0.174849 -14.055430
v -2.656422 0.174849 -14.055430
v -3.403394 0.174850 -14.055430
v -2.848824 0.174849 -14.055430
v -2.821105 0.174849 -14.055430
v -1.473836 1.942316 -14.073911
v -1.473836 0.401802 -14.073910
v -1.473836 0.217392 -14.073910
v -1.473836 0.270361 -14.073910
v -1.473836 0.950367 -14.073911
v -1.473836 0.987646 -14.073911
v -1.473836 1.505729 -14.073911
v -1.473836 -0.553775 -14.044702
v -1.473836 0.217392 -14.044702
v -1.473836 -0.212981 -14.044702
v -1.473836 -0.252153 -14.044702
v -1.473836 0.987646 -14.055430
v -1.473836 1.505729 -14.055430
v -1.473836 0.950367 -14.103759
v -1.473836 0.987646 -14.103759
v -1.473836 -0.068371 -14.044702
v -1.473836 0.174849 -14.044702
v -1.745623 1.942316 -14.073911
v -1.745623 0.401802 -14.073910
v -1.745623 0.217392 -14.073910
v -1.745623 0.270361 -14.073910
v -1.745623 0.950367 -14.073911
v -1.745623 0.987646 -14.073911
v -1.745623 1.505729 -14.073911
v -1.745623 -0.553775 -14.044702
v -1.745623 0.217392 -14.044702
v -1.745623 -0.212981 -14.044702
v -1.745623 -0.252153 -14.044702
v -1.745623 -0.068371 -14.044702
v -1.745623 0.174849 -14.044702
v -1.670803 -0.058860 -14.055512
v -1.650426 -0.058860 -14.055512
v -1.736112 -0.058860 -14.055512
v -1.650426 0.174849 -14.055512
v -1.670803 0.165338 -14.055512
v -1.736112 0.165338 -14.055512
v -1.483347 -0.058860 -14.055511
v -1.483347 0.165338 -14.055511
v -1.670803 -0.068371 -14.055512
v -1.650426 -0.068371 -14.055512
v -1.745623 -0.068371 -14.055512
v -1.670803 0.174849 -14.055512
v -1.650426 0.165338 -14.055512
v -1.745623 0.174849 -14.055512
v -1.473836 -0.068371 -14.055511
v -1.473836 0.174849 -14.055511
v -1.650426 -0.058860 -14.047498
v -1.650426 0.165338 -14.047498
v -1.670803 -0.058860 -14.047498
v -1.670803 0.165338 -14.047498
v -1.736112 -0.058860 -14.047498
v -1.736112 0.165338 -14.047498
v -1.483347 -0.058860 -14.047498
v -1.483347 0.165338 -14.047498
v 0.016535 -0.553774 -10.629017
v 0.016535 1.942316 -10.629018
v 0.016535 0.401802 -10.629017
v 0.016535 -0.553775 -11.691409
v 0.016535 1.942316 -14.073894
v 0.016535 1.942316 -11.691409
v 0.016535 0.401802 -11.691409
v 0.016535 -0.553775 -14.073894
v 0.016535 0.401802 -10.399764
v 0.016535 0.401802 -14.073894
v 0.016535 1.942316 -10.399764
v 0.016535 -0.553774 -10.399764
v 0.016535 -0.553775 -12.200344
v 0.016535 1.942316 -12.200344
v 0.016535 0.401802 -12.200344
v 0.016535 -0.553775 -11.845208
v 0.016535 1.942316 -11.845208
v 0.016535 0.401802 -11.845208
v 0.016535 0.217393 -10.629017
v 0.016535 0.217393 -11.691409
v 0.016535 0.217393 -10.399764
v 0.016535 0.217392 -14.073894
v 0.016535 0.217393 -12.200344
v 0.016535 0.217393 -11.845208
v 0.016535 0.270361 -10.629017
v 0.016535 0.270361 -11.691409
v 0.016535 0.270361 -10.399764
v 0.016535 0.270361 -14.073894
v 0.016535 0.270361 -12.200344
v 0.016535 0.270361 -11.845208
v 0.016535 -0.212981 -10.629017
v 0.016535 -0.212981 -11.691409
v 0.016535 -0.212981 -10.399764
v 0.016535 -0.212981 -14.073894
v 0.016535 -0.212981 -12.200344
v 0.016535 -0.212981 -11.845208
v 0.016535 -0.252152 -10.629017
v 0.016535 -0.252153 -11.691409
v 0.016535 -0.252152 -10.399764
v 0.016535 -0.252153 -14.073894
v 0.016535 -0.252153 -12.200344
v 0.016535 -0.252153 -11.845208
v 0.016535 -0.553775 -12.940824
v 0.016535 1.942316 -12.940824
v 0.016535 0.401802 -12.940824
v 0.016535 0.217393 -12.940824
v 0.016535 0.270361 -12.940824
v 0.016535 -0.212981 -12.940824
v 0.016535 -0.252153 -12.940824
v 0.016535 -0.553775 -12.408847
v 0.016535 1.942316 -12.408848
v 0.016535 0.401802 -12.408847
v 0.016535 0.217393 -12.408847
v 0.016535 0.270361 -12.408847
v 0.016535 -0.212981 -12.408847
v 0.016535 -0.252153 -12.408847
v 0.016535 -0.553775 -13.072756
v 0.016535 1.942316 -13.072757
v 0.016535 0.401802 -13.072757
v 0.016535 0.217393 -13.072757
v 0.016535 0.270361 -13.072757
v 0.016535 -0.212981 -13.072756
v 0.016535 -0.252153 -13.072756
v 0.016535 -0.553775 -13.819729
v 0.016535 1.942316 -13.819729
v 0.016535 0.401802 -13.819729
v 0.016535 0.217393 -13.819729
v 0.016535 0.270361 -13.819729
v 0.016535 -0.212981 -13.819729
v 0.016535 -0.252153 -13.819729
v 0.016535 -0.553775 -13.855029
v 0.016535 1.942316 -13.855029
v 0.016535 0.401802 -13.855029
v 0.016535 0.217393 -13.855029
v 0.016535 0.270361 -13.855029
v 0.016535 -0.212981 -13.855029
v 0.016535 -0.252153 -13.855029
v 0.016535 -0.553775 -13.044485
v 0.016535 1.942316 -13.044485
v 0.016535 0.401802 -13.044485
v 0.016535 0.217393 -13.044485
v 0.016535 0.270361 -13.044485
v 0.016535 -0.212981 -13.044485
v 0.016535 -0.252153 -13.044485
v 0.016535 -0.553775 -12.978518
v 0.016535 1.942316 -12.978518
v 0.016535 0.401802 -12.978518
v 0.016535 0.217393 -12.978518
v 0.016535 0.270361 -12.978518
v 0.016535 -0.212981 -12.978518
v 0.016535 -0.252153 -12.978518
v 0.016535 -0.553775 -12.370937
v 0.016535 1.942316 -12.370937
v 0.016535 0.401802 -12.370937
v 0.016535 0.217393 -12.370937
v 0.016535 0.270361 -12.370937
v 0.016535 -0.212981 -12.370937
v 0.016535 -0.252153 -12.370937
v 0.016535 1.942316 -11.192831
v 0.016535 0.401802 -11.192831
v 0.016535 1.942316 -11.540865
v 0.016535 0.401802 -11.540865
v -0.061335 0.401802 -10.629017
v 0.016535 1.942316 -12.066761
v 0.016535 0.401802 -12.066761
v 0.016535 0.217393 -12.066761
v 0.016535 0.270361 -12.066761
v -0.061335 0.270361 -11.691409
v -0.061335 0.401802 -11.192831
v 0.016535 -0.553775 -12.338131
v 0.016535 1.942316 -12.338131
v 0.016535 0.401802 -12.338131
v 0.016535 0.217393 -12.338131
v 0.016535 0.270361 -12.338131
v 0.016535 -0.212981 -12.338131
v 0.016535 -0.252153 -12.338131
v 0.016535 -0.553775 -12.959671
v 0.016535 1.942316 -12.959671
v 0.016535 0.401802 -12.959671
v 0.016535 0.217393 -12.959671
v 0.016535 0.270361 -12.959671
v 0.016535 -0.212981 -12.959671
v 0.016535 -0.252153 -12.959671
v 0.016535 -0.553775 -13.265158
v 0.016535 1.942316 -13.265159
v 0.016535 0.401802 -13.265159
v 0.016535 0.270361 -13.265159
v 0.016535 -0.212981 -13.265158
v 0.016535 -0.252153 -13.265158
v 0.016535 -0.553775 -13.879529
v 0.016535 1.942316 -13.879529
v 0.016535 0.401802 -13.879529
v 0.016535 0.217393 -13.879529
v 0.016535 0.270361 -13.879529
v 0.016535 -0.212981 -13.879529
v 0.016535 -0.252153 -13.879529
v 0.016535 0.950368 -10.629018
v 0.016535 0.950367 -14.073894
v 0.016535 0.950367 -11.691409
v 0.016535 0.950368 -10.399764
v 0.016535 0.950367 -12.200344
v 0.016535 0.950367 -11.845208
v 0.016535 0.950367 -12.940824
v 0.016535 0.950367 -12.408848
v 0.016535 0.950367 -13.072757
v 0.016535 0.950367 -13.819729
v 0.016535 0.950367 -13.855029
v 0.016535 0.950367 -13.044485
v 0.016535 0.950367 -12.978518
v 0.016535 0.950367 -12.370937
v 0.016535 0.950367 -11.192831
v 0.016535 0.950367 -11.540865
v 0.016535 0.950367 -12.066761
v 0.016535 0.950367 -12.338131
v 0.016535 0.950367 -12.959671
v 0.016535 0.950367 -13.265159
v 0.016535 0.950367 -13.879529
v 0.016535 -0.553775 -13.237439
v 0.016535 1.942316 -13.237439
v 0.016535 0.401802 -13.237439
v 0.016535 0.270361 -13.237439
v 0.016535 -0.212981 -13.237439
v 0.016535 -0.252153 -13.237439
v 0.016535 0.950367 -13.237439
v 0.016535 0.987647 -10.629018
v 0.016535 0.987646 -14.073894
v 0.016535 0.987647 -11.691409
v 0.016535 0.987647 -10.399764
v 0.016535 0.987647 -12.200344
v 0.016535 0.987647 -11.845208
v 0.016535 0.987647 -12.940824
v 0.016535 0.987647 -12.408848
v 0.016535 0.987647 -13.072757
v 0.016535 0.987646 -13.819729
v 0.016535 0.987646 -13.855029
v 0.016535 0.987647 -13.044485
v 0.016535 0.987647 -12.978518
v 0.016535 0.987647 -12.370937
v 0.016535 0.987647 -11.192831
v 0.016535 0.987647 -11.540865
v 0.016535 0.987647 -12.066761
v 0.016535 0.987647 -12.338131
v 0.016535 0.987647 -12.959671
v 0.016535 0.987647 -13.265159
v 0.016535 0.987646 -13.879529
v 0.016535 0.987647 -13.237439
v 0.016535 -0.553775 -12.317801
v 0.016535 1.942316 -12.317801
v 0.016535 0.401802 -12.317801
v 0.016535 0.217393 -12.317801
v 0.016535 0.270361 -12.317801
v 0.016535 -0.212981 -12.317801
v 0.016535 -0.252153 -12.317801
v 0.016535 0.950367 -12.317801
v 0.016535 0.987647 -12.317801
v -0.061335 0.270361 -10.629017
v 0.016535 1.942316 -12.087138
v 0.016535 0.401802 -12.087137
v 0.016535 0.217393 -12.087137
v 0.016535 0.270361 -12.087137
v -0.061335 -0.553774 -10.629017
v -0.061335 -0.553775 -11.192831
v 0.016535 0.950367 -12.087138
v 0.016535 0.987647 -12.087138
v 0.016535 1.942316 -11.512797
v 0.016535 0.401802 -11.512797
v 0.016535 0.950367 -11.512797
v 0.016535 0.987647 -11.512797
v 0.016535 1.942316 -11.216490
v 0.016535 0.401802 -11.216490
v 0.016535 0.950367 -11.216490
v 0.016535 0.987647 -11.216490
v 0.016535 0.401802 -10.612161
v 0.016535 1.942316 -10.612161
v 0.016535 -0.553774 -10.612161
v 0.016535 0.217393 -10.612161
v 0.016535 0.270361 -10.612161
v 0.016535 -0.212981 -10.612161
v 0.016535 -0.252152 -10.612161
v 0.016535 0.950368 -10.612161
v 0.016535 0.987647 -10.612161
v 0.016535 1.505729 -10.629018
v 0.016535 1.505729 -14.073894
v 0.016535 1.505729 -11.691409
v 0.016535 1.505729 -10.399764
v 0.016535 1.505729 -12.200344
v 0.016535 1.505729 -11.845208
v 0.016535 1.505729 -12.940824
v 0.016535 1.505729 -12.408848
v 0.016535 1.505729 -13.072757
v 0.016535 1.505729 -13.819729
v 0.016535 1.505729 -13.855029
v 0.016535 1.505729 -13.044485
v 0.016535 1.505729 -12.978518
v 0.016535 1.505729 -12.370937
v 0.016535 1.505729 -11.192831
v 0.016535 1.505729 -11.540865
v 0.016535 1.505729 -12.066761
v 0.016535 1.505729 -12.338131
v 0.016535 1.505729 -12.959671
v 0.016535 1.505729 -13.265159
v 0.016535 1.505729 -13.879529
v 0.016535 1.505729 -13.237439
v 0.016535 1.505729 -12.317801
v 0.016535 1.505729 -12.087138
v 0.016535 1.505729 -11.512797
v 0.016535 1.505729 -11.216490
v 0.016535 1.505729 -10.612161
v -0.012674 -0.553775 -12.066761
v -0.012674 -0.553775 -11.845208
v -0.012674 -0.212981 -12.200344
v -0.012674 0.217393 -12.200344
v -0.012674 -0.212981 -11.845208
v -0.012674 0.217393 -11.845208
v -0.012674 0.217393 -12.066761
v -0.012674 -0.252153 -12.200344
v -0.012674 -0.252153 -11.845208
v -0.012674 -0.212981 -12.066761
v -0.012674 -0.553775 -12.200344
v -0.012674 -0.252153 -12.066761
v -0.012674 -0.553775 -12.087137
v -0.012674 0.217393 -12.087137
v -0.012674 -0.212981 -12.087137
v -0.012674 -0.252153 -12.087137
v -0.061335 0.401802 -11.691409
v -0.061335 -0.212981 -10.629017
v -0.061335 0.217393 -10.629017
v -0.061335 -0.212981 -11.691409
v -0.061335 0.217393 -11.691409
v -0.061335 0.217393 -11.192831
v -0.061335 0.270361 -11.192831
v -0.061335 -0.252152 -10.629017
v -0.061335 -0.252153 -11.691409
v -0.061335 -0.212981 -11.192831
v -0.061335 -0.553775 -11.691409
v -0.061335 -0.252153 -11.192831
v -0.061335 -0.553775 -11.216490
v -0.061335 0.401802 -11.216490
v -0.061335 0.217393 -11.216490
v -0.061335 0.270361 -11.216490
v -0.061335 -0.212981 -11.216490
v -0.061335 -0.252153 -11.216490
v -0.061335 -0.553775 -11.540864
v -0.061335 0.401802 -11.540865
v -0.061335 0.217393 -11.540865
v -0.061335 0.270361 -11.540865
v -0.061335 -0.212981 -11.540865
v -0.061335 -0.252153 -11.540865
v -0.061335 -0.553775 -11.512797
v -0.061335 0.401802 -11.512797
v -0.061335 0.217393 -11.512797
v -0.061335 0.270361 -11.512797
v -0.061335 -0.212981 -11.512797
v -0.061335 -0.252153 -11.512797
v -0.001945 0.217393 -12.940824
v -0.001945 0.270361 -12.940824
v -0.001945 -0.212981 -12.940824
v -0.001945 0.217393 -12.408847
v -0.001945 0.270361 -12.408847
v -0.001945 -0.212981 -12.408847
v -0.001945 0.217393 -13.237439
v -0.001945 0.217393 -13.072757
v -0.001945 0.270361 -13.237439
v -0.001945 0.270361 -13.072757
v -0.001945 -0.212981 -13.237439
v -0.001945 -0.212981 -13.072756
v -0.001945 0.217393 -13.819729
v -0.001945 0.270361 -13.819729
v -0.001945 -0.212981 -13.819729
v -0.001945 0.217393 -13.265159
v -0.001945 0.270361 -13.265159
v -0.001945 -0.212981 -13.265158
v -0.001945 0.987647 -12.959671
v -0.001945 0.987647 -12.940824
v -0.001945 0.987647 -12.066761
v -0.001945 0.987647 -11.845208
v -0.001945 0.987647 -11.192831
v -0.001945 0.987647 -10.629018
v -0.001945 0.987647 -12.370937
v -0.001945 0.987647 -12.338131
v -0.001945 0.987646 -13.855029
v -0.001945 0.987646 -13.819729
v -0.001945 0.987647 -13.265159
v -0.001945 0.987647 -12.408848
v -0.001945 0.987647 -11.691409
v -0.001945 0.987647 -11.540865
v -0.001945 1.505729 -10.629018
v -0.001945 1.505729 -11.691409
v -0.001945 1.505729 -11.845208
v -0.001945 1.505729 -12.940824
v -0.001945 1.505729 -12.408848
v -0.001945 1.505729 -13.819729
v -0.001945 1.505729 -13.855029
v -0.001945 1.505729 -12.370937
v -0.001945 1.505729 -11.192831
v -0.001945 1.505729 -11.540865
v -0.001945 1.505729 -12.066761
v -0.001945 1.505729 -12.338131
v -0.001945 1.505729 -12.959671
v -0.001945 1.505729 -13.265159
v 0.046384 -0.212981 -12.959671
v 0.046384 -0.212981 -12.940824
v 0.046384 -0.252153 -12.959671
v 0.046384 -0.252153 -12.940824
v 0.046384 -0.212981 -12.408847
v 0.046384 -0.252153 -12.408847
v 0.046384 -0.212981 -13.237439
v 0.046384 -0.212981 -13.072756
v 0.046384 -0.252153 -13.237439
v 0.046384 -0.252153 -13.072756
v 0.046384 -0.212981 -13.855029
v 0.046384 -0.212981 -13.819729
v 0.046384 -0.252153 -13.855029
v 0.046384 -0.252153 -13.819729
v 0.046384 -0.212981 -13.044485
v 0.046384 -0.252153 -13.044485
v 0.046384 -0.252153 -12.978518
v 0.046384 -0.212981 -12.978518
v 0.046384 -0.212981 -12.370937
v 0.046384 -0.252153 -12.370937
v 0.046384 -0.212981 -13.265158
v 0.046384 -0.252153 -13.265158
v 0.046384 0.950367 -13.879529
v 0.046384 0.950367 -13.855029
v 0.046384 0.950367 -12.959671
v 0.046384 0.950367 -12.940824
v 0.046384 0.950367 -12.066761
v 0.046384 0.950367 -11.845208
v 0.046384 0.950367 -11.216490
v 0.046384 0.950367 -11.192831
v 0.046384 0.950368 -10.629018
v 0.046384 0.950367 -12.370937
v 0.046384 0.950367 -12.338131
v 0.046384 0.950367 -12.978518
v 0.046384 0.950367 -13.819729
v 0.046384 0.950367 -13.265159
v 0.046384 0.950367 -12.408848
v 0.046384 0.950367 -11.691409
v 0.046384 0.950367 -12.087138
v 0.046384 0.950367 -11.540865
v 0.046384 0.950367 -13.237439
v 0.046384 0.987647 -10.629018
v 0.046384 0.987647 -11.691409
v 0.046384 0.987647 -11.845208
v 0.046384 0.987647 -12.940824
v 0.046384 0.987647 -12.408848
v 0.046384 0.987646 -13.819729
v 0.046384 0.987646 -13.855029
v 0.046384 0.987647 -12.978518
v 0.046384 0.987647 -12.370937
v 0.046384 0.987647 -11.192831
v 0.046384 0.987647 -11.540865
v 0.046384 0.987647 -12.066761
v 0.046384 0.987647 -12.338131
v 0.046384 0.987647 -12.959671
v 0.046384 0.987647 -13.265159
v 0.046384 0.987646 -13.879529
v 0.046384 0.987647 -13.237439
v 0.046384 0.987647 -11.216490
v 0.046384 0.987647 -12.087138
v 0.046384 0.950367 -12.317801
v 0.046384 0.987647 -12.317801
v 0.046384 0.950367 -11.512797
v 0.046384 0.987647 -11.512797
v 0.046384 0.950368 -10.612161
v 0.046384 0.987647 -10.612161
v -0.061335 -0.068370 -10.629017
v 0.016535 -0.068370 -10.629017
v 0.016535 -0.068371 -11.691409
v 0.016535 -0.068370 -10.399764
v 0.016535 -0.068371 -14.073894
v 0.016535 -0.068371 -12.200344
v 0.016535 -0.068371 -11.845208
v 0.016535 -0.068371 -12.940824
v 0.016535 -0.068371 -12.408847
v 0.016535 -0.068371 -13.072756
v 0.016535 -0.068371 -13.819729
v 0.016535 -0.068371 -13.855029
v 0.016535 -0.068371 -13.044485
v 0.016535 -0.068371 -12.978518
v 0.016535 -0.068371 -12.370937
v 0.016535 -0.068371 -12.338131
v 0.016535 -0.068371 -12.959671
v 0.016535 -0.068371 -13.879529
v 0.016535 -0.068371 -12.317801
v 0.016535 -0.068370 -10.612161
v -0.012674 -0.068371 -12.200344
v -0.012674 -0.068371 -11.845208
v -0.012674 -0.068371 -12.066761
v -0.012674 -0.068371 -12.087137
v -0.061335 -0.068371 -11.691409
v -0.061335 -0.068371 -11.192831
v -0.061335 -0.068371 -11.540865
v -0.061335 -0.068371 -11.512797
v -0.061335 -0.068371 -11.216490
v -0.001945 -0.068371 -12.940824
v -0.001945 -0.068371 -12.408847
v -0.001945 -0.068371 -13.072756
v -0.001945 -0.068371 -13.819729
v -0.001945 -0.068371 -13.265158
v -0.001945 -0.068371 -13.237439
v -0.061335 0.174850 -10.629017
v 0.016535 0.174850 -10.629017
v 0.016535 0.174850 -11.691409
v 0.016535 0.174850 -10.399764
v 0.016535 0.174850 -14.073894
v 0.016535 0.174850 -12.200344
v 0.016535 0.174850 -11.845208
v 0.016535 0.174850 -12.940824
v 0.016535 0.174850 -12.408847
v 0.016535 0.174850 -13.072757
v 0.016535 0.174850 -13.819729
v 0.016535 0.174850 -13.855029
v 0.016535 0.174850 -13.044485
v 0.016535 0.174850 -12.978518
v 0.016535 0.174850 -12.370937
v 0.016535 0.174850 -12.338131
v 0.016535 0.174850 -12.959671
v 0.016535 0.174850 -13.879529
v 0.016535 0.174850 -12.317801
v 0.016535 0.174850 -10.612161
v -0.012674 0.174850 -12.200344
v -0.012674 0.174850 -11.845208
v -0.012674 0.174850 -12.066761
v -0.012674 0.174850 -12.087137
v -0.061335 0.174850 -11.691409
v -0.061335 0.174850 -11.192831
v -0.061335 0.174850 -11.540865
v -0.061335 0.174850 -11.512797
v -0.061335 0.174850 -11.216490
v -0.001945 0.174850 -12.940824
v -0.001945 0.174850 -12.408847
v -0.001945 0.174850 -13.072757
v -0.001945 0.174850 -13.819729
v -0.001945 0.174850 -13.265159
v -0.001945 0.174850 -13.237439
v 0.016535 1.942316 -11.890170
v 0.016535 0.401802 -11.890170
v 0.016535 0.217393 -11.890170
v 0.016535 0.270361 -11.890170
v 0.016535 0.950367 -11.890170
v 0.016535 0.987647 -11.890170
v 0.016535 1.505729 -11.890170
v -0.012674 -0.553775 -11.890170
v -0.012674 0.217393 -11.890170
v -0.012674 -0.212981 -11.890170
v -0.012674 -0.252153 -11.890170
v -0.001945 0.987647 -11.890170
v -0.001945 1.505729 -11.890170
v 0.046384 0.950367 -11.890170
v 0.046384 0.987647 -11.890170
v -0.012674 -0.068371 -11.890170
v -0.012674 0.174850 -11.890170
v 0.016535 1.942316 -12.161958
v 0.016535 0.401802 -12.161958
v 0.016535 0.217393 -12.161958
v 0.016535 0.270361 -12.161958
v 0.016535 0.950367 -12.161958
v 0.016535 0.987647 -12.161958
v 0.016535 1.505729 -12.161958
v -0.012674 -0.553775 -12.161958
v -0.012674 0.217393 -12.161958
v -0.012674 -0.212981 -12.161958
v -0.012674 -0.252153 -12.161958
v -0.012674 -0.068371 -12.161958
v -0.012674 0.174850 -12.161958
v -0.001863 -0.058859 -12.087137
v -0.001863 -0.058859 -12.066761
v -0.001863 -0.058859 -12.152447
v -0.001863 0.174850 -12.066761
v -0.001863 0.165338 -12.087137
v -0.001863 0.165338 -12.152447
v -0.001863 -0.058859 -11.899682
v -0.001863 0.165338 -11.899682
v -0.001863 -0.068371 -12.087137
v -0.001863 -0.068371 -12.066761
v -0.001863 -0.068371 -12.161958
v -0.001863 0.174850 -12.087137
v -0.001863 0.165338 -12.066761
v -0.001863 0.174850 -12.161958
v -0.001863 -0.068371 -11.890170
v -0.001863 0.174850 -11.890170
v -0.009877 -0.058859 -12.066761
v -0.009877 0.165338 -12.066761
v -0.009877 -0.058859 -12.087137
v -0.009877 0.165338 -12.087137
v -0.009877 -0.058859 -12.152447
v -0.009877 0.165338 -12.152447
v -0.009877 -0.058859 -11.899682
v -0.009877 0.165338 -11.899682
v -3.687444 0.589652 -10.369910
v -3.687444 0.721625 -10.369910
v -3.687444 0.589652 -14.103776
v -3.687444 0.721625 -14.103776
v 0.046422 0.589652 -10.369910
v 0.046422 0.721625 -10.369910
v 0.046422 0.589652 -14.103776
v 0.046422 0.721625 -14.103776
v -3.669130 1.915473 -10.388225
v -3.669130 1.946694 -10.388225
v -3.669130 1.915473 -14.085463
v -3.669130 1.946693 -14.085463
v 0.028107 1.915473 -10.388225
v 0.028107 1.946694 -10.388225
v 0.028107 1.915473 -14.085463
v 0.028107 1.946693 -14.085463
vn -0.0000 -0.0000 1.0000
vn 1.0000 -0.0000 -0.0000
vn -0.0000 1.0000 -0.0000
vn -1.0000 -0.0000 -0.0000
vn -0.0000 -1.0000 -0.0000
vn -0.0000 -0.0000 -1.0000
vt 0.927928 0.706726
vt 0.882593 0.808559
vt 0.882593 0.706726
vt 0.124419 0.706726
vt 0.120487 0.808559
vt 0.120487 0.706726
vt 0.124419 0.418579
vt 0.120487 0.449237
vt 0.120487 0.418579
vt 0.372219 0.706726
vt 0.337105 0.808559
vt 0.337105 0.706726
vt 0.927928 0.418579
vt 0.882593 0.449237
vt 0.882593 0.418579
vt 0.490927 0.418579
vt 0.481973 0.449237
vt 0.481973 0.418579
vt 0.490927 0.706726
vt 0.481973 0.808559
vt 0.481973 0.706726
vt 0.408092 0.706726
vt 0.372219 0.808559
vt 0.408092 0.418579
vt 0.372219 0.449237
vt 0.372219 0.418579
vt 0.408092 0.396301
vt 0.372219 0.406224
vt 0.372219 0.396301
vt 0.369251 0.406224
vt 0.334978 0.418579
vt 0.334978 0.406224
vt 0.927928 0.396301
vt 0.882593 0.406224
vt 0.882593 0.396301
vt 0.124419 0.396301
vt 0.120487 0.406224
vt 0.120487 0.396301
vt 0.408092 0.406224
vt 0.490927 0.406224
vt 0.481973 0.406224
vt 0.927928 0.406224
vt 0.124419 0.406224
vt 0.124419 0.296704
vt 0.120487 0.305841
vt 0.120487 0.296704
vt 0.927928 0.296704
vt 0.882593 0.305841
vt 0.882593 0.296704
vt 0.376310 0.733131
vt 0.411577 0.726008
vt 0.411577 0.733131
vt 0.408092 0.296704
vt 0.372219 0.305841
vt 0.372219 0.296704
vt 0.408092 0.226351
vt 0.372219 0.226351
vt 0.370735 0.396301
vt 0.334978 0.396301
vt 0.927928 0.226351
vt 0.882593 0.226351
vt 0.124419 0.226351
vt 0.120487 0.226351
vt 0.663642 0.226351
vt 0.539560 0.296704
vt 0.539560 0.226351
vt 0.527630 0.733131
vt 0.536875 0.740411
vt 0.536875 0.733131
vt 0.795456 0.733131
vt 0.669110 0.728624
vt 0.669110 0.733131
vt 0.494184 0.733131
vt 0.481267 0.728624
vt 0.481267 0.733131
vt 0.663642 0.418579
vt 0.539560 0.449237
vt 0.539560 0.418579
vt 0.663642 0.706726
vt 0.539560 0.808559
vt 0.539560 0.706726
vt 0.530717 0.808559
vt 0.530717 0.706726
vt 0.530717 0.449237
vt 0.530718 0.418579
vt 0.539504 0.396281
vt 0.530717 0.406224
vt 0.530717 0.396301
vt 0.539560 0.406224
vt 0.660019 0.733131
vt 0.669110 0.740411
vt 0.530717 0.296704
vt 0.530717 0.226351
vt 0.694415 0.226351
vt 0.687821 0.296704
vt 0.687821 0.226351
vt 0.671206 0.733131
vt 0.666610 0.740411
vt 0.666610 0.733131
vt 0.694415 0.406224
vt 0.687821 0.418579
vt 0.687821 0.406224
vt 0.694365 0.396284
vt 0.687821 0.396301
vt 0.694415 0.418579
vt 0.687821 0.449237
vt 0.694415 0.706726
vt 0.687821 0.808559
vt 0.687821 0.706726
vt 0.868645 0.226351
vt 0.739292 0.296704
vt 0.739292 0.226351
vt 0.738946 0.733131
vt 0.698784 0.740411
vt 0.698784 0.733131
vt 0.470892 0.728624
vt 0.470892 0.733131
vt 0.411577 0.728624
vt 0.411577 0.733131
vt 0.868645 0.418579
vt 0.739292 0.449237
vt 0.739293 0.418579
vt 0.868645 0.706726
vt 0.739292 0.808559
vt 0.739292 0.706726
vt 0.876878 0.226351
vt 0.868645 0.296704
vt 0.361912 0.733131
vt 0.325199 0.740411
vt 0.325199 0.733131
vt 0.876878 0.406224
vt 0.868645 0.406224
vt 0.876878 0.396301
vt 0.868695 0.396284
vt 0.876878 0.418579
vt 0.868645 0.449237
vt 0.876878 0.706726
vt 0.868645 0.808559
vt 0.672434 0.808559
vt 0.672434 0.706726
vt 0.672434 0.449237
vt 0.672435 0.418579
vt 0.672434 0.406224
vt 0.672434 0.396301
vt 0.672434 0.305841
vt 0.672434 0.296704
vt 0.672434 0.226351
vt 0.668038 0.296704
vt 0.668038 0.226351
vt 0.098713 0.733131
vt 0.102824 0.740411
vt 0.102824 0.733131
vt 0.668038 0.418579
vt 0.668038 0.406224
vt 0.668038 0.396301
vt 0.668038 0.449237
vt 0.668038 0.808559
vt 0.668038 0.706726
vt 0.523065 0.296704
vt 0.523065 0.226351
vt 0.523065 0.305841
vt 0.523066 0.418579
vt 0.523065 0.406224
vt 0.523065 0.396301
vt 0.523065 0.449237
vt 0.523065 0.808559
vt 0.523065 0.706726
vt 0.105806 0.242146
vt 0.087150 0.273637
vt 0.105806 0.273637
vt 0.105806 0.348802
vt 0.087150 0.343133
vt 0.105806 0.343133
vt 0.105806 0.286328
vt 0.087150 0.296520
vt 0.105806 0.296520
vt 0.105806 0.389438
vt 0.087150 0.398822
vt 0.105806 0.398822
vt 0.255927 0.706726
vt 0.124419 0.808559
vt 0.105806 0.483881
vt 0.087150 0.348802
vt 0.105806 0.265419
vt 0.087150 0.229351
vt 0.105806 0.229351
vt 0.087150 0.354791
vt 0.105806 0.354791
vt 0.087150 0.389438
vt 0.330558 0.808559
vt 0.330558 0.706726
vt 0.458419 0.733131
vt 0.476666 0.726008
vt 0.476666 0.733131
vt 0.481267 0.733131
vt 0.470892 0.726008
vt 0.459769 0.406224
vt 0.418580 0.418579
vt 0.418580 0.406224
vt 0.369251 0.418579
vt 0.334978 0.449237
vt 0.459769 0.706726
vt 0.418580 0.808559
vt 0.418580 0.706726
vt 0.459769 0.418579
vt 0.418580 0.449237
vt 0.518324 0.808559
vt 0.518324 0.706726
vt 0.518324 0.449237
vt 0.518324 0.418579
vt 0.518324 0.406224
vt 0.518324 0.396301
vt 0.518324 0.305841
vt 0.518324 0.296704
vt 0.518324 0.226351
vt 0.663642 0.808559
vt 0.663642 0.449237
vt 0.663642 0.406224
vt 0.663698 0.396281
vt 0.745706 0.733131
vt 0.880950 0.740411
vt 0.880950 0.733131
vt 0.663642 0.296704
vt 0.732827 0.808559
vt 0.732827 0.706726
vt 0.732827 0.449237
vt 0.732827 0.418579
vt 0.745706 0.728624
vt 0.738946 0.728624
vt 0.671206 0.740411
vt 0.732827 0.296704
vt 0.732827 0.226351
vt 0.876878 0.296704
vt 0.876878 0.305841
vt 0.876878 0.449237
vt 0.876878 0.808559
vt 0.876878 0.577189
vt 0.732827 0.577189
vt 0.663642 0.577189
vt 0.518324 0.577189
vt 0.459769 0.449237
vt 0.418580 0.577189
vt 0.337105 0.449237
vt 0.330558 0.577189
vt 0.330558 0.449237
vt 0.255927 0.449237
vt 0.124419 0.577189
vt 0.124419 0.449237
vt 0.523065 0.577189
vt 0.668038 0.577189
vt 0.672434 0.577189
vt 0.868645 0.577189
vt 0.739292 0.577189
vt 0.694415 0.449237
vt 0.687821 0.577189
vt 0.530717 0.577189
vt 0.539560 0.577189
vt 0.408092 0.449237
vt 0.372219 0.577189
vt 0.490927 0.449237
vt 0.481973 0.577189
vt 0.337105 0.577189
vt 0.120487 0.577189
vt 0.927928 0.449237
vt 0.882593 0.577189
vt 0.694415 0.577189
vt 0.694415 0.296704
vt 0.738946 0.740411
vt 0.519630 0.728624
vt 0.519630 0.733131
vt 0.494184 0.728624
vt 0.694415 0.808559
vt 0.694415 0.585884
vt 0.453450 0.740411
vt 0.453450 0.733131
vt 0.098713 0.740411
vt 0.889559 0.740411
vt 0.889559 0.733131
vt 0.399420 0.733131
vt 0.361912 0.740411
vt 0.675803 0.740411
vt 0.675803 0.733131
vt 0.318354 0.733131
vt 0.527630 0.740411
vt 0.672434 0.585884
vt 0.318354 0.740411
vt 0.687821 0.585884
vt 0.240323 0.740411
vt 0.240323 0.733131
vt 0.745706 0.740411
vt 0.490927 0.577189
vt 0.481973 0.585884
vt 0.246093 0.740411
vt 0.246093 0.733131
vt 0.927928 0.577189
vt 0.882593 0.585884
vt 0.490927 0.585884
vt 0.490927 0.296704
vt 0.490927 0.226351
vt 0.490927 0.305841
vt 0.490927 0.396301
vt 0.490927 0.808559
vt 0.464522 0.449237
vt 0.459769 0.577189
vt 0.293200 0.733131
vt 0.366758 0.726008
vt 0.366758 0.733131
vt 0.410385 0.726008
vt 0.410385 0.733131
vt 0.464522 0.406224
vt 0.458419 0.726008
vt 0.464522 0.706726
vt 0.459769 0.808559
vt 0.464522 0.418579
vt 0.261445 0.585884
vt 0.261445 0.577189
vt 0.261445 0.449237
vt 0.261445 0.808559
vt 0.261445 0.706726
vt 0.087150 0.272143
vt 0.105806 0.272143
vt 0.087150 0.286328
vt 0.087150 0.471086
vt 0.105806 0.471086
vt 0.087150 0.265419
vt 0.087150 0.242146
vt 0.255927 0.808559
vt 0.255927 0.577189
vt 0.410385 0.740411
vt 0.070946 0.585884
vt 0.070946 0.577189
vt 0.070946 0.449237
vt 0.070946 0.296704
vt 0.070946 0.226351
vt 0.070946 0.305841
vt 0.070946 0.418579
vt 0.070946 0.406224
vt 0.070946 0.396301
vt 0.070946 0.808559
vt 0.070946 0.706726
vt 0.120487 0.585884
vt 0.255927 0.585884
vt 0.330558 0.585884
vt 0.464522 0.585884
vt 0.459769 0.585884
vt 0.518324 0.585884
vt 0.732827 0.585884
vt 0.876878 0.585884
vt 0.739292 0.585884
vt 0.795456 0.728624
vt 0.523065 0.585884
vt 0.337105 0.585884
vt 0.880950 0.728624
vt 0.668038 0.585884
vt 0.102824 0.728624
vt 0.527630 0.728624
vt 0.410385 0.728624
vt 0.240323 0.728624
vt 0.124419 0.585884
vt 0.927928 0.585884
vt 0.485390 0.389481
vt 0.478314 0.398656
vt 0.478314 0.389481
vt 0.485390 0.296704
vt 0.478314 0.305841
vt 0.478314 0.296704
vt 0.485390 0.226351
vt 0.478314 0.226351
vt 0.459769 0.226351
vt 0.423873 0.296704
vt 0.423873 0.226351
vt 0.459769 0.296704
vt 0.423873 0.305841
vt 0.459769 0.389481
vt 0.423873 0.398656
vt 0.423873 0.389481
vt 0.464522 0.226351
vt 0.464522 0.296704
vt 0.459769 0.305841
vt 0.464522 0.389481
vt 0.459769 0.398656
vt 0.293200 0.726008
vt 0.376310 0.726008
vt 0.369251 0.296704
vt 0.334978 0.305841
vt 0.334978 0.296704
vt 0.369251 0.226351
vt 0.334978 0.226351
vt 0.255745 0.226351
vt 0.127387 0.296704
vt 0.127387 0.226351
vt 0.255745 0.296704
vt 0.127387 0.305841
vt 0.255745 0.406224
vt 0.127387 0.418579
vt 0.127387 0.406224
vt 0.255745 0.396301
vt 0.125903 0.396301
vt 0.255745 0.418579
vt 0.127387 0.449237
vt 0.328588 0.296704
vt 0.328588 0.226351
vt 0.328588 0.305841
vt 0.328588 0.418579
vt 0.328588 0.406224
vt 0.328588 0.396301
vt 0.328588 0.449237
vt 0.261131 0.449237
vt 0.261131 0.418579
vt 0.261131 0.406224
vt 0.261131 0.396301
vt 0.261131 0.305841
vt 0.261131 0.296704
vt 0.261131 0.226351
vt 0.255745 0.305841
vt 0.255745 0.449237
vt 0.660914 0.404289
vt 0.542288 0.416101
vt 0.542288 0.404289
vt 0.662658 0.395829
vt 0.540544 0.395829
vt 0.866208 0.404642
vt 0.740474 0.416553
vt 0.740474 0.404642
vt 0.867766 0.395915
vt 0.740474 0.395076
vt 0.734189 0.404642
vt 0.734189 0.395076
vt 0.734189 0.416553
vt 0.696851 0.416553
vt 0.696851 0.404642
vt 0.695294 0.395915
vt 0.665818 0.587735
vt 0.661556 0.704875
vt 0.661556 0.587735
vt 0.458202 0.587428
vt 0.418408 0.706211
vt 0.418408 0.585504
vt 0.254683 0.587051
vt 0.128348 0.705559
vt 0.128348 0.587051
vt 0.532704 0.587735
vt 0.525286 0.704875
vt 0.525286 0.587735
vt 0.874632 0.587857
vt 0.866668 0.704753
vt 0.866668 0.587857
vt 0.741538 0.704753
vt 0.741538 0.587857
vt 0.541275 0.587735
vt 0.532704 0.704875
vt 0.541275 0.704875
vt 0.407846 0.587428
vt 0.372889 0.705182
vt 0.372889 0.587428
vt 0.338672 0.705182
vt 0.338672 0.587428
vt 0.889559 0.728624
vt 0.536875 0.728624
vt 0.666610 0.728624
vt 0.399420 0.728624
vt 0.671206 0.728624
vt 0.361912 0.728624
vt 0.698784 0.728624
vt 0.325199 0.728624
vt 0.539560 0.305841
vt 0.530717 0.305841
vt 0.687821 0.305841
vt 0.739292 0.305841
vt 0.868645 0.305841
vt 0.668038 0.305841
vt 0.663642 0.305841
vt 0.732827 0.305841
vt 0.694415 0.305841
vt 0.882593 0.578530
vt 0.876878 0.584543
vt 0.876878 0.578530
vt 0.739292 0.578530
vt 0.732827 0.584543
vt 0.732827 0.578530
vt 0.668038 0.578530
vt 0.663642 0.584543
vt 0.663642 0.578530
vt 0.523065 0.578530
vt 0.518324 0.584543
vt 0.518324 0.578530
vt 0.459769 0.578530
vt 0.418580 0.584543
vt 0.418580 0.577860
vt 0.337105 0.578530
vt 0.330558 0.584543
vt 0.330558 0.578530
vt 0.255927 0.578530
vt 0.124419 0.584543
vt 0.124419 0.578530
vt 0.530717 0.578530
vt 0.523065 0.584543
vt 0.672434 0.578530
vt 0.668038 0.584543
vt 0.868645 0.584543
vt 0.868645 0.578530
vt 0.739292 0.584543
vt 0.539560 0.578530
vt 0.530717 0.584543
vt 0.539560 0.584543
vt 0.408092 0.578531
vt 0.372219 0.584543
vt 0.372219 0.578530
vt 0.337105 0.584543
vt 0.120487 0.584543
vt 0.120487 0.578530
vt 0.464522 0.578530
vt 0.459769 0.584543
vt 0.261445 0.578530
vt 0.255927 0.584543
vt 0.366758 0.740411
vt 0.399420 0.740411
vt 0.660019 0.740411
vt 0.458419 0.740411
vt 0.895534 0.733131
vt 0.691890 0.733131
vt 0.691890 0.740411
vt 0.895534 0.740411
vt 0.376310 0.740411
vt 0.514672 0.740411
vt 0.514672 0.733131
vt 0.519630 0.740411
vt 0.376310 0.728624
vt 0.734189 0.307867
vt 0.695227 0.339842
vt 0.696851 0.307867
vt 0.740474 0.307867
vt 0.734189 0.340385
vt 0.866208 0.307867
vt 0.740474 0.340385
vt 0.660914 0.308319
vt 0.540469 0.339903
vt 0.542288 0.308319
vt 0.255745 0.339571
vt 0.261131 0.339571
vt 0.328588 0.339571
vt 0.125903 0.339571
vt 0.464522 0.305841
vt 0.459769 0.337028
vt 0.423873 0.337028
vt 0.485390 0.305841
vt 0.478314 0.337028
vt 0.070946 0.339571
vt 0.490927 0.339571
vt 0.876878 0.339571
vt 0.663642 0.339571
vt 0.518324 0.339571
vt 0.523065 0.339571
vt 0.668038 0.339571
vt 0.672434 0.339571
vt 0.868645 0.339571
vt 0.687821 0.339571
vt 0.530717 0.339571
vt 0.369251 0.305841
vt 0.334978 0.339571
vt 0.124419 0.305841
vt 0.120487 0.339571
vt 0.927928 0.305841
vt 0.882593 0.339571
vt 0.408092 0.305841
vt 0.372219 0.339571
vt 0.481267 0.726008
vt 0.867833 0.339842
vt 0.662733 0.339903
vt 0.464522 0.337028
vt 0.485390 0.337028
vt 0.694415 0.339571
vt 0.539560 0.339571
vt 0.370735 0.339571
vt 0.124419 0.339571
vt 0.927928 0.339571
vt 0.408092 0.339571
vt 0.414733 0.389481
vt 0.414733 0.337028
vt 0.414733 0.305841
vt 0.408092 0.584543
vt 0.453450 0.728624
vt 0.407846 0.705182
vt 0.414733 0.398656
vt 0.414733 0.296704
vt 0.414733 0.226351
vt 0.453450 0.726008
vt 0.408092 0.577189
vt 0.408092 0.808559
vt 0.464522 0.398656
vt 0.464522 0.577189
vt 0.486027 0.726008
vt 0.486027 0.733131
vt 0.464522 0.808559
vt 0.459769 0.386957
vt 0.464522 0.386957
vt 0.459769 0.339552
vt 0.425806 0.339552
vt 0.425806 0.386957
vt 0.464522 0.337540
vt 0.464522 0.339552
vt 0.476561 0.339552
vt 0.478314 0.337540
vt 0.459769 0.388968
vt 0.476561 0.386957
vt 0.464522 0.388968
vt 0.459769 0.337540
vt 0.423873 0.388968
vt 0.423873 0.337540
vt 0.478314 0.388968
vt 0.464522 0.584543
vt 0.369251 0.449237
vt 0.665818 0.704875
vt 0.254683 0.705559
vt 0.067514 0.522084
vt 0.932486 0.494193
vt 0.067514 0.494193
vt 0.932486 0.522084
vt 0.866092 0.794567
vt 0.784074 0.712549
vt 0.784074 0.794567
vt 0.866092 0.712549
vt 0.067514 0.807003
vt 0.932486 0.802535
vt 0.067514 0.802535
vt 0.932486 0.807003
vt 0.927928 0.808559
vt 0.087150 0.483881
vt 0.399420 0.726008
vt 0.485390 0.398656
vt 0.660914 0.416100
vt 0.866209 0.416553
vt 0.458202 0.705182
vt 0.874632 0.704753
vt 0.882593 0.584543
vt 0.672434 0.584543
vt 0.261445 0.584543
s 0
usemtl buildingmat
f 4262/2671/2151 4170/2672/2151 4281/2673/2151
f 4261/2674/2151 4253/2675/2151 4287/2676/2151
f 4064/2677/2151 4252/2678/2151 4256/2679/2151
f 4263/2680/2151 4140/2681/2151 4276/2682/2151
f 4067/2683/2151 4171/2684/2151 4173/2685/2151
f 4068/2686/2151 4534/2687/2151 4536/2688/2151
f 4265/2689/2151 4533/2690/2151 4539/2691/2151
f 4266/2692/2151 4045/2693/2151 4263/2680/2151
f 4069/2694/2151 4046/2695/2151 4065/2696/2151
f 4487/2697/2151 4059/2698/2151 4483/2699/2151
f 4308/2700/2151 4325/2701/2151 4324/2702/2151
f 4485/2703/2151 4172/2704/2151 4498/2705/2151
f 4482/2706/2151 4255/2707/2151 4500/2708/2151
f 4063/2709/2151 4065/2696/2151 4059/2698/2151
f 4062/2710/2151 4536/2688/2151 4535/2711/2151
f 4061/2712/2151 4173/2685/2151 4172/2704/2151
f 4058/2713/2151 4256/2679/2151 4255/2707/2151
f 4076/2714/2151 4257/2715/2151 4258/2716/2151
f 4079/2717/2151 4174/2718/2151 4175/2719/2151
f 4075/2720/2152 4467/2721/2152 4452/2722/2152
f 4081/2723/2151 4071/2724/2151 4077/2725/2151
f 4055/2726/2151 4077/2725/2151 4043/2727/2151
f 4505/2728/2151 4324/2702/2151 4507/2729/2151
f 4047/2730/2151 4175/2719/2151 4169/2731/2151
f 4040/2732/2151 4258/2716/2151 4254/2733/2151
f 4082/2734/2151 4095/2735/2151 4089/2736/2151
f 4217/2737/2153 4425/2738/2153 4211/2739/2153
f 4277/2740/2154 4354/2741/2154 4220/2742/2154
f 4086/2743/2154 4334/2744/2154 4085/2745/2154
f 4086/2746/2151 4091/2747/2151 4093/2748/2151
f 4267/2749/2151 4090/2750/2151 4268/2751/2151
f 4268/2751/2151 4132/2752/2151 4274/2753/2151
f 4093/2748/2151 4133/2754/2151 4135/2755/2151
f 4489/2756/2151 4134/2757/2151 4495/2758/2151
f 4092/2759/2151 4135/2755/2151 4134/2757/2151
f 4259/2760/2154 4445/2761/2154 4260/2742/2154
f 4089/2736/2151 4137/2762/2151 4131/2763/2151
f 4096/2764/2151 4123/2765/2151 4117/2766/2151
f 4162/2767/2155 4383/2768/2155 4088/2769/2155
f 4099/2770/2151 4121/2771/2151 4120/2772/2151
f 4490/2773/2151 4120/2772/2151 4493/2774/2151
f 4100/2775/2151 4119/2776/2151 4121/2771/2151
f 4269/2777/2151 4118/2778/2151 4272/2779/2151
f 4103/2780/2151 4168/2781/2151 4163/2782/2151
f 4202/2783/2155 4389/2784/2155 4102/2785/2155
f 4106/2745/2154 4513/2786/2154 4491/2787/2154
f 4094/2720/2152 4476/2788/2152 4454/2789/2152
f 4107/2790/2151 4165/2791/2151 4166/2792/2151
f 4270/2793/2151 4164/2794/2151 4280/2795/2151
f 4110/2796/2151 4109/2797/2151 4103/2780/2151
f 4178/2798/2155 4419/2799/2155 4191/2800/2155
f 4113/2801/2151 4107/2790/2151 4106/2802/2151
f 4492/2803/2151 4106/2802/2151 4491/2804/2151
f 4114/2805/2151 4105/2806/2151 4107/2790/2151
f 4271/2807/2151 4104/2808/2151 4270/2793/2151
f 4272/2779/2151 4125/2809/2151 4273/2810/2151
f 4121/2771/2151 4126/2811/2151 4128/2812/2151
f 4493/2774/2151 4127/2813/2151 4494/2814/2151
f 4120/2772/2151 4128/2812/2151 4127/2813/2151
f 4123/2765/2151 4129/2815/2151 4130/2816/2151
f 4117/2766/2151 4130/2816/2151 4124/2817/2151
f 4124/2817/2151 4162/2818/2151 4156/2819/2151
f 4260/2820/2153 4421/2821/2153 4204/2822/2153
f 4127/2813/2151 4160/2823/2151 4159/2824/2151
f 4494/2814/2151 4159/2824/2151 4497/2825/2151
f 4128/2812/2151 4158/2826/2151 4160/2823/2151
f 4273/2810/2151 4157/2827/2151 4279/2828/2151
f 4131/2763/2151 4155/2829/2151 4149/2830/2151
f 4137/2762/2151 4154/2831/2151 4155/2829/2151
f 4134/2757/2151 4153/2832/2151 4152/2833/2151
f 4495/2758/2151 4152/2833/2151 4496/2834/2151
f 4135/2755/2151 4151/2835/2151 4153/2832/2151
f 4274/2753/2151 4150/2836/2151 4278/2837/2151
f 4046/2838/2154 4147/2839/2154 4065/2840/2154
f 4139/2841/2155 4317/2842/2155 4249/2843/2155
f 4059/2844/2154 4505/2845/2154 4483/2846/2154
f 4071/2847/2154 4312/2848/2154 4077/2849/2154
f 4275/2850/2151 4041/2851/2151 4261/2674/2151
f 4042/2852/2155 4148/2853/2155 4139/2841/2155
f 4141/2854/2155 4304/2855/2155 4046/2856/2155
f 4070/2847/2152 4446/2857/2152 4447/2858/2152
f 4076/2849/2152 4305/2859/2152 4070/2847/2152
f 4276/2682/2151 4244/2860/2151 4285/2861/2151
f 4238/2862/2155 4541/2863/2155 4535/2864/2155
f 4062/2865/2154 4501/2866/2154 4486/2787/2154
f 4145/2867/2151 4519/2868/2151 4518/2869/2151
f 4147/2870/2151 4323/2871/2151 4325/2701/2151
f 4277/2872/2151 4516/2873/2151 4522/2874/2151
f 4146/2875/2151 4517/2876/2151 4519/2868/2151
f 4278/2837/2151 4227/2877/2151 4283/2878/2151
f 4153/2832/2151 4228/2879/2151 4230/2880/2151
f 4496/2834/2151 4229/2881/2151 4499/2882/2151
f 4152/2833/2151 4230/2880/2151 4229/2881/2151
f 4155/2829/2151 4231/2883/2151 4232/2884/2151
f 4149/2830/2151 4232/2884/2151 4226/2885/2151
f 4279/2828/2151 4083/2886/2151 4267/2749/2151
f 4160/2823/2151 4084/2887/2151 4086/2746/2151
f 4497/2825/2151 4085/2888/2151 4488/2889/2151
f 4159/2824/2151 4086/2746/2151 4085/2888/2151
f 4223/2890/2153 4426/2891/2153 4213/2892/2153
f 4156/2819/2151 4088/2893/2151 4082/2734/2151
f 4280/2795/2151 4198/2894/2151 4282/2895/2151
f 4166/2792/2151 4199/2896/2151 4200/2897/2151
f 4108/2892/2153 4351/2898/2153 4167/2890/2153
f 4167/2890/2153 4344/2899/2153 4201/2783/2153
f 4087/2769/2153 4380/2900/2153 4161/2767/2153
f 4163/2782/2151 4202/2901/2151 4197/2902/2151
f 4169/2731/2151 4116/2903/2151 4110/2796/2151
f 4175/2719/2151 4115/2904/2151 4116/2903/2151
f 4172/2704/2151 4114/2805/2151 4113/2801/2151
f 4498/2705/2151 4113/2801/2151 4492/2803/2151
f 4173/2685/2151 4112/2905/2151 4114/2805/2151
f 4281/2673/2151 4111/2906/2151 4271/2807/2151
f 4171/2684/2151 4186/2907/2151 4112/2905/2151
f 4165/2791/2151 4203/2908/2151 4199/2896/2151
f 4158/2826/2151 4182/2909/2151 4084/2887/2151
f 4151/2835/2151 4233/2910/2151 4228/2879/2151
f 4144/2911/2151 4520/2912/2151 4517/2876/2151
f 4141/2913/2151 4246/2914/2151 4245/2915/2151
f 4139/2916/2151 4176/2917/2151 4042/2918/2151
f 4133/2754/2151 4193/2919/2151 4151/2835/2151
f 4126/2811/2151 4194/2920/2151 4158/2826/2151
f 4119/2776/2151 4188/2921/2151 4126/2811/2151
f 4112/2905/2151 4185/2922/2151 4105/2806/2151
f 4105/2806/2151 4195/2923/2151 4165/2791/2151
f 4098/2924/2151 4187/2925/2151 4119/2776/2151
f 4091/2747/2151 4189/2926/2151 4133/2754/2151
f 4091/2747/2151 4182/2909/2151 4183/2927/2151
f 4057/2928/2151 4178/2929/2151 4046/2695/2151
f 4054/2930/2151 4537/2931/2151 4534/2687/2151
f 4046/2695/2151 4191/2932/2151 4141/2913/2151
f 4042/2918/2151 4259/2933/2151 4252/2678/2151
f 4049/2934/2151 4196/2935/2151 4171/2684/2151
f 4199/2896/2151 4184/2936/2151 4098/2924/2151
f 4197/2902/2151 4102/2937/2151 4096/2764/2151
f 4101/2785/2153 4386/2938/2153 4201/2783/2153
f 4217/2737/2153 4359/2939/2153 4221/2940/2153
f 4099/2745/2152 4343/2941/2152 4100/2743/2152
f 4200/2897/2151 4098/2924/2151 4100/2775/2151
f 4282/2895/2151 4097/2942/2151 4269/2777/2151
f 4203/2908/2151 4212/2943/2151 4184/2936/2151
f 4242/2862/2155 4406/2944/2155 4192/2945/2155
f 4176/2822/2155 4444/2946/2155 4259/2820/2155
f 4213/2892/2153 4427/2947/2153 4214/2948/2153
f 4181/2949/2155 4417/2950/2155 4178/2798/2155
f 4246/2760/2154 4443/2761/2154 4247/2742/2154
f 4182/2769/2155 4416/2738/2155 4183/2739/2155
f 4222/2767/2153 4428/2951/2153 4216/2952/2153
f 4247/2953/2153 4431/2799/2153 4219/2800/2153
f 4183/2739/2155 4411/2954/2155 4189/2737/2155
f 4187/2925/2151 4216/2955/2151 4188/2921/2151
f 4221/2940/2153 4429/2954/2153 4217/2737/2153
f 4191/2800/2155 4442/2956/2155 4246/2953/2155
f 4184/2936/2151 4215/2957/2151 4187/2925/2151
f 4204/2822/2153 4430/2958/2153 4218/2959/2153
f 4109/2892/2155 4401/2960/2155 4168/2890/2155
f 4185/2892/2155 4415/2960/2155 4195/2890/2155
f 4180/2961/2151 4538/2962/2151 4537/2931/2151
f 4218/2959/2153 4438/2963/2153 4251/2964/2153
f 4167/2890/2153 4391/2891/2153 4108/2892/2153
f 4177/2965/2151 4224/2966/2151 4196/2935/2151
f 4233/2910/2151 4208/2967/2151 4180/2961/2151
f 4228/2879/2151 4180/2961/2151 4054/2930/2151
f 4226/2885/2151 4080/2968/2151 4052/2969/2151
f 4232/2884/2151 4074/2970/2151 4080/2968/2151
f 4229/2881/2151 4068/2686/2151 4062/2710/2151
f 4499/2882/2151 4062/2710/2151 4486/2971/2151
f 4230/2880/2151 4054/2930/2151 4068/2686/2151
f 4283/2878/2151 4053/2972/2151 4265/2689/2151
f 4186/2948/2155 4414/2891/2155 4185/2892/2155
f 4237/2973/2151 4192/2974/2151 4144/2911/2151
f 4055/2975/2152 4296/2976/2152 4081/2977/2152
f 4063/2949/2155 4524/2978/2155 4518/2979/2155
f 4238/2980/2151 4146/2875/2151 4145/2867/2151
f 4145/2945/2155 4301/2981/2155 4238/2862/2155
f 4284/2982/2151 4143/2983/2151 4277/2872/2151
f 4239/2984/2151 4144/2911/2151 4146/2875/2151
f 4246/2914/2151 4251/2985/2151 4250/2986/2151
f 4245/2915/2151 4250/2986/2151 4249/2987/2151
f 4285/2861/2151 4248/2988/2151 4286/2989/2151
f 4249/2843/2155 4329/2990/2155 4245/2991/2155
f 4065/2840/2154 4308/2992/2154 4059/2844/2154
f 4077/2849/2154 4314/2993/2154 4043/2994/2154
f 4245/2991/2155 4323/2995/2155 4141/2854/2155
f 4058/2844/2152 4235/2839/2152 4064/2840/2152
f 4064/2840/2152 4142/2996/2152 4042/2838/2152
f 4040/2994/2152 4311/2848/2152 4076/2849/2152
f 4286/2989/2151 4138/2997/2151 4275/2850/2151
f 4249/2987/2151 4190/2998/2151 4139/2916/2151
f 4209/2949/2153 4530/2999/2153 4521/2979/2153
f 4259/2933/2151 4207/3000/2151 4179/3001/2151
f 4252/2678/2151 4179/3001/2151 4048/3002/2151
f 4254/2733/2151 4078/3003/2151 4051/3004/2151
f 4258/2716/2151 4072/3005/2151 4078/3003/2151
f 4255/2707/2151 4066/3006/2151 4060/3007/2151
f 4500/2708/2151 4060/3007/2151 4484/3008/2151
f 4256/2679/2151 4048/3002/2151 4066/3006/2151
f 4287/2676/2151 4050/3009/2151 4264/3010/2151
f 4260/3011/2151 4264/3010/2151 4207/3000/2151
f 4251/2985/2151 4275/2850/2151 4218/3012/2151
f 4247/3013/2151 4286/2989/2151 4251/2985/2151
f 4243/3014/2151 4277/2872/2151 4220/3015/2151
f 4234/3016/2151 4265/2689/2151 4208/2967/2151
f 4225/3017/2151 4269/2777/2151 4212/2943/2151
f 4224/2966/2151 4271/2807/2151 4214/3018/2151
f 4223/3019/2151 4282/2895/2151 4225/3017/2151
f 4219/2742/2152 4375/3020/2152 4276/2740/2152
f 4221/3021/2151 4283/2878/2151 4234/3016/2151
f 4107/2743/2154 4346/2744/2154 4106/2745/2154
f 4219/3022/2151 4285/2861/2151 4247/3013/2151
f 4166/2890/2155 4347/3023/2155 4107/2892/2155
f 4200/2783/2155 4350/2898/2155 4166/2890/2155
f 4216/2955/2151 4279/2828/2151 4222/3024/2151
f 4215/2957/2151 4273/2810/2151 4216/2955/2151
f 4218/2959/2153 4357/3025/2153 4204/2822/2153
f 4275/2740/2154 4356/2741/2154 4218/2742/2154
f 4212/2943/2151 4272/2779/2151 4215/2957/2151
f 4204/2742/2152 4366/3020/2152 4261/2740/2152
f 4278/2940/2155 4373/3026/2155 4274/2737/2155
f 4220/2945/2153 4527/3027/2153 4521/2979/2153
f 4208/2967/2151 4539/2691/2151 4538/2962/2151
f 4261/2822/2155 4374/3028/2155 4275/2959/2155
f 4204/3029/2151 4287/2676/2151 4260/3011/2151
f 4205/3030/2151 4281/2673/2151 4224/2966/2151
f 4501/3031/2151 4541/3032/2151 4545/3033/2151
f 4295/3034/2151 4542/3035/2151 4543/3036/2151
f 4298/3037/2151 4543/3036/2151 4540/3038/2151
f 4288/3039/2151 4526/3040/2151 4523/3041/2151
f 4299/3042/2151 4525/3043/2151 4526/3040/2151
f 4503/3044/2151 4524/3045/2151 4532/3046/2151
f 4300/3047/2151 4299/3042/2151 4288/3039/2151
f 4303/3048/2151 4297/3049/2151 4299/3042/2151
f 4504/3050/2151 4294/3051/2151 4503/3044/2151
f 4074/2720/2154 4295/2976/2154 4080/2977/2154
f 4080/2977/2154 4298/3052/2154 4052/2975/2154
f 4081/2977/2152 4292/3053/2152 4075/2720/2152
f 4312/3054/2151 4326/3055/2151 4327/3056/2151
f 4314/3057/2151 4327/3056/2151 4322/3058/2151
f 4241/3059/2151 4311/3060/2151 4240/3061/2151
f 4315/3062/2151 4305/3063/2151 4311/3060/2151
f 4309/3064/2151 4235/3065/2151 4306/3066/2151
f 4506/3067/2151 4306/3066/2151 4481/3068/2151
f 4310/3069/2151 4142/3070/2151 4235/3065/2151
f 4322/3058/2151 4333/3071/2151 4328/3072/2151
f 4327/3056/2151 4332/3073/2151 4333/3071/2151
f 4324/2702/2151 4331/3074/2151 4330/3075/2151
f 4507/2729/2151 4330/3075/2151 4508/3076/2151
f 4325/2701/2151 4329/3077/2151 4331/3074/2151
f 4331/3074/2151 4317/3078/2151 4319/3079/2151
f 4508/3076/2151 4318/3080/2151 4509/3081/2151
f 4330/3075/2151 4319/3079/2151 4318/3080/2151
f 4333/3071/2151 4320/3082/2151 4321/3083/2151
f 4328/3072/2151 4321/3083/2151 4316/3084/2151
f 4316/3084/2151 4315/3062/2151 4241/3059/2151
f 4321/3083/2151 4313/3085/2151 4315/3062/2151
f 4318/3080/2151 4310/3069/2151 4309/3064/2151
f 4509/3081/2151 4309/3064/2151 4506/3067/2151
f 4319/3079/2151 4148/3086/2151 4310/3069/2151
f 4334/3087/2151 4338/3088/2151 4337/3089/2151
f 4510/3090/2151 4337/3089/2151 4511/3091/2151
f 4346/3092/2151 4350/3093/2151 4349/3094/2151
f 4513/3095/2151 4349/3094/2151 4514/3096/2151
f 4514/3096/2151 4340/3097/2151 4515/3098/2151
f 4349/3094/2151 4342/3099/2151 4340/3097/2151
f 4340/3097/2151 4343/3100/2151 4341/3101/2151
f 4515/3098/2151 4341/3101/2151 4512/3102/2151
f 4352/3103/2151 4369/3104/2151 4353/3105/2151
f 4354/3106/2151 4528/3107/2151 4527/3108/2151
f 4356/3109/2151 4366/3110/2151 4357/3111/2151
f 4358/3112/2151 4377/3113/2151 4359/3114/2151
f 4360/3115/2151 4371/3116/2151 4361/3117/2151
f 4361/3117/2151 4379/3118/2151 4362/3119/2151
f 4363/3120/2151 4373/3121/2151 4358/3112/2151
f 4353/3105/2151 4370/3122/2151 4363/3120/2151
f 4355/3123/2151 4367/3124/2151 4364/3125/2151
f 4364/3125/2151 4375/3126/2151 4365/3127/2151
f 4101/2720/2152 4477/2788/2152 4455/2789/2152
f 4270/2892/2155 4372/3128/2155 4271/2948/2155
f 4092/2745/2152 4338/2941/2152 4093/2743/2152
f 4085/2745/2154 4510/2786/2154 4488/2787/2154
f 4221/2742/2152 4377/3020/2152 4278/2740/2152
f 4280/2890/2155 4371/3023/2155 4270/2892/2155
f 4279/2740/2154 4352/2741/2154 4222/2742/2154
f 4214/2948/2153 4361/3023/2153 4213/2892/2153
f 4223/2742/2152 4379/3020/2152 4280/2740/2152
f 4274/2737/2155 4370/3129/2155 4268/2739/2155
f 4213/2892/2153 4362/2898/2153 4223/2890/2153
f 4268/2739/2155 4369/3130/2155 4267/2769/2155
f 4263/2798/2155 4368/3131/2155 4266/2949/2155
f 4211/2739/2153 4358/3026/2153 4217/2737/2153
f 4267/2769/2155 4378/3132/2155 4279/2767/2155
f 4210/2769/2153 4363/3129/2153 4211/2739/2153
f 4276/2800/2155 4367/3133/2155 4263/2798/2155
f 4209/2949/2153 4364/3133/2153 4206/2798/2153
f 4100/2785/2155 4342/2899/2155 4200/2783/2155
f 4271/2740/2154 4360/2741/2154 4214/2742/2154
f 4266/2949/2155 4528/3027/2155 4522/2979/2155
f 4222/2767/2153 4353/3130/2153 4210/2769/2153
f 4093/2739/2155 4335/3130/2155 4086/2769/2155
f 4201/2783/2153 4345/3134/2153 4101/2785/2153
f 4087/2769/2153 4339/3129/2153 4094/2739/2153
f 4206/2798/2153 4365/3135/2153 4219/2800/2153
f 4383/2893/2151 4384/3136/2151 4385/2735/2151
f 4385/2735/2151 4398/3137/2151 4399/2762/2151
f 4389/2937/2151 4394/3138/2151 4395/2765/2151
f 4393/2797/2151 4400/3139/2151 4401/2781/2151
f 4392/2903/2151 4391/3140/2151 4393/2797/2151
f 4396/2816/2151 4380/3141/2151 4382/2818/2151
f 4382/2818/2151 4381/3142/2151 4383/2893/2151
f 4401/2781/2151 4386/3143/2151 4388/2901/2151
f 4388/2901/2151 4387/3144/2151 4389/2937/2151
f 4402/3145/2151 4427/3146/2151 4403/3147/2151
f 4415/3148/2151 4437/3149/2151 4420/3150/2151
f 4404/3151/2151 4424/3152/2151 4405/3153/2151
f 4412/3154/2151 4441/3155/2151 4440/3156/2151
f 4406/3157/2151 4530/3158/2151 4529/3159/2151
f 4419/3160/2151 4443/3161/2151 4442/3162/2151
f 4409/3163/2151 4421/3164/2151 4410/3165/2151
f 4411/3166/2151 4433/3167/2151 4412/3154/2151
f 4413/3168/2151 4434/3169/2151 4404/3151/2151
f 4403/3147/2151 4426/3170/2151 4414/3171/2151
f 4414/3171/2151 4435/3172/2151 4415/3148/2151
f 4416/3173/2151 4429/3174/2151 4411/3166/2151
f 4405/3153/2151 4425/3175/2151 4416/3173/2151
f 4407/3176/2151 4422/3177/2151 4417/3178/2151
f 4417/3178/2151 4431/3179/2151 4419/3160/2151
f 4410/3165/2151 4445/3180/2151 4444/3181/2151
f 4418/3182/2151 4432/3183/2151 4406/3157/2151
f 4408/3184/2151 4430/3185/2151 4409/3163/2151
f 4129/2720/2152 4396/3186/2152 4130/2977/2152
f 4115/2720/2152 4392/3186/2152 4116/2977/2152
f 4211/2739/2153 4424/2768/2153 4210/2769/2153
f 4206/2798/2153 4423/3187/2153 4209/2949/2153
f 4216/2742/2152 4413/3188/2152 4188/2760/2152
f 4220/2945/2153 4439/3189/2153 4243/2862/2153
f 4219/2800/2153 4422/2950/2153 4206/2798/2153
f 4161/2767/2153 4397/2951/2153 4129/2952/2153
f 4130/2952/2155 4382/2900/2155 4162/2767/2155
f 4201/2783/2153 4400/2960/2153 4167/2890/2153
f 4243/2742/2152 4418/3188/2152 4242/2760/2152
f 4168/2890/2155 4388/2938/2155 4202/2783/2155
f 4196/3190/2155 4403/2947/2155 4186/2948/2155
f 4195/2890/2155 4420/2938/2155 4203/2783/2155
f 4194/2767/2155 4405/2768/2155 4182/2769/2155
f 4224/2742/2152 4402/3188/2152 4196/2760/2152
f 4136/2737/2153 4384/2738/2153 4094/2739/2153
f 4122/3191/2153 4387/2784/2153 4101/2785/2153
f 4108/2892/2153 4390/2947/2153 4115/2948/2153
f 4094/2739/2153 4381/2768/2153 4087/2769/2153
f 4203/2760/2154 4437/2761/2154 4225/2742/2154
f 4095/2739/2155 4399/2954/2155 4137/2737/2155
f 4102/2785/2155 4395/3192/2155 4123/3191/2155
f 4192/2945/2155 4529/2999/2155 4520/2979/2155
f 4116/2948/2155 4393/2891/2155 4109/2892/2155
f 4088/2769/2155 4385/2738/2155 4095/2739/2155
f 4250/2964/2155 4409/2958/2155 4190/2959/2155
f 4214/2948/2153 4436/3193/2153 4224/3190/2153
f 4137/2977/2154 4398/3194/2154 4136/2720/2154
f 4190/2959/2155 4410/2821/2155 4176/2822/2155
f 4193/2940/2155 4440/3195/2155 4233/3196/2155
f 4225/2783/2153 4435/2960/2153 4223/2890/2153
f 4189/2737/2155 4412/3197/2155 4193/2940/2155
f 4234/3196/2153 4433/3197/2153 4221/2940/2153
f 4210/2769/2153 4434/2900/2153 4222/2767/2153
f 4251/2742/2152 4408/3188/2152 4250/2760/2152
f 4188/2952/2155 4404/2900/2155 4194/2767/2155
f 4233/2760/2154 4441/2761/2154 4234/2742/2154
f 4123/2977/2154 4394/3194/2154 4122/2720/2154
f 4453/2789/2154 4336/3198/2154 4087/2720/2154
f 4455/2789/2152 4512/2786/2152 4490/2787/2152
f 4344/3199/2151 4477/3200/2151 4345/3201/2151
f 4351/3202/2151 4480/3203/2151 4344/3199/2151
f 4348/3204/2151 4479/3205/2151 4351/3202/2151
f 4336/3206/2151 4476/3207/2151 4339/3208/2151
f 4320/3082/2151 4471/3209/2151 4313/3085/2151
f 4332/3073/2151 4474/3210/2151 4320/3082/2151
f 4326/3055/2151 4473/3211/2151 4332/3073/2151
f 4313/3085/2151 4446/3212/2151 4305/3063/2151
f 4302/3213/2151 4468/3214/2151 4297/3049/2151
f 4297/3049/2151 4531/3215/2151 4525/3043/2151
f 4290/3216/2151 4544/3217/2151 4542/3035/2151
f 4257/2715/2151 4449/3218/2151 4072/3005/2151
f 4231/2883/2151 4451/3219/2151 4074/2970/2151
f 4174/2718/2151 4457/3220/2151 4115/2904/2151
f 4161/3141/2151 4453/3221/2151 4087/3142/2151
f 4154/2831/2151 4464/3222/2151 4231/2883/2151
f 4451/2722/2154 4290/3053/2154 4074/2720/2154
f 4447/2858/2152 4481/2845/2152 4482/2846/2152
f 4448/2858/2154 4307/2859/2154 4071/2847/2154
f 4136/3137/2151 4461/3223/2151 4154/2831/2151
f 4129/2815/2151 4462/3224/2151 4161/3141/2151
f 4122/3138/2151 4459/3225/2151 4129/2815/2151
f 4115/2904/2151 4456/3226/2151 4108/3140/2151
f 4454/2789/2152 4511/2786/2152 4489/2787/2152
f 4456/2789/2154 4348/3198/2154 4108/2720/2154
f 4101/3144/2151 4458/3227/2151 4122/3138/2151
f 4094/3136/2151 4460/3228/2151 4136/3137/2151
f 4307/3229/2151 4472/3230/2151 4326/3055/2151
f 4452/2722/2152 4502/2866/2152 4487/2787/2152
f 4070/3231/2151 4465/3232/2151 4257/2715/2151
f 4073/3233/2151 4463/3234/2151 4174/2718/2151
f 4075/3235/2151 4448/3236/2151 4071/2724/2151
f 4487/2787/2152 4293/3237/2152 4063/2865/2152
f 4489/2787/2152 4337/2744/2152 4092/2745/2152
f 4482/2846/2152 4306/2992/2152 4058/2844/2152
f 4490/2787/2152 4341/2744/2152 4099/2745/2152
f 4488/2787/2154 4475/2788/2154 4453/2789/2154
f 4480/3203/2151 4512/3102/2151 4477/3200/2151
f 4479/3205/2151 4515/3098/2151 4480/3203/2151
f 4478/3238/2151 4514/3096/2151 4479/3205/2151
f 4475/3239/2151 4511/3091/2151 4476/3207/2151
f 4474/3210/2151 4506/3067/2151 4471/3209/2151
f 4473/3211/2151 4509/3081/2151 4474/3210/2151
f 4472/3230/2151 4508/3076/2151 4473/3211/2151
f 4471/3209/2151 4481/3068/2151 4446/3212/2151
f 4544/3217/2155 4554/3240/2155 4469/3240/2155
f 4503/3044/2153 4557/3050/2153 4504/3050/2153
f 4466/3241/2151 4545/3033/2151 4544/3217/2151
f 4465/3232/2151 4484/3008/2151 4449/3218/2151
f 4464/3222/2151 4486/2971/2151 4451/3219/2151
f 4463/3234/2151 4492/2803/2151 4457/3220/2151
f 4462/3224/2151 4488/2889/2151 4453/3221/2151
f 4461/3223/2151 4499/2882/2151 4464/3222/2151
f 4486/2787/2154 4466/2721/2154 4451/2722/2154
f 4483/2846/2154 4470/2857/2154 4448/2858/2154
f 4460/3228/2151 4496/2834/2151 4461/3223/2151
f 4459/3225/2151 4497/2825/2151 4462/3224/2151
f 4458/3227/2151 4494/2814/2151 4459/3225/2151
f 4457/3220/2151 4491/2804/2151 4456/3226/2151
f 4491/2787/2154 4478/2788/2154 4456/2789/2154
f 4455/3242/2151 4493/2774/2151 4458/3227/2151
f 4454/3243/2151 4495/2758/2151 4460/3228/2151
f 4470/3244/2151 4507/2729/2151 4472/3230/2151
f 4447/3245/2151 4500/2708/2151 4465/3232/2151
f 4450/3246/2151 4498/2705/2151 4463/3234/2151
f 4452/3247/2151 4483/2699/2151 4448/3236/2151
f 4531/3215/2151 4502/3248/2151 4467/3249/2151
f 4525/3043/2151 4467/3249/2151 4292/3250/2151
f 4520/2979/2155 4407/3187/2155 4181/2949/2155
f 4529/3159/2151 4423/3251/2151 4407/3176/2151
f 4522/2979/2155 4376/3252/2155 4277/2945/2155
f 4527/3108/2151 4368/3253/2151 4355/3123/2151
f 4532/3046/2151 4293/3254/2151 4502/3248/2151
f 4526/3040/2151 4292/3250/2151 4296/3255/2151
f 4523/3041/2151 4296/3255/2151 4289/3256/2151
f 4521/2979/2153 4355/3131/2153 4209/2949/2153
f 4521/2979/2153 4432/2944/2153 4220/2945/2153
f 4518/2979/2155 4294/3257/2155 4145/2945/2155
f 4517/2876/2151 4181/3258/2151 4057/2928/2151
f 4519/2868/2151 4057/2928/2151 4069/2694/2151
f 4522/2874/2151 4056/3259/2151 4266/2692/2151
f 4518/2869/2151 4069/2694/2151 4063/2709/2151
f 4504/3050/2153 4559/3033/2153 4545/3033/2153
f 4542/3035/2151 4469/3240/2151 4302/3213/2151
f 4540/3038/2151 4303/3048/2151 4300/3047/2151
f 4543/3036/2151 4302/3213/2151 4303/3048/2151
f 4545/3033/2151 4301/3260/2151 4504/3050/2151
f 4538/2962/2151 4284/2982/2151 4243/3014/2151
f 4537/2931/2151 4243/3014/2151 4242/3261/2151
f 4534/2687/2151 4242/3261/2151 4237/2973/2151
f 4535/2864/2155 4291/3262/2155 4062/3263/2155
f 4535/2711/2151 4239/2984/2151 4238/2980/2151
f 4539/2691/2151 4236/3264/2151 4284/2982/2151
f 4536/2688/2151 4237/2973/2151 4239/2984/2151
f 4558/3265/2155 4565/3266/2155 4550/3266/2155
f 4547/3267/2153 4568/3268/2153 4552/3268/2153
f 4552/3268/2152 4569/3269/2152 4553/3269/2152
f 4531/3215/2154 4561/3046/2154 4532/3046/2154
f 4469/3240/2155 4555/3214/2155 4468/3214/2155
f 4468/3214/2155 4560/3215/2155 4531/3215/2155
f 4545/3033/2152 4556/3217/2152 4544/3217/2152
f 4532/3046/2153 4549/3044/2153 4503/3044/2153
f 4547/3267/2151 4554/3270/2151 4546/3271/2151
f 4548/3272/2151 4554/3270/2151 4556/3273/2151
f 4550/3266/2151 4549/3274/2151 4558/3265/2151
f 4551/3275/2151 4557/3276/2151 4550/3266/2151
f 4552/3268/2151 4555/3277/2151 4547/3267/2151
f 4553/3269/2151 4549/3274/2151 4561/3278/2151
f 4552/3268/2151 4561/3278/2151 4560/3279/2151
f 4548/3272/2151 4559/3280/2151 4551/3275/2151
f 4564/3271/2151 4563/3265/2151 4562/3267/2151
f 4562/3267/2151 4569/3269/2151 4568/3268/2151
f 4566/3272/2151 4565/3266/2151 4564/3271/2151
f 4546/3271/2153 4562/3267/2153 4547/3267/2153
f 4551/3275/2154 4566/3272/2154 4548/3272/2154
f 4553/3269/2155 4563/3265/2155 4558/3265/2155
f 4550/3266/2155 4567/3275/2155 4551/3275/2155
f 4548/3272/2153 4564/3271/2153 4546/3271/2153
f 4792/2671/2154 4700/2672/2154 4811/2673/2154
f 4791/2674/2154 4783/2675/2154 4817/2676/2154
f 4594/2677/2154 4782/2678/2154 4786/2679/2154
f 4793/2680/2154 4670/2681/2154 4806/2682/2154
f 4597/2683/2154 4701/2684/2154 4703/2685/2154
f 4598/2686/2154 5064/2687/2154 5066/2688/2154
f 4795/2689/2154 5063/2690/2154 5069/2691/2154
f 4796/2692/2154 4575/2693/2154 4793/2680/2154
f 4595/2696/2154 4587/2928/2154 4576/2695/2154
f 5017/2697/2154 4589/2698/2154 5013/2699/2154
f 4838/2700/2154 4855/2701/2154 4854/2702/2154
f 5015/2703/2154 4702/2704/2154 5028/2705/2154
f 5012/2706/2154 4785/2707/2154 5030/2708/2154
f 4593/2709/2154 4595/2696/2154 4589/2698/2154
f 5065/2711/2154 4598/2686/2154 5066/2688/2154
f 4591/2712/2154 4703/2685/2154 4702/2704/2154
f 4588/2713/2154 4786/2679/2154 4785/2707/2154
f 4606/2714/2154 4787/2715/2154 4788/2716/2154
f 4609/2717/2154 4704/2718/2154 4705/2719/2154
f 4605/2720/2151 4997/2721/2151 4982/2722/2151
f 4611/2723/2154 4601/2724/2154 4607/2725/2154
f 4585/2726/2154 4607/2725/2154 4573/2727/2154
f 5035/2728/2154 4854/2702/2154 5037/2729/2154
f 4577/2730/2154 4705/2719/2154 4699/2731/2154
f 4570/2732/2154 4788/2716/2154 4784/2733/2154
f 4612/2734/2154 4625/2735/2154 4619/2736/2154
f 4747/2737/2153 4955/2738/2153 4741/2739/2153
f 4807/2740/2156 4884/2741/2156 4750/2742/2156
f 4616/2743/2156 4864/2744/2156 4615/2745/2156
f 4616/2746/2154 4621/2747/2154 4623/2748/2154
f 4797/2749/2154 4620/2750/2154 4798/2751/2154
f 4798/2751/2154 4662/2752/2154 4804/2753/2154
f 4623/2748/2154 4663/2754/2154 4665/2755/2154
f 5019/2756/2154 4664/2757/2154 5025/2758/2154
f 4664/2757/2154 4623/2748/2154 4665/2755/2154
f 4789/2760/2156 4975/2761/2156 4790/2742/2156
f 4661/2763/2154 4625/2735/2154 4667/2762/2154
f 4626/2764/2154 4653/2765/2154 4647/2766/2154
f 4692/2767/2155 4913/2768/2155 4618/2769/2155
f 4629/2770/2154 4651/2771/2154 4650/2772/2154
f 5020/2773/2154 4650/2772/2154 5023/2774/2154
f 4630/2775/2154 4649/2776/2154 4651/2771/2154
f 4799/2777/2154 4648/2778/2154 4802/2779/2154
f 4633/2780/2154 4698/2781/2154 4693/2782/2154
f 4732/2783/2155 4919/2784/2155 4632/2785/2155
f 4636/2745/2156 5043/2786/2156 5021/2787/2156
f 4624/2720/2151 5006/2788/2151 4984/2789/2151
f 4637/2790/2154 4695/2791/2154 4696/2792/2154
f 4800/2793/2154 4694/2794/2154 4810/2795/2154
f 4640/2796/2154 4639/2797/2154 4633/2780/2154
f 4708/2798/2155 4949/2799/2155 4721/2800/2155
f 4643/2801/2154 4637/2790/2154 4636/2802/2154
f 5022/2803/2154 4636/2802/2154 5021/2804/2154
f 4644/2805/2154 4635/2806/2154 4637/2790/2154
f 4801/2807/2154 4634/2808/2154 4800/2793/2154
f 4802/2779/2154 4655/2809/2154 4803/2810/2154
f 4651/2771/2154 4656/2811/2154 4658/2812/2154
f 5023/2774/2154 4657/2813/2154 5024/2814/2154
f 4650/2772/2154 4658/2812/2154 4657/2813/2154
f 4653/2765/2154 4659/2815/2154 4660/2816/2154
f 4647/2766/2154 4660/2816/2154 4654/2817/2154
f 4654/2817/2154 4692/2818/2154 4686/2819/2154
f 4790/2820/2153 4951/2821/2153 4734/2822/2153
f 4657/2813/2154 4690/2823/2154 4689/2824/2154
f 5024/2814/2154 4689/2824/2154 5027/2825/2154
f 4658/2812/2154 4688/2826/2154 4690/2823/2154
f 4803/2810/2154 4687/2827/2154 4809/2828/2154
f 4661/2763/2154 4685/2829/2154 4679/2830/2154
f 4667/2762/2154 4684/2831/2154 4685/2829/2154
f 4682/2833/2154 4665/2755/2154 4683/2832/2154
f 5025/2758/2154 4682/2833/2154 5026/2834/2154
f 4665/2755/2154 4681/2835/2154 4683/2832/2154
f 4804/2753/2154 4680/2836/2154 4808/2837/2154
f 4576/2838/2156 4677/2839/2156 4595/2840/2156
f 4669/2841/2155 4847/2842/2155 4779/2843/2155
f 4589/2844/2156 5035/2845/2156 5013/2846/2156
f 4601/2847/2156 4842/2848/2156 4607/2849/2156
f 4805/2850/2154 4571/2851/2154 4791/2674/2154
f 4572/2852/2155 4678/2853/2155 4669/2841/2155
f 4671/2854/2155 4834/2855/2155 4576/2856/2155
f 4600/2847/2151 4976/2857/2151 4977/2858/2151
f 4606/2849/2151 4835/2859/2151 4600/2847/2151
f 4806/2682/2154 4774/2860/2154 4815/2861/2154
f 4768/2862/2155 5071/2863/2155 5065/2864/2155
f 4592/2865/2156 5031/2866/2156 5016/2787/2156
f 4675/2867/2154 5049/2868/2154 5048/2869/2154
f 4677/2870/2154 4853/2871/2154 4855/2701/2154
f 5052/2874/2154 4673/2983/2154 5046/2873/2154
f 5049/2868/2154 4674/2911/2154 5047/2876/2154
f 4808/2837/2154 4757/2877/2154 4813/2878/2154
f 4683/2832/2154 4758/2879/2154 4760/2880/2154
f 5026/2834/2154 4759/2881/2154 5029/2882/2154
f 4759/2881/2154 4683/2832/2154 4760/2880/2154
f 4685/2829/2154 4761/2883/2154 4762/2884/2154
f 4679/2830/2154 4762/2884/2154 4756/2885/2154
f 4809/2828/2154 4613/2886/2154 4797/2749/2154
f 4616/2746/2154 4688/2826/2154 4614/2887/2154
f 5027/2825/2154 4615/2888/2154 5018/2889/2154
f 4689/2824/2154 4616/2746/2154 4615/2888/2154
f 4753/2890/2153 4956/2891/2153 4743/2892/2153
f 4686/2819/2154 4618/2893/2154 4612/2734/2154
f 4810/2795/2154 4728/2894/2154 4812/2895/2154
f 4696/2792/2154 4729/2896/2154 4730/2897/2154
f 4638/2892/2153 4881/2898/2153 4697/2890/2153
f 4697/2890/2153 4874/2899/2153 4731/2783/2153
f 4617/2769/2153 4910/2900/2153 4691/2767/2153
f 4693/2782/2154 4732/2901/2154 4727/2902/2154
f 4699/2731/2154 4646/2903/2154 4640/2796/2154
f 4705/2719/2154 4645/2904/2154 4646/2903/2154
f 4702/2704/2154 4644/2805/2154 4643/2801/2154
f 5028/2705/2154 4643/2801/2154 5022/2803/2154
f 4703/2685/2154 4642/2905/2154 4644/2805/2154
f 4811/2673/2154 4641/2906/2154 4801/2807/2154
f 4701/2684/2154 4716/2907/2154 4642/2905/2154
f 4695/2791/2154 4733/2908/2154 4729/2896/2154
f 4688/2826/2154 4712/2909/2154 4614/2887/2154
f 4681/2835/2154 4763/2910/2154 4758/2879/2154
f 5047/2876/2154 4722/2974/2154 5050/2912/2154
f 4671/2913/2154 4776/2914/2154 4775/2915/2154
f 4669/2916/2154 4706/2917/2154 4572/2918/2154
f 4663/2754/2154 4723/2919/2154 4681/2835/2154
f 4656/2811/2154 4724/2920/2154 4688/2826/2154
f 4649/2776/2154 4718/2921/2154 4656/2811/2154
f 4642/2905/2154 4715/2922/2154 4635/2806/2154
f 4695/2791/2154 4715/2922/2154 4725/2923/2154
f 4628/2924/2154 4717/2925/2154 4649/2776/2154
f 4621/2747/2154 4719/2926/2154 4663/2754/2154
f 4621/2747/2154 4712/2909/2154 4713/2927/2154
f 4576/2695/2154 4711/3258/2154 4708/2929/2154
f 4584/2930/2154 5067/2931/2154 5064/2687/2154
f 4576/2695/2154 4721/2932/2154 4671/2913/2154
f 4572/2918/2154 4789/2933/2154 4782/2678/2154
f 4579/2934/2154 4726/2935/2154 4701/2684/2154
f 4729/2896/2154 4714/2936/2154 4628/2924/2154
f 4727/2902/2154 4632/2937/2154 4626/2764/2154
f 4631/2785/2153 4916/2938/2153 4731/2783/2153
f 4747/2737/2153 4889/2939/2153 4751/2940/2153
f 4629/2745/2151 4873/2941/2151 4630/2743/2151
f 4730/2897/2154 4628/2924/2154 4630/2775/2154
f 4812/2895/2154 4627/2942/2154 4799/2777/2154
f 4733/2908/2154 4742/2943/2154 4714/2936/2154
f 4772/2862/2155 4936/2944/2155 4722/2945/2155
f 4706/2822/2155 4974/2946/2155 4789/2820/2155
f 4743/2892/2153 4957/2947/2153 4744/2948/2153
f 4711/2949/2155 4947/2950/2155 4708/2798/2155
f 4776/2760/2156 4973/2761/2156 4777/2742/2156
f 4712/2769/2155 4946/2738/2155 4713/2739/2155
f 4752/2767/2153 4958/2951/2153 4746/2952/2153
f 4777/2953/2153 4961/2799/2153 4749/2800/2153
f 4713/2739/2155 4941/2954/2155 4719/2737/2155
f 4717/2925/2154 4746/2955/2154 4718/2921/2154
f 4751/2940/2153 4959/2954/2153 4747/2737/2153
f 4721/2800/2155 4972/2956/2155 4776/2953/2155
f 4714/2936/2154 4745/2957/2154 4717/2925/2154
f 4734/2822/2153 4960/2958/2153 4748/2959/2153
f 4639/2892/2155 4931/2960/2155 4698/2890/2155
f 4715/2892/2155 4945/2960/2155 4725/2890/2155
f 4710/2961/2154 5068/2962/2154 5067/2931/2154
f 4748/2959/2153 4968/2963/2153 4781/2964/2153
f 4697/2890/2153 4921/2891/2153 4638/2892/2153
f 4707/2965/2154 4754/2966/2154 4726/2935/2154
f 4763/2910/2154 4738/2967/2154 4710/2961/2154
f 4758/2879/2154 4710/2961/2154 4584/2930/2154
f 4756/2885/2154 4610/2968/2154 4582/2969/2154
f 4762/2884/2154 4604/2970/2154 4610/2968/2154
f 4759/2881/2154 4598/2686/2154 4592/2710/2154
f 5029/2882/2154 4592/2710/2154 5016/2971/2154
f 4760/2880/2154 4584/2930/2154 4598/2686/2154
f 4813/2878/2154 4583/2972/2154 4795/2689/2154
f 4716/2948/2155 4944/2891/2155 4715/2892/2155
f 4767/2973/2154 4722/2974/2154 4674/2911/2154
f 4585/2975/2151 4826/2976/2151 4611/2977/2151
f 4593/2949/2155 5054/2978/2155 5048/2979/2155
f 4675/2867/2154 4769/2984/2154 4676/2875/2154
f 4675/2945/2155 4831/2981/2155 4768/2862/2155
f 4814/2982/2154 4673/2983/2154 4807/2872/2154
f 4769/2984/2154 4674/2911/2154 4676/2875/2154
f 4776/2914/2154 4781/2985/2154 4780/2986/2154
f 4775/2915/2154 4780/2986/2154 4779/2987/2154
f 4815/2861/2154 4778/2988/2154 4816/2989/2154
f 4779/2843/2155 4859/2990/2155 4775/2991/2155
f 4595/2840/2156 4838/2992/2156 4589/2844/2156
f 4573/2994/2156 4842/2848/2156 4844/2993/2156
f 4775/2991/2155 4853/2995/2155 4671/2854/2155
f 4588/2844/2151 4765/2839/2151 4594/2840/2151
f 4594/2840/2151 4672/2996/2151 4572/2838/2151
f 4570/2994/2151 4841/2848/2151 4606/2849/2151
f 4816/2989/2154 4668/2997/2154 4805/2850/2154
f 4779/2987/2154 4720/2998/2154 4669/2916/2154
f 4739/2949/2153 5060/2999/2153 5051/2979/2153
f 4789/2933/2154 4737/3000/2154 4709/3001/2154
f 4782/2678/2154 4709/3001/2154 4578/3002/2154
f 4784/2733/2154 4608/3003/2154 4581/3004/2154
f 4788/2716/2154 4602/3005/2154 4608/3003/2154
f 4785/2707/2154 4596/3006/2154 4590/3007/2154
f 5030/2708/2154 4590/3007/2154 5014/3008/2154
f 4786/2679/2154 4578/3002/2154 4596/3006/2154
f 4817/2676/2154 4580/3009/2154 4794/3010/2154
f 4790/3011/2154 4794/3010/2154 4737/3000/2154
f 4781/2985/2154 4805/2850/2154 4748/3012/2154
f 4777/3013/2154 4816/2989/2154 4781/2985/2154
f 4773/3014/2154 4807/2872/2154 4750/3015/2154
f 4764/3016/2154 4795/2689/2154 4738/2967/2154
f 4742/2943/2154 4812/2895/2154 4799/2777/2154
f 4754/2966/2154 4801/2807/2154 4744/3018/2154
f 4755/3017/2154 4810/2795/2154 4812/2895/2154
f 4749/2742/2151 4905/3020/2151 4806/2740/2151
f 4751/3021/2154 4813/2878/2154 4764/3016/2154
f 4637/2743/2156 4876/2744/2156 4636/2745/2156
f 4749/3022/2154 4815/2861/2154 4777/3013/2154
f 4696/2890/2155 4877/3023/2155 4637/2892/2155
f 4730/2783/2155 4880/2898/2155 4696/2890/2155
f 4752/3024/2154 4803/2810/2154 4809/2828/2154
f 4746/2955/2154 4802/2779/2154 4803/2810/2154
f 4748/2959/2153 4887/3025/2153 4734/2822/2153
f 4748/2742/2156 4904/3020/2156 4886/2741/2156
f 4745/2957/2154 4799/2777/2154 4802/2779/2154
f 4734/2742/2151 4896/3020/2151 4791/2740/2151
f 4808/2940/2155 4903/3026/2155 4804/2737/2155
f 4750/2945/2153 5057/3027/2153 5051/2979/2153
f 4738/2967/2154 5069/2691/2154 5068/2962/2154
f 4791/2822/2155 4904/3028/2155 4805/2959/2155
f 4734/3029/2154 4817/2676/2154 4790/3011/2154
f 4735/3030/2154 4811/2673/2154 4754/2966/2154
f 5031/3031/2154 5071/3032/2154 5075/3033/2154
f 5073/3036/2154 4820/3216/2154 5072/3035/2154
f 5070/3038/2154 4825/3034/2154 5073/3036/2154
f 4818/3039/2154 5056/3040/2154 5053/3041/2154
f 4829/3042/2154 5055/3043/2154 5056/3040/2154
f 5033/3044/2154 5054/3045/2154 5062/3046/2154
f 4830/3047/2154 4829/3042/2154 4818/3039/2154
f 4833/3048/2154 4827/3049/2154 4829/3042/2154
f 5034/3050/2154 4824/3051/2154 5033/3044/2154
f 4604/2720/2156 4825/2976/2156 4610/2977/2156
f 4610/2977/2156 4828/3052/2156 4582/2975/2156
f 4611/2977/2151 4822/3053/2151 4605/2720/2151
f 4842/3054/2154 4856/3055/2154 4857/3056/2154
f 4852/3058/2154 4842/3054/2154 4857/3056/2154
f 4771/3059/2154 4841/3060/2154 4770/3061/2154
f 4845/3062/2154 4835/3063/2154 4841/3060/2154
f 4839/3064/2154 4765/3065/2154 4836/3066/2154
f 5036/3067/2154 4836/3066/2154 5011/3068/2154
f 4840/3069/2154 4672/3070/2154 4765/3065/2154
f 4852/3058/2154 4863/3071/2154 4858/3072/2154
f 4857/3056/2154 4862/3073/2154 4863/3071/2154
f 4854/2702/2154 4861/3074/2154 4860/3075/2154
f 5037/2729/2154 4860/3075/2154 5038/3076/2154
f 4855/2701/2154 4859/3077/2154 4861/3074/2154
f 4849/3079/2154 4859/3077/2154 4847/3078/2154
f 5038/3076/2154 4848/3080/2154 5039/3081/2154
f 4860/3075/2154 4849/3079/2154 4848/3080/2154
f 4863/3071/2154 4850/3082/2154 4851/3083/2154
f 4858/3072/2154 4851/3083/2154 4846/3084/2154
f 4846/3084/2154 4845/3062/2154 4771/3059/2154
f 4851/3083/2154 4843/3085/2154 4845/3062/2154
f 4848/3080/2154 4840/3069/2154 4839/3064/2154
f 5039/3081/2154 4839/3064/2154 5036/3067/2154
f 4849/3079/2154 4678/3086/2154 4840/3069/2154
f 4864/3087/2154 4868/3088/2154 4867/3089/2154
f 5041/3091/2154 4864/3087/2154 4867/3089/2154
f 4876/3092/2154 4880/3093/2154 4879/3094/2154
f 5043/3095/2154 4879/3094/2154 5044/3096/2154
f 5044/3096/2154 4870/3097/2154 5045/3098/2154
f 4879/3094/2154 4872/3099/2154 4870/3097/2154
f 4870/3097/2154 4873/3100/2154 4871/3101/2154
f 5042/3102/2154 4870/3097/2154 4871/3101/2154
f 4882/3103/2154 4899/3104/2154 4883/3105/2154
f 4884/3106/2154 5058/3107/2154 5057/3108/2154
f 4886/3109/2154 4896/3110/2154 4887/3111/2154
f 4888/3112/2154 4907/3113/2154 4889/3114/2154
f 4890/3115/2154 4901/3116/2154 4891/3117/2154
f 4891/3117/2154 4909/3118/2154 4892/3119/2154
f 4893/3120/2154 4903/3121/2154 4888/3112/2154
f 4883/3105/2154 4900/3122/2154 4893/3120/2154
f 4894/3125/2154 4898/3253/2154 4897/3124/2154
f 4894/3125/2154 4905/3126/2154 4895/3127/2154
f 4631/2720/2151 5007/2788/2151 4985/2789/2151
f 4800/2892/2155 4902/3128/2155 4801/2948/2155
f 4622/2745/2151 4868/2941/2151 4623/2743/2151
f 4615/2745/2156 5040/2786/2156 5018/2787/2156
f 4751/2742/2151 4907/3020/2151 4808/2740/2151
f 4810/2890/2155 4901/3023/2155 4800/2892/2155
f 4752/2742/2156 4908/3020/2156 4882/2741/2156
f 4744/2948/2153 4891/3023/2153 4743/2892/2153
f 4753/2742/2151 4909/3020/2151 4810/2740/2151
f 4804/2737/2155 4900/3129/2155 4798/2739/2155
f 4743/2892/2153 4892/2898/2153 4753/2890/2153
f 4798/2739/2155 4899/3130/2155 4797/2769/2155
f 4793/2798/2155 4898/3131/2155 4796/2949/2155
f 4741/2739/2153 4888/3026/2153 4747/2737/2153
f 4797/2769/2155 4908/3132/2155 4809/2767/2155
f 4740/2769/2153 4893/3129/2153 4741/2739/2153
f 4806/2800/2155 4897/3133/2155 4793/2798/2155
f 4739/2949/2153 4894/3133/2153 4736/2798/2153
f 4630/2785/2155 4872/2899/2155 4730/2783/2155
f 4744/2742/2156 4902/3020/2156 4890/2741/2156
f 4796/2949/2155 5058/3027/2155 5052/2979/2155
f 4752/2767/2153 4883/3130/2153 4740/2769/2153
f 4623/2739/2155 4865/3130/2155 4616/2769/2155
f 4731/2783/2153 4875/3134/2153 4631/2785/2153
f 4617/2769/2153 4869/3129/2153 4624/2739/2153
f 4736/2798/2153 4895/3135/2153 4749/2800/2153
f 4913/2893/2154 4914/3136/2154 4915/2735/2154
f 4915/2735/2154 4928/3137/2154 4929/2762/2154
f 4919/2937/2154 4924/3138/2154 4925/2765/2154
f 4923/2797/2154 4930/3139/2154 4931/2781/2154
f 4922/2903/2154 4921/3140/2154 4923/2797/2154
f 4926/2816/2154 4910/3141/2154 4912/2818/2154
f 4912/2818/2154 4911/3142/2154 4913/2893/2154
f 4931/2781/2154 4916/3143/2154 4918/2901/2154
f 4918/2901/2154 4917/3144/2154 4919/2937/2154
f 4932/3145/2154 4957/3146/2154 4933/3147/2154
f 4945/3148/2154 4967/3149/2154 4950/3150/2154
f 4934/3151/2154 4954/3152/2154 4935/3153/2154
f 4970/3156/2154 4963/3167/2154 4971/3155/2154
f 5059/3159/2154 4962/3183/2154 5060/3158/2154
f 4949/3160/2154 4973/3161/2154 4972/3162/2154
f 4939/3163/2154 4951/3164/2154 4940/3165/2154
f 4942/3154/2154 4959/3174/2154 4963/3167/2154
f 4943/3168/2154 4964/3169/2154 4934/3151/2154
f 4933/3147/2154 4956/3170/2154 4944/3171/2154
f 4944/3171/2154 4965/3172/2154 4945/3148/2154
f 4941/3166/2154 4955/3175/2154 4959/3174/2154
f 4935/3153/2154 4955/3175/2154 4946/3173/2154
f 4937/3176/2154 4952/3177/2154 4947/3178/2154
f 4947/3178/2154 4961/3179/2154 4949/3160/2154
f 4940/3165/2154 4975/3180/2154 4974/3181/2154
f 4936/3157/2154 4969/3281/2154 4962/3183/2154
f 4938/3184/2154 4960/3185/2154 4939/3163/2154
f 4659/2720/2151 4926/3186/2151 4660/2977/2151
f 4645/2720/2151 4922/3186/2151 4646/2977/2151
f 4741/2739/2153 4954/2768/2153 4740/2769/2153
f 4736/2798/2153 4953/3187/2153 4739/2949/2153
f 4746/2742/2151 4943/3188/2151 4718/2760/2151
f 4750/2945/2153 4969/3189/2153 4773/2862/2153
f 4749/2800/2153 4952/2950/2153 4736/2798/2153
f 4691/2767/2153 4927/2951/2153 4659/2952/2153
f 4660/2952/2155 4912/2900/2155 4692/2767/2155
f 4731/2783/2153 4930/2960/2153 4697/2890/2153
f 4773/2742/2151 4948/3188/2151 4772/2760/2151
f 4698/2890/2155 4918/2938/2155 4732/2783/2155
f 4726/3190/2155 4933/2947/2155 4716/2948/2155
f 4725/2890/2155 4950/2938/2155 4733/2783/2155
f 4724/2767/2155 4935/2768/2155 4712/2769/2155
f 4754/2742/2151 4932/3188/2151 4726/2760/2151
f 4666/2737/2153 4914/2738/2153 4624/2739/2153
f 4652/3191/2153 4917/2784/2153 4631/2785/2153
f 4638/2892/2153 4920/2947/2153 4645/2948/2153
f 4624/2739/2153 4911/2768/2153 4617/2769/2153
f 4733/2760/2156 4967/2761/2156 4755/2742/2156
f 4625/2739/2155 4929/2954/2155 4667/2737/2155
f 4632/2785/2155 4925/3192/2155 4653/3191/2155
f 4722/2945/2155 5059/2999/2155 5050/2979/2155
f 4646/2948/2155 4923/2891/2155 4639/2892/2155
f 4618/2769/2155 4915/2738/2155 4625/2739/2155
f 4780/2964/2155 4939/2958/2155 4720/2959/2155
f 4744/2948/2153 4966/3193/2153 4754/3190/2153
f 4667/2977/2156 4928/3194/2156 4666/2720/2156
f 4720/2959/2155 4940/2821/2155 4706/2822/2155
f 4723/2940/2155 4970/3195/2155 4763/3196/2155
f 4755/2783/2153 4965/2960/2153 4753/2890/2153
f 4719/2737/2155 4942/3197/2155 4723/2940/2155
f 4764/3196/2153 4963/3197/2153 4751/2940/2153
f 4740/2769/2153 4964/2900/2153 4752/2767/2153
f 4781/2742/2151 4938/3188/2151 4780/2760/2151
f 4718/2952/2155 4934/2900/2155 4724/2767/2155
f 4763/2760/2156 4971/2761/2156 4764/2742/2156
f 4653/2977/2156 4924/3194/2156 4652/2720/2156
f 4983/2789/2156 4866/3198/2156 4617/2720/2156
f 4985/2789/2151 5042/2786/2151 5020/2787/2151
f 4875/3201/2154 5010/3203/2154 5007/3200/2154
f 4881/3202/2154 5010/3203/2154 4874/3199/2154
f 4881/3202/2154 5008/3238/2154 5009/3205/2154
f 4869/3208/2154 5005/3239/2154 5006/3207/2154
f 4843/3085/2154 5004/3210/2154 5001/3209/2154
f 4850/3082/2154 5003/3211/2154 5004/3210/2154
f 4856/3055/2154 5003/3211/2154 4862/3073/2154
f 4843/3085/2154 4976/3212/2154 4835/3063/2154
f 4827/3049/2154 4999/3240/2154 4998/3214/2154
f 5055/3043/2154 4998/3214/2154 5061/3215/2154
f 4820/3216/2154 5074/3217/2154 5072/3035/2154
f 4787/2715/2154 4979/3218/2154 4602/3005/2154
f 4761/2883/2154 4981/3219/2154 4604/2970/2154
f 4704/2718/2154 4987/3220/2154 4645/2904/2154
f 4617/3142/2154 4992/3224/2154 4983/3221/2154
f 4684/2831/2154 4994/3222/2154 4761/2883/2154
f 4981/2722/2156 4820/3053/2156 4604/2720/2156
f 4977/2858/2151 5011/2845/2151 5012/2846/2151
f 4978/2858/2156 4837/2859/2156 4601/2847/2156
f 4666/3137/2154 4991/3223/2154 4684/2831/2154
f 4659/2815/2154 4992/3224/2154 4691/3141/2154
f 4659/2815/2154 4988/3227/2154 4989/3225/2154
f 4645/2904/2154 4986/3226/2154 4638/3140/2154
f 4984/2789/2151 5041/2786/2151 5019/2787/2151
f 4986/2789/2156 4878/3198/2156 4638/2720/2156
f 4652/3138/2154 4985/3242/2154 4988/3227/2154
f 4624/3136/2154 4990/3228/2154 4666/3137/2154
f 4837/3229/2154 5002/3230/2154 4856/3055/2154
f 4982/2722/2151 5032/2866/2151 5017/2787/2151
f 4600/3231/2154 4995/3232/2154 4787/2715/2154
f 4603/3233/2154 4993/3234/2154 4704/2718/2154
f 4605/3235/2154 4978/3236/2154 4601/2724/2154
f 5017/2787/2151 4823/3237/2151 4593/2865/2151
f 5019/2787/2151 4867/2744/2151 4622/2745/2151
f 5012/2846/2151 4836/2992/2151 4588/2844/2151
f 5020/2787/2151 4871/2744/2151 4629/2745/2151
f 5018/2787/2156 5005/2788/2156 4983/2789/2156
f 5010/3203/2154 5042/3102/2154 5007/3200/2154
f 5010/3203/2154 5044/3096/2154 5045/3098/2154
f 5008/3238/2154 5044/3096/2154 5009/3205/2154
f 5005/3239/2154 5041/3091/2154 5006/3207/2154
f 5001/3209/2154 5039/3081/2154 5036/3067/2154
f 5003/3211/2154 5039/3081/2154 5004/3210/2154
f 5002/3230/2154 5038/3076/2154 5003/3211/2154
f 5001/3209/2154 5011/3068/2154 4976/3212/2154
f 5074/3217/2155 5084/3240/2155 4999/3240/2155
f 5033/3044/2153 5087/3050/2153 5034/3050/2153
f 4996/3241/2154 5075/3033/2154 5074/3217/2154
f 4995/3232/2154 5014/3008/2154 4979/3218/2154
f 4994/3222/2154 5016/2971/2154 4981/3219/2154
f 4993/3234/2154 5022/2803/2154 4987/3220/2154
f 4992/3224/2154 5018/2889/2154 4983/3221/2154
f 4991/3223/2154 5029/2882/2154 4994/3222/2154
f 5016/2787/2156 4996/2721/2156 4981/2722/2156
f 5013/2846/2156 5000/2857/2156 4978/2858/2156
f 4991/3223/2154 5025/2758/2154 5026/2834/2154
f 4989/3225/2154 5027/2825/2154 4992/3224/2154
f 4989/3225/2154 5023/2774/2154 5024/2814/2154
f 4987/3220/2154 5021/2804/2154 4986/3226/2154
f 5021/2787/2156 5008/2788/2156 4986/2789/2156
f 4985/3242/2154 5023/2774/2154 4988/3227/2154
f 4984/3243/2154 5025/2758/2154 4990/3228/2154
f 5000/3244/2154 5037/2729/2154 5002/3230/2154
f 4977/3245/2154 5030/2708/2154 4995/3232/2154
f 4980/3246/2154 5028/2705/2154 4993/3234/2154
f 4982/3247/2154 5013/2699/2154 4978/3236/2154
f 5061/3215/2154 5032/3248/2154 4997/3249/2154
f 5055/3043/2154 4997/3249/2154 4822/3250/2154
f 5050/2979/2155 4937/3187/2155 4711/2949/2155
f 5059/3159/2154 4953/3251/2154 4937/3176/2154
f 5052/2979/2155 4906/3252/2155 4807/2945/2155
f 5057/3108/2154 4898/3253/2154 4885/3123/2154
f 5062/3046/2154 4823/3254/2154 5032/3248/2154
f 5056/3040/2154 4822/3250/2154 4826/3255/2154
f 5053/3041/2154 4826/3255/2154 4819/3256/2154
f 5051/2979/2153 4885/3131/2153 4739/2949/2153
f 5051/2979/2153 4962/2944/2153 4750/2945/2153
f 5048/2979/2155 4824/3257/2155 4675/2945/2155
f 5047/2876/2154 4711/3258/2154 4587/2928/2154
f 5049/2868/2154 4587/2928/2154 4599/2694/2154
f 5052/2874/2154 4586/3259/2154 4796/2692/2154
f 5048/2869/2154 4599/2694/2154 4593/2709/2154
f 5034/3050/2153 5089/3033/2153 5075/3033/2153
f 5072/3035/2154 4999/3240/2154 4832/3213/2154
f 5070/3038/2154 4833/3048/2154 4830/3047/2154
f 5073/3036/2154 4832/3213/2154 4833/3048/2154
f 5075/3033/2154 4831/3260/2154 5034/3050/2154
f 5068/2962/2154 4814/2982/2154 4773/3014/2154
f 4772/3261/2154 5068/2962/2154 4773/3014/2154
f 4767/2973/2154 5067/2931/2154 4772/3261/2154
f 5065/2864/2155 4821/3262/2155 4592/3263/2155
f 4768/2980/2154 5066/2688/2154 4769/2984/2154
f 5069/2691/2154 4766/3264/2154 4814/2982/2154
f 4769/2984/2154 5064/2687/2154 4767/2973/2154
f 5088/3265/2155 5095/3266/2155 5080/3266/2155
f 5077/3267/2153 5098/3268/2153 5082/3268/2153
f 5082/3268/2151 5099/3269/2151 5083/3269/2151
f 5061/3215/2156 5091/3046/2156 5062/3046/2156
f 4999/3240/2155 5085/3214/2155 4998/3214/2155
f 4998/3214/2155 5090/3215/2155 5061/3215/2155
f 5075/3033/2151 5086/3217/2151 5074/3217/2151
f 5062/3046/2153 5079/3044/2153 5033/3044/2153
f 5077/3267/2154 5084/3270/2154 5076/3271/2154
f 5078/3272/2154 5084/3270/2154 5086/3273/2154
f 5080/3266/2154 5079/3274/2154 5088/3265/2154
f 5081/3275/2154 5087/3276/2154 5080/3266/2154
f 5082/3268/2154 5085/3277/2154 5077/3267/2154
f 5083/3269/2154 5079/3274/2154 5091/3278/2154
f 5082/3268/2154 5091/3278/2154 5090/3279/2154
f 5078/3272/2154 5089/3280/2154 5081/3275/2154
f 5092/3267/2154 5095/3266/2154 5093/3265/2154
f 5092/3267/2154 5099/3269/2154 5098/3268/2154
f 5094/3271/2154 5097/3275/2154 5095/3266/2154
f 5076/3271/2153 5092/3267/2153 5077/3267/2153
f 5081/3275/2156 5096/3272/2156 5078/3272/2156
f 5083/3269/2155 5093/3265/2155 5088/3265/2155
f 5080/3266/2155 5097/3275/2155 5081/3275/2155
f 5078/3272/2153 5094/3271/2153 5076/3271/2153
f 5322/2671/2156 5230/2672/2156 5341/2673/2156
f 5321/2674/2156 5313/2675/2156 5347/2676/2156
f 5124/2677/2156 5312/2678/2156 5316/2679/2156
f 5323/2680/2156 5200/2681/2156 5336/2682/2156
f 5127/2683/2156 5231/2684/2156 5233/2685/2156
f 5128/2686/2156 5594/2687/2156 5596/2688/2156
f 5325/2689/2156 5593/2690/2156 5599/2691/2156
f 5326/2692/2156 5105/2693/2156 5323/2680/2156
f 5129/2694/2156 5106/2695/2156 5125/2696/2156
f 5547/2697/2156 5119/2698/2156 5543/2699/2156
f 5368/2700/2156 5385/2701/2156 5384/2702/2156
f 5545/2703/2156 5232/2704/2156 5558/2705/2156
f 5542/2706/2156 5315/2707/2156 5560/2708/2156
f 5123/2709/2156 5125/2696/2156 5119/2698/2156
f 5122/2710/2156 5596/2688/2156 5595/2711/2156
f 5121/2712/2156 5233/2685/2156 5232/2704/2156
f 5118/2713/2156 5316/2679/2156 5315/2707/2156
f 5136/2714/2156 5317/2715/2156 5318/2716/2156
f 5139/2717/2156 5234/2718/2156 5235/2719/2156
f 5135/2720/2154 5527/2721/2154 5512/2722/2154
f 5141/2723/2156 5131/2724/2156 5137/2725/2156
f 5115/2726/2156 5137/2725/2156 5103/2727/2156
f 5565/2728/2156 5384/2702/2156 5567/2729/2156
f 5107/2730/2156 5235/2719/2156 5229/2731/2156
f 5100/2732/2156 5318/2716/2156 5314/2733/2156
f 5142/2734/2156 5155/2735/2156 5149/2736/2156
f 5277/2737/2153 5485/2738/2153 5271/2739/2153
f 5337/2740/2152 5414/2741/2152 5280/2742/2152
f 5146/2743/2152 5394/2744/2152 5145/2745/2152
f 5146/2746/2156 5151/2747/2156 5153/2748/2156
f 5327/2749/2156 5150/2750/2156 5328/2751/2156
f 5328/2751/2156 5192/2752/2156 5334/2753/2156
f 5153/2748/2156 5193/2754/2156 5195/2755/2156
f 5549/2756/2156 5194/2757/2156 5555/2758/2156
f 5152/2759/2156 5195/2755/2156 5194/2757/2156
f 5319/2760/2152 5505/2761/2152 5320/2742/2152
f 5149/2736/2156 5197/2762/2156 5191/2763/2156
f 5156/2764/2156 5183/2765/2156 5177/2766/2156
f 5222/2767/2155 5443/2768/2155 5148/2769/2155
f 5159/2770/2156 5181/2771/2156 5180/2772/2156
f 5550/2773/2156 5180/2772/2156 5553/2774/2156
f 5160/2775/2156 5179/2776/2156 5181/2771/2156
f 5329/2777/2156 5178/2778/2156 5332/2779/2156
f 5163/2780/2156 5228/2781/2156 5223/2782/2156
f 5262/2783/2155 5449/2784/2155 5162/2785/2155
f 5166/2745/2152 5573/2786/2152 5551/2787/2152
f 5154/2720/2154 5536/2788/2154 5514/2789/2154
f 5167/2790/2156 5225/2791/2156 5226/2792/2156
f 5330/2793/2156 5224/2794/2156 5340/2795/2156
f 5170/2796/2156 5169/2797/2156 5163/2780/2156
f 5238/2798/2155 5479/2799/2155 5251/2800/2155
f 5173/2801/2156 5167/2790/2156 5166/2802/2156
f 5552/2803/2156 5166/2802/2156 5551/2804/2156
f 5174/2805/2156 5165/2806/2156 5167/2790/2156
f 5331/2807/2156 5164/2808/2156 5330/2793/2156
f 5332/2779/2156 5185/2809/2156 5333/2810/2156
f 5181/2771/2156 5186/2811/2156 5188/2812/2156
f 5553/2774/2156 5187/2813/2156 5554/2814/2156
f 5180/2772/2156 5188/2812/2156 5187/2813/2156
f 5183/2765/2156 5189/2815/2156 5190/2816/2156
f 5177/2766/2156 5190/2816/2156 5184/2817/2156
f 5184/2817/2156 5222/2818/2156 5216/2819/2156
f 5320/2820/2153 5481/2821/2153 5264/2822/2153
f 5187/2813/2156 5220/2823/2156 5219/2824/2156
f 5554/2814/2156 5219/2824/2156 5557/2825/2156
f 5188/2812/2156 5218/2826/2156 5220/2823/2156
f 5333/2810/2156 5217/2827/2156 5339/2828/2156
f 5191/2763/2156 5215/2829/2156 5209/2830/2156
f 5197/2762/2156 5214/2831/2156 5215/2829/2156
f 5194/2757/2156 5213/2832/2156 5212/2833/2156
f 5555/2758/2156 5212/2833/2156 5556/2834/2156
f 5195/2755/2156 5211/2835/2156 5213/2832/2156
f 5334/2753/2156 5210/2836/2156 5338/2837/2156
f 5106/2838/2152 5207/2839/2152 5125/2840/2152
f 5199/2841/2155 5377/2842/2155 5309/2843/2155
f 5119/2844/2152 5565/2845/2152 5543/2846/2152
f 5131/2847/2152 5372/2848/2152 5137/2849/2152
f 5335/2850/2156 5101/2851/2156 5321/2674/2156
f 5102/2852/2155 5208/2853/2155 5199/2841/2155
f 5201/2854/2155 5364/2855/2155 5106/2856/2155
f 5130/2847/2154 5506/2857/2154 5507/2858/2154
f 5136/2849/2154 5365/2859/2154 5130/2847/2154
f 5336/2682/2156 5304/2860/2156 5345/2861/2156
f 5298/2862/2155 5601/2863/2155 5595/2864/2155
f 5122/2865/2152 5561/2866/2152 5546/2787/2152
f 5205/2867/2156 5579/2868/2156 5578/2869/2156
f 5207/2870/2156 5383/2871/2156 5385/2701/2156
f 5337/2872/2156 5576/2873/2156 5582/2874/2156
f 5206/2875/2156 5577/2876/2156 5579/2868/2156
f 5338/2837/2156 5287/2877/2156 5343/2878/2156
f 5213/2832/2156 5288/2879/2156 5290/2880/2156
f 5556/2834/2156 5289/2881/2156 5559/2882/2156
f 5212/2833/2156 5290/2880/2156 5289/2881/2156
f 5215/2829/2156 5291/2883/2156 5292/2884/2156
f 5209/2830/2156 5292/2884/2156 5286/2885/2156
f 5339/2828/2156 5143/2886/2156 5327/2749/2156
f 5220/2823/2156 5144/2887/2156 5146/2746/2156
f 5557/2825/2156 5145/2888/2156 5548/2889/2156
f 5219/2824/2156 5146/2746/2156 5145/2888/2156
f 5283/2890/2153 5486/2891/2153 5273/2892/2153
f 5216/2819/2156 5148/2893/2156 5142/2734/2156
f 5340/2795/2156 5258/2894/2156 5342/2895/2156
f 5226/2792/2156 5259/2896/2156 5260/2897/2156
f 5168/2892/2153 5411/2898/2153 5227/2890/2153
f 5227/2890/2153 5404/2899/2153 5261/2783/2153
f 5147/2769/2153 5440/2900/2153 5221/2767/2153
f 5223/2782/2156 5262/2901/2156 5257/2902/2156
f 5229/2731/2156 5176/2903/2156 5170/2796/2156
f 5235/2719/2156 5175/2904/2156 5176/2903/2156
f 5232/2704/2156 5174/2805/2156 5173/2801/2156
f 5558/2705/2156 5173/2801/2156 5552/2803/2156
f 5233/2685/2156 5172/2905/2156 5174/2805/2156
f 5341/2673/2156 5171/2906/2156 5331/2807/2156
f 5231/2684/2156 5246/2907/2156 5172/2905/2156
f 5225/2791/2156 5263/2908/2156 5259/2896/2156
f 5218/2826/2156 5242/2909/2156 5144/2887/2156
f 5211/2835/2156 5293/2910/2156 5288/2879/2156
f 5204/2911/2156 5580/2912/2156 5577/2876/2156
f 5201/2913/2156 5306/2914/2156 5305/2915/2156
f 5199/2916/2156 5236/2917/2156 5102/2918/2156
f 5193/2754/2156 5253/2919/2156 5211/2835/2156
f 5186/2811/2156 5254/2920/2156 5218/2826/2156
f 5179/2776/2156 5248/2921/2156 5186/2811/2156
f 5172/2905/2156 5245/2922/2156 5165/2806/2156
f 5165/2806/2156 5255/2923/2156 5225/2791/2156
f 5158/2924/2156 5247/2925/2156 5179/2776/2156
f 5151/2747/2156 5249/2926/2156 5193/2754/2156
f 5144/2887/2156 5243/2927/2156 5151/2747/2156
f 5117/2928/2156 5238/2929/2156 5106/2695/2156
f 5114/2930/2156 5597/2931/2156 5594/2687/2156
f 5106/2695/2156 5251/2932/2156 5201/2913/2156
f 5102/2918/2156 5319/2933/2156 5312/2678/2156
f 5109/2934/2156 5256/2935/2156 5231/2684/2156
f 5259/2896/2156 5244/2936/2156 5158/2924/2156
f 5257/2902/2156 5162/2937/2156 5156/2764/2156
f 5261/2783/2153 5447/2784/2153 5446/2938/2153
f 5277/2737/2153 5419/2939/2153 5281/2940/2153
f 5159/2745/2154 5403/2941/2154 5160/2743/2154
f 5260/2897/2156 5158/2924/2156 5160/2775/2156
f 5342/2895/2156 5157/2942/2156 5329/2777/2156
f 5263/2908/2156 5272/2943/2156 5244/2936/2156
f 5252/2945/2155 5478/3189/2155 5466/2944/2155
f 5236/2822/2155 5504/2946/2155 5319/2820/2155
f 5273/2892/2153 5487/2947/2153 5274/2948/2153
f 5241/2949/2155 5477/2950/2155 5238/2798/2155
f 5306/2760/2152 5503/2761/2152 5307/2742/2152
f 5242/2769/2155 5476/2738/2155 5243/2739/2155
f 5282/2767/2153 5488/2951/2153 5276/2952/2153
f 5307/2953/2153 5491/2799/2153 5279/2800/2153
f 5249/2737/2155 5476/2738/2155 5471/2954/2155
f 5247/2925/2156 5276/2955/2156 5248/2921/2156
f 5281/2940/2153 5489/2954/2153 5277/2737/2153
f 5251/2800/2155 5502/2956/2155 5306/2953/2155
f 5244/2936/2156 5275/2957/2156 5247/2925/2156
f 5264/2822/2153 5490/2958/2153 5278/2959/2153
f 5169/2892/2155 5461/2960/2155 5228/2890/2155
f 5245/2892/2155 5475/2960/2155 5255/2890/2155
f 5240/2961/2156 5598/2962/2156 5597/2931/2156
f 5278/2959/2153 5498/2963/2153 5311/2964/2153
f 5227/2890/2153 5451/2891/2153 5168/2892/2153
f 5237/2965/2156 5284/2966/2156 5256/2935/2156
f 5293/2910/2156 5268/2967/2156 5240/2961/2156
f 5288/2879/2156 5240/2961/2156 5114/2930/2156
f 5286/2885/2156 5140/2968/2156 5112/2969/2156
f 5292/2884/2156 5134/2970/2156 5140/2968/2156
f 5289/2881/2156 5128/2686/2156 5122/2710/2156
f 5559/2882/2156 5122/2710/2156 5546/2971/2156
f 5290/2880/2156 5114/2930/2156 5128/2686/2156
f 5343/2878/2156 5113/2972/2156 5325/2689/2156
f 5246/2948/2155 5474/2891/2155 5245/2892/2155
f 5297/2973/2156 5252/2974/2156 5204/2911/2156
f 5115/2975/2154 5356/2976/2154 5141/2977/2154
f 5123/2949/2155 5584/2978/2155 5578/2979/2155
f 5298/2980/2156 5206/2875/2156 5205/2867/2156
f 5298/2862/2155 5354/3257/2155 5361/2981/2155
f 5344/2982/2156 5203/2983/2156 5337/2872/2156
f 5299/2984/2156 5204/2911/2156 5206/2875/2156
f 5306/2914/2156 5311/2985/2156 5310/2986/2156
f 5305/2915/2156 5310/2986/2156 5309/2987/2156
f 5345/2861/2156 5308/2988/2156 5346/2989/2156
f 5309/2843/2155 5389/2990/2155 5305/2991/2155
f 5125/2840/2152 5368/2992/2152 5119/2844/2152
f 5137/2849/2152 5374/2993/2152 5103/2994/2152
f 5305/2991/2155 5383/2995/2155 5201/2854/2155
f 5118/2844/2154 5295/2839/2154 5124/2840/2154
f 5124/2840/2154 5202/2996/2154 5102/2838/2154
f 5100/2994/2154 5371/2848/2154 5136/2849/2154
f 5346/2989/2156 5198/2997/2156 5335/2850/2156
f 5309/2987/2156 5250/2998/2156 5199/2916/2156
f 5269/2949/2153 5590/2999/2153 5581/2979/2153
f 5319/2933/2156 5267/3000/2156 5239/3001/2156
f 5312/2678/2156 5239/3001/2156 5108/3002/2156
f 5314/2733/2156 5138/3003/2156 5111/3004/2156
f 5318/2716/2156 5132/3005/2156 5138/3003/2156
f 5315/2707/2156 5126/3006/2156 5120/3007/2156
f 5560/2708/2156 5120/3007/2156 5544/3008/2156
f 5316/2679/2156 5108/3002/2156 5126/3006/2156
f 5347/2676/2156 5110/3009/2156 5324/3010/2156
f 5320/3011/2156 5324/3010/2156 5267/3000/2156
f 5311/2985/2156 5335/2850/2156 5278/3012/2156
f 5307/3013/2156 5346/2989/2156 5311/2985/2156
f 5303/3014/2156 5337/2872/2156 5280/3015/2156
f 5294/3016/2156 5325/2689/2156 5268/2967/2156
f 5285/3017/2156 5329/2777/2156 5272/2943/2156
f 5284/2966/2156 5331/2807/2156 5274/3018/2156
f 5283/3019/2156 5342/2895/2156 5285/3017/2156
f 5279/2742/2154 5435/3020/2154 5336/2740/2154
f 5281/3021/2156 5343/2878/2156 5294/3016/2156
f 5167/2743/2152 5406/2744/2152 5166/2745/2152
f 5279/3022/2156 5345/2861/2156 5307/3013/2156
f 5226/2890/2155 5407/3023/2155 5167/2892/2155
f 5260/2783/2155 5410/2898/2155 5226/2890/2155
f 5276/2955/2156 5339/2828/2156 5282/3024/2156
f 5275/2957/2156 5333/2810/2156 5276/2955/2156
f 5278/2959/2153 5417/3025/2153 5264/2822/2153
f 5335/2740/2152 5416/2741/2152 5278/2742/2152
f 5272/2943/2156 5332/2779/2156 5275/2957/2156
f 5264/2742/2154 5426/3020/2154 5321/2740/2154
f 5334/2737/2155 5437/2939/2155 5433/3026/2155
f 5280/2945/2153 5587/3027/2153 5581/2979/2153
f 5268/2967/2156 5599/2691/2156 5598/2962/2156
f 5321/2822/2155 5434/3028/2155 5335/2959/2155
f 5264/3029/2156 5347/2676/2156 5320/3011/2156
f 5265/3030/2156 5341/2673/2156 5284/2966/2156
f 5561/3031/2156 5601/3032/2156 5605/3033/2156
f 5355/3034/2156 5602/3035/2156 5603/3036/2156
f 5358/3037/2156 5603/3036/2156 5600/3038/2156
f 5348/3039/2156 5586/3040/2156 5583/3041/2156
f 5359/3042/2156 5585/3043/2156 5586/3040/2156
f 5563/3044/2156 5584/3045/2156 5592/3046/2156
f 5360/3047/2156 5359/3042/2156 5348/3039/2156
f 5363/3048/2156 5357/3049/2156 5359/3042/2156
f 5564/3050/2156 5354/3051/2156 5563/3044/2156
f 5134/2720/2152 5355/2976/2152 5140/2977/2152
f 5140/2977/2152 5358/3052/2152 5112/2975/2152
f 5141/2977/2154 5352/3053/2154 5135/2720/2154
f 5372/3054/2156 5386/3055/2156 5387/3056/2156
f 5374/3057/2156 5387/3056/2156 5382/3058/2156
f 5301/3059/2156 5371/3060/2156 5300/3061/2156
f 5375/3062/2156 5365/3063/2156 5371/3060/2156
f 5369/3064/2156 5295/3065/2156 5366/3066/2156
f 5566/3067/2156 5366/3066/2156 5541/3068/2156
f 5370/3069/2156 5202/3070/2156 5295/3065/2156
f 5382/3058/2156 5393/3071/2156 5388/3072/2156
f 5387/3056/2156 5392/3073/2156 5393/3071/2156
f 5384/2702/2156 5391/3074/2156 5390/3075/2156
f 5567/2729/2156 5390/3075/2156 5568/3076/2156
f 5385/2701/2156 5389/3077/2156 5391/3074/2156
f 5391/3074/2156 5377/3078/2156 5379/3079/2156
f 5568/3076/2156 5378/3080/2156 5569/3081/2156
f 5390/3075/2156 5379/3079/2156 5378/3080/2156
f 5393/3071/2156 5380/3082/2156 5381/3083/2156
f 5388/3072/2156 5381/3083/2156 5376/3084/2156
f 5376/3084/2156 5375/3062/2156 5301/3059/2156
f 5381/3083/2156 5373/3085/2156 5375/3062/2156
f 5378/3080/2156 5370/3069/2156 5369/3064/2156
f 5569/3081/2156 5369/3064/2156 5566/3067/2156
f 5379/3079/2156 5208/3086/2156 5370/3069/2156
f 5394/3087/2156 5398/3088/2156 5397/3089/2156
f 5570/3090/2156 5397/3089/2156 5571/3091/2156
f 5406/3092/2156 5410/3093/2156 5409/3094/2156
f 5573/3095/2156 5409/3094/2156 5574/3096/2156
f 5574/3096/2156 5400/3097/2156 5575/3098/2156
f 5409/3094/2156 5402/3099/2156 5400/3097/2156
f 5400/3097/2156 5403/3100/2156 5401/3101/2156
f 5575/3098/2156 5401/3101/2156 5572/3102/2156
f 5412/3103/2156 5429/3104/2156 5413/3105/2156
f 5414/3106/2156 5588/3107/2156 5587/3108/2156
f 5416/3109/2156 5426/3110/2156 5417/3111/2156
f 5418/3112/2156 5437/3113/2156 5419/3114/2156
f 5420/3115/2156 5431/3116/2156 5421/3117/2156
f 5421/3117/2156 5439/3118/2156 5422/3119/2156
f 5423/3120/2156 5433/3121/2156 5418/3112/2156
f 5413/3105/2156 5430/3122/2156 5423/3120/2156
f 5415/3123/2156 5427/3124/2156 5424/3125/2156
f 5424/3125/2156 5435/3126/2156 5425/3127/2156
f 5161/2720/2154 5537/2788/2154 5515/2789/2154
f 5330/2892/2155 5432/3128/2155 5331/2948/2155
f 5152/2745/2154 5398/2941/2154 5153/2743/2154
f 5145/2745/2152 5570/2786/2152 5548/2787/2152
f 5281/2742/2154 5437/3020/2154 5338/2740/2154
f 5340/2890/2155 5431/3023/2155 5330/2892/2155
f 5339/2740/2152 5412/2741/2152 5282/2742/2152
f 5274/2948/2153 5421/3023/2153 5273/2892/2153
f 5283/2742/2154 5439/3020/2154 5340/2740/2154
f 5334/2737/2155 5430/3129/2155 5328/2739/2155
f 5273/2892/2153 5422/2898/2153 5283/2890/2153
f 5328/2739/2155 5429/3130/2155 5327/2769/2155
f 5323/2798/2155 5428/3131/2155 5326/2949/2155
f 5271/2739/2153 5418/3026/2153 5277/2737/2153
f 5327/2769/2155 5438/3132/2155 5339/2767/2155
f 5270/2769/2153 5423/3129/2153 5271/2739/2153
f 5323/2798/2155 5435/3135/2155 5427/3133/2155
f 5269/2949/2153 5424/3133/2153 5266/2798/2153
f 5160/2785/2155 5402/2899/2155 5260/2783/2155
f 5331/2740/2152 5420/2741/2152 5274/2742/2152
f 5326/2949/2155 5588/3027/2155 5582/2979/2155
f 5282/2767/2153 5413/3130/2153 5270/2769/2153
f 5153/2739/2155 5395/3130/2155 5146/2769/2155
f 5261/2783/2153 5405/3134/2153 5161/2785/2153
f 5147/2769/2153 5399/3129/2153 5154/2739/2153
f 5266/2798/2153 5425/3135/2153 5279/2800/2153
f 5443/2893/2156 5444/3136/2156 5445/2735/2156
f 5445/2735/2156 5458/3137/2156 5459/2762/2156
f 5449/2937/2156 5454/3138/2156 5455/2765/2156
f 5453/2797/2156 5460/3139/2156 5461/2781/2156
f 5452/2903/2156 5451/3140/2156 5453/2797/2156
f 5456/2816/2156 5440/3141/2156 5442/2818/2156
f 5442/2818/2156 5441/3142/2156 5443/2893/2156
f 5461/2781/2156 5446/3143/2156 5448/2901/2156
f 5448/2901/2156 5447/3144/2156 5449/2937/2156
f 5462/3145/2156 5487/3146/2156 5463/3147/2156
f 5475/3148/2156 5497/3149/2156 5480/3150/2156
f 5464/3151/2156 5484/3152/2156 5465/3153/2156
f 5472/3154/2156 5501/3155/2156 5500/3156/2156
f 5466/3157/2156 5590/3158/2156 5589/3159/2156
f 5479/3160/2156 5503/3161/2156 5502/3162/2156
f 5469/3163/2156 5481/3164/2156 5470/3165/2156
f 5471/3166/2156 5493/3167/2156 5472/3154/2156
f 5473/3168/2156 5494/3169/2156 5464/3151/2156
f 5463/3147/2156 5486/3170/2156 5474/3171/2156
f 5474/3171/2156 5495/3172/2156 5475/3148/2156
f 5476/3173/2156 5489/3174/2156 5471/3166/2156
f 5465/3153/2156 5485/3175/2156 5476/3173/2156
f 5467/3176/2156 5482/3177/2156 5477/3178/2156
f 5477/3178/2156 5491/3179/2156 5479/3160/2156
f 5470/3165/2156 5505/3180/2156 5504/3181/2156
f 5478/3182/2156 5492/3183/2156 5466/3157/2156
f 5468/3184/2156 5490/3185/2156 5469/3163/2156
f 5189/2720/2154 5456/3186/2154 5190/2977/2154
f 5175/2720/2154 5452/3186/2154 5176/2977/2154
f 5271/2739/2153 5484/2768/2153 5270/2769/2153
f 5266/2798/2153 5483/3187/2153 5269/2949/2153
f 5276/2742/2154 5473/3188/2154 5248/2760/2154
f 5280/2945/2153 5499/3189/2153 5303/2862/2153
f 5279/2800/2153 5482/2950/2153 5266/2798/2153
f 5221/2767/2153 5457/2951/2153 5189/2952/2153
f 5190/2952/2155 5442/2900/2155 5222/2767/2155
f 5261/2783/2153 5460/2960/2153 5227/2890/2153
f 5303/2742/2154 5478/3188/2154 5302/2760/2154
f 5228/2890/2155 5448/2938/2155 5262/2783/2155
f 5256/3190/2155 5463/2947/2155 5246/2948/2155
f 5255/2890/2155 5480/2938/2155 5263/2783/2155
f 5254/2767/2155 5465/2768/2155 5242/2769/2155
f 5284/2742/2154 5462/3188/2154 5256/2760/2154
f 5196/2737/2153 5444/2738/2153 5154/2739/2153
f 5182/3191/2153 5447/2784/2153 5161/2785/2153
f 5168/2892/2153 5450/2947/2153 5175/2948/2153
f 5154/2739/2153 5441/2768/2153 5147/2769/2153
f 5263/2760/2152 5497/2761/2152 5285/2742/2152
f 5155/2739/2155 5459/2954/2155 5197/2737/2155
f 5162/2785/2155 5455/3192/2155 5183/3191/2155
f 5580/2979/2155 5466/2944/2155 5589/2999/2155
f 5176/2948/2155 5453/2891/2155 5169/2892/2155
f 5148/2769/2155 5445/2738/2155 5155/2739/2155
f 5310/2964/2155 5469/2958/2155 5250/2959/2155
f 5274/2948/2153 5496/3193/2153 5284/3190/2153
f 5197/2977/2152 5458/3194/2152 5196/2720/2152
f 5250/2959/2155 5470/2821/2155 5236/2822/2155
f 5293/3196/2155 5472/3197/2155 5500/3195/2155
f 5285/2783/2153 5495/2960/2153 5283/2890/2153
f 5253/2940/2155 5471/2954/2155 5472/3197/2155
f 5294/3196/2153 5493/3197/2153 5281/2940/2153
f 5270/2769/2153 5494/2900/2153 5282/2767/2153
f 5311/2742/2154 5468/3188/2154 5310/2760/2154
f 5248/2952/2155 5464/2900/2155 5254/2767/2155
f 5293/2760/2152 5501/2761/2152 5294/2742/2152
f 5183/2977/2152 5454/3194/2152 5182/2720/2152
f 5147/2720/2152 5535/2788/2152 5396/3198/2152
f 5515/2789/2154 5572/2786/2154 5550/2787/2154
f 5404/3199/2156 5537/3200/2156 5405/3201/2156
f 5411/3202/2156 5540/3203/2156 5404/3199/2156
f 5408/3204/2156 5539/3205/2156 5411/3202/2156
f 5396/3206/2156 5536/3207/2156 5399/3208/2156
f 5380/3082/2156 5531/3209/2156 5373/3085/2156
f 5392/3073/2156 5534/3210/2156 5380/3082/2156
f 5386/3055/2156 5533/3211/2156 5392/3073/2156
f 5373/3085/2156 5506/3212/2156 5365/3063/2156
f 5362/3213/2156 5528/3214/2156 5357/3049/2156
f 5357/3049/2156 5591/3215/2156 5585/3043/2156
f 5350/3216/2156 5604/3217/2156 5602/3035/2156
f 5317/2715/2156 5509/3218/2156 5132/3005/2156
f 5291/2883/2156 5511/3219/2156 5134/2970/2156
f 5234/2718/2156 5517/3220/2156 5175/2904/2156
f 5221/3141/2156 5513/3221/2156 5147/3142/2156
f 5214/2831/2156 5524/3222/2156 5291/2883/2156
f 5511/2722/2152 5350/3053/2152 5134/2720/2152
f 5507/2858/2154 5541/2845/2154 5542/2846/2154
f 5508/2858/2152 5367/2859/2152 5131/2847/2152
f 5196/3137/2156 5521/3223/2156 5214/2831/2156
f 5189/2815/2156 5522/3224/2156 5221/3141/2156
f 5182/3138/2156 5519/3225/2156 5189/2815/2156
f 5175/2904/2156 5516/3226/2156 5168/3140/2156
f 5514/2789/2154 5571/2786/2154 5549/2787/2154
f 5516/2789/2152 5408/3198/2152 5168/2720/2152
f 5161/3144/2156 5518/3227/2156 5182/3138/2156
f 5154/3136/2156 5520/3228/2156 5196/3137/2156
f 5367/3229/2156 5532/3230/2156 5386/3055/2156
f 5512/2722/2154 5562/2866/2154 5547/2787/2154
f 5130/3231/2156 5525/3232/2156 5317/2715/2156
f 5133/3233/2156 5523/3234/2156 5234/2718/2156
f 5135/3235/2156 5508/3236/2156 5131/2724/2156
f 5547/2787/2154 5353/3237/2154 5123/2865/2154
f 5549/2787/2154 5397/2744/2154 5152/2745/2154
f 5542/2846/2154 5366/2992/2154 5118/2844/2154
f 5550/2787/2154 5401/2744/2154 5159/2745/2154
f 5548/2787/2152 5535/2788/2152 5513/2789/2152
f 5540/3203/2156 5572/3102/2156 5537/3200/2156
f 5539/3205/2156 5575/3098/2156 5540/3203/2156
f 5538/3238/2156 5574/3096/2156 5539/3205/2156
f 5535/3239/2156 5571/3091/2156 5536/3207/2156
f 5534/3210/2156 5566/3067/2156 5531/3209/2156
f 5533/3211/2156 5569/3081/2156 5534/3210/2156
f 5532/3230/2156 5568/3076/2156 5533/3211/2156
f 5531/3209/2156 5541/3068/2156 5506/3212/2156
f 5529/3240/2155 5616/3217/2155 5614/3240/2155
f 5563/3044/2153 5617/3050/2153 5564/3050/2153
f 5526/3241/2156 5605/3033/2156 5604/3217/2156
f 5525/3232/2156 5544/3008/2156 5509/3218/2156
f 5524/3222/2156 5546/2971/2156 5511/3219/2156
f 5523/3234/2156 5552/2803/2156 5517/3220/2156
f 5522/3224/2156 5548/2889/2156 5513/3221/2156
f 5521/3223/2156 5559/2882/2156 5524/3222/2156
f 5546/2787/2152 5526/2721/2152 5511/2722/2152
f 5543/2846/2152 5530/2857/2152 5508/2858/2152
f 5520/3228/2156 5556/2834/2156 5521/3223/2156
f 5519/3225/2156 5557/2825/2156 5522/3224/2156
f 5518/3227/2156 5554/2814/2156 5519/3225/2156
f 5517/3220/2156 5551/2804/2156 5516/3226/2156
f 5551/2787/2152 5538/2788/2152 5516/2789/2152
f 5515/3242/2156 5553/2774/2156 5518/3227/2156
f 5514/3243/2156 5555/2758/2156 5520/3228/2156
f 5530/3244/2156 5567/2729/2156 5532/3230/2156
f 5507/3245/2156 5560/2708/2156 5525/3232/2156
f 5510/3246/2156 5558/2705/2156 5523/3234/2156
f 5512/3247/2156 5543/2699/2156 5508/3236/2156
f 5591/3215/2156 5562/3248/2156 5527/3249/2156
f 5585/3043/2156 5527/3249/2156 5352/3250/2156
f 5580/2979/2155 5467/3187/2155 5241/2949/2155
f 5589/3159/2156 5483/3251/2156 5467/3176/2156
f 5582/2979/2155 5436/3252/2155 5337/2945/2155
f 5587/3108/2156 5428/3253/2156 5415/3123/2156
f 5592/3046/2156 5353/3254/2156 5562/3248/2156
f 5586/3040/2156 5352/3250/2156 5356/3255/2156
f 5583/3041/2156 5356/3255/2156 5349/3256/2156
f 5269/2949/2153 5587/3027/2153 5415/3131/2153
f 5581/2979/2153 5492/2944/2153 5280/2945/2153
f 5578/2979/2155 5354/3257/2155 5205/2945/2155
f 5577/2876/2156 5241/3258/2156 5117/2928/2156
f 5579/2868/2156 5117/2928/2156 5129/2694/2156
f 5582/2874/2156 5116/3259/2156 5326/2692/2156
f 5578/2869/2156 5129/2694/2156 5123/2709/2156
f 5564/3050/2153 5619/3033/2153 5605/3033/2153
f 5602/3035/2156 5529/3240/2156 5362/3213/2156
f 5600/3038/2156 5363/3048/2156 5360/3047/2156
f 5603/3036/2156 5362/3213/2156 5363/3048/2156
f 5605/3033/2156 5361/3260/2156 5564/3050/2156
f 5598/2962/2156 5344/2982/2156 5303/3014/2156
f 5597/2931/2156 5303/3014/2156 5302/3261/2156
f 5594/2687/2156 5302/3261/2156 5297/2973/2156
f 5122/3263/2155 5601/2863/2155 5351/3262/2155
f 5595/2711/2156 5299/2984/2156 5298/2980/2156
f 5599/2691/2156 5296/3264/2156 5344/2982/2156
f 5596/2688/2156 5297/2973/2156 5299/2984/2156
f 5610/3266/2155 5623/3265/2155 5625/3266/2155
f 5607/3267/2153 5628/3268/2153 5612/3268/2153
f 5612/3268/2154 5629/3269/2154 5613/3269/2154
f 5591/3215/2152 5621/3046/2152 5592/3046/2152
f 5528/3214/2155 5614/3240/2155 5615/3214/2155
f 5528/3214/2155 5620/3215/2155 5591/3215/2155
f 5605/3033/2154 5616/3217/2154 5604/3217/2154
f 5592/3046/2153 5609/3044/2153 5563/3044/2153
f 5607/3267/2156 5614/3270/2156 5606/3271/2156
f 5608/3272/2156 5614/3270/2156 5616/3273/2156
f 5610/3266/2156 5609/3274/2156 5618/3265/2156
f 5611/3275/2156 5617/3276/2156 5610/3266/2156
f 5612/3268/2156 5615/3277/2156 5607/3267/2156
f 5613/3269/2156 5609/3274/2156 5621/3278/2156
f 5612/3268/2156 5621/3278/2156 5620/3279/2156
f 5608/3272/2156 5619/3280/2156 5611/3275/2156
f 5624/3271/2156 5623/3265/2156 5622/3267/2156
f 5622/3267/2156 5629/3269/2156 5628/3268/2156
f 5626/3272/2156 5625/3266/2156 5624/3271/2156
f 5606/3271/2153 5622/3267/2153 5607/3267/2153
f 5611/3275/2152 5626/3272/2152 5608/3272/2152
f 5613/3269/2155 5623/3265/2155 5618/3265/2155
f 5610/3266/2155 5627/3275/2155 5611/3275/2155
f 5608/3272/2153 5624/3271/2153 5606/3271/2153
f 5852/2671/2152 5760/2672/2152 5871/2673/2152
f 5851/2674/2152 5843/2675/2152 5877/2676/2152
f 5654/2677/2152 5842/2678/2152 5846/2679/2152
f 5853/2680/2152 5730/2681/2152 5866/2682/2152
f 5763/2685/2152 5639/2934/2152 5761/2684/2152
f 5658/2686/2152 6124/2687/2152 6126/2688/2152
f 5855/2689/2152 6123/2690/2152 6129/2691/2152
f 5856/2692/2152 5635/2693/2152 5853/2680/2152
f 5659/2694/2152 5636/2695/2152 5655/2696/2152
f 6077/2697/2152 5649/2698/2152 6073/2699/2152
f 5914/2702/2152 5737/2870/2152 5915/2701/2152
f 6088/2705/2152 5651/2712/2152 5762/2704/2152
f 6072/2706/2152 5845/2707/2152 6090/2708/2152
f 5653/2709/2152 5655/2696/2152 5649/2698/2152
f 5652/2710/2152 6126/2688/2152 6125/2711/2152
f 5651/2712/2152 5763/2685/2152 5762/2704/2152
f 5648/2713/2152 5846/2679/2152 5845/2707/2152
f 5666/2714/2152 5847/2715/2152 5848/2716/2152
f 5669/2717/2152 5764/2718/2152 5765/2719/2152
f 5665/2720/2156 6057/2721/2156 6042/2722/2156
f 5671/2723/2152 5661/2724/2152 5667/2725/2152
f 5645/2726/2152 5667/2725/2152 5633/2727/2152
f 6097/2729/2152 5898/2700/2152 5914/2702/2152
f 5637/2730/2152 5765/2719/2152 5759/2731/2152
f 5630/2732/2152 5848/2716/2152 5844/2733/2152
f 5672/2734/2152 5685/2735/2152 5679/2736/2152
f 5807/2737/2153 6015/2738/2153 5801/2739/2153
f 5867/2740/2151 5944/2741/2151 5810/2742/2151
f 5676/2743/2151 5924/2744/2151 5675/2745/2151
f 5683/2748/2152 5674/2887/2152 5681/2747/2152
f 5857/2749/2152 5680/2750/2152 5858/2751/2152
f 5858/2751/2152 5722/2752/2152 5864/2753/2152
f 5683/2748/2152 5723/2754/2152 5725/2755/2152
f 6079/2756/2152 5724/2757/2152 6085/2758/2152
f 5682/2759/2152 5725/2755/2152 5724/2757/2152
f 5849/2760/2151 6035/2761/2151 5850/2742/2151
f 5679/2736/2152 5727/2762/2152 5721/2763/2152
f 5686/2764/2152 5713/2765/2152 5707/2766/2152
f 5752/2767/2155 5973/2768/2155 5678/2769/2155
f 5689/2770/2152 5711/2771/2152 5710/2772/2152
f 6080/2773/2152 5710/2772/2152 6083/2774/2152
f 5690/2775/2152 5709/2776/2152 5711/2771/2152
f 5859/2777/2152 5708/2778/2152 5862/2779/2152
f 5693/2780/2152 5758/2781/2152 5753/2782/2152
f 5792/2783/2155 5979/2784/2155 5692/2785/2155
f 5696/2745/2151 6103/2786/2151 6081/2787/2151
f 5684/2720/2156 6066/2788/2156 6044/2789/2156
f 5697/2790/2152 5755/2791/2152 5756/2792/2152
f 5870/2795/2152 5694/2808/2152 5754/2794/2152
f 5693/2780/2152 5706/2903/2152 5699/2797/2152
f 5768/2798/2155 6009/2799/2155 5781/2800/2155
f 5703/2801/2152 5697/2790/2152 5696/2802/2152
f 6082/2803/2152 5696/2802/2152 6081/2804/2152
f 5704/2805/2152 5695/2806/2152 5697/2790/2152
f 5861/2807/2152 5694/2808/2152 5860/2793/2152
f 5862/2779/2152 5715/2809/2152 5863/2810/2152
f 5711/2771/2152 5716/2811/2152 5718/2812/2152
f 6083/2774/2152 5717/2813/2152 6084/2814/2152
f 5710/2772/2152 5718/2812/2152 5717/2813/2152
f 5713/2765/2152 5719/2815/2152 5720/2816/2152
f 5707/2766/2152 5720/2816/2152 5714/2817/2152
f 5746/2819/2152 5720/2816/2152 5752/2818/2152
f 5850/2820/2153 6011/2821/2153 5794/2822/2153
f 5717/2813/2152 5750/2823/2152 5749/2824/2152
f 6084/2814/2152 5749/2824/2152 6087/2825/2152
f 5718/2812/2152 5748/2826/2152 5750/2823/2152
f 5863/2810/2152 5747/2827/2152 5869/2828/2152
f 5721/2763/2152 5745/2829/2152 5739/2830/2152
f 5727/2762/2152 5744/2831/2152 5745/2829/2152
f 5724/2757/2152 5743/2832/2152 5742/2833/2152
f 6085/2758/2152 5742/2833/2152 6086/2834/2152
f 5725/2755/2152 5741/2835/2152 5743/2832/2152
f 5864/2753/2152 5740/2836/2152 5868/2837/2152
f 5636/2838/2151 5737/2839/2151 5655/2840/2151
f 5729/2841/2155 5907/2842/2155 5839/2843/2155
f 5649/2844/2151 6095/2845/2151 6073/2846/2151
f 5661/2847/2151 5902/2848/2151 5667/2849/2151
f 5851/2674/2152 5728/2997/2152 5631/2851/2152
f 5632/2852/2155 5738/2853/2155 5729/2841/2155
f 5731/2854/2155 5894/2855/2155 5636/2856/2155
f 5660/2847/2156 6036/2857/2156 6037/2858/2156
f 5666/2849/2156 5895/2859/2156 5660/2847/2156
f 5866/2682/2152 5834/2860/2152 5875/2861/2152
f 5828/2862/2155 6131/2863/2155 6125/2864/2155
f 5652/2865/2151 6091/2866/2151 6076/2787/2151
f 5735/2867/2152 6109/2868/2152 6108/2869/2152
f 5915/2701/2152 5894/3282/2152 5913/2871/2152
f 5867/2872/2152 6106/2873/2152 6112/2874/2152
f 5736/2875/2152 6107/2876/2152 6109/2868/2152
f 5868/2837/2152 5817/2877/2152 5873/2878/2152
f 5743/2832/2152 5818/2879/2152 5820/2880/2152
f 6086/2834/2152 5819/2881/2152 6089/2882/2152
f 5742/2833/2152 5820/2880/2152 5819/2881/2152
f 5745/2829/2152 5821/2883/2152 5822/2884/2152
f 5739/2830/2152 5822/2884/2152 5816/2885/2152
f 5869/2828/2152 5673/2886/2152 5857/2749/2152
f 5750/2823/2152 5674/2887/2152 5676/2746/2152
f 6087/2825/2152 5675/2888/2152 6078/2889/2152
f 5749/2824/2152 5676/2746/2152 5675/2888/2152
f 5813/2890/2153 6016/2891/2153 5803/2892/2153
f 5746/2819/2152 5678/2893/2152 5672/2734/2152
f 5870/2795/2152 5788/2894/2152 5872/2895/2152
f 5756/2792/2152 5789/2896/2152 5790/2897/2152
f 5698/2892/2153 5941/2898/2153 5757/2890/2153
f 5757/2890/2153 5934/2899/2153 5791/2783/2153
f 5677/2769/2153 5970/2900/2153 5751/2767/2153
f 5787/2902/2152 5758/2781/2152 5792/2901/2152
f 5759/2731/2152 5706/2903/2152 5700/2796/2152
f 5765/2719/2152 5705/2904/2152 5706/2903/2152
f 5762/2704/2152 5704/2805/2152 5703/2801/2152
f 6088/2705/2152 5703/2801/2152 6082/2803/2152
f 5763/2685/2152 5702/2905/2152 5704/2805/2152
f 5871/2673/2152 5701/2906/2152 5861/2807/2152
f 5761/2684/2152 5776/2907/2152 5702/2905/2152
f 5755/2791/2152 5793/2908/2152 5789/2896/2152
f 5748/2826/2152 5772/2909/2152 5674/2887/2152
f 5741/2835/2152 5823/2910/2152 5818/2879/2152
f 5734/2911/2152 6110/2912/2152 6107/2876/2152
f 5731/2913/2152 5836/2914/2152 5835/2915/2152
f 5729/2916/2152 5766/2917/2152 5632/2918/2152
f 5723/2754/2152 5783/2919/2152 5741/2835/2152
f 5716/2811/2152 5784/2920/2152 5748/2826/2152
f 5709/2776/2152 5778/2921/2152 5716/2811/2152
f 5702/2905/2152 5775/2922/2152 5695/2806/2152
f 5695/2806/2152 5785/2923/2152 5755/2791/2152
f 5688/2924/2152 5777/2925/2152 5709/2776/2152
f 5681/2747/2152 5779/2926/2152 5723/2754/2152
f 5674/2887/2152 5773/2927/2152 5681/2747/2152
f 5647/2928/2152 5768/2929/2152 5636/2695/2152
f 5644/2930/2152 6127/2931/2152 6124/2687/2152
f 5731/2913/2152 5768/2929/2152 5781/2932/2152
f 5632/2918/2152 5849/2933/2152 5842/2678/2152
f 5639/2934/2152 5786/2935/2152 5761/2684/2152
f 5789/2896/2152 5774/2936/2152 5688/2924/2152
f 5686/2764/2152 5792/2901/2152 5692/2937/2152
f 5691/2785/2153 5976/2938/2153 5791/2783/2153
f 5807/2737/2153 5949/2939/2153 5811/2940/2153
f 5689/2745/2156 5933/2941/2156 5690/2743/2156
f 5790/2897/2152 5688/2924/2152 5690/2775/2152
f 5872/2895/2152 5687/2942/2152 5859/2777/2152
f 5793/2908/2152 5802/2943/2152 5774/2936/2152
f 5832/2862/2155 5996/2944/2155 5782/2945/2155
f 5766/2822/2155 6034/2946/2155 5849/2820/2155
f 5803/2892/2153 6017/2947/2153 5804/2948/2153
f 5771/2949/2155 6007/2950/2155 5768/2798/2155
f 5836/2760/2151 6033/2761/2151 5837/2742/2151
f 5772/2769/2155 6006/2738/2155 5773/2739/2155
f 5812/2767/2153 6018/2951/2153 5806/2952/2153
f 5837/2953/2153 6021/2799/2153 5809/2800/2153
f 5773/2739/2155 6001/2954/2155 5779/2737/2155
f 5777/2925/2152 5806/2955/2152 5778/2921/2152
f 5811/2940/2153 6019/2954/2153 5807/2737/2153
f 5781/2800/2155 6032/2956/2155 5836/2953/2155
f 5774/2936/2152 5805/2957/2152 5777/2925/2152
f 5794/2822/2153 6020/2958/2153 5808/2959/2153
f 5699/2892/2155 5991/2960/2155 5758/2890/2155
f 5775/2892/2155 6005/2960/2155 5785/2890/2155
f 5770/2961/2152 6128/2962/2152 6127/2931/2152
f 5808/2959/2153 6028/2963/2153 5841/2964/2153
f 5757/2890/2153 5981/2891/2153 5698/2892/2153
f 5767/2965/2152 5814/2966/2152 5786/2935/2152
f 5823/2910/2152 5798/2967/2152 5770/2961/2152
f 5818/2879/2152 5770/2961/2152 5644/2930/2152
f 5816/2885/2152 5670/2968/2152 5642/2969/2152
f 5822/2884/2152 5664/2970/2152 5670/2968/2152
f 5819/2881/2152 5658/2686/2152 5652/2710/2152
f 6089/2882/2152 5652/2710/2152 6076/2971/2152
f 5820/2880/2152 5644/2930/2152 5658/2686/2152
f 5873/2878/2152 5643/2972/2152 5855/2689/2152
f 5776/2948/2155 6004/2891/2155 5775/2892/2155
f 5827/2973/2152 5782/2974/2152 5734/2911/2152
f 5645/2975/2156 5886/2976/2156 5671/2977/2156
f 5653/2949/2155 6114/2978/2155 6108/2979/2155
f 5828/2980/2152 5736/2875/2152 5735/2867/2152
f 5735/2945/2155 5891/2981/2155 5828/2862/2155
f 5874/2982/2152 5733/2983/2152 5867/2872/2152
f 5829/2984/2152 5734/2911/2152 5736/2875/2152
f 5836/2914/2152 5841/2985/2152 5840/2986/2152
f 5835/2915/2152 5840/2986/2152 5839/2987/2152
f 5875/2861/2152 5838/2988/2152 5876/2989/2152
f 5839/2843/2155 5919/2990/2155 5835/2991/2155
f 5655/2840/2151 5898/2992/2151 5649/2844/2151
f 5667/2849/2151 5904/2993/2151 5633/2994/2151
f 5835/2991/2155 5913/2995/2155 5731/2854/2155
f 5648/2844/2156 5825/2839/2156 5654/2840/2156
f 5654/2840/2156 5732/2996/2156 5632/2838/2156
f 5630/2994/2156 5901/2848/2156 5666/2849/2156
f 5876/2989/2152 5728/2997/2152 5865/2850/2152
f 5839/2987/2152 5780/2998/2152 5729/2916/2152
f 5799/2949/2153 6120/2999/2153 6111/2979/2153
f 5849/2933/2152 5797/3000/2152 5769/3001/2152
f 5842/2678/2152 5769/3001/2152 5638/3002/2152
f 5844/2733/2152 5668/3003/2152 5641/3004/2152
f 5848/2716/2152 5662/3005/2152 5668/3003/2152
f 5845/2707/2152 5656/3006/2152 5650/3007/2152
f 6090/2708/2152 5650/3007/2152 6074/3008/2152
f 5656/3006/2152 5842/2678/2152 5638/3002/2152
f 5877/2676/2152 5640/3009/2152 5854/3010/2152
f 5850/3011/2152 5854/3010/2152 5797/3000/2152
f 5841/2985/2152 5865/2850/2152 5808/3012/2152
f 5837/3013/2152 5876/2989/2152 5841/2985/2152
f 5833/3014/2152 5867/2872/2152 5810/3015/2152
f 5824/3016/2152 5855/2689/2152 5798/2967/2152
f 5815/3017/2152 5859/2777/2152 5802/2943/2152
f 5814/2966/2152 5861/2807/2152 5804/3018/2152
f 5813/3019/2152 5872/2895/2152 5815/3017/2152
f 5809/2742/2156 5965/3020/2156 5866/2740/2156
f 5811/3021/2152 5873/2878/2152 5824/3016/2152
f 5697/2743/2151 5936/2744/2151 5696/2745/2151
f 5809/3022/2152 5875/2861/2152 5837/3013/2152
f 5756/2890/2155 5937/3023/2155 5697/2892/2155
f 5790/2783/2155 5940/2898/2155 5756/2890/2155
f 5806/2955/2152 5869/2828/2152 5812/3024/2152
f 5805/2957/2152 5863/2810/2152 5806/2955/2152
f 5808/2959/2153 5947/3025/2153 5794/2822/2153
f 5865/2740/2151 5946/2741/2151 5808/2742/2151
f 5802/2943/2152 5862/2779/2152 5805/2957/2152
f 5794/2742/2156 5956/3020/2156 5851/2740/2156
f 5868/2940/2155 5963/3026/2155 5864/2737/2155
f 5810/2945/2153 6117/3027/2153 6111/2979/2153
f 5798/2967/2152 6129/2691/2152 6128/2962/2152
f 5851/2822/2155 5964/3028/2155 5865/2959/2155
f 5794/3029/2152 5877/2676/2152 5850/3011/2152
f 5795/3030/2152 5871/2673/2152 5814/2966/2152
f 6091/3031/2152 6131/3032/2152 6135/3033/2152
f 5885/3034/2152 6132/3035/2152 6133/3036/2152
f 5888/3037/2152 6133/3036/2152 6130/3038/2152
f 5878/3039/2152 6116/3040/2152 6113/3041/2152
f 5889/3042/2152 6115/3043/2152 6116/3040/2152
f 6093/3044/2152 6114/3045/2152 6122/3046/2152
f 5890/3047/2152 5889/3042/2152 5878/3039/2152
f 5893/3048/2152 5887/3049/2152 5889/3042/2152
f 6094/3050/2152 5884/3051/2152 6093/3044/2152
f 5664/2720/2151 5885/2976/2151 5670/2977/2151
f 5670/2977/2151 5888/3052/2151 5642/2975/2151
f 5671/2977/2156 5882/3053/2156 5665/2720/2156
f 5902/3054/2152 5916/3055/2152 5917/3056/2152
f 5904/3057/2152 5917/3056/2152 5912/3058/2152
f 5831/3059/2152 5901/3060/2152 5830/3061/2152
f 5905/3062/2152 5895/3063/2152 5901/3060/2152
f 5899/3064/2152 5825/3065/2152 5896/3066/2152
f 6071/3068/2152 5899/3064/2152 5896/3066/2152
f 5900/3069/2152 5732/3070/2152 5825/3065/2152
f 5912/3058/2152 5923/3071/2152 5918/3072/2152
f 5917/3056/2152 5922/3073/2152 5923/3071/2152
f 5914/2702/2152 5921/3074/2152 5920/3075/2152
f 6097/2729/2152 5920/3075/2152 6098/3076/2152
f 5915/2701/2152 5919/3077/2152 5921/3074/2152
f 5921/3074/2152 5907/3078/2152 5909/3079/2152
f 6099/3081/2152 5920/3075/2152 5908/3080/2152
f 5920/3075/2152 5909/3079/2152 5908/3080/2152
f 5911/3083/2152 5922/3073/2152 5910/3082/2152
f 5906/3084/2152 5923/3071/2152 5911/3083/2152
f 5831/3059/2152 5911/3083/2152 5905/3062/2152
f 5905/3062/2152 5910/3082/2152 5903/3085/2152
f 5908/3080/2152 5900/3069/2152 5899/3064/2152
f 6099/3081/2152 5899/3064/2152 6096/3067/2152
f 5909/3079/2152 5738/3086/2152 5900/3069/2152
f 5924/3087/2152 5928/3088/2152 5927/3089/2152
f 6100/3090/2152 5927/3089/2152 6101/3091/2152
f 5936/3092/2152 5940/3093/2152 5939/3094/2152
f 6103/3095/2152 5939/3094/2152 6104/3096/2152
f 6104/3096/2152 5930/3097/2152 6105/3098/2152
f 5939/3094/2152 5932/3099/2152 5930/3097/2152
f 5930/3097/2152 5933/3100/2152 5931/3101/2152
f 6102/3102/2152 5930/3097/2152 5931/3101/2152
f 5943/3105/2152 5968/3283/2152 5959/3104/2152
f 5944/3106/2152 6118/3107/2152 6117/3108/2152
f 5947/3111/2152 5964/3284/2152 5956/3110/2152
f 5948/3112/2152 5967/3113/2152 5949/3114/2152
f 5950/3115/2152 5961/3116/2152 5951/3117/2152
f 5951/3117/2152 5969/3118/2152 5952/3119/2152
f 5953/3120/2152 5963/3121/2152 5948/3112/2152
f 5943/3105/2152 5960/3122/2152 5953/3120/2152
f 5945/3123/2152 5957/3124/2152 5954/3125/2152
f 5954/3125/2152 5965/3126/2152 5955/3127/2152
f 5691/2720/2156 6067/2788/2156 6045/2789/2156
f 5860/2892/2155 5962/3128/2155 5861/2948/2155
f 5682/2745/2156 5928/2941/2156 5683/2743/2156
f 5675/2745/2151 6100/2786/2151 6078/2787/2151
f 5811/2742/2156 5967/3020/2156 5868/2740/2156
f 5870/2890/2155 5961/3023/2155 5860/2892/2155
f 5869/2740/2151 5942/2741/2151 5812/2742/2151
f 5804/2948/2153 5951/3023/2153 5803/2892/2153
f 5813/2742/2156 5969/3020/2156 5870/2740/2156
f 5864/2737/2155 5960/3129/2155 5858/2739/2155
f 5803/2892/2153 5952/2898/2153 5813/2890/2153
f 5858/2739/2155 5959/3130/2155 5857/2769/2155
f 5853/2798/2155 5958/3131/2155 5856/2949/2155
f 5801/2739/2153 5948/3026/2153 5807/2737/2153
f 5857/2769/2155 5968/3132/2155 5869/2767/2155
f 5800/2769/2153 5953/3129/2153 5801/2739/2153
f 5866/2800/2155 5957/3133/2155 5853/2798/2155
f 5799/2949/2153 5954/3133/2153 5796/2798/2153
f 5690/2785/2155 5932/2899/2155 5790/2783/2155
f 5861/2740/2151 5950/2741/2151 5804/2742/2151
f 5856/2949/2155 6118/3027/2155 6112/2979/2155
f 5812/2767/2153 5943/3130/2153 5800/2769/2153
f 5683/2739/2155 5925/3130/2155 5676/2769/2155
f 5791/2783/2153 5935/3134/2153 5691/2785/2153
f 5677/2769/2153 5929/3129/2153 5684/2739/2153
f 5796/2798/2153 5955/3135/2153 5809/2800/2153
f 5973/2893/2152 5974/3136/2152 5975/2735/2152
f 5989/2762/2152 5974/3136/2152 5988/3137/2152
f 5979/2937/2152 5984/3138/2152 5985/2765/2152
f 5983/2797/2152 5990/3139/2152 5991/2781/2152
f 5983/2797/2152 5980/2904/2152 5981/3140/2152
f 5972/2818/2152 5987/2815/2152 5970/3141/2152
f 5972/2818/2152 5971/3142/2152 5973/2893/2152
f 5978/2901/2152 5990/3139/2152 5976/3143/2152
f 5978/2901/2152 5977/3144/2152 5979/2937/2152
f 5992/3145/2152 6017/3146/2152 5993/3147/2152
f 6005/3148/2152 6027/3149/2152 6010/3150/2152
f 5994/3151/2152 6014/3152/2152 5995/3153/2152
f 6002/3154/2152 6031/3155/2152 6030/3156/2152
f 5996/3157/2152 6120/3158/2152 6119/3159/2152
f 6009/3160/2152 6033/3161/2152 6032/3162/2152
f 6000/3165/2152 6020/3185/2152 6011/3164/2152
f 6001/3166/2152 6023/3167/2152 6002/3154/2152
f 6003/3168/2152 6024/3169/2152 5994/3151/2152
f 5993/3147/2152 6016/3170/2152 6004/3171/2152
f 6004/3171/2152 6025/3172/2152 6005/3148/2152
f 6006/3173/2152 6019/3174/2152 6001/3166/2152
f 5995/3153/2152 6015/3175/2152 6006/3173/2152
f 5997/3176/2152 6012/3177/2152 6007/3178/2152
f 6007/3178/2152 6021/3179/2152 6009/3160/2152
f 6000/3165/2152 6035/3180/2152 6034/3181/2152
f 6008/3182/2152 6022/3183/2152 5996/3157/2152
f 5998/3184/2152 6020/3185/2152 5999/3163/2152
f 5719/2720/2156 5986/3186/2156 5720/2977/2156
f 5705/2720/2156 5982/3186/2156 5706/2977/2156
f 5801/2739/2153 6014/2768/2153 5800/2769/2153
f 5796/2798/2153 6013/3187/2153 5799/2949/2153
f 5806/2742/2156 6003/3188/2156 5778/2760/2156
f 5810/2945/2153 6029/3189/2153 5833/2862/2153
f 5809/2800/2153 6012/2950/2153 5796/2798/2153
f 5751/2767/2153 5987/2951/2153 5719/2952/2153
f 5720/2952/2155 5972/2900/2155 5752/2767/2155
f 5791/2783/2153 5990/2960/2153 5757/2890/2153
f 5833/2742/2156 6008/3188/2156 5832/2760/2156
f 5758/2890/2155 5978/2938/2155 5792/2783/2155
f 5786/3190/2155 5993/2947/2155 5776/2948/2155
f 5785/2890/2155 6010/2938/2155 5793/2783/2155
f 5784/2767/2155 5995/2768/2155 5772/2769/2155
f 5814/2742/2156 5992/3188/2156 5786/2760/2156
f 5726/2737/2153 5974/2738/2153 5684/2739/2153
f 5712/3191/2153 5977/2784/2153 5691/2785/2153
f 5698/2892/2153 5980/2947/2153 5705/2948/2153
f 5684/2739/2153 5971/2768/2153 5677/2769/2153
f 5793/2760/2151 6027/2761/2151 5815/2742/2151
f 5685/2739/2155 5989/2954/2155 5727/2737/2155
f 5692/2785/2155 5985/3192/2155 5713/3191/2155
f 5782/2945/2155 6119/2999/2155 6110/2979/2155
f 5706/2948/2155 5983/2891/2155 5699/2892/2155
f 5678/2769/2155 5975/2738/2155 5685/2739/2155
f 5840/2964/2155 5999/2958/2155 5780/2959/2155
f 5804/2948/2153 6026/3193/2153 5814/3190/2153
f 5727/2977/2151 5988/3194/2151 5726/2720/2151
f 5780/2959/2155 6000/2821/2155 5766/2822/2155
f 5783/2940/2155 6030/3195/2155 5823/3196/2155
f 5815/2783/2153 6025/2960/2153 5813/2890/2153
f 5779/2737/2155 6002/3197/2155 5783/2940/2155
f 5824/3196/2153 6023/3197/2153 5811/2940/2153
f 5800/2769/2153 6024/2900/2153 5812/2767/2153
f 5841/2742/2156 5998/3188/2156 5840/2760/2156
f 5778/2952/2155 5994/2900/2155 5784/2767/2155
f 5823/2760/2151 6031/2761/2151 5824/2742/2151
f 5713/2977/2151 5984/3194/2151 5712/2720/2151
f 5677/2720/2151 6065/2788/2151 5926/3198/2151
f 6045/2789/2156 6102/2786/2156 6080/2787/2156
f 5934/3199/2152 6067/3200/2152 5935/3201/2152
f 5941/3202/2152 6070/3203/2152 5934/3199/2152
f 5938/3204/2152 6069/3205/2152 5941/3202/2152
f 5926/3206/2152 6066/3207/2152 5929/3208/2152
f 5910/3082/2152 6061/3209/2152 5903/3085/2152
f 5910/3082/2152 6063/3211/2152 6064/3210/2152
f 5916/3055/2152 6063/3211/2152 5922/3073/2152
f 5903/3085/2152 6036/3212/2152 5895/3063/2152
f 5892/3213/2152 6058/3214/2152 5887/3049/2152
f 5887/3049/2152 6121/3215/2152 6115/3043/2152
f 5880/3216/2152 6134/3217/2152 6132/3035/2152
f 5847/2715/2152 6039/3218/2152 5662/3005/2152
f 5821/2883/2152 6041/3219/2152 5664/2970/2152
f 5764/2718/2152 6047/3220/2152 5705/2904/2152
f 5751/3141/2152 6043/3221/2152 5677/3142/2152
f 5744/2831/2152 6054/3222/2152 5821/2883/2152
f 6041/2722/2151 5880/3053/2151 5664/2720/2151
f 6037/2858/2156 6071/2845/2156 6072/2846/2156
f 6038/2858/2151 5897/2859/2151 5661/2847/2151
f 5726/3137/2152 6051/3223/2152 5744/2831/2152
f 5751/3141/2152 6049/3225/2152 6052/3224/2152
f 5712/3138/2152 6049/3225/2152 5719/2815/2152
f 5705/2904/2152 6046/3226/2152 5698/3140/2152
f 6044/2789/2156 6101/2786/2156 6079/2787/2156
f 6046/2789/2151 5938/3198/2151 5698/2720/2151
f 5691/3144/2152 6048/3227/2152 5712/3138/2152
f 5726/3137/2152 6044/3243/2152 6050/3228/2152
f 5897/3229/2152 6062/3230/2152 5916/3055/2152
f 6042/2722/2156 6092/2866/2156 6077/2787/2156
f 5660/3231/2152 6055/3232/2152 5847/2715/2152
f 5663/3233/2152 6053/3234/2152 5764/2718/2152
f 5665/3235/2152 6038/3236/2152 5661/2724/2152
f 6077/2787/2156 5883/3237/2156 5653/2865/2156
f 6079/2787/2156 5927/2744/2156 5682/2745/2156
f 6072/2846/2156 5896/2992/2156 5648/2844/2156
f 6080/2787/2156 5931/2744/2156 5689/2745/2156
f 6078/2787/2151 6065/2788/2151 6043/2789/2151
f 6067/3200/2152 6105/3098/2152 6102/3102/2152
f 6069/3205/2152 6105/3098/2152 6070/3203/2152
f 6068/3238/2152 6104/3096/2152 6069/3205/2152
f 6066/3207/2152 6100/3090/2152 6101/3091/2152
f 6064/3210/2152 6096/3067/2152 6061/3209/2152
f 6064/3210/2152 6098/3076/2152 6099/3081/2152
f 6062/3230/2152 6098/3076/2152 6063/3211/2152
f 6061/3209/2152 6071/3068/2152 6036/3212/2152
f 6134/3217/2155 6144/3240/2155 6059/3240/2155
f 6093/3044/2153 6147/3050/2153 6094/3050/2153
f 6056/3241/2152 6135/3033/2152 6134/3217/2152
f 6055/3232/2152 6074/3008/2152 6039/3218/2152
f 6054/3222/2152 6076/2971/2152 6041/3219/2152
f 6053/3234/2152 6082/2803/2152 6047/3220/2152
f 6052/3224/2152 6078/2889/2152 6043/3221/2152
f 6051/3223/2152 6089/2882/2152 6054/3222/2152
f 6076/2787/2151 6056/2721/2151 6041/2722/2151
f 6073/2846/2151 6060/2857/2151 6038/2858/2151
f 6050/3228/2152 6086/2834/2152 6051/3223/2152
f 6052/3224/2152 6084/2814/2152 6087/2825/2152
f 6048/3227/2152 6084/2814/2152 6049/3225/2152
f 6047/3220/2152 6081/2804/2152 6046/3226/2152
f 6081/2787/2151 6068/2788/2151 6046/2789/2151
f 6045/3242/2152 6083/2774/2152 6048/3227/2152
f 6050/3228/2152 6079/2756/2152 6085/2758/2152
f 6060/3244/2152 6097/2729/2152 6062/3230/2152
f 6037/3245/2152 6090/2708/2152 6055/3232/2152
f 6040/3246/2152 6088/2705/2152 6053/3234/2152
f 6042/3247/2152 6073/2699/2152 6038/3236/2152
f 6057/3249/2152 6122/3046/2152 6092/3248/2152
f 6115/3043/2152 6057/3249/2152 5882/3250/2152
f 6110/2979/2155 5997/3187/2155 5771/2949/2155
f 6119/3159/2152 6013/3251/2152 5997/3176/2152
f 6112/2979/2155 5966/3252/2155 5867/2945/2155
f 5945/3123/2152 6118/3107/2152 5958/3253/2152
f 6092/3248/2152 6114/3045/2152 5883/3254/2152
f 6116/3040/2152 5882/3250/2152 5886/3255/2152
f 6113/3041/2152 5886/3255/2152 5879/3256/2152
f 6111/2979/2153 5945/3131/2153 5799/2949/2153
f 6111/2979/2153 6022/2944/2153 5810/2945/2153
f 6108/2979/2155 5884/3257/2155 5735/2945/2155
f 6107/2876/2152 5771/3258/2152 5647/2928/2152
f 6109/2868/2152 5647/2928/2152 5659/2694/2152
f 6112/2874/2152 5646/3259/2152 5856/2692/2152
f 6108/2869/2152 5659/2694/2152 5653/2709/2152
f 6094/3050/2153 6149/3033/2153 6135/3033/2153
f 6132/3035/2152 6059/3240/2152 5892/3213/2152
f 5890/3047/2152 6133/3036/2152 5893/3048/2152
f 6133/3036/2152 5892/3213/2152 5893/3048/2152
f 6135/3033/2152 5891/3260/2152 6094/3050/2152
f 5833/3014/2152 6129/2691/2152 5874/2982/2152
f 6127/2931/2152 5833/3014/2152 5832/3261/2152
f 6124/2687/2152 5832/3261/2152 5827/2973/2152
f 6125/2864/2155 5881/3262/2155 5652/3263/2155
f 6125/2711/2152 5829/2984/2152 5828/2980/2152
f 6129/2691/2152 5826/3264/2152 5874/2982/2152
f 6126/2688/2152 5827/2973/2152 5829/2984/2152
f 6148/3265/2155 6155/3266/2155 6140/3266/2155
f 6137/3267/2153 6158/3268/2153 6142/3268/2153
f 6142/3268/2156 6159/3269/2156 6143/3269/2156
f 6121/3215/2151 6151/3046/2151 6122/3046/2151
f 6059/3240/2155 6145/3214/2155 6058/3214/2155
f 6058/3214/2155 6150/3215/2155 6121/3215/2155
f 6135/3033/2156 6146/3217/2156 6134/3217/2156
f 6122/3046/2153 6139/3044/2153 6093/3044/2153
f 6137/3267/2152 6144/3270/2152 6136/3271/2152
f 6138/3272/2152 6144/3270/2152 6146/3273/2152
f 6140/3266/2152 6139/3274/2152 6148/3265/2152
f 6141/3275/2152 6147/3276/2152 6140/3266/2152
f 6142/3268/2152 6145/3277/2152 6137/3267/2152
f 6143/3269/2152 6139/3274/2152 6151/3278/2152
f 6143/3269/2152 6150/3279/2152 6142/3268/2152
f 6138/3272/2152 6149/3280/2152 6141/3275/2152
f 6154/3271/2152 6153/3265/2152 6152/3267/2152
f 6158/3268/2152 6153/3265/2152 6159/3269/2152
f 6156/3272/2152 6155/3266/2152 6154/3271/2152
f 6136/3271/2153 6152/3267/2153 6137/3267/2153
f 6141/3275/2151 6156/3272/2151 6138/3272/2151
f 6143/3269/2155 6153/3265/2155 6148/3265/2155
f 6140/3266/2155 6157/3275/2155 6141/3275/2155
f 6138/3272/2153 6154/3271/2153 6136/3271/2153
f 6161/3285/2154 6162/3286/2154 6160/3287/2154
f 6163/3285/2156 6166/3286/2156 6162/3287/2156
f 6167/3288/2152 6164/3287/2152 6166/3286/2152
f 6165/3288/2151 6160/3287/2151 6164/3286/2151
f 6166/3289/2155 6160/3290/2155 6162/3291/2155
f 6163/3291/2153 6165/3292/2153 6167/3289/2153
f 6169/3293/2154 6170/3294/2154 6168/3295/2154
f 6171/3293/2156 6174/3294/2156 6170/3295/2156
f 6175/3296/2152 6172/3295/2152 6174/3294/2152
f 6173/3296/2151 6168/3295/2151 6172/3294/2151
f 6174/3289/2155 6168/3290/2155 6170/3291/2155
f 6171/3291/2153 6173/3292/2153 6175/3289/2153
f 4262/2671/2151 4044/3297/2151 4170/2672/2151
f 4261/2674/2151 4041/2851/2151 4253/2675/2151
f 4064/2677/2151 4042/2918/2151 4252/2678/2151
f 4263/2680/2151 4045/2693/2151 4140/2681/2151
f 4067/2683/2151 4049/2934/2151 4171/2684/2151
f 4068/2686/2151 4054/2930/2151 4534/2687/2151
f 4265/2689/2151 4053/2972/2151 4533/2690/2151
f 4266/2692/2151 4056/3259/2151 4045/2693/2151
f 4069/2694/2151 4057/2928/2151 4046/2695/2151
f 4487/2697/2151 4063/2709/2151 4059/2698/2151
f 4308/2700/2151 4147/2870/2151 4325/2701/2151
f 4485/2703/2151 4061/2712/2151 4172/2704/2151
f 4482/2706/2151 4058/2713/2151 4255/2707/2151
f 4063/2709/2151 4069/2694/2151 4065/2696/2151
f 4062/2710/2151 4068/2686/2151 4536/2688/2151
f 4061/2712/2151 4067/2683/2151 4173/2685/2151
f 4058/2713/2151 4064/2677/2151 4256/2679/2151
f 4076/2714/2151 4070/3231/2151 4257/2715/2151
f 4079/2717/2151 4073/3233/2151 4174/2718/2151
f 4075/2720/2152 4292/3053/2152 4467/2721/2152
f 4081/2723/2151 4075/3235/2151 4071/2724/2151
f 4055/2726/2151 4081/2723/2151 4077/2725/2151
f 4505/2728/2151 4308/2700/2151 4324/2702/2151
f 4047/2730/2151 4079/2717/2151 4175/2719/2151
f 4040/2732/2151 4076/2714/2151 4258/2716/2151
f 4082/2734/2151 4088/2893/2151 4095/2735/2151
f 4217/2737/2153 4429/2954/2153 4425/2738/2153
f 4277/2740/2154 4376/3020/2154 4354/2741/2154
f 4086/2743/2154 4335/2941/2154 4334/2744/2154
f 4086/2746/2151 4084/2887/2151 4091/2747/2151
f 4267/2749/2151 4083/2886/2151 4090/2750/2151
f 4268/2751/2151 4090/2750/2151 4132/2752/2151
f 4093/2748/2151 4091/2747/2151 4133/2754/2151
f 4489/2756/2151 4092/2759/2151 4134/2757/2151
f 4092/2759/2151 4093/2748/2151 4135/2755/2151
f 4259/2760/2154 4444/3188/2154 4445/2761/2154
f 4089/2736/2151 4095/2735/2151 4137/2762/2151
f 4096/2764/2151 4102/2937/2151 4123/2765/2151
f 4162/2767/2155 4382/2900/2155 4383/2768/2155
f 4099/2770/2151 4100/2775/2151 4121/2771/2151
f 4490/2773/2151 4099/2770/2151 4120/2772/2151
f 4100/2775/2151 4098/2924/2151 4119/2776/2151
f 4269/2777/2151 4097/2942/2151 4118/2778/2151
f 4103/2780/2151 4109/2797/2151 4168/2781/2151
f 4202/2783/2155 4388/2938/2155 4389/2784/2155
f 4106/2745/2154 4346/2744/2154 4513/2786/2154
f 4094/2720/2152 4339/3198/2152 4476/2788/2152
f 4107/2790/2151 4105/2806/2151 4165/2791/2151
f 4270/2793/2151 4104/2808/2151 4164/2794/2151
f 4110/2796/2151 4116/2903/2151 4109/2797/2151
f 4178/2798/2155 4417/2950/2155 4419/2799/2155
f 4113/2801/2151 4114/2805/2151 4107/2790/2151
f 4492/2803/2151 4113/2801/2151 4106/2802/2151
f 4114/2805/2151 4112/2905/2151 4105/2806/2151
f 4271/2807/2151 4111/2906/2151 4104/2808/2151
f 4272/2779/2151 4118/2778/2151 4125/2809/2151
f 4121/2771/2151 4119/2776/2151 4126/2811/2151
f 4493/2774/2151 4120/2772/2151 4127/2813/2151
f 4120/2772/2151 4121/2771/2151 4128/2812/2151
f 4123/2765/2151 4122/3138/2151 4129/2815/2151
f 4117/2766/2151 4123/2765/2151 4130/2816/2151
f 4124/2817/2151 4130/2816/2151 4162/2818/2151
f 4260/2820/2153 4445/2946/2153 4421/2821/2153
f 4127/2813/2151 4128/2812/2151 4160/2823/2151
f 4494/2814/2151 4127/2813/2151 4159/2824/2151
f 4128/2812/2151 4126/2811/2151 4158/2826/2151
f 4273/2810/2151 4125/2809/2151 4157/2827/2151
f 4131/2763/2151 4137/2762/2151 4155/2829/2151
f 4137/2762/2151 4136/3137/2151 4154/2831/2151
f 4134/2757/2151 4135/2755/2151 4153/2832/2151
f 4495/2758/2151 4134/2757/2151 4152/2833/2151
f 4135/2755/2151 4133/2754/2151 4151/2835/2151
f 4274/2753/2151 4132/2752/2151 4150/2836/2151
f 4046/2838/2154 4304/2996/2154 4147/2839/2154
f 4139/2841/2155 4148/2853/2155 4317/2842/2155
f 4059/2844/2154 4308/2992/2154 4505/2845/2154
f 4071/2847/2154 4307/2859/2154 4312/2848/2154
f 4275/2850/2151 4138/2997/2151 4041/2851/2151
f 4042/2852/2155 4142/3298/2155 4148/2853/2155
f 4141/2854/2155 4323/2995/2155 4304/2855/2155
f 4070/2847/2152 4305/2859/2152 4446/2857/2152
f 4076/2849/2152 4311/2848/2152 4305/2859/2152
f 4276/2682/2151 4140/2681/2151 4244/2860/2151
f 4238/2862/2155 4301/2981/2155 4541/2863/2155
f 4062/2865/2154 4291/3237/2154 4501/2866/2154
f 4145/2867/2151 4146/2875/2151 4519/2868/2151
f 4147/2870/2151 4304/3282/2151 4323/2871/2151
f 4277/2872/2151 4143/2983/2151 4516/2873/2151
f 4146/2875/2151 4144/2911/2151 4517/2876/2151
f 4278/2837/2151 4150/2836/2151 4227/2877/2151
f 4153/2832/2151 4151/2835/2151 4228/2879/2151
f 4496/2834/2151 4152/2833/2151 4229/2881/2151
f 4152/2833/2151 4153/2832/2151 4230/2880/2151
f 4155/2829/2151 4154/2831/2151 4231/2883/2151
f 4149/2830/2151 4155/2829/2151 4232/2884/2151
f 4279/2828/2151 4157/2827/2151 4083/2886/2151
f 4160/2823/2151 4158/2826/2151 4084/2887/2151
f 4497/2825/2151 4159/2824/2151 4085/2888/2151
f 4159/2824/2151 4160/2823/2151 4086/2746/2151
f 4223/2890/2153 4435/2960/2153 4426/2891/2153
f 4156/2819/2151 4162/2818/2151 4088/2893/2151
f 4280/2795/2151 4164/2794/2151 4198/2894/2151
f 4166/2792/2151 4165/2791/2151 4199/2896/2151
f 4108/2892/2153 4348/3023/2153 4351/2898/2153
f 4167/2890/2153 4351/2898/2153 4344/2899/2153
f 4087/2769/2153 4381/2768/2153 4380/2900/2153
f 4163/2782/2151 4168/2781/2151 4202/2901/2151
f 4169/2731/2151 4175/2719/2151 4116/2903/2151
f 4175/2719/2151 4174/2718/2151 4115/2904/2151
f 4172/2704/2151 4173/2685/2151 4114/2805/2151
f 4498/2705/2151 4172/2704/2151 4113/2801/2151
f 4173/2685/2151 4171/2684/2151 4112/2905/2151
f 4281/2673/2151 4170/2672/2151 4111/2906/2151
f 4171/2684/2151 4196/2935/2151 4186/2907/2151
f 4165/2791/2151 4195/2923/2151 4203/2908/2151
f 4158/2826/2151 4194/2920/2151 4182/2909/2151
f 4151/2835/2151 4193/2919/2151 4233/2910/2151
f 4144/2911/2151 4192/2974/2151 4520/2912/2151
f 4141/2913/2151 4191/2932/2151 4246/2914/2151
f 4139/2916/2151 4190/2998/2151 4176/2917/2151
f 4133/2754/2151 4189/2926/2151 4193/2919/2151
f 4126/2811/2151 4188/2921/2151 4194/2920/2151
f 4119/2776/2151 4187/2925/2151 4188/2921/2151
f 4112/2905/2151 4186/2907/2151 4185/2922/2151
f 4105/2806/2151 4185/2922/2151 4195/2923/2151
f 4098/2924/2151 4184/2936/2151 4187/2925/2151
f 4091/2747/2151 4183/2927/2151 4189/2926/2151
f 4091/2747/2151 4084/2887/2151 4182/2909/2151
f 4057/2928/2151 4181/3258/2151 4178/2929/2151
f 4054/2930/2151 4180/2961/2151 4537/2931/2151
f 4046/2695/2151 4178/2929/2151 4191/2932/2151
f 4042/2918/2151 4176/2917/2151 4259/2933/2151
f 4049/2934/2151 4177/2965/2151 4196/2935/2151
f 4199/2896/2151 4203/2908/2151 4184/2936/2151
f 4197/2902/2151 4202/2901/2151 4102/2937/2151
f 4101/2785/2153 4387/2784/2153 4386/2938/2153
f 4217/2737/2153 4358/3026/2153 4359/2939/2153
f 4099/2745/2152 4341/2744/2152 4343/2941/2152
f 4200/2897/2151 4199/2896/2151 4098/2924/2151
f 4282/2895/2151 4198/2894/2151 4097/2942/2151
f 4203/2908/2151 4225/3017/2151 4212/2943/2151
f 4242/2862/2155 4418/3189/2155 4406/2944/2155
f 4176/2822/2155 4410/2821/2155 4444/2946/2155
f 4213/2892/2153 4426/2891/2153 4427/2947/2153
f 4181/2949/2155 4407/3187/2155 4417/2950/2155
f 4246/2760/2154 4442/3188/2154 4443/2761/2154
f 4182/2769/2155 4405/2768/2155 4416/2738/2155
f 4222/2767/2153 4434/2900/2153 4428/2951/2153
f 4247/2953/2153 4443/2956/2153 4431/2799/2153
f 4183/2739/2155 4416/2738/2155 4411/2954/2155
f 4187/2925/2151 4215/2957/2151 4216/2955/2151
f 4221/2940/2153 4433/3197/2153 4429/2954/2153
f 4191/2800/2155 4419/2799/2155 4442/2956/2155
f 4184/2936/2151 4212/2943/2151 4215/2957/2151
f 4204/2822/2153 4421/2821/2153 4430/2958/2153
f 4109/2892/2155 4393/2891/2155 4401/2960/2155
f 4185/2892/2155 4414/2891/2155 4415/2960/2155
f 4180/2961/2151 4208/2967/2151 4538/2962/2151
f 4218/2959/2153 4430/2958/2153 4438/2963/2153
f 4167/2890/2153 4400/2960/2153 4391/2891/2153
f 4177/2965/2151 4205/3030/2151 4224/2966/2151
f 4233/2910/2151 4234/3016/2151 4208/2967/2151
f 4228/2879/2151 4233/2910/2151 4180/2961/2151
f 4226/2885/2151 4232/2884/2151 4080/2968/2151
f 4232/2884/2151 4231/2883/2151 4074/2970/2151
f 4229/2881/2151 4230/2880/2151 4068/2686/2151
f 4499/2882/2151 4229/2881/2151 4062/2710/2151
f 4230/2880/2151 4228/2879/2151 4054/2930/2151
f 4283/2878/2151 4227/2877/2151 4053/2972/2151
f 4186/2948/2155 4403/2947/2155 4414/2891/2155
f 4237/2973/2151 4242/3261/2151 4192/2974/2151
f 4055/2975/2152 4289/3052/2152 4296/2976/2152
f 4063/2949/2155 4293/3299/2155 4524/2978/2155
f 4238/2980/2151 4239/2984/2151 4146/2875/2151
f 4145/2945/2155 4294/3257/2155 4301/2981/2155
f 4284/2982/2151 4236/3264/2151 4143/2983/2151
f 4239/2984/2151 4237/2973/2151 4144/2911/2151
f 4246/2914/2151 4247/3013/2151 4251/2985/2151
f 4245/2915/2151 4246/2914/2151 4250/2986/2151
f 4285/2861/2151 4244/2860/2151 4248/2988/2151
f 4249/2843/2155 4317/2842/2155 4329/2990/2155
f 4065/2840/2154 4147/2839/2154 4308/2992/2154
f 4077/2849/2154 4312/2848/2154 4314/2993/2154
f 4245/2991/2155 4329/2990/2155 4323/2995/2155
f 4058/2844/2152 4306/2992/2152 4235/2839/2152
f 4064/2840/2152 4235/2839/2152 4142/2996/2152
f 4040/2994/2152 4240/2993/2152 4311/2848/2152
f 4286/2989/2151 4248/2988/2151 4138/2997/2151
f 4249/2987/2151 4250/2986/2151 4190/2998/2151
f 4209/2949/2153 4423/3187/2153 4530/2999/2153
f 4259/2933/2151 4260/3011/2151 4207/3000/2151
f 4252/2678/2151 4259/2933/2151 4179/3001/2151
f 4254/2733/2151 4258/2716/2151 4078/3003/2151
f 4258/2716/2151 4257/2715/2151 4072/3005/2151
f 4255/2707/2151 4256/2679/2151 4066/3006/2151
f 4500/2708/2151 4255/2707/2151 4060/3007/2151
f 4256/2679/2151 4252/2678/2151 4048/3002/2151
f 4287/2676/2151 4253/2675/2151 4050/3009/2151
f 4260/3011/2151 4287/2676/2151 4264/3010/2151
f 4251/2985/2151 4286/2989/2151 4275/2850/2151
f 4247/3013/2151 4285/2861/2151 4286/2989/2151
f 4243/3014/2151 4284/2982/2151 4277/2872/2151
f 4234/3016/2151 4283/2878/2151 4265/2689/2151
f 4225/3017/2151 4282/2895/2151 4269/2777/2151
f 4224/2966/2151 4281/2673/2151 4271/2807/2151
f 4223/3019/2151 4280/2795/2151 4282/2895/2151
f 4219/2742/2152 4365/2741/2152 4375/3020/2152
f 4221/3021/2151 4278/2837/2151 4283/2878/2151
f 4107/2743/2154 4347/2941/2154 4346/2744/2154
f 4219/3022/2151 4276/2682/2151 4285/2861/2151
f 4166/2890/2155 4350/2898/2155 4347/3023/2155
f 4200/2783/2155 4342/2899/2155 4350/2898/2155
f 4216/2955/2151 4273/2810/2151 4279/2828/2151
f 4215/2957/2151 4272/2779/2151 4273/2810/2151
f 4218/2959/2153 4356/3028/2153 4357/3025/2153
f 4275/2740/2154 4374/3020/2154 4356/2741/2154
f 4212/2943/2151 4269/2777/2151 4272/2779/2151
f 4204/2742/2152 4357/2741/2152 4366/3020/2152
f 4278/2940/2155 4377/2939/2155 4373/3026/2155
f 4220/2945/2153 4354/3252/2153 4527/3027/2153
f 4208/2967/2151 4265/2689/2151 4539/2691/2151
f 4261/2822/2155 4366/3025/2155 4374/3028/2155
f 4204/3029/2151 4261/2674/2151 4287/2676/2151
f 4205/3030/2151 4262/2671/2151 4281/2673/2151
f 4501/3031/2151 4291/3300/2151 4541/3032/2151
f 4295/3034/2151 4290/3216/2151 4542/3035/2151
f 4298/3037/2151 4295/3034/2151 4543/3036/2151
f 4288/3039/2151 4299/3042/2151 4526/3040/2151
f 4299/3042/2151 4297/3049/2151 4525/3043/2151
f 4503/3044/2151 4294/3051/2151 4524/3045/2151
f 4300/3047/2151 4303/3048/2151 4299/3042/2151
f 4303/3048/2151 4302/3213/2151 4297/3049/2151
f 4504/3050/2151 4301/3260/2151 4294/3051/2151
f 4074/2720/2154 4290/3053/2154 4295/2976/2154
f 4080/2977/2154 4295/2976/2154 4298/3052/2154
f 4081/2977/2152 4296/2976/2152 4292/3053/2152
f 4312/3054/2151 4307/3229/2151 4326/3055/2151
f 4314/3057/2151 4312/3054/2151 4327/3056/2151
f 4241/3059/2151 4315/3062/2151 4311/3060/2151
f 4315/3062/2151 4313/3085/2151 4305/3063/2151
f 4309/3064/2151 4310/3069/2151 4235/3065/2151
f 4506/3067/2151 4309/3064/2151 4306/3066/2151
f 4310/3069/2151 4148/3086/2151 4142/3070/2151
f 4322/3058/2151 4327/3056/2151 4333/3071/2151
f 4327/3056/2151 4326/3055/2151 4332/3073/2151
f 4324/2702/2151 4325/2701/2151 4331/3074/2151
f 4507/2729/2151 4324/2702/2151 4330/3075/2151
f 4325/2701/2151 4323/2871/2151 4329/3077/2151
f 4331/3074/2151 4329/3077/2151 4317/3078/2151
f 4508/3076/2151 4330/3075/2151 4318/3080/2151
f 4330/3075/2151 4331/3074/2151 4319/3079/2151
f 4333/3071/2151 4332/3073/2151 4320/3082/2151
f 4328/3072/2151 4333/3071/2151 4321/3083/2151
f 4316/3084/2151 4321/3083/2151 4315/3062/2151
f 4321/3083/2151 4320/3082/2151 4313/3085/2151
f 4318/3080/2151 4319/3079/2151 4310/3069/2151
f 4509/3081/2151 4318/3080/2151 4309/3064/2151
f 4319/3079/2151 4317/3078/2151 4148/3086/2151
f 4334/3087/2151 4335/3301/2151 4338/3088/2151
f 4510/3090/2151 4334/3087/2151 4337/3089/2151
f 4346/3092/2151 4347/3302/2151 4350/3093/2151
f 4513/3095/2151 4346/3092/2151 4349/3094/2151
f 4514/3096/2151 4349/3094/2151 4340/3097/2151
f 4349/3094/2151 4350/3093/2151 4342/3099/2151
f 4340/3097/2151 4342/3099/2151 4343/3100/2151
f 4515/3098/2151 4340/3097/2151 4341/3101/2151
f 4352/3103/2151 4378/3283/2151 4369/3104/2151
f 4354/3106/2151 4376/3303/2151 4528/3107/2151
f 4356/3109/2151 4374/3284/2151 4366/3110/2151
f 4358/3112/2151 4373/3121/2151 4377/3113/2151
f 4360/3115/2151 4372/3304/2151 4371/3116/2151
f 4361/3117/2151 4371/3116/2151 4379/3118/2151
f 4363/3120/2151 4370/3122/2151 4373/3121/2151
f 4353/3105/2151 4369/3104/2151 4370/3122/2151
f 4355/3123/2151 4368/3253/2151 4367/3124/2151
f 4364/3125/2151 4367/3124/2151 4375/3126/2151
f 4101/2720/2152 4345/3198/2152 4477/2788/2152
f 4270/2892/2155 4371/3023/2155 4372/3128/2155
f 4092/2745/2152 4337/2744/2152 4338/2941/2152
f 4085/2745/2154 4334/2744/2154 4510/2786/2154
f 4221/2742/2152 4359/2741/2152 4377/3020/2152
f 4280/2890/2155 4379/2898/2155 4371/3023/2155
f 4279/2740/2154 4378/3020/2154 4352/2741/2154
f 4214/2948/2153 4360/3128/2153 4361/3023/2153
f 4223/2742/2152 4362/2741/2152 4379/3020/2152
f 4274/2737/2155 4373/3026/2155 4370/3129/2155
f 4213/2892/2153 4361/3023/2153 4362/2898/2153
f 4268/2739/2155 4370/3129/2155 4369/3130/2155
f 4263/2798/2155 4367/3133/2155 4368/3131/2155
f 4211/2739/2153 4363/3129/2153 4358/3026/2153
f 4267/2769/2155 4369/3130/2155 4378/3132/2155
f 4210/2769/2153 4353/3130/2153 4363/3129/2153
f 4276/2800/2155 4375/3135/2155 4367/3133/2155
f 4209/2949/2153 4355/3131/2153 4364/3133/2153
f 4100/2785/2155 4343/3134/2155 4342/2899/2155
f 4271/2740/2154 4372/3020/2154 4360/2741/2154
f 4266/2949/2155 4368/3131/2155 4528/3027/2155
f 4222/2767/2153 4352/3132/2153 4353/3130/2153
f 4093/2739/2155 4338/3129/2155 4335/3130/2155
f 4201/2783/2153 4344/2899/2153 4345/3134/2153
f 4087/2769/2153 4336/3130/2153 4339/3129/2153
f 4206/2798/2153 4364/3133/2153 4365/3135/2153
f 4383/2893/2151 4381/3142/2151 4384/3136/2151
f 4385/2735/2151 4384/3136/2151 4398/3137/2151
f 4389/2937/2151 4387/3144/2151 4394/3138/2151
f 4393/2797/2151 4391/3140/2151 4400/3139/2151
f 4392/2903/2151 4390/2904/2151 4391/3140/2151
f 4396/2816/2151 4397/2815/2151 4380/3141/2151
f 4382/2818/2151 4380/3141/2151 4381/3142/2151
f 4401/2781/2151 4400/3139/2151 4386/3143/2151
f 4388/2901/2151 4386/3143/2151 4387/3144/2151
f 4402/3145/2151 4436/3305/2151 4427/3146/2151
f 4415/3148/2151 4435/3172/2151 4437/3149/2151
f 4404/3151/2151 4434/3169/2151 4424/3152/2151
f 4412/3154/2151 4433/3167/2151 4441/3155/2151
f 4406/3157/2151 4432/3183/2151 4530/3158/2151
f 4419/3160/2151 4431/3179/2151 4443/3161/2151
f 4409/3163/2151 4430/3185/2151 4421/3164/2151
f 4411/3166/2151 4429/3174/2151 4433/3167/2151
f 4413/3168/2151 4428/3306/2151 4434/3169/2151
f 4403/3147/2151 4427/3146/2151 4426/3170/2151
f 4414/3171/2151 4426/3170/2151 4435/3172/2151
f 4416/3173/2151 4425/3175/2151 4429/3174/2151
f 4405/3153/2151 4424/3152/2151 4425/3175/2151
f 4407/3176/2151 4423/3251/2151 4422/3177/2151
f 4417/3178/2151 4422/3177/2151 4431/3179/2151
f 4410/3165/2151 4421/3164/2151 4445/3180/2151
f 4418/3182/2151 4439/3281/2151 4432/3183/2151
f 4408/3184/2151 4438/3307/2151 4430/3185/2151
f 4129/2720/2152 4397/3194/2152 4396/3186/2152
f 4115/2720/2152 4390/3194/2152 4392/3186/2152
f 4211/2739/2153 4425/2738/2153 4424/2768/2153
f 4206/2798/2153 4422/2950/2153 4423/3187/2153
f 4216/2742/2152 4428/2761/2152 4413/3188/2152
f 4220/2945/2153 4432/2944/2153 4439/3189/2153
f 4219/2800/2153 4431/2799/2153 4422/2950/2153
f 4161/2767/2153 4380/2900/2153 4397/2951/2153
f 4130/2952/2155 4396/2951/2155 4382/2900/2155
f 4201/2783/2153 4386/2938/2153 4400/2960/2153
f 4243/2742/2152 4439/2761/2152 4418/3188/2152
f 4168/2890/2155 4401/2960/2155 4388/2938/2155
f 4196/3190/2155 4402/3193/2155 4403/2947/2155
f 4195/2890/2155 4415/2960/2155 4420/2938/2155
f 4194/2767/2155 4404/2900/2155 4405/2768/2155
f 4224/2742/2152 4436/2761/2152 4402/3188/2152
f 4136/2737/2153 4398/2954/2153 4384/2738/2153
f 4122/3191/2153 4394/3192/2153 4387/2784/2153
f 4108/2892/2153 4391/2891/2153 4390/2947/2153
f 4094/2739/2153 4384/2738/2153 4381/2768/2153
f 4203/2760/2154 4420/3188/2154 4437/2761/2154
f 4095/2739/2155 4385/2738/2155 4399/2954/2155
f 4102/2785/2155 4389/2784/2155 4395/3192/2155
f 4192/2945/2155 4406/2944/2155 4529/2999/2155
f 4116/2948/2155 4392/2947/2155 4393/2891/2155
f 4088/2769/2155 4383/2768/2155 4385/2738/2155
f 4250/2964/2155 4408/2963/2155 4409/2958/2155
f 4214/2948/2153 4427/2947/2153 4436/3193/2153
f 4137/2977/2154 4399/3186/2154 4398/3194/2154
f 4190/2959/2155 4409/2958/2155 4410/2821/2155
f 4193/2940/2155 4412/3197/2155 4440/3195/2155
f 4225/2783/2153 4437/2938/2153 4435/2960/2153
f 4189/2737/2155 4411/2954/2155 4412/3197/2155
f 4234/3196/2153 4441/3195/2153 4433/3197/2153
f 4210/2769/2153 4424/2768/2153 4434/2900/2153
f 4251/2742/2152 4438/2761/2152 4408/3188/2152
f 4188/2952/2155 4413/2951/2155 4404/2900/2155
f 4233/2760/2154 4440/3188/2154 4441/2761/2154
f 4123/2977/2154 4395/3186/2154 4394/3194/2154
f 4453/2789/2154 4475/2788/2154 4336/3198/2154
f 4455/2789/2152 4477/2788/2152 4512/2786/2152
f 4344/3199/2151 4480/3203/2151 4477/3200/2151
f 4351/3202/2151 4479/3205/2151 4480/3203/2151
f 4348/3204/2151 4478/3238/2151 4479/3205/2151
f 4336/3206/2151 4475/3239/2151 4476/3207/2151
f 4320/3082/2151 4474/3210/2151 4471/3209/2151
f 4332/3073/2151 4473/3211/2151 4474/3210/2151
f 4326/3055/2151 4472/3230/2151 4473/3211/2151
f 4313/3085/2151 4471/3209/2151 4446/3212/2151
f 4302/3213/2151 4469/3240/2151 4468/3214/2151
f 4297/3049/2151 4468/3214/2151 4531/3215/2151
f 4290/3216/2151 4466/3241/2151 4544/3217/2151
f 4257/2715/2151 4465/3232/2151 4449/3218/2151
f 4231/2883/2151 4464/3222/2151 4451/3219/2151
f 4174/2718/2151 4463/3234/2151 4457/3220/2151
f 4161/3141/2151 4462/3224/2151 4453/3221/2151
f 4154/2831/2151 4461/3223/2151 4464/3222/2151
f 4451/2722/2154 4466/2721/2154 4290/3053/2154
f 4447/2858/2152 4446/2857/2152 4481/2845/2152
f 4448/2858/2154 4470/2857/2154 4307/2859/2154
f 4136/3137/2151 4460/3228/2151 4461/3223/2151
f 4129/2815/2151 4459/3225/2151 4462/3224/2151
f 4122/3138/2151 4458/3227/2151 4459/3225/2151
f 4115/2904/2151 4457/3220/2151 4456/3226/2151
f 4454/2789/2152 4476/2788/2152 4511/2786/2152
f 4456/2789/2154 4478/2788/2154 4348/3198/2154
f 4101/3144/2151 4455/3242/2151 4458/3227/2151
f 4094/3136/2151 4454/3243/2151 4460/3228/2151
f 4307/3229/2151 4470/3244/2151 4472/3230/2151
f 4452/2722/2152 4467/2721/2152 4502/2866/2152
f 4070/3231/2151 4447/3245/2151 4465/3232/2151
f 4073/3233/2151 4450/3246/2151 4463/3234/2151
f 4075/3235/2151 4452/3247/2151 4448/3236/2151
f 4487/2787/2152 4502/2866/2152 4293/3237/2152
f 4489/2787/2152 4511/2786/2152 4337/2744/2152
f 4482/2846/2152 4481/2845/2152 4306/2992/2152
f 4490/2787/2152 4512/2786/2152 4341/2744/2152
f 4488/2787/2154 4510/2786/2154 4475/2788/2154
f 4480/3203/2151 4515/3098/2151 4512/3102/2151
f 4479/3205/2151 4514/3096/2151 4515/3098/2151
f 4478/3238/2151 4513/3095/2151 4514/3096/2151
f 4475/3239/2151 4510/3090/2151 4511/3091/2151
f 4474/3210/2151 4509/3081/2151 4506/3067/2151
f 4473/3211/2151 4508/3076/2151 4509/3081/2151
f 4472/3230/2151 4507/2729/2151 4508/3076/2151
f 4471/3209/2151 4506/3067/2151 4481/3068/2151
f 4544/3217/2155 4556/3217/2155 4554/3240/2155
f 4503/3044/2153 4549/3044/2153 4557/3050/2153
f 4466/3241/2151 4501/3031/2151 4545/3033/2151
f 4465/3232/2151 4500/2708/2151 4484/3008/2151
f 4464/3222/2151 4499/2882/2151 4486/2971/2151
f 4463/3234/2151 4498/2705/2151 4492/2803/2151
f 4462/3224/2151 4497/2825/2151 4488/2889/2151
f 4461/3223/2151 4496/2834/2151 4499/2882/2151
f 4486/2787/2154 4501/2866/2154 4466/2721/2154
f 4483/2846/2154 4505/2845/2154 4470/2857/2154
f 4460/3228/2151 4495/2758/2151 4496/2834/2151
f 4459/3225/2151 4494/2814/2151 4497/2825/2151
f 4458/3227/2151 4493/2774/2151 4494/2814/2151
f 4457/3220/2151 4492/2803/2151 4491/2804/2151
f 4491/2787/2154 4513/2786/2154 4478/2788/2154
f 4455/3242/2151 4490/2773/2151 4493/2774/2151
f 4454/3243/2151 4489/2756/2151 4495/2758/2151
f 4470/3244/2151 4505/2728/2151 4507/2729/2151
f 4447/3245/2151 4482/2706/2151 4500/2708/2151
f 4450/3246/2151 4485/2703/2151 4498/2705/2151
f 4452/3247/2151 4487/2697/2151 4483/2699/2151
f 4531/3215/2151 4532/3046/2151 4502/3248/2151
f 4525/3043/2151 4531/3215/2151 4467/3249/2151
f 4520/2979/2155 4529/2999/2155 4407/3187/2155
f 4529/3159/2151 4530/3158/2151 4423/3251/2151
f 4522/2979/2155 4528/3027/2155 4376/3252/2155
f 4527/3108/2151 4528/3107/2151 4368/3253/2151
f 4532/3046/2151 4524/3045/2151 4293/3254/2151
f 4526/3040/2151 4525/3043/2151 4292/3250/2151
f 4523/3041/2151 4526/3040/2151 4296/3255/2151
f 4521/2979/2153 4527/3027/2153 4355/3131/2153
f 4521/2979/2153 4530/2999/2153 4432/2944/2153
f 4518/2979/2155 4524/2978/2155 4294/3257/2155
f 4517/2876/2151 4520/2912/2151 4181/3258/2151
f 4519/2868/2151 4517/2876/2151 4057/2928/2151
f 4522/2874/2151 4516/2873/2151 4056/3259/2151
f 4518/2869/2151 4519/2868/2151 4069/2694/2151
f 4504/3050/2153 4557/3050/2153 4559/3033/2153
f 4542/3035/2151 4544/3217/2151 4469/3240/2151
f 4540/3038/2151 4543/3036/2151 4303/3048/2151
f 4543/3036/2151 4542/3035/2151 4302/3213/2151
f 4545/3033/2151 4541/3032/2151 4301/3260/2151
f 4538/2962/2151 4539/2691/2151 4284/2982/2151
f 4537/2931/2151 4538/2962/2151 4243/3014/2151
f 4534/2687/2151 4537/2931/2151 4242/3261/2151
f 4535/2864/2155 4541/2863/2155 4291/3262/2155
f 4535/2711/2151 4536/2688/2151 4239/2984/2151
f 4539/2691/2151 4533/2690/2151 4236/3264/2151
f 4536/2688/2151 4534/2687/2151 4237/2973/2151
f 4558/3265/2155 4563/3265/2155 4565/3266/2155
f 4547/3267/2153 4562/3267/2153 4568/3268/2153
f 4552/3268/2152 4568/3268/2152 4569/3269/2152
f 4531/3215/2154 4560/3215/2154 4561/3046/2154
f 4469/3240/2155 4554/3240/2155 4555/3214/2155
f 4468/3214/2155 4555/3214/2155 4560/3215/2155
f 4545/3033/2152 4559/3033/2152 4556/3217/2152
f 4532/3046/2153 4561/3046/2153 4549/3044/2153
f 4547/3267/2151 4555/3277/2151 4554/3270/2151
f 4548/3272/2151 4546/3271/2151 4554/3270/2151
f 4550/3266/2151 4557/3276/2151 4549/3274/2151
f 4551/3275/2151 4559/3280/2151 4557/3276/2151
f 4552/3268/2151 4560/3279/2151 4555/3277/2151
f 4553/3269/2151 4558/3265/2151 4549/3274/2151
f 4552/3268/2151 4553/3269/2151 4561/3278/2151
f 4548/3272/2151 4556/3273/2151 4559/3280/2151
f 4564/3271/2151 4565/3266/2151 4563/3265/2151
f 4562/3267/2151 4563/3265/2151 4569/3269/2151
f 4566/3272/2151 4567/3275/2151 4565/3266/2151
f 4546/3271/2153 4564/3271/2153 4562/3267/2153
f 4551/3275/2154 4567/3275/2154 4566/3272/2154
f 4553/3269/2155 4569/3269/2155 4563/3265/2155
f 4550/3266/2155 4565/3266/2155 4567/3275/2155
f 4548/3272/2153 4566/3272/2153 4564/3271/2153
f 4792/2671/2154 4574/3297/2154 4700/2672/2154
f 4791/2674/2154 4571/2851/2154 4783/2675/2154
f 4594/2677/2154 4572/2918/2154 4782/2678/2154
f 4793/2680/2154 4575/2693/2154 4670/2681/2154
f 4597/2683/2154 4579/2934/2154 4701/2684/2154
f 4598/2686/2154 4584/2930/2154 5064/2687/2154
f 4795/2689/2154 4583/2972/2154 5063/2690/2154
f 4796/2692/2154 4586/3259/2154 4575/2693/2154
f 4595/2696/2154 4599/2694/2154 4587/2928/2154
f 5017/2697/2154 4593/2709/2154 4589/2698/2154
f 4838/2700/2154 4677/2870/2154 4855/2701/2154
f 5015/2703/2154 4591/2712/2154 4702/2704/2154
f 5012/2706/2154 4588/2713/2154 4785/2707/2154
f 4593/2709/2154 4599/2694/2154 4595/2696/2154
f 5065/2711/2154 4592/2710/2154 4598/2686/2154
f 4591/2712/2154 4597/2683/2154 4703/2685/2154
f 4588/2713/2154 4594/2677/2154 4786/2679/2154
f 4606/2714/2154 4600/3231/2154 4787/2715/2154
f 4609/2717/2154 4603/3233/2154 4704/2718/2154
f 4605/2720/2151 4822/3053/2151 4997/2721/2151
f 4611/2723/2154 4605/3235/2154 4601/2724/2154
f 4585/2726/2154 4611/2723/2154 4607/2725/2154
f 5035/2728/2154 4838/2700/2154 4854/2702/2154
f 4577/2730/2154 4609/2717/2154 4705/2719/2154
f 4570/2732/2154 4606/2714/2154 4788/2716/2154
f 4612/2734/2154 4618/2893/2154 4625/2735/2154
f 4747/2737/2153 4959/2954/2153 4955/2738/2153
f 4807/2740/2156 4906/3020/2156 4884/2741/2156
f 4616/2743/2156 4865/2941/2156 4864/2744/2156
f 4616/2746/2154 4614/2887/2154 4621/2747/2154
f 4797/2749/2154 4613/2886/2154 4620/2750/2154
f 4798/2751/2154 4620/2750/2154 4662/2752/2154
f 4623/2748/2154 4621/2747/2154 4663/2754/2154
f 5019/2756/2154 4622/2759/2154 4664/2757/2154
f 4664/2757/2154 4622/2759/2154 4623/2748/2154
f 4789/2760/2156 4974/3188/2156 4975/2761/2156
f 4661/2763/2154 4619/2736/2154 4625/2735/2154
f 4626/2764/2154 4632/2937/2154 4653/2765/2154
f 4692/2767/2155 4912/2900/2155 4913/2768/2155
f 4629/2770/2154 4630/2775/2154 4651/2771/2154
f 5020/2773/2154 4629/2770/2154 4650/2772/2154
f 4630/2775/2154 4628/2924/2154 4649/2776/2154
f 4799/2777/2154 4627/2942/2154 4648/2778/2154
f 4633/2780/2154 4639/2797/2154 4698/2781/2154
f 4732/2783/2155 4918/2938/2155 4919/2784/2155
f 4636/2745/2156 4876/2744/2156 5043/2786/2156
f 4624/2720/2151 4869/3198/2151 5006/2788/2151
f 4637/2790/2154 4635/2806/2154 4695/2791/2154
f 4800/2793/2154 4634/2808/2154 4694/2794/2154
f 4640/2796/2154 4646/2903/2154 4639/2797/2154
f 4708/2798/2155 4947/2950/2155 4949/2799/2155
f 4643/2801/2154 4644/2805/2154 4637/2790/2154
f 5022/2803/2154 4643/2801/2154 4636/2802/2154
f 4644/2805/2154 4642/2905/2154 4635/2806/2154
f 4801/2807/2154 4641/2906/2154 4634/2808/2154
f 4802/2779/2154 4648/2778/2154 4655/2809/2154
f 4651/2771/2154 4649/2776/2154 4656/2811/2154
f 5023/2774/2154 4650/2772/2154 4657/2813/2154
f 4650/2772/2154 4651/2771/2154 4658/2812/2154
f 4653/2765/2154 4652/3138/2154 4659/2815/2154
f 4647/2766/2154 4653/2765/2154 4660/2816/2154
f 4654/2817/2154 4660/2816/2154 4692/2818/2154
f 4790/2820/2153 4975/2946/2153 4951/2821/2153
f 4657/2813/2154 4658/2812/2154 4690/2823/2154
f 5024/2814/2154 4657/2813/2154 4689/2824/2154
f 4658/2812/2154 4656/2811/2154 4688/2826/2154
f 4803/2810/2154 4655/2809/2154 4687/2827/2154
f 4661/2763/2154 4667/2762/2154 4685/2829/2154
f 4667/2762/2154 4666/3137/2154 4684/2831/2154
f 4682/2833/2154 4664/2757/2154 4665/2755/2154
f 5025/2758/2154 4664/2757/2154 4682/2833/2154
f 4665/2755/2154 4663/2754/2154 4681/2835/2154
f 4804/2753/2154 4662/2752/2154 4680/2836/2154
f 4576/2838/2156 4834/2996/2156 4677/2839/2156
f 4669/2841/2155 4678/2853/2155 4847/2842/2155
f 4589/2844/2156 4838/2992/2156 5035/2845/2156
f 4601/2847/2156 4837/2859/2156 4842/2848/2156
f 4805/2850/2154 4668/2997/2154 4571/2851/2154
f 4572/2852/2155 4672/3298/2155 4678/2853/2155
f 4671/2854/2155 4853/2995/2155 4834/2855/2155
f 4600/2847/2151 4835/2859/2151 4976/2857/2151
f 4606/2849/2151 4841/2848/2151 4835/2859/2151
f 4806/2682/2154 4670/2681/2154 4774/2860/2154
f 4768/2862/2155 4831/2981/2155 5071/2863/2155
f 4592/2865/2156 4821/3237/2156 5031/2866/2156
f 4675/2867/2154 4676/2875/2154 5049/2868/2154
f 4677/2870/2154 4834/3282/2154 4853/2871/2154
f 5052/2874/2154 4807/2872/2154 4673/2983/2154
f 5049/2868/2154 4676/2875/2154 4674/2911/2154
f 4808/2837/2154 4680/2836/2154 4757/2877/2154
f 4683/2832/2154 4681/2835/2154 4758/2879/2154
f 5026/2834/2154 4682/2833/2154 4759/2881/2154
f 4759/2881/2154 4682/2833/2154 4683/2832/2154
f 4685/2829/2154 4684/2831/2154 4761/2883/2154
f 4679/2830/2154 4685/2829/2154 4762/2884/2154
f 4809/2828/2154 4687/2827/2154 4613/2886/2154
f 4616/2746/2154 4690/2823/2154 4688/2826/2154
f 5027/2825/2154 4689/2824/2154 4615/2888/2154
f 4689/2824/2154 4690/2823/2154 4616/2746/2154
f 4753/2890/2153 4965/2960/2153 4956/2891/2153
f 4686/2819/2154 4692/2818/2154 4618/2893/2154
f 4810/2795/2154 4694/2794/2154 4728/2894/2154
f 4696/2792/2154 4695/2791/2154 4729/2896/2154
f 4638/2892/2153 4878/3023/2153 4881/2898/2153
f 4697/2890/2153 4881/2898/2153 4874/2899/2153
f 4617/2769/2153 4911/2768/2153 4910/2900/2153
f 4693/2782/2154 4698/2781/2154 4732/2901/2154
f 4699/2731/2154 4705/2719/2154 4646/2903/2154
f 4705/2719/2154 4704/2718/2154 4645/2904/2154
f 4702/2704/2154 4703/2685/2154 4644/2805/2154
f 5028/2705/2154 4702/2704/2154 4643/2801/2154
f 4703/2685/2154 4701/2684/2154 4642/2905/2154
f 4811/2673/2154 4700/2672/2154 4641/2906/2154
f 4701/2684/2154 4726/2935/2154 4716/2907/2154
f 4695/2791/2154 4725/2923/2154 4733/2908/2154
f 4688/2826/2154 4724/2920/2154 4712/2909/2154
f 4681/2835/2154 4723/2919/2154 4763/2910/2154
f 5047/2876/2154 4674/2911/2154 4722/2974/2154
f 4671/2913/2154 4721/2932/2154 4776/2914/2154
f 4669/2916/2154 4720/2998/2154 4706/2917/2154
f 4663/2754/2154 4719/2926/2154 4723/2919/2154
f 4656/2811/2154 4718/2921/2154 4724/2920/2154
f 4649/2776/2154 4717/2925/2154 4718/2921/2154
f 4642/2905/2154 4716/2907/2154 4715/2922/2154
f 4695/2791/2154 4635/2806/2154 4715/2922/2154
f 4628/2924/2154 4714/2936/2154 4717/2925/2154
f 4621/2747/2154 4713/2927/2154 4719/2926/2154
f 4621/2747/2154 4614/2887/2154 4712/2909/2154
f 4576/2695/2154 4587/2928/2154 4711/3258/2154
f 4584/2930/2154 4710/2961/2154 5067/2931/2154
f 4576/2695/2154 4708/2929/2154 4721/2932/2154
f 4572/2918/2154 4706/2917/2154 4789/2933/2154
f 4579/2934/2154 4707/2965/2154 4726/2935/2154
f 4729/2896/2154 4733/2908/2154 4714/2936/2154
f 4727/2902/2154 4732/2901/2154 4632/2937/2154
f 4631/2785/2153 4917/2784/2153 4916/2938/2153
f 4747/2737/2153 4888/3026/2153 4889/2939/2153
f 4629/2745/2151 4871/2744/2151 4873/2941/2151
f 4730/2897/2154 4729/2896/2154 4628/2924/2154
f 4812/2895/2154 4728/2894/2154 4627/2942/2154
f 4733/2908/2154 4755/3017/2154 4742/2943/2154
f 4772/2862/2155 4948/3189/2155 4936/2944/2155
f 4706/2822/2155 4940/2821/2155 4974/2946/2155
f 4743/2892/2153 4956/2891/2153 4957/2947/2153
f 4711/2949/2155 4937/3187/2155 4947/2950/2155
f 4776/2760/2156 4972/3188/2156 4973/2761/2156
f 4712/2769/2155 4935/2768/2155 4946/2738/2155
f 4752/2767/2153 4964/2900/2153 4958/2951/2153
f 4777/2953/2153 4973/2956/2153 4961/2799/2153
f 4713/2739/2155 4946/2738/2155 4941/2954/2155
f 4717/2925/2154 4745/2957/2154 4746/2955/2154
f 4751/2940/2153 4963/3197/2153 4959/2954/2153
f 4721/2800/2155 4949/2799/2155 4972/2956/2155
f 4714/2936/2154 4742/2943/2154 4745/2957/2154
f 4734/2822/2153 4951/2821/2153 4960/2958/2153
f 4639/2892/2155 4923/2891/2155 4931/2960/2155
f 4715/2892/2155 4944/2891/2155 4945/2960/2155
f 4710/2961/2154 4738/2967/2154 5068/2962/2154
f 4748/2959/2153 4960/2958/2153 4968/2963/2153
f 4697/2890/2153 4930/2960/2153 4921/2891/2153
f 4707/2965/2154 4735/3030/2154 4754/2966/2154
f 4763/2910/2154 4764/3016/2154 4738/2967/2154
f 4758/2879/2154 4763/2910/2154 4710/2961/2154
f 4756/2885/2154 4762/2884/2154 4610/2968/2154
f 4762/2884/2154 4761/2883/2154 4604/2970/2154
f 4759/2881/2154 4760/2880/2154 4598/2686/2154
f 5029/2882/2154 4759/2881/2154 4592/2710/2154
f 4760/2880/2154 4758/2879/2154 4584/2930/2154
f 4813/2878/2154 4757/2877/2154 4583/2972/2154
f 4716/2948/2155 4933/2947/2155 4944/2891/2155
f 4767/2973/2154 4772/3261/2154 4722/2974/2154
f 4585/2975/2151 4819/3052/2151 4826/2976/2151
f 4593/2949/2155 4823/3299/2155 5054/2978/2155
f 4675/2867/2154 4768/2980/2154 4769/2984/2154
f 4675/2945/2155 4824/3257/2155 4831/2981/2155
f 4814/2982/2154 4766/3264/2154 4673/2983/2154
f 4769/2984/2154 4767/2973/2154 4674/2911/2154
f 4776/2914/2154 4777/3013/2154 4781/2985/2154
f 4775/2915/2154 4776/2914/2154 4780/2986/2154
f 4815/2861/2154 4774/2860/2154 4778/2988/2154
f 4779/2843/2155 4847/2842/2155 4859/2990/2155
f 4595/2840/2156 4677/2839/2156 4838/2992/2156
f 4573/2994/2156 4607/2849/2156 4842/2848/2156
f 4775/2991/2155 4859/2990/2155 4853/2995/2155
f 4588/2844/2151 4836/2992/2151 4765/2839/2151
f 4594/2840/2151 4765/2839/2151 4672/2996/2151
f 4570/2994/2151 4770/2993/2151 4841/2848/2151
f 4816/2989/2154 4778/2988/2154 4668/2997/2154
f 4779/2987/2154 4780/2986/2154 4720/2998/2154
f 4739/2949/2153 4953/3187/2153 5060/2999/2153
f 4789/2933/2154 4790/3011/2154 4737/3000/2154
f 4782/2678/2154 4789/2933/2154 4709/3001/2154
f 4784/2733/2154 4788/2716/2154 4608/3003/2154
f 4788/2716/2154 4787/2715/2154 4602/3005/2154
f 4785/2707/2154 4786/2679/2154 4596/3006/2154
f 5030/2708/2154 4785/2707/2154 4590/3007/2154
f 4786/2679/2154 4782/2678/2154 4578/3002/2154
f 4817/2676/2154 4783/2675/2154 4580/3009/2154
f 4790/3011/2154 4817/2676/2154 4794/3010/2154
f 4781/2985/2154 4816/2989/2154 4805/2850/2154
f 4777/3013/2154 4815/2861/2154 4816/2989/2154
f 4773/3014/2154 4814/2982/2154 4807/2872/2154
f 4764/3016/2154 4813/2878/2154 4795/2689/2154
f 4742/2943/2154 4755/3017/2154 4812/2895/2154
f 4754/2966/2154 4811/2673/2154 4801/2807/2154
f 4755/3017/2154 4753/3019/2154 4810/2795/2154
f 4749/2742/2151 4895/2741/2151 4905/3020/2151
f 4751/3021/2154 4808/2837/2154 4813/2878/2154
f 4637/2743/2156 4877/2941/2156 4876/2744/2156
f 4749/3022/2154 4806/2682/2154 4815/2861/2154
f 4696/2890/2155 4880/2898/2155 4877/3023/2155
f 4730/2783/2155 4872/2899/2155 4880/2898/2155
f 4752/3024/2154 4746/2955/2154 4803/2810/2154
f 4746/2955/2154 4745/2957/2154 4802/2779/2154
f 4748/2959/2153 4886/3028/2153 4887/3025/2153
f 4748/2742/2156 4805/2740/2156 4904/3020/2156
f 4745/2957/2154 4742/2943/2154 4799/2777/2154
f 4734/2742/2151 4887/2741/2151 4896/3020/2151
f 4808/2940/2155 4907/2939/2155 4903/3026/2155
f 4750/2945/2153 4884/3252/2153 5057/3027/2153
f 4738/2967/2154 4795/2689/2154 5069/2691/2154
f 4791/2822/2155 4896/3025/2155 4904/3028/2155
f 4734/3029/2154 4791/2674/2154 4817/2676/2154
f 4735/3030/2154 4792/2671/2154 4811/2673/2154
f 5031/3031/2154 4821/3300/2154 5071/3032/2154
f 5073/3036/2154 4825/3034/2154 4820/3216/2154
f 5070/3038/2154 4828/3037/2154 4825/3034/2154
f 4818/3039/2154 4829/3042/2154 5056/3040/2154
f 4829/3042/2154 4827/3049/2154 5055/3043/2154
f 5033/3044/2154 4824/3051/2154 5054/3045/2154
f 4830/3047/2154 4833/3048/2154 4829/3042/2154
f 4833/3048/2154 4832/3213/2154 4827/3049/2154
f 5034/3050/2154 4831/3260/2154 4824/3051/2154
f 4604/2720/2156 4820/3053/2156 4825/2976/2156
f 4610/2977/2156 4825/2976/2156 4828/3052/2156
f 4611/2977/2151 4826/2976/2151 4822/3053/2151
f 4842/3054/2154 4837/3229/2154 4856/3055/2154
f 4852/3058/2154 4844/3057/2154 4842/3054/2154
f 4771/3059/2154 4845/3062/2154 4841/3060/2154
f 4845/3062/2154 4843/3085/2154 4835/3063/2154
f 4839/3064/2154 4840/3069/2154 4765/3065/2154
f 5036/3067/2154 4839/3064/2154 4836/3066/2154
f 4840/3069/2154 4678/3086/2154 4672/3070/2154
f 4852/3058/2154 4857/3056/2154 4863/3071/2154
f 4857/3056/2154 4856/3055/2154 4862/3073/2154
f 4854/2702/2154 4855/2701/2154 4861/3074/2154
f 5037/2729/2154 4854/2702/2154 4860/3075/2154
f 4855/2701/2154 4853/2871/2154 4859/3077/2154
f 4849/3079/2154 4861/3074/2154 4859/3077/2154
f 5038/3076/2154 4860/3075/2154 4848/3080/2154
f 4860/3075/2154 4861/3074/2154 4849/3079/2154
f 4863/3071/2154 4862/3073/2154 4850/3082/2154
f 4858/3072/2154 4863/3071/2154 4851/3083/2154
f 4846/3084/2154 4851/3083/2154 4845/3062/2154
f 4851/3083/2154 4850/3082/2154 4843/3085/2154
f 4848/3080/2154 4849/3079/2154 4840/3069/2154
f 5039/3081/2154 4848/3080/2154 4839/3064/2154
f 4849/3079/2154 4847/3078/2154 4678/3086/2154
f 4864/3087/2154 4865/3301/2154 4868/3088/2154
f 5041/3091/2154 5040/3090/2154 4864/3087/2154
f 4876/3092/2154 4877/3302/2154 4880/3093/2154
f 5043/3095/2154 4876/3092/2154 4879/3094/2154
f 5044/3096/2154 4879/3094/2154 4870/3097/2154
f 4879/3094/2154 4880/3093/2154 4872/3099/2154
f 4870/3097/2154 4872/3099/2154 4873/3100/2154
f 5042/3102/2154 5045/3098/2154 4870/3097/2154
f 4882/3103/2154 4908/3283/2154 4899/3104/2154
f 4884/3106/2154 4906/3303/2154 5058/3107/2154
f 4886/3109/2154 4904/3284/2154 4896/3110/2154
f 4888/3112/2154 4903/3121/2154 4907/3113/2154
f 4890/3115/2154 4902/3304/2154 4901/3116/2154
f 4891/3117/2154 4901/3116/2154 4909/3118/2154
f 4893/3120/2154 4900/3122/2154 4903/3121/2154
f 4883/3105/2154 4899/3104/2154 4900/3122/2154
f 4894/3125/2154 4885/3123/2154 4898/3253/2154
f 4894/3125/2154 4897/3124/2154 4905/3126/2154
f 4631/2720/2151 4875/3198/2151 5007/2788/2151
f 4800/2892/2155 4901/3023/2155 4902/3128/2155
f 4622/2745/2151 4867/2744/2151 4868/2941/2151
f 4615/2745/2156 4864/2744/2156 5040/2786/2156
f 4751/2742/2151 4889/2741/2151 4907/3020/2151
f 4810/2890/2155 4909/2898/2155 4901/3023/2155
f 4752/2742/2156 4809/2740/2156 4908/3020/2156
f 4744/2948/2153 4890/3128/2153 4891/3023/2153
f 4753/2742/2151 4892/2741/2151 4909/3020/2151
f 4804/2737/2155 4903/3026/2155 4900/3129/2155
f 4743/2892/2153 4891/3023/2153 4892/2898/2153
f 4798/2739/2155 4900/3129/2155 4899/3130/2155
f 4793/2798/2155 4897/3133/2155 4898/3131/2155
f 4741/2739/2153 4893/3129/2153 4888/3026/2153
f 4797/2769/2155 4899/3130/2155 4908/3132/2155
f 4740/2769/2153 4883/3130/2153 4893/3129/2153
f 4806/2800/2155 4905/3135/2155 4897/3133/2155
f 4739/2949/2153 4885/3131/2153 4894/3133/2153
f 4630/2785/2155 4873/3134/2155 4872/2899/2155
f 4744/2742/2156 4801/2740/2156 4902/3020/2156
f 4796/2949/2155 4898/3131/2155 5058/3027/2155
f 4752/2767/2153 4882/3132/2153 4883/3130/2153
f 4623/2739/2155 4868/3129/2155 4865/3130/2155
f 4731/2783/2153 4874/2899/2153 4875/3134/2153
f 4617/2769/2153 4866/3130/2153 4869/3129/2153
f 4736/2798/2153 4894/3133/2153 4895/3135/2153
f 4913/2893/2154 4911/3142/2154 4914/3136/2154
f 4915/2735/2154 4914/3136/2154 4928/3137/2154
f 4919/2937/2154 4917/3144/2154 4924/3138/2154
f 4923/2797/2154 4921/3140/2154 4930/3139/2154
f 4922/2903/2154 4920/2904/2154 4921/3140/2154
f 4926/2816/2154 4927/2815/2154 4910/3141/2154
f 4912/2818/2154 4910/3141/2154 4911/3142/2154
f 4931/2781/2154 4930/3139/2154 4916/3143/2154
f 4918/2901/2154 4916/3143/2154 4917/3144/2154
f 4932/3145/2154 4966/3305/2154 4957/3146/2154
f 4945/3148/2154 4965/3172/2154 4967/3149/2154
f 4934/3151/2154 4964/3169/2154 4954/3152/2154
f 4970/3156/2154 4942/3154/2154 4963/3167/2154
f 5059/3159/2154 4936/3157/2154 4962/3183/2154
f 4949/3160/2154 4961/3179/2154 4973/3161/2154
f 4939/3163/2154 4960/3185/2154 4951/3164/2154
f 4942/3154/2154 4941/3166/2154 4959/3174/2154
f 4943/3168/2154 4958/3306/2154 4964/3169/2154
f 4933/3147/2154 4957/3146/2154 4956/3170/2154
f 4944/3171/2154 4956/3170/2154 4965/3172/2154
f 4941/3166/2154 4946/3173/2154 4955/3175/2154
f 4935/3153/2154 4954/3152/2154 4955/3175/2154
f 4937/3176/2154 4953/3251/2154 4952/3177/2154
f 4947/3178/2154 4952/3177/2154 4961/3179/2154
f 4940/3165/2154 4951/3164/2154 4975/3180/2154
f 4936/3157/2154 4948/3182/2154 4969/3281/2154
f 4938/3184/2154 4968/3307/2154 4960/3185/2154
f 4659/2720/2151 4927/3194/2151 4926/3186/2151
f 4645/2720/2151 4920/3194/2151 4922/3186/2151
f 4741/2739/2153 4955/2738/2153 4954/2768/2153
f 4736/2798/2153 4952/2950/2153 4953/3187/2153
f 4746/2742/2151 4958/2761/2151 4943/3188/2151
f 4750/2945/2153 4962/2944/2153 4969/3189/2153
f 4749/2800/2153 4961/2799/2153 4952/2950/2153
f 4691/2767/2153 4910/2900/2153 4927/2951/2153
f 4660/2952/2155 4926/2951/2155 4912/2900/2155
f 4731/2783/2153 4916/2938/2153 4930/2960/2153
f 4773/2742/2151 4969/2761/2151 4948/3188/2151
f 4698/2890/2155 4931/2960/2155 4918/2938/2155
f 4726/3190/2155 4932/3193/2155 4933/2947/2155
f 4725/2890/2155 4945/2960/2155 4950/2938/2155
f 4724/2767/2155 4934/2900/2155 4935/2768/2155
f 4754/2742/2151 4966/2761/2151 4932/3188/2151
f 4666/2737/2153 4928/2954/2153 4914/2738/2153
f 4652/3191/2153 4924/3192/2153 4917/2784/2153
f 4638/2892/2153 4921/2891/2153 4920/2947/2153
f 4624/2739/2153 4914/2738/2153 4911/2768/2153
f 4733/2760/2156 4950/3188/2156 4967/2761/2156
f 4625/2739/2155 4915/2738/2155 4929/2954/2155
f 4632/2785/2155 4919/2784/2155 4925/3192/2155
f 4722/2945/2155 4936/2944/2155 5059/2999/2155
f 4646/2948/2155 4922/2947/2155 4923/2891/2155
f 4618/2769/2155 4913/2768/2155 4915/2738/2155
f 4780/2964/2155 4938/2963/2155 4939/2958/2155
f 4744/2948/2153 4957/2947/2153 4966/3193/2153
f 4667/2977/2156 4929/3186/2156 4928/3194/2156
f 4720/2959/2155 4939/2958/2155 4940/2821/2155
f 4723/2940/2155 4942/3197/2155 4970/3195/2155
f 4755/2783/2153 4967/2938/2153 4965/2960/2153
f 4719/2737/2155 4941/2954/2155 4942/3197/2155
f 4764/3196/2153 4971/3195/2153 4963/3197/2153
f 4740/2769/2153 4954/2768/2153 4964/2900/2153
f 4781/2742/2151 4968/2761/2151 4938/3188/2151
f 4718/2952/2155 4943/2951/2155 4934/2900/2155
f 4763/2760/2156 4970/3188/2156 4971/2761/2156
f 4653/2977/2156 4925/3186/2156 4924/3194/2156
f 4983/2789/2156 5005/2788/2156 4866/3198/2156
f 4985/2789/2151 5007/2788/2151 5042/2786/2151
f 4875/3201/2154 4874/3199/2154 5010/3203/2154
f 4881/3202/2154 5009/3205/2154 5010/3203/2154
f 4881/3202/2154 4878/3204/2154 5008/3238/2154
f 4869/3208/2154 4866/3206/2154 5005/3239/2154
f 4843/3085/2154 4850/3082/2154 5004/3210/2154
f 4850/3082/2154 4862/3073/2154 5003/3211/2154
f 4856/3055/2154 5002/3230/2154 5003/3211/2154
f 4843/3085/2154 5001/3209/2154 4976/3212/2154
f 4827/3049/2154 4832/3213/2154 4999/3240/2154
f 5055/3043/2154 4827/3049/2154 4998/3214/2154
f 4820/3216/2154 4996/3241/2154 5074/3217/2154
f 4787/2715/2154 4995/3232/2154 4979/3218/2154
f 4761/2883/2154 4994/3222/2154 4981/3219/2154
f 4704/2718/2154 4993/3234/2154 4987/3220/2154
f 4617/3142/2154 4691/3141/2154 4992/3224/2154
f 4684/2831/2154 4991/3223/2154 4994/3222/2154
f 4981/2722/2156 4996/2721/2156 4820/3053/2156
f 4977/2858/2151 4976/2857/2151 5011/2845/2151
f 4978/2858/2156 5000/2857/2156 4837/2859/2156
f 4666/3137/2154 4990/3228/2154 4991/3223/2154
f 4659/2815/2154 4989/3225/2154 4992/3224/2154
f 4659/2815/2154 4652/3138/2154 4988/3227/2154
f 4645/2904/2154 4987/3220/2154 4986/3226/2154
f 4984/2789/2151 5006/2788/2151 5041/2786/2151
f 4986/2789/2156 5008/2788/2156 4878/3198/2156
f 4652/3138/2154 4631/3144/2154 4985/3242/2154
f 4624/3136/2154 4984/3243/2154 4990/3228/2154
f 4837/3229/2154 5000/3244/2154 5002/3230/2154
f 4982/2722/2151 4997/2721/2151 5032/2866/2151
f 4600/3231/2154 4977/3245/2154 4995/3232/2154
f 4603/3233/2154 4980/3246/2154 4993/3234/2154
f 4605/3235/2154 4982/3247/2154 4978/3236/2154
f 5017/2787/2151 5032/2866/2151 4823/3237/2151
f 5019/2787/2151 5041/2786/2151 4867/2744/2151
f 5012/2846/2151 5011/2845/2151 4836/2992/2151
f 5020/2787/2151 5042/2786/2151 4871/2744/2151
f 5018/2787/2156 5040/2786/2156 5005/2788/2156
f 5010/3203/2154 5045/3098/2154 5042/3102/2154
f 5010/3203/2154 5009/3205/2154 5044/3096/2154
f 5008/3238/2154 5043/3095/2154 5044/3096/2154
f 5005/3239/2154 5040/3090/2154 5041/3091/2154
f 5001/3209/2154 5004/3210/2154 5039/3081/2154
f 5003/3211/2154 5038/3076/2154 5039/3081/2154
f 5002/3230/2154 5037/2729/2154 5038/3076/2154
f 5001/3209/2154 5036/3067/2154 5011/3068/2154
f 5074/3217/2155 5086/3217/2155 5084/3240/2155
f 5033/3044/2153 5079/3044/2153 5087/3050/2153
f 4996/3241/2154 5031/3031/2154 5075/3033/2154
f 4995/3232/2154 5030/2708/2154 5014/3008/2154
f 4994/3222/2154 5029/2882/2154 5016/2971/2154
f 4993/3234/2154 5028/2705/2154 5022/2803/2154
f 4992/3224/2154 5027/2825/2154 5018/2889/2154
f 4991/3223/2154 5026/2834/2154 5029/2882/2154
f 5016/2787/2156 5031/2866/2156 4996/2721/2156
f 5013/2846/2156 5035/2845/2156 5000/2857/2156
f 4991/3223/2154 4990/3228/2154 5025/2758/2154
f 4989/3225/2154 5024/2814/2154 5027/2825/2154
f 4989/3225/2154 4988/3227/2154 5023/2774/2154
f 4987/3220/2154 5022/2803/2154 5021/2804/2154
f 5021/2787/2156 5043/2786/2156 5008/2788/2156
f 4985/3242/2154 5020/2773/2154 5023/2774/2154
f 4984/3243/2154 5019/2756/2154 5025/2758/2154
f 5000/3244/2154 5035/2728/2154 5037/2729/2154
f 4977/3245/2154 5012/2706/2154 5030/2708/2154
f 4980/3246/2154 5015/2703/2154 5028/2705/2154
f 4982/3247/2154 5017/2697/2154 5013/2699/2154
f 5061/3215/2154 5062/3046/2154 5032/3248/2154
f 5055/3043/2154 5061/3215/2154 4997/3249/2154
f 5050/2979/2155 5059/2999/2155 4937/3187/2155
f 5059/3159/2154 5060/3158/2154 4953/3251/2154
f 5052/2979/2155 5058/3027/2155 4906/3252/2155
f 5057/3108/2154 5058/3107/2154 4898/3253/2154
f 5062/3046/2154 5054/3045/2154 4823/3254/2154
f 5056/3040/2154 5055/3043/2154 4822/3250/2154
f 5053/3041/2154 5056/3040/2154 4826/3255/2154
f 5051/2979/2153 5057/3027/2153 4885/3131/2153
f 5051/2979/2153 5060/2999/2153 4962/2944/2153
f 5048/2979/2155 5054/2978/2155 4824/3257/2155
f 5047/2876/2154 5050/2912/2154 4711/3258/2154
f 5049/2868/2154 5047/2876/2154 4587/2928/2154
f 5052/2874/2154 5046/2873/2154 4586/3259/2154
f 5048/2869/2154 5049/2868/2154 4599/2694/2154
f 5034/3050/2153 5087/3050/2153 5089/3033/2153
f 5072/3035/2154 5074/3217/2154 4999/3240/2154
f 5070/3038/2154 5073/3036/2154 4833/3048/2154
f 5073/3036/2154 5072/3035/2154 4832/3213/2154
f 5075/3033/2154 5071/3032/2154 4831/3260/2154
f 5068/2962/2154 5069/2691/2154 4814/2982/2154
f 4772/3261/2154 5067/2931/2154 5068/2962/2154
f 4767/2973/2154 5064/2687/2154 5067/2931/2154
f 5065/2864/2155 5071/2863/2155 4821/3262/2155
f 4768/2980/2154 5065/2711/2154 5066/2688/2154
f 5069/2691/2154 5063/2690/2154 4766/3264/2154
f 4769/2984/2154 5066/2688/2154 5064/2687/2154
f 5088/3265/2155 5093/3265/2155 5095/3266/2155
f 5077/3267/2153 5092/3267/2153 5098/3268/2153
f 5082/3268/2151 5098/3268/2151 5099/3269/2151
f 5061/3215/2156 5090/3215/2156 5091/3046/2156
f 4999/3240/2155 5084/3240/2155 5085/3214/2155
f 4998/3214/2155 5085/3214/2155 5090/3215/2155
f 5075/3033/2151 5089/3033/2151 5086/3217/2151
f 5062/3046/2153 5091/3046/2153 5079/3044/2153
f 5077/3267/2154 5085/3277/2154 5084/3270/2154
f 5078/3272/2154 5076/3271/2154 5084/3270/2154
f 5080/3266/2154 5087/3276/2154 5079/3274/2154
f 5081/3275/2154 5089/3280/2154 5087/3276/2154
f 5082/3268/2154 5090/3279/2154 5085/3277/2154
f 5083/3269/2154 5088/3265/2154 5079/3274/2154
f 5082/3268/2154 5083/3269/2154 5091/3278/2154
f 5078/3272/2154 5086/3273/2154 5089/3280/2154
f 5092/3267/2154 5094/3271/2154 5095/3266/2154
f 5092/3267/2154 5093/3265/2154 5099/3269/2154
f 5094/3271/2154 5096/3272/2154 5097/3275/2154
f 5076/3271/2153 5094/3271/2153 5092/3267/2153
f 5081/3275/2156 5097/3275/2156 5096/3272/2156
f 5083/3269/2155 5099/3269/2155 5093/3265/2155
f 5080/3266/2155 5095/3266/2155 5097/3275/2155
f 5078/3272/2153 5096/3272/2153 5094/3271/2153
f 5322/2671/2156 5104/3297/2156 5230/2672/2156
f 5321/2674/2156 5101/2851/2156 5313/2675/2156
f 5124/2677/2156 5102/2918/2156 5312/2678/2156
f 5323/2680/2156 5105/2693/2156 5200/2681/2156
f 5127/2683/2156 5109/2934/2156 5231/2684/2156
f 5128/2686/2156 5114/2930/2156 5594/2687/2156
f 5325/2689/2156 5113/2972/2156 5593/2690/2156
f 5326/2692/2156 5116/3259/2156 5105/2693/2156
f 5129/2694/2156 5117/2928/2156 5106/2695/2156
f 5547/2697/2156 5123/2709/2156 5119/2698/2156
f 5368/2700/2156 5207/2870/2156 5385/2701/2156
f 5545/2703/2156 5121/2712/2156 5232/2704/2156
f 5542/2706/2156 5118/2713/2156 5315/2707/2156
f 5123/2709/2156 5129/2694/2156 5125/2696/2156
f 5122/2710/2156 5128/2686/2156 5596/2688/2156
f 5121/2712/2156 5127/2683/2156 5233/2685/2156
f 5118/2713/2156 5124/2677/2156 5316/2679/2156
f 5136/2714/2156 5130/3231/2156 5317/2715/2156
f 5139/2717/2156 5133/3233/2156 5234/2718/2156
f 5135/2720/2154 5352/3053/2154 5527/2721/2154
f 5141/2723/2156 5135/3235/2156 5131/2724/2156
f 5115/2726/2156 5141/2723/2156 5137/2725/2156
f 5565/2728/2156 5368/2700/2156 5384/2702/2156
f 5107/2730/2156 5139/2717/2156 5235/2719/2156
f 5100/2732/2156 5136/2714/2156 5318/2716/2156
f 5142/2734/2156 5148/2893/2156 5155/2735/2156
f 5277/2737/2153 5489/2954/2153 5485/2738/2153
f 5337/2740/2152 5436/3020/2152 5414/2741/2152
f 5146/2743/2152 5395/2941/2152 5394/2744/2152
f 5146/2746/2156 5144/2887/2156 5151/2747/2156
f 5327/2749/2156 5143/2886/2156 5150/2750/2156
f 5328/2751/2156 5150/2750/2156 5192/2752/2156
f 5153/2748/2156 5151/2747/2156 5193/2754/2156
f 5549/2756/2156 5152/2759/2156 5194/2757/2156
f 5152/2759/2156 5153/2748/2156 5195/2755/2156
f 5319/2760/2152 5504/3188/2152 5505/2761/2152
f 5149/2736/2156 5155/2735/2156 5197/2762/2156
f 5156/2764/2156 5162/2937/2156 5183/2765/2156
f 5222/2767/2155 5442/2900/2155 5443/2768/2155
f 5159/2770/2156 5160/2775/2156 5181/2771/2156
f 5550/2773/2156 5159/2770/2156 5180/2772/2156
f 5160/2775/2156 5158/2924/2156 5179/2776/2156
f 5329/2777/2156 5157/2942/2156 5178/2778/2156
f 5163/2780/2156 5169/2797/2156 5228/2781/2156
f 5262/2783/2155 5448/2938/2155 5449/2784/2155
f 5166/2745/2152 5406/2744/2152 5573/2786/2152
f 5154/2720/2154 5399/3198/2154 5536/2788/2154
f 5167/2790/2156 5165/2806/2156 5225/2791/2156
f 5330/2793/2156 5164/2808/2156 5224/2794/2156
f 5170/2796/2156 5176/2903/2156 5169/2797/2156
f 5238/2798/2155 5477/2950/2155 5479/2799/2155
f 5173/2801/2156 5174/2805/2156 5167/2790/2156
f 5552/2803/2156 5173/2801/2156 5166/2802/2156
f 5174/2805/2156 5172/2905/2156 5165/2806/2156
f 5331/2807/2156 5171/2906/2156 5164/2808/2156
f 5332/2779/2156 5178/2778/2156 5185/2809/2156
f 5181/2771/2156 5179/2776/2156 5186/2811/2156
f 5553/2774/2156 5180/2772/2156 5187/2813/2156
f 5180/2772/2156 5181/2771/2156 5188/2812/2156
f 5183/2765/2156 5182/3138/2156 5189/2815/2156
f 5177/2766/2156 5183/2765/2156 5190/2816/2156
f 5184/2817/2156 5190/2816/2156 5222/2818/2156
f 5320/2820/2153 5505/2946/2153 5481/2821/2153
f 5187/2813/2156 5188/2812/2156 5220/2823/2156
f 5554/2814/2156 5187/2813/2156 5219/2824/2156
f 5188/2812/2156 5186/2811/2156 5218/2826/2156
f 5333/2810/2156 5185/2809/2156 5217/2827/2156
f 5191/2763/2156 5197/2762/2156 5215/2829/2156
f 5197/2762/2156 5196/3137/2156 5214/2831/2156
f 5194/2757/2156 5195/2755/2156 5213/2832/2156
f 5555/2758/2156 5194/2757/2156 5212/2833/2156
f 5195/2755/2156 5193/2754/2156 5211/2835/2156
f 5334/2753/2156 5192/2752/2156 5210/2836/2156
f 5106/2838/2152 5364/2996/2152 5207/2839/2152
f 5199/2841/2155 5208/2853/2155 5377/2842/2155
f 5119/2844/2152 5368/2992/2152 5565/2845/2152
f 5131/2847/2152 5367/2859/2152 5372/2848/2152
f 5335/2850/2156 5198/2997/2156 5101/2851/2156
f 5102/2852/2155 5202/3298/2155 5208/2853/2155
f 5201/2854/2155 5383/2995/2155 5364/2855/2155
f 5130/2847/2154 5365/2859/2154 5506/2857/2154
f 5136/2849/2154 5371/2848/2154 5365/2859/2154
f 5336/2682/2156 5200/2681/2156 5304/2860/2156
f 5298/2862/2155 5361/2981/2155 5601/2863/2155
f 5122/2865/2152 5351/3237/2152 5561/2866/2152
f 5205/2867/2156 5206/2875/2156 5579/2868/2156
f 5207/2870/2156 5364/3282/2156 5383/2871/2156
f 5337/2872/2156 5203/2983/2156 5576/2873/2156
f 5206/2875/2156 5204/2911/2156 5577/2876/2156
f 5338/2837/2156 5210/2836/2156 5287/2877/2156
f 5213/2832/2156 5211/2835/2156 5288/2879/2156
f 5556/2834/2156 5212/2833/2156 5289/2881/2156
f 5212/2833/2156 5213/2832/2156 5290/2880/2156
f 5215/2829/2156 5214/2831/2156 5291/2883/2156
f 5209/2830/2156 5215/2829/2156 5292/2884/2156
f 5339/2828/2156 5217/2827/2156 5143/2886/2156
f 5220/2823/2156 5218/2826/2156 5144/2887/2156
f 5557/2825/2156 5219/2824/2156 5145/2888/2156
f 5219/2824/2156 5220/2823/2156 5146/2746/2156
f 5283/2890/2153 5495/2960/2153 5486/2891/2153
f 5216/2819/2156 5222/2818/2156 5148/2893/2156
f 5340/2795/2156 5224/2794/2156 5258/2894/2156
f 5226/2792/2156 5225/2791/2156 5259/2896/2156
f 5168/2892/2153 5408/3023/2153 5411/2898/2153
f 5227/2890/2153 5411/2898/2153 5404/2899/2153
f 5147/2769/2153 5441/2768/2153 5440/2900/2153
f 5223/2782/2156 5228/2781/2156 5262/2901/2156
f 5229/2731/2156 5235/2719/2156 5176/2903/2156
f 5235/2719/2156 5234/2718/2156 5175/2904/2156
f 5232/2704/2156 5233/2685/2156 5174/2805/2156
f 5558/2705/2156 5232/2704/2156 5173/2801/2156
f 5233/2685/2156 5231/2684/2156 5172/2905/2156
f 5341/2673/2156 5230/2672/2156 5171/2906/2156
f 5231/2684/2156 5256/2935/2156 5246/2907/2156
f 5225/2791/2156 5255/2923/2156 5263/2908/2156
f 5218/2826/2156 5254/2920/2156 5242/2909/2156
f 5211/2835/2156 5253/2919/2156 5293/2910/2156
f 5204/2911/2156 5252/2974/2156 5580/2912/2156
f 5201/2913/2156 5251/2932/2156 5306/2914/2156
f 5199/2916/2156 5250/2998/2156 5236/2917/2156
f 5193/2754/2156 5249/2926/2156 5253/2919/2156
f 5186/2811/2156 5248/2921/2156 5254/2920/2156
f 5179/2776/2156 5247/2925/2156 5248/2921/2156
f 5172/2905/2156 5246/2907/2156 5245/2922/2156
f 5165/2806/2156 5245/2922/2156 5255/2923/2156
f 5158/2924/2156 5244/2936/2156 5247/2925/2156
f 5151/2747/2156 5243/2927/2156 5249/2926/2156
f 5144/2887/2156 5242/2909/2156 5243/2927/2156
f 5117/2928/2156 5241/3258/2156 5238/2929/2156
f 5114/2930/2156 5240/2961/2156 5597/2931/2156
f 5106/2695/2156 5238/2929/2156 5251/2932/2156
f 5102/2918/2156 5236/2917/2156 5319/2933/2156
f 5109/2934/2156 5237/2965/2156 5256/2935/2156
f 5259/2896/2156 5263/2908/2156 5244/2936/2156
f 5257/2902/2156 5262/2901/2156 5162/2937/2156
f 5261/2783/2153 5161/2785/2153 5447/2784/2153
f 5277/2737/2153 5418/3026/2153 5419/2939/2153
f 5159/2745/2154 5401/2744/2154 5403/2941/2154
f 5260/2897/2156 5259/2896/2156 5158/2924/2156
f 5342/2895/2156 5258/2894/2156 5157/2942/2156
f 5263/2908/2156 5285/3017/2156 5272/2943/2156
f 5252/2945/2155 5302/2862/2155 5478/3189/2155
f 5236/2822/2155 5470/2821/2155 5504/2946/2155
f 5273/2892/2153 5486/2891/2153 5487/2947/2153
f 5241/2949/2155 5467/3187/2155 5477/2950/2155
f 5306/2760/2152 5502/3188/2152 5503/2761/2152
f 5242/2769/2155 5465/2768/2155 5476/2738/2155
f 5282/2767/2153 5494/2900/2153 5488/2951/2153
f 5307/2953/2153 5503/2956/2153 5491/2799/2153
f 5249/2737/2155 5243/2739/2155 5476/2738/2155
f 5247/2925/2156 5275/2957/2156 5276/2955/2156
f 5281/2940/2153 5493/3197/2153 5489/2954/2153
f 5251/2800/2155 5479/2799/2155 5502/2956/2155
f 5244/2936/2156 5272/2943/2156 5275/2957/2156
f 5264/2822/2153 5481/2821/2153 5490/2958/2153
f 5169/2892/2155 5453/2891/2155 5461/2960/2155
f 5245/2892/2155 5474/2891/2155 5475/2960/2155
f 5240/2961/2156 5268/2967/2156 5598/2962/2156
f 5278/2959/2153 5490/2958/2153 5498/2963/2153
f 5227/2890/2153 5460/2960/2153 5451/2891/2153
f 5237/2965/2156 5265/3030/2156 5284/2966/2156
f 5293/2910/2156 5294/3016/2156 5268/2967/2156
f 5288/2879/2156 5293/2910/2156 5240/2961/2156
f 5286/2885/2156 5292/2884/2156 5140/2968/2156
f 5292/2884/2156 5291/2883/2156 5134/2970/2156
f 5289/2881/2156 5290/2880/2156 5128/2686/2156
f 5559/2882/2156 5289/2881/2156 5122/2710/2156
f 5290/2880/2156 5288/2879/2156 5114/2930/2156
f 5343/2878/2156 5287/2877/2156 5113/2972/2156
f 5246/2948/2155 5463/2947/2155 5474/2891/2155
f 5297/2973/2156 5302/3261/2156 5252/2974/2156
f 5115/2975/2154 5349/3052/2154 5356/2976/2154
f 5123/2949/2155 5353/3299/2155 5584/2978/2155
f 5298/2980/2156 5299/2984/2156 5206/2875/2156
f 5298/2862/2155 5205/2945/2155 5354/3257/2155
f 5344/2982/2156 5296/3264/2156 5203/2983/2156
f 5299/2984/2156 5297/2973/2156 5204/2911/2156
f 5306/2914/2156 5307/3013/2156 5311/2985/2156
f 5305/2915/2156 5306/2914/2156 5310/2986/2156
f 5345/2861/2156 5304/2860/2156 5308/2988/2156
f 5309/2843/2155 5377/2842/2155 5389/2990/2155
f 5125/2840/2152 5207/2839/2152 5368/2992/2152
f 5137/2849/2152 5372/2848/2152 5374/2993/2152
f 5305/2991/2155 5389/2990/2155 5383/2995/2155
f 5118/2844/2154 5366/2992/2154 5295/2839/2154
f 5124/2840/2154 5295/2839/2154 5202/2996/2154
f 5100/2994/2154 5300/2993/2154 5371/2848/2154
f 5346/2989/2156 5308/2988/2156 5198/2997/2156
f 5309/2987/2156 5310/2986/2156 5250/2998/2156
f 5269/2949/2153 5483/3187/2153 5590/2999/2153
f 5319/2933/2156 5320/3011/2156 5267/3000/2156
f 5312/2678/2156 5319/2933/2156 5239/3001/2156
f 5314/2733/2156 5318/2716/2156 5138/3003/2156
f 5318/2716/2156 5317/2715/2156 5132/3005/2156
f 5315/2707/2156 5316/2679/2156 5126/3006/2156
f 5560/2708/2156 5315/2707/2156 5120/3007/2156
f 5316/2679/2156 5312/2678/2156 5108/3002/2156
f 5347/2676/2156 5313/2675/2156 5110/3009/2156
f 5320/3011/2156 5347/2676/2156 5324/3010/2156
f 5311/2985/2156 5346/2989/2156 5335/2850/2156
f 5307/3013/2156 5345/2861/2156 5346/2989/2156
f 5303/3014/2156 5344/2982/2156 5337/2872/2156
f 5294/3016/2156 5343/2878/2156 5325/2689/2156
f 5285/3017/2156 5342/2895/2156 5329/2777/2156
f 5284/2966/2156 5341/2673/2156 5331/2807/2156
f 5283/3019/2156 5340/2795/2156 5342/2895/2156
f 5279/2742/2154 5425/2741/2154 5435/3020/2154
f 5281/3021/2156 5338/2837/2156 5343/2878/2156
f 5167/2743/2152 5407/2941/2152 5406/2744/2152
f 5279/3022/2156 5336/2682/2156 5345/2861/2156
f 5226/2890/2155 5410/2898/2155 5407/3023/2155
f 5260/2783/2155 5402/2899/2155 5410/2898/2155
f 5276/2955/2156 5333/2810/2156 5339/2828/2156
f 5275/2957/2156 5332/2779/2156 5333/2810/2156
f 5278/2959/2153 5416/3028/2153 5417/3025/2153
f 5335/2740/2152 5434/3020/2152 5416/2741/2152
f 5272/2943/2156 5329/2777/2156 5332/2779/2156
f 5264/2742/2154 5417/2741/2154 5426/3020/2154
f 5334/2737/2155 5338/2940/2155 5437/2939/2155
f 5280/2945/2153 5414/3252/2153 5587/3027/2153
f 5268/2967/2156 5325/2689/2156 5599/2691/2156
f 5321/2822/2155 5426/3025/2155 5434/3028/2155
f 5264/3029/2156 5321/2674/2156 5347/2676/2156
f 5265/3030/2156 5322/2671/2156 5341/2673/2156
f 5561/3031/2156 5351/3300/2156 5601/3032/2156
f 5355/3034/2156 5350/3216/2156 5602/3035/2156
f 5358/3037/2156 5355/3034/2156 5603/3036/2156
f 5348/3039/2156 5359/3042/2156 5586/3040/2156
f 5359/3042/2156 5357/3049/2156 5585/3043/2156
f 5563/3044/2156 5354/3051/2156 5584/3045/2156
f 5360/3047/2156 5363/3048/2156 5359/3042/2156
f 5363/3048/2156 5362/3213/2156 5357/3049/2156
f 5564/3050/2156 5361/3260/2156 5354/3051/2156
f 5134/2720/2152 5350/3053/2152 5355/2976/2152
f 5140/2977/2152 5355/2976/2152 5358/3052/2152
f 5141/2977/2154 5356/2976/2154 5352/3053/2154
f 5372/3054/2156 5367/3229/2156 5386/3055/2156
f 5374/3057/2156 5372/3054/2156 5387/3056/2156
f 5301/3059/2156 5375/3062/2156 5371/3060/2156
f 5375/3062/2156 5373/3085/2156 5365/3063/2156
f 5369/3064/2156 5370/3069/2156 5295/3065/2156
f 5566/3067/2156 5369/3064/2156 5366/3066/2156
f 5370/3069/2156 5208/3086/2156 5202/3070/2156
f 5382/3058/2156 5387/3056/2156 5393/3071/2156
f 5387/3056/2156 5386/3055/2156 5392/3073/2156
f 5384/2702/2156 5385/2701/2156 5391/3074/2156
f 5567/2729/2156 5384/2702/2156 5390/3075/2156
f 5385/2701/2156 5383/2871/2156 5389/3077/2156
f 5391/3074/2156 5389/3077/2156 5377/3078/2156
f 5568/3076/2156 5390/3075/2156 5378/3080/2156
f 5390/3075/2156 5391/3074/2156 5379/3079/2156
f 5393/3071/2156 5392/3073/2156 5380/3082/2156
f 5388/3072/2156 5393/3071/2156 5381/3083/2156
f 5376/3084/2156 5381/3083/2156 5375/3062/2156
f 5381/3083/2156 5380/3082/2156 5373/3085/2156
f 5378/3080/2156 5379/3079/2156 5370/3069/2156
f 5569/3081/2156 5378/3080/2156 5369/3064/2156
f 5379/3079/2156 5377/3078/2156 5208/3086/2156
f 5394/3087/2156 5395/3301/2156 5398/3088/2156
f 5570/3090/2156 5394/3087/2156 5397/3089/2156
f 5406/3092/2156 5407/3302/2156 5410/3093/2156
f 5573/3095/2156 5406/3092/2156 5409/3094/2156
f 5574/3096/2156 5409/3094/2156 5400/3097/2156
f 5409/3094/2156 5410/3093/2156 5402/3099/2156
f 5400/3097/2156 5402/3099/2156 5403/3100/2156
f 5575/3098/2156 5400/3097/2156 5401/3101/2156
f 5412/3103/2156 5438/3283/2156 5429/3104/2156
f 5414/3106/2156 5436/3303/2156 5588/3107/2156
f 5416/3109/2156 5434/3284/2156 5426/3110/2156
f 5418/3112/2156 5433/3121/2156 5437/3113/2156
f 5420/3115/2156 5432/3304/2156 5431/3116/2156
f 5421/3117/2156 5431/3116/2156 5439/3118/2156
f 5423/3120/2156 5430/3122/2156 5433/3121/2156
f 5413/3105/2156 5429/3104/2156 5430/3122/2156
f 5415/3123/2156 5428/3253/2156 5427/3124/2156
f 5424/3125/2156 5427/3124/2156 5435/3126/2156
f 5161/2720/2154 5405/3198/2154 5537/2788/2154
f 5330/2892/2155 5431/3023/2155 5432/3128/2155
f 5152/2745/2154 5397/2744/2154 5398/2941/2154
f 5145/2745/2152 5394/2744/2152 5570/2786/2152
f 5281/2742/2154 5419/2741/2154 5437/3020/2154
f 5340/2890/2155 5439/2898/2155 5431/3023/2155
f 5339/2740/2152 5438/3020/2152 5412/2741/2152
f 5274/2948/2153 5420/3128/2153 5421/3023/2153
f 5283/2742/2154 5422/2741/2154 5439/3020/2154
f 5334/2737/2155 5433/3026/2155 5430/3129/2155
f 5273/2892/2153 5421/3023/2153 5422/2898/2153
f 5328/2739/2155 5430/3129/2155 5429/3130/2155
f 5323/2798/2155 5427/3133/2155 5428/3131/2155
f 5271/2739/2153 5423/3129/2153 5418/3026/2153
f 5327/2769/2155 5429/3130/2155 5438/3132/2155
f 5270/2769/2153 5413/3130/2153 5423/3129/2153
f 5323/2798/2155 5336/2800/2155 5435/3135/2155
f 5269/2949/2153 5415/3131/2153 5424/3133/2153
f 5160/2785/2155 5403/3134/2155 5402/2899/2155
f 5331/2740/2152 5432/3020/2152 5420/2741/2152
f 5326/2949/2155 5428/3131/2155 5588/3027/2155
f 5282/2767/2153 5412/3132/2153 5413/3130/2153
f 5153/2739/2155 5398/3129/2155 5395/3130/2155
f 5261/2783/2153 5404/2899/2153 5405/3134/2153
f 5147/2769/2153 5396/3130/2153 5399/3129/2153
f 5266/2798/2153 5424/3133/2153 5425/3135/2153
f 5443/2893/2156 5441/3142/2156 5444/3136/2156
f 5445/2735/2156 5444/3136/2156 5458/3137/2156
f 5449/2937/2156 5447/3144/2156 5454/3138/2156
f 5453/2797/2156 5451/3140/2156 5460/3139/2156
f 5452/2903/2156 5450/2904/2156 5451/3140/2156
f 5456/2816/2156 5457/2815/2156 5440/3141/2156
f 5442/2818/2156 5440/3141/2156 5441/3142/2156
f 5461/2781/2156 5460/3139/2156 5446/3143/2156
f 5448/2901/2156 5446/3143/2156 5447/3144/2156
f 5462/3145/2156 5496/3305/2156 5487/3146/2156
f 5475/3148/2156 5495/3172/2156 5497/3149/2156
f 5464/3151/2156 5494/3169/2156 5484/3152/2156
f 5472/3154/2156 5493/3167/2156 5501/3155/2156
f 5466/3157/2156 5492/3183/2156 5590/3158/2156
f 5479/3160/2156 5491/3179/2156 5503/3161/2156
f 5469/3163/2156 5490/3185/2156 5481/3164/2156
f 5471/3166/2156 5489/3174/2156 5493/3167/2156
f 5473/3168/2156 5488/3306/2156 5494/3169/2156
f 5463/3147/2156 5487/3146/2156 5486/3170/2156
f 5474/3171/2156 5486/3170/2156 5495/3172/2156
f 5476/3173/2156 5485/3175/2156 5489/3174/2156
f 5465/3153/2156 5484/3152/2156 5485/3175/2156
f 5467/3176/2156 5483/3251/2156 5482/3177/2156
f 5477/3178/2156 5482/3177/2156 5491/3179/2156
f 5470/3165/2156 5481/3164/2156 5505/3180/2156
f 5478/3182/2156 5499/3281/2156 5492/3183/2156
f 5468/3184/2156 5498/3307/2156 5490/3185/2156
f 5189/2720/2154 5457/3194/2154 5456/3186/2154
f 5175/2720/2154 5450/3194/2154 5452/3186/2154
f 5271/2739/2153 5485/2738/2153 5484/2768/2153
f 5266/2798/2153 5482/2950/2153 5483/3187/2153
f 5276/2742/2154 5488/2761/2154 5473/3188/2154
f 5280/2945/2153 5492/2944/2153 5499/3189/2153
f 5279/2800/2153 5491/2799/2153 5482/2950/2153
f 5221/2767/2153 5440/2900/2153 5457/2951/2153
f 5190/2952/2155 5456/2951/2155 5442/2900/2155
f 5261/2783/2153 5446/2938/2153 5460/2960/2153
f 5303/2742/2154 5499/2761/2154 5478/3188/2154
f 5228/2890/2155 5461/2960/2155 5448/2938/2155
f 5256/3190/2155 5462/3193/2155 5463/2947/2155
f 5255/2890/2155 5475/2960/2155 5480/2938/2155
f 5254/2767/2155 5464/2900/2155 5465/2768/2155
f 5284/2742/2154 5496/2761/2154 5462/3188/2154
f 5196/2737/2153 5458/2954/2153 5444/2738/2153
f 5182/3191/2153 5454/3192/2153 5447/2784/2153
f 5168/2892/2153 5451/2891/2153 5450/2947/2153
f 5154/2739/2153 5444/2738/2153 5441/2768/2153
f 5263/2760/2152 5480/3188/2152 5497/2761/2152
f 5155/2739/2155 5445/2738/2155 5459/2954/2155
f 5162/2785/2155 5449/2784/2155 5455/3192/2155
f 5580/2979/2155 5252/2945/2155 5466/2944/2155
f 5176/2948/2155 5452/2947/2155 5453/2891/2155
f 5148/2769/2155 5443/2768/2155 5445/2738/2155
f 5310/2964/2155 5468/2963/2155 5469/2958/2155
f 5274/2948/2153 5487/2947/2153 5496/3193/2153
f 5197/2977/2152 5459/3186/2152 5458/3194/2152
f 5250/2959/2155 5469/2958/2155 5470/2821/2155
f 5293/3196/2155 5253/2940/2155 5472/3197/2155
f 5285/2783/2153 5497/2938/2153 5495/2960/2153
f 5253/2940/2155 5249/2737/2155 5471/2954/2155
f 5294/3196/2153 5501/3195/2153 5493/3197/2153
f 5270/2769/2153 5484/2768/2153 5494/2900/2153
f 5311/2742/2154 5498/2761/2154 5468/3188/2154
f 5248/2952/2155 5473/2951/2155 5464/2900/2155
f 5293/2760/2152 5500/3188/2152 5501/2761/2152
f 5183/2977/2152 5455/3186/2152 5454/3194/2152
f 5147/2720/2152 5513/2789/2152 5535/2788/2152
f 5515/2789/2154 5537/2788/2154 5572/2786/2154
f 5404/3199/2156 5540/3203/2156 5537/3200/2156
f 5411/3202/2156 5539/3205/2156 5540/3203/2156
f 5408/3204/2156 5538/3238/2156 5539/3205/2156
f 5396/3206/2156 5535/3239/2156 5536/3207/2156
f 5380/3082/2156 5534/3210/2156 5531/3209/2156
f 5392/3073/2156 5533/3211/2156 5534/3210/2156
f 5386/3055/2156 5532/3230/2156 5533/3211/2156
f 5373/3085/2156 5531/3209/2156 5506/3212/2156
f 5362/3213/2156 5529/3240/2156 5528/3214/2156
f 5357/3049/2156 5528/3214/2156 5591/3215/2156
f 5350/3216/2156 5526/3241/2156 5604/3217/2156
f 5317/2715/2156 5525/3232/2156 5509/3218/2156
f 5291/2883/2156 5524/3222/2156 5511/3219/2156
f 5234/2718/2156 5523/3234/2156 5517/3220/2156
f 5221/3141/2156 5522/3224/2156 5513/3221/2156
f 5214/2831/2156 5521/3223/2156 5524/3222/2156
f 5511/2722/2152 5526/2721/2152 5350/3053/2152
f 5507/2858/2154 5506/2857/2154 5541/2845/2154
f 5508/2858/2152 5530/2857/2152 5367/2859/2152
f 5196/3137/2156 5520/3228/2156 5521/3223/2156
f 5189/2815/2156 5519/3225/2156 5522/3224/2156
f 5182/3138/2156 5518/3227/2156 5519/3225/2156
f 5175/2904/2156 5517/3220/2156 5516/3226/2156
f 5514/2789/2154 5536/2788/2154 5571/2786/2154
f 5516/2789/2152 5538/2788/2152 5408/3198/2152
f 5161/3144/2156 5515/3242/2156 5518/3227/2156
f 5154/3136/2156 5514/3243/2156 5520/3228/2156
f 5367/3229/2156 5530/3244/2156 5532/3230/2156
f 5512/2722/2154 5527/2721/2154 5562/2866/2154
f 5130/3231/2156 5507/3245/2156 5525/3232/2156
f 5133/3233/2156 5510/3246/2156 5523/3234/2156
f 5135/3235/2156 5512/3247/2156 5508/3236/2156
f 5547/2787/2154 5562/2866/2154 5353/3237/2154
f 5549/2787/2154 5571/2786/2154 5397/2744/2154
f 5542/2846/2154 5541/2845/2154 5366/2992/2154
f 5550/2787/2154 5572/2786/2154 5401/2744/2154
f 5548/2787/2152 5570/2786/2152 5535/2788/2152
f 5540/3203/2156 5575/3098/2156 5572/3102/2156
f 5539/3205/2156 5574/3096/2156 5575/3098/2156
f 5538/3238/2156 5573/3095/2156 5574/3096/2156
f 5535/3239/2156 5570/3090/2156 5571/3091/2156
f 5534/3210/2156 5569/3081/2156 5566/3067/2156
f 5533/3211/2156 5568/3076/2156 5569/3081/2156
f 5532/3230/2156 5567/2729/2156 5568/3076/2156
f 5531/3209/2156 5566/3067/2156 5541/3068/2156
f 5529/3240/2155 5604/3217/2155 5616/3217/2155
f 5563/3044/2153 5609/3044/2153 5617/3050/2153
f 5526/3241/2156 5561/3031/2156 5605/3033/2156
f 5525/3232/2156 5560/2708/2156 5544/3008/2156
f 5524/3222/2156 5559/2882/2156 5546/2971/2156
f 5523/3234/2156 5558/2705/2156 5552/2803/2156
f 5522/3224/2156 5557/2825/2156 5548/2889/2156
f 5521/3223/2156 5556/2834/2156 5559/2882/2156
f 5546/2787/2152 5561/2866/2152 5526/2721/2152
f 5543/2846/2152 5565/2845/2152 5530/2857/2152
f 5520/3228/2156 5555/2758/2156 5556/2834/2156
f 5519/3225/2156 5554/2814/2156 5557/2825/2156
f 5518/3227/2156 5553/2774/2156 5554/2814/2156
f 5517/3220/2156 5552/2803/2156 5551/2804/2156
f 5551/2787/2152 5573/2786/2152 5538/2788/2152
f 5515/3242/2156 5550/2773/2156 5553/2774/2156
f 5514/3243/2156 5549/2756/2156 5555/2758/2156
f 5530/3244/2156 5565/2728/2156 5567/2729/2156
f 5507/3245/2156 5542/2706/2156 5560/2708/2156
f 5510/3246/2156 5545/2703/2156 5558/2705/2156
f 5512/3247/2156 5547/2697/2156 5543/2699/2156
f 5591/3215/2156 5592/3046/2156 5562/3248/2156
f 5585/3043/2156 5591/3215/2156 5527/3249/2156
f 5580/2979/2155 5589/2999/2155 5467/3187/2155
f 5589/3159/2156 5590/3158/2156 5483/3251/2156
f 5582/2979/2155 5588/3027/2155 5436/3252/2155
f 5587/3108/2156 5588/3107/2156 5428/3253/2156
f 5592/3046/2156 5584/3045/2156 5353/3254/2156
f 5586/3040/2156 5585/3043/2156 5352/3250/2156
f 5583/3041/2156 5586/3040/2156 5356/3255/2156
f 5269/2949/2153 5581/2979/2153 5587/3027/2153
f 5581/2979/2153 5590/2999/2153 5492/2944/2153
f 5578/2979/2155 5584/2978/2155 5354/3257/2155
f 5577/2876/2156 5580/2912/2156 5241/3258/2156
f 5579/2868/2156 5577/2876/2156 5117/2928/2156
f 5582/2874/2156 5576/2873/2156 5116/3259/2156
f 5578/2869/2156 5579/2868/2156 5129/2694/2156
f 5564/3050/2153 5617/3050/2153 5619/3033/2153
f 5602/3035/2156 5604/3217/2156 5529/3240/2156
f 5600/3038/2156 5603/3036/2156 5363/3048/2156
f 5603/3036/2156 5602/3035/2156 5362/3213/2156
f 5605/3033/2156 5601/3032/2156 5361/3260/2156
f 5598/2962/2156 5599/2691/2156 5344/2982/2156
f 5597/2931/2156 5598/2962/2156 5303/3014/2156
f 5594/2687/2156 5597/2931/2156 5302/3261/2156
f 5122/3263/2155 5595/2864/2155 5601/2863/2155
f 5595/2711/2156 5596/2688/2156 5299/2984/2156
f 5599/2691/2156 5593/2690/2156 5296/3264/2156
f 5596/2688/2156 5594/2687/2156 5297/2973/2156
f 5610/3266/2155 5618/3265/2155 5623/3265/2155
f 5607/3267/2153 5622/3267/2153 5628/3268/2153
f 5612/3268/2154 5628/3268/2154 5629/3269/2154
f 5591/3215/2152 5620/3215/2152 5621/3046/2152
f 5528/3214/2155 5529/3240/2155 5614/3240/2155
f 5528/3214/2155 5615/3214/2155 5620/3215/2155
f 5605/3033/2154 5619/3033/2154 5616/3217/2154
f 5592/3046/2153 5621/3046/2153 5609/3044/2153
f 5607/3267/2156 5615/3277/2156 5614/3270/2156
f 5608/3272/2156 5606/3271/2156 5614/3270/2156
f 5610/3266/2156 5617/3276/2156 5609/3274/2156
f 5611/3275/2156 5619/3280/2156 5617/3276/2156
f 5612/3268/2156 5620/3279/2156 5615/3277/2156
f 5613/3269/2156 5618/3265/2156 5609/3274/2156
f 5612/3268/2156 5613/3269/2156 5621/3278/2156
f 5608/3272/2156 5616/3273/2156 5619/3280/2156
f 5624/3271/2156 5625/3266/2156 5623/3265/2156
f 5622/3267/2156 5623/3265/2156 5629/3269/2156
f 5626/3272/2156 5627/3275/2156 5625/3266/2156
f 5606/3271/2153 5624/3271/2153 5622/3267/2153
f 5611/3275/2152 5627/3275/2152 5626/3272/2152
f 5613/3269/2155 5629/3269/2155 5623/3265/2155
f 5610/3266/2155 5625/3266/2155 5627/3275/2155
f 5608/3272/2153 5626/3272/2153 5624/3271/2153
f 5852/2671/2152 5634/3297/2152 5760/2672/2152
f 5851/2674/2152 5631/2851/2152 5843/2675/2152
f 5654/2677/2152 5632/2918/2152 5842/2678/2152
f 5853/2680/2152 5635/2693/2152 5730/2681/2152
f 5763/2685/2152 5657/2683/2152 5639/2934/2152
f 5658/2686/2152 5644/2930/2152 6124/2687/2152
f 5855/2689/2152 5643/2972/2152 6123/2690/2152
f 5856/2692/2152 5646/3259/2152 5635/2693/2152
f 5659/2694/2152 5647/2928/2152 5636/2695/2152
f 6077/2697/2152 5653/2709/2152 5649/2698/2152
f 5914/2702/2152 5898/2700/2152 5737/2870/2152
f 6088/2705/2152 6075/2703/2152 5651/2712/2152
f 6072/2706/2152 5648/2713/2152 5845/2707/2152
f 5653/2709/2152 5659/2694/2152 5655/2696/2152
f 5652/2710/2152 5658/2686/2152 6126/2688/2152
f 5651/2712/2152 5657/2683/2152 5763/2685/2152
f 5648/2713/2152 5654/2677/2152 5846/2679/2152
f 5666/2714/2152 5660/3231/2152 5847/2715/2152
f 5669/2717/2152 5663/3233/2152 5764/2718/2152
f 5665/2720/2156 5882/3053/2156 6057/2721/2156
f 5671/2723/2152 5665/3235/2152 5661/2724/2152
f 5645/2726/2152 5671/2723/2152 5667/2725/2152
f 6097/2729/2152 6095/2728/2152 5898/2700/2152
f 5637/2730/2152 5669/2717/2152 5765/2719/2152
f 5630/2732/2152 5666/2714/2152 5848/2716/2152
f 5672/2734/2152 5678/2893/2152 5685/2735/2152
f 5807/2737/2153 6019/2954/2153 6015/2738/2153
f 5867/2740/2151 5966/3020/2151 5944/2741/2151
f 5676/2743/2151 5925/2941/2151 5924/2744/2151
f 5683/2748/2152 5676/2746/2152 5674/2887/2152
f 5857/2749/2152 5673/2886/2152 5680/2750/2152
f 5858/2751/2152 5680/2750/2152 5722/2752/2152
f 5683/2748/2152 5681/2747/2152 5723/2754/2152
f 6079/2756/2152 5682/2759/2152 5724/2757/2152
f 5682/2759/2152 5683/2748/2152 5725/2755/2152
f 5849/2760/2151 6034/3188/2151 6035/2761/2151
f 5679/2736/2152 5685/2735/2152 5727/2762/2152
f 5686/2764/2152 5692/2937/2152 5713/2765/2152
f 5752/2767/2155 5972/2900/2155 5973/2768/2155
f 5689/2770/2152 5690/2775/2152 5711/2771/2152
f 6080/2773/2152 5689/2770/2152 5710/2772/2152
f 5690/2775/2152 5688/2924/2152 5709/2776/2152
f 5859/2777/2152 5687/2942/2152 5708/2778/2152
f 5693/2780/2152 5699/2797/2152 5758/2781/2152
f 5792/2783/2155 5978/2938/2155 5979/2784/2155
f 5696/2745/2151 5936/2744/2151 6103/2786/2151
f 5684/2720/2156 5929/3198/2156 6066/2788/2156
f 5697/2790/2152 5695/2806/2152 5755/2791/2152
f 5870/2795/2152 5860/2793/2152 5694/2808/2152
f 5693/2780/2152 5700/2796/2152 5706/2903/2152
f 5768/2798/2155 6007/2950/2155 6009/2799/2155
f 5703/2801/2152 5704/2805/2152 5697/2790/2152
f 6082/2803/2152 5703/2801/2152 5696/2802/2152
f 5704/2805/2152 5702/2905/2152 5695/2806/2152
f 5861/2807/2152 5701/2906/2152 5694/2808/2152
f 5862/2779/2152 5708/2778/2152 5715/2809/2152
f 5711/2771/2152 5709/2776/2152 5716/2811/2152
f 6083/2774/2152 5710/2772/2152 5717/2813/2152
f 5710/2772/2152 5711/2771/2152 5718/2812/2152
f 5713/2765/2152 5712/3138/2152 5719/2815/2152
f 5707/2766/2152 5713/2765/2152 5720/2816/2152
f 5746/2819/2152 5714/2817/2152 5720/2816/2152
f 5850/2820/2153 6035/2946/2153 6011/2821/2153
f 5717/2813/2152 5718/2812/2152 5750/2823/2152
f 6084/2814/2152 5717/2813/2152 5749/2824/2152
f 5718/2812/2152 5716/2811/2152 5748/2826/2152
f 5863/2810/2152 5715/2809/2152 5747/2827/2152
f 5721/2763/2152 5727/2762/2152 5745/2829/2152
f 5727/2762/2152 5726/3137/2152 5744/2831/2152
f 5724/2757/2152 5725/2755/2152 5743/2832/2152
f 6085/2758/2152 5724/2757/2152 5742/2833/2152
f 5725/2755/2152 5723/2754/2152 5741/2835/2152
f 5864/2753/2152 5722/2752/2152 5740/2836/2152
f 5636/2838/2151 5894/2996/2151 5737/2839/2151
f 5729/2841/2155 5738/2853/2155 5907/2842/2155
f 5649/2844/2151 5898/2992/2151 6095/2845/2151
f 5661/2847/2151 5897/2859/2151 5902/2848/2151
f 5851/2674/2152 5865/2850/2152 5728/2997/2152
f 5632/2852/2155 5732/3298/2155 5738/2853/2155
f 5731/2854/2155 5913/2995/2155 5894/2855/2155
f 5660/2847/2156 5895/2859/2156 6036/2857/2156
f 5666/2849/2156 5901/2848/2156 5895/2859/2156
f 5866/2682/2152 5730/2681/2152 5834/2860/2152
f 5828/2862/2155 5891/2981/2155 6131/2863/2155
f 5652/2865/2151 5881/3237/2151 6091/2866/2151
f 5735/2867/2152 5736/2875/2152 6109/2868/2152
f 5915/2701/2152 5737/2870/2152 5894/3282/2152
f 5867/2872/2152 5733/2983/2152 6106/2873/2152
f 5736/2875/2152 5734/2911/2152 6107/2876/2152
f 5868/2837/2152 5740/2836/2152 5817/2877/2152
f 5743/2832/2152 5741/2835/2152 5818/2879/2152
f 6086/2834/2152 5742/2833/2152 5819/2881/2152
f 5742/2833/2152 5743/2832/2152 5820/2880/2152
f 5745/2829/2152 5744/2831/2152 5821/2883/2152
f 5739/2830/2152 5745/2829/2152 5822/2884/2152
f 5869/2828/2152 5747/2827/2152 5673/2886/2152
f 5750/2823/2152 5748/2826/2152 5674/2887/2152
f 6087/2825/2152 5749/2824/2152 5675/2888/2152
f 5749/2824/2152 5750/2823/2152 5676/2746/2152
f 5813/2890/2153 6025/2960/2153 6016/2891/2153
f 5746/2819/2152 5752/2818/2152 5678/2893/2152
f 5870/2795/2152 5754/2794/2152 5788/2894/2152
f 5756/2792/2152 5755/2791/2152 5789/2896/2152
f 5698/2892/2153 5938/3023/2153 5941/2898/2153
f 5757/2890/2153 5941/2898/2153 5934/2899/2153
f 5677/2769/2153 5971/2768/2153 5970/2900/2153
f 5787/2902/2152 5753/2782/2152 5758/2781/2152
f 5759/2731/2152 5765/2719/2152 5706/2903/2152
f 5765/2719/2152 5764/2718/2152 5705/2904/2152
f 5762/2704/2152 5763/2685/2152 5704/2805/2152
f 6088/2705/2152 5762/2704/2152 5703/2801/2152
f 5763/2685/2152 5761/2684/2152 5702/2905/2152
f 5871/2673/2152 5760/2672/2152 5701/2906/2152
f 5761/2684/2152 5786/2935/2152 5776/2907/2152
f 5755/2791/2152 5785/2923/2152 5793/2908/2152
f 5748/2826/2152 5784/2920/2152 5772/2909/2152
f 5741/2835/2152 5783/2919/2152 5823/2910/2152
f 5734/2911/2152 5782/2974/2152 6110/2912/2152
f 5731/2913/2152 5781/2932/2152 5836/2914/2152
f 5729/2916/2152 5780/2998/2152 5766/2917/2152
f 5723/2754/2152 5779/2926/2152 5783/2919/2152
f 5716/2811/2152 5778/2921/2152 5784/2920/2152
f 5709/2776/2152 5777/2925/2152 5778/2921/2152
f 5702/2905/2152 5776/2907/2152 5775/2922/2152
f 5695/2806/2152 5775/2922/2152 5785/2923/2152
f 5688/2924/2152 5774/2936/2152 5777/2925/2152
f 5681/2747/2152 5773/2927/2152 5779/2926/2152
f 5674/2887/2152 5772/2909/2152 5773/2927/2152
f 5647/2928/2152 5771/3258/2152 5768/2929/2152
f 5644/2930/2152 5770/2961/2152 6127/2931/2152
f 5731/2913/2152 5636/2695/2152 5768/2929/2152
f 5632/2918/2152 5766/2917/2152 5849/2933/2152
f 5639/2934/2152 5767/2965/2152 5786/2935/2152
f 5789/2896/2152 5793/2908/2152 5774/2936/2152
f 5686/2764/2152 5787/2902/2152 5792/2901/2152
f 5691/2785/2153 5977/2784/2153 5976/2938/2153
f 5807/2737/2153 5948/3026/2153 5949/2939/2153
f 5689/2745/2156 5931/2744/2156 5933/2941/2156
f 5790/2897/2152 5789/2896/2152 5688/2924/2152
f 5872/2895/2152 5788/2894/2152 5687/2942/2152
f 5793/2908/2152 5815/3017/2152 5802/2943/2152
f 5832/2862/2155 6008/3189/2155 5996/2944/2155
f 5766/2822/2155 6000/2821/2155 6034/2946/2155
f 5803/2892/2153 6016/2891/2153 6017/2947/2153
f 5771/2949/2155 5997/3187/2155 6007/2950/2155
f 5836/2760/2151 6032/3188/2151 6033/2761/2151
f 5772/2769/2155 5995/2768/2155 6006/2738/2155
f 5812/2767/2153 6024/2900/2153 6018/2951/2153
f 5837/2953/2153 6033/2956/2153 6021/2799/2153
f 5773/2739/2155 6006/2738/2155 6001/2954/2155
f 5777/2925/2152 5805/2957/2152 5806/2955/2152
f 5811/2940/2153 6023/3197/2153 6019/2954/2153
f 5781/2800/2155 6009/2799/2155 6032/2956/2155
f 5774/2936/2152 5802/2943/2152 5805/2957/2152
f 5794/2822/2153 6011/2821/2153 6020/2958/2153
f 5699/2892/2155 5983/2891/2155 5991/2960/2155
f 5775/2892/2155 6004/2891/2155 6005/2960/2155
f 5770/2961/2152 5798/2967/2152 6128/2962/2152
f 5808/2959/2153 6020/2958/2153 6028/2963/2153
f 5757/2890/2153 5990/2960/2153 5981/2891/2153
f 5767/2965/2152 5795/3030/2152 5814/2966/2152
f 5823/2910/2152 5824/3016/2152 5798/2967/2152
f 5818/2879/2152 5823/2910/2152 5770/2961/2152
f 5816/2885/2152 5822/2884/2152 5670/2968/2152
f 5822/2884/2152 5821/2883/2152 5664/2970/2152
f 5819/2881/2152 5820/2880/2152 5658/2686/2152
f 6089/2882/2152 5819/2881/2152 5652/2710/2152
f 5820/2880/2152 5818/2879/2152 5644/2930/2152
f 5873/2878/2152 5817/2877/2152 5643/2972/2152
f 5776/2948/2155 5993/2947/2155 6004/2891/2155
f 5827/2973/2152 5832/3261/2152 5782/2974/2152
f 5645/2975/2156 5879/3052/2156 5886/2976/2156
f 5653/2949/2155 5883/3299/2155 6114/2978/2155
f 5828/2980/2152 5829/2984/2152 5736/2875/2152
f 5735/2945/2155 5884/3257/2155 5891/2981/2155
f 5874/2982/2152 5826/3264/2152 5733/2983/2152
f 5829/2984/2152 5827/2973/2152 5734/2911/2152
f 5836/2914/2152 5837/3013/2152 5841/2985/2152
f 5835/2915/2152 5836/2914/2152 5840/2986/2152
f 5875/2861/2152 5834/2860/2152 5838/2988/2152
f 5839/2843/2155 5907/2842/2155 5919/2990/2155
f 5655/2840/2151 5737/2839/2151 5898/2992/2151
f 5667/2849/2151 5902/2848/2151 5904/2993/2151
f 5835/2991/2155 5919/2990/2155 5913/2995/2155
f 5648/2844/2156 5896/2992/2156 5825/2839/2156
f 5654/2840/2156 5825/2839/2156 5732/2996/2156
f 5630/2994/2156 5830/2993/2156 5901/2848/2156
f 5876/2989/2152 5838/2988/2152 5728/2997/2152
f 5839/2987/2152 5840/2986/2152 5780/2998/2152
f 5799/2949/2153 6013/3187/2153 6120/2999/2153
f 5849/2933/2152 5850/3011/2152 5797/3000/2152
f 5842/2678/2152 5849/2933/2152 5769/3001/2152
f 5844/2733/2152 5848/2716/2152 5668/3003/2152
f 5848/2716/2152 5847/2715/2152 5662/3005/2152
f 5845/2707/2152 5846/2679/2152 5656/3006/2152
f 6090/2708/2152 5845/2707/2152 5650/3007/2152
f 5656/3006/2152 5846/2679/2152 5842/2678/2152
f 5877/2676/2152 5843/2675/2152 5640/3009/2152
f 5850/3011/2152 5877/2676/2152 5854/3010/2152
f 5841/2985/2152 5876/2989/2152 5865/2850/2152
f 5837/3013/2152 5875/2861/2152 5876/2989/2152
f 5833/3014/2152 5874/2982/2152 5867/2872/2152
f 5824/3016/2152 5873/2878/2152 5855/2689/2152
f 5815/3017/2152 5872/2895/2152 5859/2777/2152
f 5814/2966/2152 5871/2673/2152 5861/2807/2152
f 5813/3019/2152 5870/2795/2152 5872/2895/2152
f 5809/2742/2156 5955/2741/2156 5965/3020/2156
f 5811/3021/2152 5868/2837/2152 5873/2878/2152
f 5697/2743/2151 5937/2941/2151 5936/2744/2151
f 5809/3022/2152 5866/2682/2152 5875/2861/2152
f 5756/2890/2155 5940/2898/2155 5937/3023/2155
f 5790/2783/2155 5932/2899/2155 5940/2898/2155
f 5806/2955/2152 5863/2810/2152 5869/2828/2152
f 5805/2957/2152 5862/2779/2152 5863/2810/2152
f 5808/2959/2153 5946/3028/2153 5947/3025/2153
f 5865/2740/2151 5964/3020/2151 5946/2741/2151
f 5802/2943/2152 5859/2777/2152 5862/2779/2152
f 5794/2742/2156 5947/2741/2156 5956/3020/2156
f 5868/2940/2155 5967/2939/2155 5963/3026/2155
f 5810/2945/2153 5944/3252/2153 6117/3027/2153
f 5798/2967/2152 5855/2689/2152 6129/2691/2152
f 5851/2822/2155 5956/3025/2155 5964/3028/2155
f 5794/3029/2152 5851/2674/2152 5877/2676/2152
f 5795/3030/2152 5852/2671/2152 5871/2673/2152
f 6091/3031/2152 5881/3300/2152 6131/3032/2152
f 5885/3034/2152 5880/3216/2152 6132/3035/2152
f 5888/3037/2152 5885/3034/2152 6133/3036/2152
f 5878/3039/2152 5889/3042/2152 6116/3040/2152
f 5889/3042/2152 5887/3049/2152 6115/3043/2152
f 6093/3044/2152 5884/3051/2152 6114/3045/2152
f 5890/3047/2152 5893/3048/2152 5889/3042/2152
f 5893/3048/2152 5892/3213/2152 5887/3049/2152
f 6094/3050/2152 5891/3260/2152 5884/3051/2152
f 5664/2720/2151 5880/3053/2151 5885/2976/2151
f 5670/2977/2151 5885/2976/2151 5888/3052/2151
f 5671/2977/2156 5886/2976/2156 5882/3053/2156
f 5902/3054/2152 5897/3229/2152 5916/3055/2152
f 5904/3057/2152 5902/3054/2152 5917/3056/2152
f 5831/3059/2152 5905/3062/2152 5901/3060/2152
f 5905/3062/2152 5903/3085/2152 5895/3063/2152
f 5899/3064/2152 5900/3069/2152 5825/3065/2152
f 6071/3068/2152 6096/3067/2152 5899/3064/2152
f 5900/3069/2152 5738/3086/2152 5732/3070/2152
f 5912/3058/2152 5917/3056/2152 5923/3071/2152
f 5917/3056/2152 5916/3055/2152 5922/3073/2152
f 5914/2702/2152 5915/2701/2152 5921/3074/2152
f 6097/2729/2152 5914/2702/2152 5920/3075/2152
f 5915/2701/2152 5913/2871/2152 5919/3077/2152
f 5921/3074/2152 5919/3077/2152 5907/3078/2152
f 6099/3081/2152 6098/3076/2152 5920/3075/2152
f 5920/3075/2152 5921/3074/2152 5909/3079/2152
f 5911/3083/2152 5923/3071/2152 5922/3073/2152
f 5906/3084/2152 5918/3072/2152 5923/3071/2152
f 5831/3059/2152 5906/3084/2152 5911/3083/2152
f 5905/3062/2152 5911/3083/2152 5910/3082/2152
f 5908/3080/2152 5909/3079/2152 5900/3069/2152
f 6099/3081/2152 5908/3080/2152 5899/3064/2152
f 5909/3079/2152 5907/3078/2152 5738/3086/2152
f 5924/3087/2152 5925/3301/2152 5928/3088/2152
f 6100/3090/2152 5924/3087/2152 5927/3089/2152
f 5936/3092/2152 5937/3302/2152 5940/3093/2152
f 6103/3095/2152 5936/3092/2152 5939/3094/2152
f 6104/3096/2152 5939/3094/2152 5930/3097/2152
f 5939/3094/2152 5940/3093/2152 5932/3099/2152
f 5930/3097/2152 5932/3099/2152 5933/3100/2152
f 6102/3102/2152 6105/3098/2152 5930/3097/2152
f 5943/3105/2152 5942/3103/2152 5968/3283/2152
f 5944/3106/2152 5966/3303/2152 6118/3107/2152
f 5947/3111/2152 5946/3109/2152 5964/3284/2152
f 5948/3112/2152 5963/3121/2152 5967/3113/2152
f 5950/3115/2152 5962/3304/2152 5961/3116/2152
f 5951/3117/2152 5961/3116/2152 5969/3118/2152
f 5953/3120/2152 5960/3122/2152 5963/3121/2152
f 5943/3105/2152 5959/3104/2152 5960/3122/2152
f 5945/3123/2152 5958/3253/2152 5957/3124/2152
f 5954/3125/2152 5957/3124/2152 5965/3126/2152
f 5691/2720/2156 5935/3198/2156 6067/2788/2156
f 5860/2892/2155 5961/3023/2155 5962/3128/2155
f 5682/2745/2156 5927/2744/2156 5928/2941/2156
f 5675/2745/2151 5924/2744/2151 6100/2786/2151
f 5811/2742/2156 5949/2741/2156 5967/3020/2156
f 5870/2890/2155 5969/2898/2155 5961/3023/2155
f 5869/2740/2151 5968/3020/2151 5942/2741/2151
f 5804/2948/2153 5950/3128/2153 5951/3023/2153
f 5813/2742/2156 5952/2741/2156 5969/3020/2156
f 5864/2737/2155 5963/3026/2155 5960/3129/2155
f 5803/2892/2153 5951/3023/2153 5952/2898/2153
f 5858/2739/2155 5960/3129/2155 5959/3130/2155
f 5853/2798/2155 5957/3133/2155 5958/3131/2155
f 5801/2739/2153 5953/3129/2153 5948/3026/2153
f 5857/2769/2155 5959/3130/2155 5968/3132/2155
f 5800/2769/2153 5943/3130/2153 5953/3129/2153
f 5866/2800/2155 5965/3135/2155 5957/3133/2155
f 5799/2949/2153 5945/3131/2153 5954/3133/2153
f 5690/2785/2155 5933/3134/2155 5932/2899/2155
f 5861/2740/2151 5962/3020/2151 5950/2741/2151
f 5856/2949/2155 5958/3131/2155 6118/3027/2155
f 5812/2767/2153 5942/3132/2153 5943/3130/2153
f 5683/2739/2155 5928/3129/2155 5925/3130/2155
f 5791/2783/2153 5934/2899/2153 5935/3134/2153
f 5677/2769/2153 5926/3130/2153 5929/3129/2153
f 5796/2798/2153 5954/3133/2153 5955/3135/2153
f 5973/2893/2152 5971/3142/2152 5974/3136/2152
f 5989/2762/2152 5975/2735/2152 5974/3136/2152
f 5979/2937/2152 5977/3144/2152 5984/3138/2152
f 5983/2797/2152 5981/3140/2152 5990/3139/2152
f 5983/2797/2152 5982/2903/2152 5980/2904/2152
f 5972/2818/2152 5986/2816/2152 5987/2815/2152
f 5972/2818/2152 5970/3141/2152 5971/3142/2152
f 5978/2901/2152 5991/2781/2152 5990/3139/2152
f 5978/2901/2152 5976/3143/2152 5977/3144/2152
f 5992/3145/2152 6026/3305/2152 6017/3146/2152
f 6005/3148/2152 6025/3172/2152 6027/3149/2152
f 5994/3151/2152 6024/3169/2152 6014/3152/2152
f 6002/3154/2152 6023/3167/2152 6031/3155/2152
f 5996/3157/2152 6022/3183/2152 6120/3158/2152
f 6009/3160/2152 6021/3179/2152 6033/3161/2152
f 6000/3165/2152 5999/3163/2152 6020/3185/2152
f 6001/3166/2152 6019/3174/2152 6023/3167/2152
f 6003/3168/2152 6018/3306/2152 6024/3169/2152
f 5993/3147/2152 6017/3146/2152 6016/3170/2152
f 6004/3171/2152 6016/3170/2152 6025/3172/2152
f 6006/3173/2152 6015/3175/2152 6019/3174/2152
f 5995/3153/2152 6014/3152/2152 6015/3175/2152
f 5997/3176/2152 6013/3251/2152 6012/3177/2152
f 6007/3178/2152 6012/3177/2152 6021/3179/2152
f 6000/3165/2152 6011/3164/2152 6035/3180/2152
f 6008/3182/2152 6029/3281/2152 6022/3183/2152
f 5998/3184/2152 6028/3307/2152 6020/3185/2152
f 5719/2720/2156 5987/3194/2156 5986/3186/2156
f 5705/2720/2156 5980/3194/2156 5982/3186/2156
f 5801/2739/2153 6015/2738/2153 6014/2768/2153
f 5796/2798/2153 6012/2950/2153 6013/3187/2153
f 5806/2742/2156 6018/2761/2156 6003/3188/2156
f 5810/2945/2153 6022/2944/2153 6029/3189/2153
f 5809/2800/2153 6021/2799/2153 6012/2950/2153
f 5751/2767/2153 5970/2900/2153 5987/2951/2153
f 5720/2952/2155 5986/2951/2155 5972/2900/2155
f 5791/2783/2153 5976/2938/2153 5990/2960/2153
f 5833/2742/2156 6029/2761/2156 6008/3188/2156
f 5758/2890/2155 5991/2960/2155 5978/2938/2155
f 5786/3190/2155 5992/3193/2155 5993/2947/2155
f 5785/2890/2155 6005/2960/2155 6010/2938/2155
f 5784/2767/2155 5994/2900/2155 5995/2768/2155
f 5814/2742/2156 6026/2761/2156 5992/3188/2156
f 5726/2737/2153 5988/2954/2153 5974/2738/2153
f 5712/3191/2153 5984/3192/2153 5977/2784/2153
f 5698/2892/2153 5981/2891/2153 5980/2947/2153
f 5684/2739/2153 5974/2738/2153 5971/2768/2153
f 5793/2760/2151 6010/3188/2151 6027/2761/2151
f 5685/2739/2155 5975/2738/2155 5989/2954/2155
f 5692/2785/2155 5979/2784/2155 5985/3192/2155
f 5782/2945/2155 5996/2944/2155 6119/2999/2155
f 5706/2948/2155 5982/2947/2155 5983/2891/2155
f 5678/2769/2155 5973/2768/2155 5975/2738/2155
f 5840/2964/2155 5998/2963/2155 5999/2958/2155
f 5804/2948/2153 6017/2947/2153 6026/3193/2153
f 5727/2977/2151 5989/3186/2151 5988/3194/2151
f 5780/2959/2155 5999/2958/2155 6000/2821/2155
f 5783/2940/2155 6002/3197/2155 6030/3195/2155
f 5815/2783/2153 6027/2938/2153 6025/2960/2153
f 5779/2737/2155 6001/2954/2155 6002/3197/2155
f 5824/3196/2153 6031/3195/2153 6023/3197/2153
f 5800/2769/2153 6014/2768/2153 6024/2900/2153
f 5841/2742/2156 6028/2761/2156 5998/3188/2156
f 5778/2952/2155 6003/2951/2155 5994/2900/2155
f 5823/2760/2151 6030/3188/2151 6031/2761/2151
f 5713/2977/2151 5985/3186/2151 5984/3194/2151
f 5677/2720/2151 6043/2789/2151 6065/2788/2151
f 6045/2789/2156 6067/2788/2156 6102/2786/2156
f 5934/3199/2152 6070/3203/2152 6067/3200/2152
f 5941/3202/2152 6069/3205/2152 6070/3203/2152
f 5938/3204/2152 6068/3238/2152 6069/3205/2152
f 5926/3206/2152 6065/3239/2152 6066/3207/2152
f 5910/3082/2152 6064/3210/2152 6061/3209/2152
f 5910/3082/2152 5922/3073/2152 6063/3211/2152
f 5916/3055/2152 6062/3230/2152 6063/3211/2152
f 5903/3085/2152 6061/3209/2152 6036/3212/2152
f 5892/3213/2152 6059/3240/2152 6058/3214/2152
f 5887/3049/2152 6058/3214/2152 6121/3215/2152
f 5880/3216/2152 6056/3241/2152 6134/3217/2152
f 5847/2715/2152 6055/3232/2152 6039/3218/2152
f 5821/2883/2152 6054/3222/2152 6041/3219/2152
f 5764/2718/2152 6053/3234/2152 6047/3220/2152
f 5751/3141/2152 6052/3224/2152 6043/3221/2152
f 5744/2831/2152 6051/3223/2152 6054/3222/2152
f 6041/2722/2151 6056/2721/2151 5880/3053/2151
f 6037/2858/2156 6036/2857/2156 6071/2845/2156
f 6038/2858/2151 6060/2857/2151 5897/2859/2151
f 5726/3137/2152 6050/3228/2152 6051/3223/2152
f 5751/3141/2152 5719/2815/2152 6049/3225/2152
f 5712/3138/2152 6048/3227/2152 6049/3225/2152
f 5705/2904/2152 6047/3220/2152 6046/3226/2152
f 6044/2789/2156 6066/2788/2156 6101/2786/2156
f 6046/2789/2151 6068/2788/2151 5938/3198/2151
f 5691/3144/2152 6045/3242/2152 6048/3227/2152
f 5726/3137/2152 5684/3136/2152 6044/3243/2152
f 5897/3229/2152 6060/3244/2152 6062/3230/2152
f 6042/2722/2156 6057/2721/2156 6092/2866/2156
f 5660/3231/2152 6037/3245/2152 6055/3232/2152
f 5663/3233/2152 6040/3246/2152 6053/3234/2152
f 5665/3235/2152 6042/3247/2152 6038/3236/2152
f 6077/2787/2156 6092/2866/2156 5883/3237/2156
f 6079/2787/2156 6101/2786/2156 5927/2744/2156
f 6072/2846/2156 6071/2845/2156 5896/2992/2156
f 6080/2787/2156 6102/2786/2156 5931/2744/2156
f 6078/2787/2151 6100/2786/2151 6065/2788/2151
f 6067/3200/2152 6070/3203/2152 6105/3098/2152
f 6069/3205/2152 6104/3096/2152 6105/3098/2152
f 6068/3238/2152 6103/3095/2152 6104/3096/2152
f 6066/3207/2152 6065/3239/2152 6100/3090/2152
f 6064/3210/2152 6099/3081/2152 6096/3067/2152
f 6064/3210/2152 6063/3211/2152 6098/3076/2152
f 6062/3230/2152 6097/2729/2152 6098/3076/2152
f 6061/3209/2152 6096/3067/2152 6071/3068/2152
f 6134/3217/2155 6146/3217/2155 6144/3240/2155
f 6093/3044/2153 6139/3044/2153 6147/3050/2153
f 6056/3241/2152 6091/3031/2152 6135/3033/2152
f 6055/3232/2152 6090/2708/2152 6074/3008/2152
f 6054/3222/2152 6089/2882/2152 6076/2971/2152
f 6053/3234/2152 6088/2705/2152 6082/2803/2152
f 6052/3224/2152 6087/2825/2152 6078/2889/2152
f 6051/3223/2152 6086/2834/2152 6089/2882/2152
f 6076/2787/2151 6091/2866/2151 6056/2721/2151
f 6073/2846/2151 6095/2845/2151 6060/2857/2151
f 6050/3228/2152 6085/2758/2152 6086/2834/2152
f 6052/3224/2152 6049/3225/2152 6084/2814/2152
f 6048/3227/2152 6083/2774/2152 6084/2814/2152
f 6047/3220/2152 6082/2803/2152 6081/2804/2152
f 6081/2787/2151 6103/2786/2151 6068/2788/2151
f 6045/3242/2152 6080/2773/2152 6083/2774/2152
f 6050/3228/2152 6044/3243/2152 6079/2756/2152
f 6060/3244/2152 6095/2728/2152 6097/2729/2152
f 6037/3245/2152 6072/2706/2152 6090/2708/2152
f 6040/3246/2152 6075/2703/2152 6088/2705/2152
f 6042/3247/2152 6077/2697/2152 6073/2699/2152
f 6057/3249/2152 6121/3215/2152 6122/3046/2152
f 6115/3043/2152 6121/3215/2152 6057/3249/2152
f 6110/2979/2155 6119/2999/2155 5997/3187/2155
f 6119/3159/2152 6120/3158/2152 6013/3251/2152
f 6112/2979/2155 6118/3027/2155 5966/3252/2155
f 5945/3123/2152 6117/3108/2152 6118/3107/2152
f 6092/3248/2152 6122/3046/2152 6114/3045/2152
f 6116/3040/2152 6115/3043/2152 5882/3250/2152
f 6113/3041/2152 6116/3040/2152 5886/3255/2152
f 6111/2979/2153 6117/3027/2153 5945/3131/2153
f 6111/2979/2153 6120/2999/2153 6022/2944/2153
f 6108/2979/2155 6114/2978/2155 5884/3257/2155
f 6107/2876/2152 6110/2912/2152 5771/3258/2152
f 6109/2868/2152 6107/2876/2152 5647/2928/2152
f 6112/2874/2152 6106/2873/2152 5646/3259/2152
f 6108/2869/2152 6109/2868/2152 5659/2694/2152
f 6094/3050/2153 6147/3050/2153 6149/3033/2153
f 6132/3035/2152 6134/3217/2152 6059/3240/2152
f 5890/3047/2152 6130/3038/2152 6133/3036/2152
f 6133/3036/2152 6132/3035/2152 5892/3213/2152
f 6135/3033/2152 6131/3032/2152 5891/3260/2152
f 5833/3014/2152 6128/2962/2152 6129/2691/2152
f 6127/2931/2152 6128/2962/2152 5833/3014/2152
f 6124/2687/2152 6127/2931/2152 5832/3261/2152
f 6125/2864/2155 6131/2863/2155 5881/3262/2155
f 6125/2711/2152 6126/2688/2152 5829/2984/2152
f 6129/2691/2152 6123/2690/2152 5826/3264/2152
f 6126/2688/2152 6124/2687/2152 5827/2973/2152
f 6148/3265/2155 6153/3265/2155 6155/3266/2155
f 6137/3267/2153 6152/3267/2153 6158/3268/2153
f 6142/3268/2156 6158/3268/2156 6159/3269/2156
f 6121/3215/2151 6150/3215/2151 6151/3046/2151
f 6059/3240/2155 6144/3240/2155 6145/3214/2155
f 6058/3214/2155 6145/3214/2155 6150/3215/2155
f 6135/3033/2156 6149/3033/2156 6146/3217/2156
f 6122/3046/2153 6151/3046/2153 6139/3044/2153
f 6137/3267/2152 6145/3277/2152 6144/3270/2152
f 6138/3272/2152 6136/3271/2152 6144/3270/2152
f 6140/3266/2152 6147/3276/2152 6139/3274/2152
f 6141/3275/2152 6149/3280/2152 6147/3276/2152
f 6142/3268/2152 6150/3279/2152 6145/3277/2152
f 6143/3269/2152 6148/3265/2152 6139/3274/2152
f 6143/3269/2152 6151/3278/2152 6150/3279/2152
f 6138/3272/2152 6146/3273/2152 6149/3280/2152
f 6154/3271/2152 6155/3266/2152 6153/3265/2152
f 6158/3268/2152 6152/3267/2152 6153/3265/2152
f 6156/3272/2152 6157/3275/2152 6155/3266/2152
f 6136/3271/2153 6154/3271/2153 6152/3267/2153
f 6141/3275/2151 6157/3275/2151 6156/3272/2151
f 6143/3269/2155 6159/3269/2155 6153/3265/2155
f 6140/3266/2155 6155/3266/2155 6157/3275/2155
f 6138/3272/2153 6156/3272/2153 6154/3271/2153
f 6161/3285/2154 6163/3288/2154 6162/3286/2154
f 6163/3285/2156 6167/3288/2156 6166/3286/2156
f 6167/3288/2152 6165/3285/2152 6164/3287/2152
f 6165/3288/2151 6161/3285/2151 6160/3287/2151
f 6166/3289/2155 6164/3292/2155 6160/3290/2155
f 6163/3291/2153 6161/3290/2153 6165/3292/2153
f 6169/3293/2154 6171/3296/2154 6170/3294/2154
f 6171/3293/2156 6175/3296/2156 6174/3294/2156
f 6175/3296/2152 6173/3293/2152 6172/3295/2152
f 6173/3296/2151 6169/3293/2151 6168/3295/2151
f 6174/3289/2155 6172/3292/2155 6168/3290/2155
f 6171/3291/2153 6169/3290/2153 6173/3292/2153
o Cube
v 0.236709 -0.218052 -2.386069
v 0.236709 -0.143979 -2.386069
v 0.236709 -0.218052 -2.470196
v 0.236709 -0.143979 -2.470196
v 0.419373 -0.218052 -2.386069
v 0.419373 -0.143979 -2.386069
v 0.419373 -0.218052 -2.470196
v 0.419373 -0.143979 -2.470196
vn -1.0000 -0.0000 -0.0000
vn -0.0000 -0.0000 -1.0000
vn 1.0000 -0.0000 -0.0000
vn -0.0000 -0.0000 1.0000
vn -0.0000 -1.0000 -0.0000
vn -0.0000 1.0000 -0.0000
vt 0.269422 0.425120
vt 0.187795 0.601517
vt 0.187795 0.425120
vt 0.328541 0.625544
vt 0.676459 0.408196
vt 0.328541 0.408196
vt 0.176905 0.614892
vt 0.263514 0.427727
vt 0.263514 0.614892
vt 0.676459 0.625544
vt 0.631295 0.407343
vt 0.372380 0.635276
vt 0.372172 0.408201
vt 0.329566 0.617636
vt 0.667634 0.414328
vt 0.667634 0.617636
vt 0.269422 0.601517
vt 0.176904 0.427727
vt 0.631503 0.634418
vt 0.329566 0.414328
s 0
usemtl brick
f 6177/3308/2157 6178/3309/2157 6176/3310/2157
f 6179/3311/2158 6182/3312/2158 6178/3313/2158
f 6183/3314/2159 6180/3315/2159 6182/3316/2159
f 6181/3317/2160 6176/3313/2160 6180/3312/2160
f 6182/3318/2161 6176/3319/2161 6178/3320/2161
f 6179/3321/2162 6181/3322/2162 6183/3323/2162
f 6177/3308/2157 6179/3324/2157 6178/3309/2157
f 6179/3311/2158 6183/3317/2158 6182/3312/2158
f 6183/3314/2159 6181/3325/2159 6180/3315/2159
f 6181/3317/2160 6177/3311/2160 6176/3313/2160
f 6182/3318/2161 6180/3326/2161 6176/3319/2161
f 6179/3321/2162 6177/3327/2162 6181/3322/2162
o Cube.002
v 0.186492 -0.320597 -2.386069
v 0.186492 -0.246524 -2.386069
v 0.186492 -0.320597 -2.470196
v 0.186492 -0.246524 -2.470196
v 0.369156 -0.320597 -2.386069
v 0.369156 -0.246524 -2.386069
v 0.369156 -0.320597 -2.470196
v 0.369156 -0.246524 -2.470196
vn -1.0000 -0.0000 -0.0000
vn -0.0000 -0.0000 -1.0000
vn 1.0000 -0.0000 -0.0000
vn -0.0000 -0.0000 1.0000
vn -0.0000 -1.0000 -0.0000
vn -0.0000 1.0000 -0.0000
vt 0.269422 0.425120
vt 0.187795 0.601517
vt 0.187795 0.425120
vt 0.328541 0.625544
vt 0.676459 0.408196
vt 0.328541 0.408196
vt 0.176905 0.614892
vt 0.263514 0.427727
vt 0.263514 0.614892
vt 0.676459 0.625544
vt 0.631295 0.407343
vt 0.372380 0.635276
vt 0.372172 0.408201
vt 0.329566 0.617636
vt 0.667634 0.414328
vt 0.667634 0.617636
vt 0.269422 0.601517
vt 0.176904 0.427727
vt 0.631503 0.634418
vt 0.329566 0.414328
s 0
usemtl brick
f 6185/3328/2163 6186/3329/2163 6184/3330/2163
f 6187/3331/2164 6190/3332/2164 6186/3333/2164
f 6191/3334/2165 6188/3335/2165 6190/3336/2165
f 6189/3337/2166 6184/3333/2166 6188/3332/2166
f 6190/3338/2167 6184/3339/2167 6186/3340/2167
f 6187/3341/2168 6189/3342/2168 6191/3343/2168
f 6185/3328/2163 6187/3344/2163 6186/3329/2163
f 6187/3331/2164 6191/3337/2164 6190/3332/2164
f 6191/3334/2165 6189/3345/2165 6188/3335/2165
f 6189/3337/2166 6185/3331/2166 6184/3333/2166
f 6190/3338/2167 6188/3346/2167 6184/3339/2167
f 6187/3341/2168 6185/3347/2168 6189/3342/2168
o Cube.003
v 0.186492 -0.129515 -2.386069
v 0.186492 -0.055443 -2.386069
v 0.186492 -0.129515 -2.470196
v 0.186492 -0.055443 -2.470196
v 0.369156 -0.129515 -2.386069
v 0.369156 -0.055443 -2.386069
v 0.369156 -0.129515 -2.470196
v 0.369156 -0.055443 -2.470196
vn -1.0000 -0.0000 -0.0000
vn -0.0000 -0.0000 -1.0000
vn 1.0000 -0.0000 -0.0000
vn -0.0000 -0.0000 1.0000
vn -0.0000 -1.0000 -0.0000
vn -0.0000 1.0000 -0.0000
vt 0.269422 0.425120
vt 0.187795 0.601517
vt 0.187795 0.425120
vt 0.328541 0.625544
vt 0.676459 0.408196
vt 0.328541 0.408196
vt 0.176905 0.614892
vt 0.263514 0.427727
vt 0.263514 0.614892
vt 0.676459 0.625544
vt 0.631295 0.407343
vt 0.372380 0.635276
vt 0.372172 0.408201
vt 0.329566 0.617636
vt 0.667634 0.414328
vt 0.667634 0.617636
vt 0.269422 0.601517
vt 0.176904 0.427727
vt 0.631503 0.634418
vt 0.329566 0.414328
s 0
usemtl brick
f 6193/3348/2169 6194/3349/2169 6192/3350/2169
f 6195/3351/2170 6198/3352/2170 6194/3353/2170
f 6199/3354/2171 6196/3355/2171 6198/3356/2171
f 6197/3357/2172 6192/3353/2172 6196/3352/2172
f 6198/3358/2173 6192/3359/2173 6194/3360/2173
f 6195/3361/2174 6197/3362/2174 6199/3363/2174
f 6193/3348/2169 6195/3364/2169 6194/3349/2169
f 6195/3351/2170 6199/3357/2170 6198/3352/2170
f 6199/3354/2171 6197/3365/2171 6196/3355/2171
f 6197/3357/2172 6193/3351/2172 6192/3353/2172
f 6198/3358/2173 6196/3366/2173 6192/3359/2173
f 6195/3361/2174 6193/3367/2174 6197/3362/2174
o Cube.001
v 0.236709 0.071638 -2.386069
v 0.236709 0.145710 -2.386069
v 0.236709 0.071638 -2.470196
v 0.236709 0.145710 -2.470196
v 0.419373 0.071638 -2.386069
v 0.419373 0.145710 -2.386069
v 0.419373 0.071638 -2.470196
v 0.419373 0.145710 -2.470196
vn -1.0000 -0.0000 -0.0000
vn -0.0000 -0.0000 -1.0000
vn 1.0000 -0.0000 -0.0000
vn -0.0000 -0.0000 1.0000
vn -0.0000 -1.0000 -0.0000
vn -0.0000 1.0000 -0.0000
vt 0.269422 0.425120
vt 0.187795 0.601517
vt 0.187795 0.425120
vt 0.328541 0.625544
vt 0.676459 0.408196
vt 0.328541 0.408196
vt 0.176905 0.614892
vt 0.263514 0.427727
vt 0.263514 0.614892
vt 0.676459 0.625544
vt 0.631295 0.407343
vt 0.372380 0.635276
vt 0.372172 0.408201
vt 0.329566 0.617636
vt 0.667634 0.414328
vt 0.667634 0.617636
vt 0.269422 0.601517
vt 0.176904 0.427727
vt 0.631503 0.634418
vt 0.329566 0.414328
s 0
usemtl brick
f 6201/3368/2175 6202/3369/2175 6200/3370/2175
f 6203/3371/2176 6206/3372/2176 6202/3373/2176
f 6207/3374/2177 6204/3375/2177 6206/3376/2177
f 6205/3377/2178 6200/3373/2178 6204/3372/2178
f 6206/3378/2179 6200/3379/2179 6202/3380/2179
f 6203/3381/2180 6205/3382/2180 6207/3383/2180
f 6201/3368/2175 6203/3384/2175 6202/3369/2175
f 6203/3371/2176 6207/3377/2176 6206/3372/2176
f 6207/3374/2177 6205/3385/2177 6204/3375/2177
f 6205/3377/2178 6201/3371/2178 6200/3373/2178
f 6206/3378/2179 6204/3386/2179 6200/3379/2179
f 6203/3381/2180 6201/3387/2180 6205/3382/2180
o Cube.004
v 0.186492 -0.030908 -2.386069
v 0.186492 0.043165 -2.386069
v 0.186492 -0.030908 -2.470196
v 0.186492 0.043165 -2.470196
v 0.369156 -0.030908 -2.386069
v 0.369156 0.043165 -2.386069
v 0.369156 -0.030908 -2.470196
v 0.369156 0.043165 -2.470196
vn -1.0000 -0.0000 -0.0000
vn -0.0000 -0.0000 -1.0000
vn 1.0000 -0.0000 -0.0000
vn -0.0000 -0.0000 1.0000
vn -0.0000 -1.0000 -0.0000
vn -0.0000 1.0000 -0.0000
vt 0.269422 0.425120
vt 0.187795 0.601517
vt 0.187795 0.425120
vt 0.328541 0.625544
vt 0.676459 0.408196
vt 0.328541 0.408196
vt 0.176905 0.614892
vt 0.263514 0.427727
vt 0.263514 0.614892
vt 0.676459 0.625544
vt 0.631295 0.407343
vt 0.372380 0.635276
vt 0.372172 0.408201
vt 0.329566 0.617636
vt 0.667634 0.414328
vt 0.667634 0.617636
vt 0.269422 0.601517
vt 0.176904 0.427727
vt 0.631503 0.634418
vt 0.329566 0.414328
s 0
usemtl brick
f 6209/3388/2181 6210/3389/2181 6208/3390/2181
f 6211/3391/2182 6214/3392/2182 6210/3393/2182
f 6215/3394/2183 6212/3395/2183 6214/3396/2183
f 6213/3397/2184 6208/3393/2184 6212/3392/2184
f 6214/3398/2185 6208/3399/2185 6210/3400/2185
f 6211/3401/2186 6213/3402/2186 6215/3403/2186
f 6209/3388/2181 6211/3404/2181 6210/3389/2181
f 6211/3391/2182 6215/3397/2182 6214/3392/2182
f 6215/3394/2183 6213/3405/2183 6212/3395/2183
f 6213/3397/2184 6209/3391/2184 6208/3393/2184
f 6214/3398/2185 6212/3406/2185 6208/3399/2185
f 6211/3401/2186 6209/3407/2186 6213/3402/2186
o Cube.005
v 0.186492 0.160174 -2.386069
v 0.186492 0.234247 -2.386069
v 0.186492 0.160174 -2.470196
v 0.186492 0.234247 -2.470196
v 0.369156 0.160174 -2.386069
v 0.369156 0.234247 -2.386069
v 0.369156 0.160174 -2.470196
v 0.369156 0.234247 -2.470196
vn -1.0000 -0.0000 -0.0000
vn -0.0000 -0.0000 -1.0000
vn 1.0000 -0.0000 -0.0000
vn -0.0000 -0.0000 1.0000
vn -0.0000 -1.0000 -0.0000
vn -0.0000 1.0000 -0.0000
vt 0.269422 0.425120
vt 0.187795 0.601517
vt 0.187795 0.425120
vt 0.328541 0.625544
vt 0.676459 0.408196
vt 0.328541 0.408196
vt 0.176905 0.614892
vt 0.263514 0.427727
vt 0.263514 0.614892
vt 0.676459 0.625544
vt 0.631295 0.407343
vt 0.372380 0.635276
vt 0.372172 0.408201
vt 0.329566 0.617636
vt 0.667634 0.414328
vt 0.667634 0.617636
vt 0.269422 0.601517
vt 0.176904 0.427727
vt 0.631503 0.634418
vt 0.329566 0.414328
s 0
usemtl brick
f 6217/3408/2187 6218/3409/2187 6216/3410/2187
f 6219/3411/2188 6222/3412/2188 6218/3413/2188
f 6223/3414/2189 6220/3415/2189 6222/3416/2189
f 6221/3417/2190 6216/3413/2190 6220/3412/2190
f 6222/3418/2191 6216/3419/2191 6218/3420/2191
f 6219/3421/2192 6221/3422/2192 6223/3423/2192
f 6217/3408/2187 6219/3424/2187 6218/3409/2187
f 6219/3411/2188 6223/3417/2188 6222/3412/2188
f 6223/3414/2189 6221/3425/2189 6220/3415/2189
f 6221/3417/2190 6217/3411/2190 6216/3413/2190
f 6222/3418/2191 6220/3426/2191 6216/3419/2191
f 6219/3421/2192 6217/3427/2192 6221/3422/2192
o Cube.006
v -0.021745 0.160174 -2.386069
v -0.021745 0.160174 -2.470196
v -0.021745 0.234247 -2.386069
v 0.160919 0.160174 -2.386069
v 0.160919 0.160174 -2.470196
v 0.160919 0.234247 -2.386069
v 0.160919 0.234247 -2.470196
v -0.021745 0.234247 -2.470196
vn -0.0000 -1.0000 -0.0000
vn -1.0000 -0.0000 -0.0000
vn -0.0000 -0.0000 1.0000
vn 1.0000 -0.0000 -0.0000
vn -0.0000 1.0000 -0.0000
vn -0.0000 -0.0000 -1.0000
vt 0.631295 0.407343
vt 0.372380 0.635276
vt 0.372172 0.408201
vt 0.269422 0.425120
vt 0.187795 0.601517
vt 0.187795 0.425120
vt 0.676459 0.625544
vt 0.328541 0.408196
vt 0.676459 0.408196
vt 0.176905 0.614892
vt 0.263514 0.427727
vt 0.263514 0.614892
vt 0.329566 0.617636
vt 0.667634 0.414328
vt 0.667634 0.617636
vt 0.328541 0.625544
vt 0.631503 0.634418
vt 0.269422 0.601517
vt 0.176904 0.427727
vt 0.329566 0.414328
s 0
usemtl brick
f 6228/3428/2193 6224/3429/2193 6225/3430/2193
f 6226/3431/2194 6225/3432/2194 6224/3433/2194
f 6229/3434/2195 6224/3435/2195 6227/3436/2195
f 6230/3437/2196 6227/3438/2196 6228/3439/2196
f 6231/3440/2197 6229/3441/2197 6230/3442/2197
f 6231/3443/2198 6228/3436/2198 6225/3435/2198
f 6228/3428/2193 6227/3444/2193 6224/3429/2193
f 6226/3431/2194 6231/3445/2194 6225/3432/2194
f 6229/3434/2195 6226/3443/2195 6224/3435/2195
f 6230/3437/2196 6229/3446/2196 6227/3438/2196
f 6231/3440/2197 6226/3447/2197 6229/3441/2197
f 6231/3443/2198 6230/3434/2198 6228/3436/2198
o Cube.007
v -0.229982 0.160174 -2.386069
v -0.229982 0.160174 -2.470196
v -0.229982 0.234247 -2.386069
v -0.047318 0.160174 -2.386069
v -0.047318 0.160174 -2.470196
v -0.047318 0.234247 -2.386069
v -0.047318 0.234247 -2.470196
v -0.229982 0.234247 -2.470196
vn -0.0000 -1.0000 -0.0000
vn -1.0000 -0.0000 -0.0000
vn -0.0000 -0.0000 1.0000
vn 1.0000 -0.0000 -0.0000
vn -0.0000 1.0000 -0.0000
vn -0.0000 -0.0000 -1.0000
vt 0.631295 0.407343
vt 0.372380 0.635276
vt 0.372172 0.408201
vt 0.269422 0.425120
vt 0.187795 0.601517
vt 0.187795 0.425120
vt 0.676459 0.625544
vt 0.328541 0.408196
vt 0.676459 0.408196
vt 0.176905 0.614892
vt 0.263514 0.427727
vt 0.263514 0.614892
vt 0.329566 0.617636
vt 0.667634 0.414328
vt 0.667634 0.617636
vt 0.328541 0.625544
vt 0.631503 0.634418
vt 0.269422 0.601517
vt 0.176904 0.427727
vt 0.329566 0.414328
s 0
usemtl brick
f 6236/3448/2199 6232/3449/2199 6233/3450/2199
f 6234/3451/2200 6233/3452/2200 6232/3453/2200
f 6237/3454/2201 6232/3455/2201 6235/3456/2201
f 6238/3457/2202 6235/3458/2202 6236/3459/2202
f 6239/3460/2203 6237/3461/2203 6238/3462/2203
f 6239/3463/2204 6236/3456/2204 6233/3455/2204
f 6236/3448/2199 6235/3464/2199 6232/3449/2199
f 6234/3451/2200 6239/3465/2200 6233/3452/2200
f 6237/3454/2201 6234/3463/2201 6232/3455/2201
f 6238/3457/2202 6237/3466/2202 6235/3458/2202
f 6239/3460/2203 6234/3467/2203 6237/3461/2203
f 6239/3463/2204 6238/3454/2204 6236/3456/2204
o Cube.008
v -0.438219 0.160174 -2.386069
v -0.438219 0.160174 -2.470196
v -0.438219 0.234247 -2.386069
v -0.255555 0.160174 -2.386069
v -0.255555 0.160174 -2.470196
v -0.255555 0.234247 -2.386069
v -0.255555 0.234247 -2.470196
v -0.438219 0.234247 -2.470196
vn -0.0000 -1.0000 -0.0000
vn -1.0000 -0.0000 -0.0000
vn -0.0000 -0.0000 1.0000
vn 1.0000 -0.0000 -0.0000
vn -0.0000 1.0000 -0.0000
vn -0.0000 -0.0000 -1.0000
vt 0.631295 0.407343
vt 0.372380 0.635276
vt 0.372172 0.408201
vt 0.269422 0.425120
vt 0.187795 0.601517
vt 0.187795 0.425120
vt 0.676459 0.625544
vt 0.328541 0.408196
vt 0.676459 0.408196
vt 0.176905 0.614892
vt 0.263514 0.427727
vt 0.263514 0.614892
vt 0.329566 0.617636
vt 0.667634 0.414328
vt 0.667634 0.617636
vt 0.328541 0.625544
vt 0.631503 0.634418
vt 0.269422 0.601517
vt 0.176904 0.427727
vt 0.329566 0.414328
s 0
usemtl brick
f 6244/3468/2205 6240/3469/2205 6241/3470/2205
f 6242/3471/2206 6241/3472/2206 6240/3473/2206
f 6245/3474/2207 6240/3475/2207 6243/3476/2207
f 6246/3477/2208 6243/3478/2208 6244/3479/2208
f 6247/3480/2209 6245/3481/2209 6246/3482/2209
f 6247/3483/2210 6244/3476/2210 6241/3475/2210
f 6244/3468/2205 6243/3484/2205 6240/3469/2205
f 6242/3471/2206 6247/3485/2206 6241/3472/2206
f 6245/3474/2207 6242/3483/2207 6240/3475/2207
f 6246/3477/2208 6245/3486/2208 6243/3478/2208
f 6247/3480/2209 6242/3487/2209 6245/3481/2209
f 6247/3483/2210 6246/3474/2210 6244/3476/2210
o Cube.009
v -0.646456 0.160174 -2.386069
v -0.646456 0.160174 -2.470196
v -0.646456 0.234247 -2.386069
v -0.463792 0.160174 -2.386069
v -0.463792 0.160174 -2.470196
v -0.463792 0.234247 -2.386069
v -0.463792 0.234247 -2.470196
v -0.646456 0.234247 -2.470196
vn -0.0000 -1.0000 -0.0000
vn -1.0000 -0.0000 -0.0000
vn -0.0000 -0.0000 1.0000
vn 1.0000 -0.0000 -0.0000
vn -0.0000 1.0000 -0.0000
vn -0.0000 -0.0000 -1.0000
vt 0.631295 0.407343
vt 0.372380 0.635276
vt 0.372172 0.408201
vt 0.269422 0.425120
vt 0.187795 0.601517
vt 0.187795 0.425120
vt 0.676459 0.625544
vt 0.328541 0.408196
vt 0.676459 0.408196
vt 0.176905 0.614892
vt 0.263514 0.427727
vt 0.263514 0.614892
vt 0.329566 0.617636
vt 0.667634 0.414328
vt 0.667634 0.617636
vt 0.328541 0.625544
vt 0.631503 0.634418
vt 0.269422 0.601517
vt 0.176904 0.427727
vt 0.329566 0.414328
s 0
usemtl brick
f 6252/3488/2211 6248/3489/2211 6249/3490/2211
f 6250/3491/2212 6249/3492/2212 6248/3493/2212
f 6253/3494/2213 6248/3495/2213 6251/3496/2213
f 6254/3497/2214 6251/3498/2214 6252/3499/2214
f 6255/3500/2215 6253/3501/2215 6254/3502/2215
f 6255/3503/2216 6252/3496/2216 6249/3495/2216
f 6252/3488/2211 6251/3504/2211 6248/3489/2211
f 6250/3491/2212 6255/3505/2212 6249/3492/2212
f 6253/3494/2213 6250/3503/2213 6248/3495/2213
f 6254/3497/2214 6253/3506/2214 6251/3498/2214
f 6255/3500/2215 6250/3507/2215 6253/3501/2215
f 6255/3503/2216 6254/3494/2216 6252/3496/2216
o Cube.013
v 0.035778 0.071638 -2.386069
v 0.035778 0.071638 -2.470196
v 0.035778 0.145710 -2.386069
v 0.218442 0.071638 -2.386069
v 0.218442 0.071638 -2.470196
v 0.218442 0.145710 -2.386069
v 0.218442 0.145710 -2.470196
v 0.035778 0.145710 -2.470196
vn -0.0000 -1.0000 -0.0000
vn -1.0000 -0.0000 -0.0000
vn -0.0000 -0.0000 1.0000
vn 1.0000 -0.0000 -0.0000
vn -0.0000 1.0000 -0.0000
vn -0.0000 -0.0000 -1.0000
vt 0.631295 0.407343
vt 0.372380 0.635276
vt 0.372172 0.408201
vt 0.269422 0.425120
vt 0.187795 0.601517
vt 0.187795 0.425120
vt 0.676459 0.625544
vt 0.328541 0.408196
vt 0.676459 0.408196
vt 0.176905 0.614892
vt 0.263514 0.427727
vt 0.263514 0.614892
vt 0.329566 0.617636
vt 0.667634 0.414328
vt 0.667634 0.617636
vt 0.328541 0.625544
vt 0.631503 0.634418
vt 0.269422 0.601517
vt 0.176904 0.427727
vt 0.329566 0.414328
s 0
usemtl brick
f 6260/3508/2217 6256/3509/2217 6257/3510/2217
f 6258/3511/2218 6257/3512/2218 6256/3513/2218
f 6261/3514/2219 6256/3515/2219 6259/3516/2219
f 6262/3517/2220 6259/3518/2220 6260/3519/2220
f 6263/3520/2221 6261/3521/2221 6262/3522/2221
f 6263/3523/2222 6260/3516/2222 6257/3515/2222
f 6260/3508/2217 6259/3524/2217 6256/3509/2217
f 6258/3511/2218 6263/3525/2218 6257/3512/2218
f 6261/3514/2219 6258/3523/2219 6256/3515/2219
f 6262/3517/2220 6261/3526/2220 6259/3518/2220
f 6263/3520/2221 6258/3527/2221 6261/3521/2221
f 6263/3523/2222 6262/3514/2222 6260/3516/2222
o Cube.014
v -0.165152 0.071638 -2.386069
v -0.165152 0.071638 -2.470196
v -0.165152 0.145710 -2.386069
v 0.017512 0.071638 -2.386069
v 0.017512 0.071638 -2.470196
v 0.017512 0.145710 -2.386069
v 0.017512 0.145710 -2.470196
v -0.165152 0.145710 -2.470196
vn -0.0000 -1.0000 -0.0000
vn -1.0000 -0.0000 -0.0000
vn -0.0000 -0.0000 1.0000
vn 1.0000 -0.0000 -0.0000
vn -0.0000 1.0000 -0.0000
vn -0.0000 -0.0000 -1.0000
vt 0.631295 0.407343
vt 0.372380 0.635276
vt 0.372172 0.408201
vt 0.269422 0.425120
vt 0.187795 0.601517
vt 0.187795 0.425120
vt 0.676459 0.625544
vt 0.328541 0.408196
vt 0.676459 0.408196
vt 0.176905 0.614892
vt 0.263514 0.427727
vt 0.263514 0.614892
vt 0.329566 0.617636
vt 0.667634 0.414328
vt 0.667634 0.617636
vt 0.328541 0.625544
vt 0.631503 0.634418
vt 0.269422 0.601517
vt 0.176904 0.427727
vt 0.329566 0.414328
s 0
usemtl brick
f 6268/3528/2223 6264/3529/2223 6265/3530/2223
f 6266/3531/2224 6265/3532/2224 6264/3533/2224
f 6269/3534/2225 6264/3535/2225 6267/3536/2225
f 6270/3537/2226 6267/3538/2226 6268/3539/2226
f 6271/3540/2227 6269/3541/2227 6270/3542/2227
f 6271/3543/2228 6268/3536/2228 6265/3535/2228
f 6268/3528/2223 6267/3544/2223 6264/3529/2223
f 6266/3531/2224 6271/3545/2224 6265/3532/2224
f 6269/3534/2225 6266/3543/2225 6264/3535/2225
f 6270/3537/2226 6269/3546/2226 6267/3538/2226
f 6271/3540/2227 6266/3547/2227 6269/3541/2227
f 6271/3543/2228 6270/3534/2228 6268/3536/2228
o Cube.015
v -0.366083 0.071638 -2.386069
v -0.366083 0.071638 -2.470196
v -0.366083 0.145710 -2.386069
v -0.183418 0.071638 -2.386069
v -0.183418 0.071638 -2.470196
v -0.183418 0.145710 -2.386069
v -0.183418 0.145710 -2.470196
v -0.366083 0.145710 -2.470196
vn -0.0000 -1.0000 -0.0000
vn -1.0000 -0.0000 -0.0000
vn -0.0000 -0.0000 1.0000
vn 1.0000 -0.0000 -0.0000
vn -0.0000 1.0000 -0.0000
vn -0.0000 -0.0000 -1.0000
vt 0.631295 0.407343
vt 0.372380 0.635276
vt 0.372172 0.408201
vt 0.269422 0.425120
vt 0.187795 0.601517
vt 0.187795 0.425120
vt 0.676459 0.625544
vt 0.328541 0.408196
vt 0.676459 0.408196
vt 0.176905 0.614892
vt 0.263514 0.427727
vt 0.263514 0.614892
vt 0.329566 0.617636
vt 0.667634 0.414328
vt 0.667634 0.617636
vt 0.328541 0.625544
vt 0.631503 0.634418
vt 0.269422 0.601517
vt 0.176904 0.427727
vt 0.329566 0.414328
s 0
usemtl brick
f 6276/3548/2229 6272/3549/2229 6273/3550/2229
f 6274/3551/2230 6273/3552/2230 6272/3553/2230
f 6277/3554/2231 6272/3555/2231 6275/3556/2231
f 6278/3557/2232 6275/3558/2232 6276/3559/2232
f 6279/3560/2233 6277/3561/2233 6278/3562/2233
f 6279/3563/2234 6276/3556/2234 6273/3555/2234
f 6276/3548/2229 6275/3564/2229 6272/3549/2229
f 6274/3551/2230 6279/3565/2230 6273/3552/2230
f 6277/3554/2231 6274/3563/2231 6272/3555/2231
f 6278/3557/2232 6277/3566/2232 6275/3558/2232
f 6279/3560/2233 6274/3567/2233 6277/3561/2233
f 6279/3563/2234 6278/3554/2234 6276/3556/2234
o Cube.016
v -0.567013 0.071638 -2.386069
v -0.567013 0.071638 -2.470196
v -0.567013 0.145710 -2.386069
v -0.384349 0.071638 -2.386069
v -0.384349 0.071638 -2.470196
v -0.384349 0.145710 -2.386069
v -0.384349 0.145710 -2.470196
v -0.567013 0.145710 -2.470196
vn -0.0000 -1.0000 -0.0000
vn -1.0000 -0.0000 -0.0000
vn -0.0000 -0.0000 1.0000
vn 1.0000 -0.0000 -0.0000
vn -0.0000 1.0000 -0.0000
vn -0.0000 -0.0000 -1.0000
vt 0.631295 0.407343
vt 0.372380 0.635276
vt 0.372172 0.408201
vt 0.269422 0.425120
vt 0.187795 0.601517
vt 0.187795 0.425120
vt 0.676459 0.625544
vt 0.328541 0.408196
vt 0.676459 0.408196
vt 0.176905 0.614892
vt 0.263514 0.427727
vt 0.263514 0.614892
vt 0.329566 0.617636
vt 0.667634 0.414328
vt 0.667634 0.617636
vt 0.328541 0.625544
vt 0.631503 0.634418
vt 0.269422 0.601517
vt 0.176904 0.427727
vt 0.329566 0.414328
s 0
usemtl brick
f 6284/3568/2235 6280/3569/2235 6281/3570/2235
f 6282/3571/2236 6281/3572/2236 6280/3573/2236
f 6285/3574/2237 6280/3575/2237 6283/3576/2237
f 6286/3577/2238 6283/3578/2238 6284/3579/2238
f 6287/3580/2239 6285/3581/2239 6286/3582/2239
f 6287/3583/2240 6284/3576/2240 6281/3575/2240
f 6284/3568/2235 6283/3584/2235 6280/3569/2235
f 6282/3571/2236 6287/3585/2236 6281/3572/2236
f 6285/3574/2237 6282/3583/2237 6280/3575/2237
f 6286/3577/2238 6285/3586/2238 6283/3578/2238
f 6287/3580/2239 6282/3587/2239 6285/3581/2239
f 6287/3583/2240 6286/3574/2240 6284/3576/2240
o Cube.020
v -0.018092 -0.030908 -2.386069
v -0.018092 -0.030908 -2.470196
v -0.018092 0.043165 -2.386069
v 0.164572 -0.030908 -2.386069
v 0.164572 -0.030908 -2.470196
v 0.164572 0.043165 -2.386069
v 0.164572 0.043165 -2.470196
v -0.018092 0.043165 -2.470196
vn -0.0000 -1.0000 -0.0000
vn -1.0000 -0.0000 -0.0000
vn -0.0000 -0.0000 1.0000
vn 1.0000 -0.0000 -0.0000
vn -0.0000 1.0000 -0.0000
vn -0.0000 -0.0000 -1.0000
vt 0.631295 0.407343
vt 0.372380 0.635276
vt 0.372172 0.408201
vt 0.269422 0.425120
vt 0.187795 0.601517
vt 0.187795 0.425120
vt 0.676459 0.625544
vt 0.328541 0.408196
vt 0.676459 0.408196
vt 0.176905 0.614892
vt 0.263514 0.427727
vt 0.263514 0.614892
vt 0.329566 0.617636
vt 0.667634 0.414328
vt 0.667634 0.617636
vt 0.328541 0.625544
vt 0.631503 0.634418
vt 0.269422 0.601517
vt 0.176904 0.427727
vt 0.329566 0.414328
s 0
usemtl brick
f 6292/3588/2241 6288/3589/2241 6289/3590/2241
f 6290/3591/2242 6289/3592/2242 6288/3593/2242
f 6293/3594/2243 6288/3595/2243 6291/3596/2243
f 6294/3597/2244 6291/3598/2244 6292/3599/2244
f 6295/3600/2245 6293/3601/2245 6294/3602/2245
f 6295/3603/2246 6292/3596/2246 6289/3595/2246
f 6292/3588/2241 6291/3604/2241 6288/3589/2241
f 6290/3591/2242 6295/3605/2242 6289/3592/2242
f 6293/3594/2243 6290/3603/2243 6288/3595/2243
f 6294/3597/2244 6293/3606/2244 6291/3598/2244
f 6295/3600/2245 6290/3607/2245 6293/3601/2245
f 6295/3603/2246 6294/3594/2246 6292/3596/2246
o Cube.021
v -0.222675 -0.030908 -2.386069
v -0.222675 -0.030908 -2.470196
v -0.222675 0.043165 -2.386069
v -0.040011 -0.030908 -2.386069
v -0.040011 -0.030908 -2.470196
v -0.040011 0.043165 -2.386069
v -0.040011 0.043165 -2.470196
v -0.222675 0.043165 -2.470196
vn -0.0000 -1.0000 -0.0000
vn -1.0000 -0.0000 -0.0000
vn -0.0000 -0.0000 1.0000
vn 1.0000 -0.0000 -0.0000
vn -0.0000 1.0000 -0.0000
vn -0.0000 -0.0000 -1.0000
vt 0.631295 0.407343
vt 0.372380 0.635276
vt 0.372172 0.408201
vt 0.269422 0.425120
vt 0.187795 0.601517
vt 0.187795 0.425120
vt 0.676459 0.625544
vt 0.328541 0.408196
vt 0.676459 0.408196
vt 0.176905 0.614892
vt 0.263514 0.427727
vt 0.263514 0.614892
vt 0.329566 0.617636
vt 0.667634 0.414328
vt 0.667634 0.617636
vt 0.328541 0.625544
vt 0.631503 0.634418
vt 0.269422 0.601517
vt 0.176904 0.427727
vt 0.329566 0.414328
s 0
usemtl brick
f 6300/3608/2247 6296/3609/2247 6297/3610/2247
f 6298/3611/2248 6297/3612/2248 6296/3613/2248
f 6301/3614/2249 6296/3615/2249 6299/3616/2249
f 6302/3617/2250 6299/3618/2250 6300/3619/2250
f 6303/3620/2251 6301/3621/2251 6302/3622/2251
f 6303/3623/2252 6300/3616/2252 6297/3615/2252
f 6300/3608/2247 6299/3624/2247 6296/3609/2247
f 6298/3611/2248 6303/3625/2248 6297/3612/2248
f 6301/3614/2249 6298/3623/2249 6296/3615/2249
f 6302/3617/2250 6301/3626/2250 6299/3618/2250
f 6303/3620/2251 6298/3627/2251 6301/3621/2251
f 6303/3623/2252 6302/3614/2252 6300/3616/2252
o Cube.022
v -0.427259 -0.030908 -2.386069
v -0.427259 -0.030908 -2.470196
v -0.427259 0.043165 -2.386069
v -0.244595 -0.030908 -2.386069
v -0.244595 -0.030908 -2.470196
v -0.244595 0.043165 -2.386069
v -0.244595 0.043165 -2.470196
v -0.427259 0.043165 -2.470196
vn -0.0000 -1.0000 -0.0000
vn -1.0000 -0.0000 -0.0000
vn -0.0000 -0.0000 1.0000
vn 1.0000 -0.0000 -0.0000
vn -0.0000 1.0000 -0.0000
vn -0.0000 -0.0000 -1.0000
vt 0.631295 0.407343
vt 0.372380 0.635276
vt 0.372172 0.408201
vt 0.269422 0.425120
vt 0.187795 0.601517
vt 0.187795 0.425120
vt 0.676459 0.625544
vt 0.328541 0.408196
vt 0.676459 0.408196
vt 0.176905 0.614892
vt 0.263514 0.427727
vt 0.263514 0.614892
vt 0.329566 0.617636
vt 0.667634 0.414328
vt 0.667634 0.617636
vt 0.328541 0.625544
vt 0.631503 0.634418
vt 0.269422 0.601517
vt 0.176904 0.427727
vt 0.329566 0.414328
s 0
usemtl brick
f 6308/3628/2253 6304/3629/2253 6305/3630/2253
f 6306/3631/2254 6305/3632/2254 6304/3633/2254
f 6309/3634/2255 6304/3635/2255 6307/3636/2255
f 6310/3637/2256 6307/3638/2256 6308/3639/2256
f 6311/3640/2257 6309/3641/2257 6310/3642/2257
f 6311/3643/2258 6308/3636/2258 6305/3635/2258
f 6308/3628/2253 6307/3644/2253 6304/3629/2253
f 6306/3631/2254 6311/3645/2254 6305/3632/2254
f 6309/3634/2255 6306/3643/2255 6304/3635/2255
f 6310/3637/2256 6309/3646/2256 6307/3638/2256
f 6311/3640/2257 6306/3647/2257 6309/3641/2257
f 6311/3643/2258 6310/3634/2258 6308/3636/2258
o Cube.027
v -0.021745 -0.129515 -2.386069
v -0.021745 -0.129515 -2.470196
v -0.021745 -0.055443 -2.386069
v 0.160919 -0.129515 -2.386069
v 0.160919 -0.129515 -2.470196
v 0.160919 -0.055443 -2.386069
v 0.160919 -0.055443 -2.470196
v -0.021745 -0.055443 -2.470196
vn -0.0000 -1.0000 -0.0000
vn -1.0000 -0.0000 -0.0000
vn -0.0000 -0.0000 1.0000
vn 1.0000 -0.0000 -0.0000
vn -0.0000 1.0000 -0.0000
vn -0.0000 -0.0000 -1.0000
vt 0.631295 0.407343
vt 0.372380 0.635276
vt 0.372172 0.408201
vt 0.269422 0.425120
vt 0.187795 0.601517
vt 0.187795 0.425120
vt 0.676459 0.625544
vt 0.328541 0.408196
vt 0.676459 0.408196
vt 0.176905 0.614892
vt 0.263514 0.427727
vt 0.263514 0.614892
vt 0.329566 0.617636
vt 0.667634 0.414328
vt 0.667634 0.617636
vt 0.328541 0.625544
vt 0.631503 0.634418
vt 0.269422 0.601517
vt 0.176904 0.427727
vt 0.329566 0.414328
s 0
usemtl brick
f 6316/3648/2259 6312/3649/2259 6313/3650/2259
f 6314/3651/2260 6313/3652/2260 6312/3653/2260
f 6317/3654/2261 6312/3655/2261 6315/3656/2261
f 6318/3657/2262 6315/3658/2262 6316/3659/2262
f 6319/3660/2263 6317/3661/2263 6318/3662/2263
f 6319/3663/2264 6316/3656/2264 6313/3655/2264
f 6316/3648/2259 6315/3664/2259 6312/3649/2259
f 6314/3651/2260 6319/3665/2260 6313/3652/2260
f 6317/3654/2261 6314/3663/2261 6312/3655/2261
f 6318/3657/2262 6317/3666/2262 6315/3658/2262
f 6319/3660/2263 6314/3667/2263 6317/3661/2263
f 6319/3663/2264 6318/3654/2264 6316/3656/2264
o Cube.028
v -0.229982 -0.129515 -2.386069
v -0.229982 -0.129515 -2.470196
v -0.229982 -0.055443 -2.386069
v -0.047318 -0.129515 -2.386069
v -0.047318 -0.129515 -2.470196
v -0.047318 -0.055443 -2.386069
v -0.047318 -0.055443 -2.470196
v -0.229982 -0.055443 -2.470196
vn -0.0000 -1.0000 -0.0000
vn -1.0000 -0.0000 -0.0000
vn -0.0000 -0.0000 1.0000
vn 1.0000 -0.0000 -0.0000
vn -0.0000 1.0000 -0.0000
vn -0.0000 -0.0000 -1.0000
vt 0.631295 0.407343
vt 0.372380 0.635276
vt 0.372172 0.408201
vt 0.269422 0.425120
vt 0.187795 0.601517
vt 0.187795 0.425120
vt 0.676459 0.625544
vt 0.328541 0.408196
vt 0.676459 0.408196
vt 0.176905 0.614892
vt 0.263514 0.427727
vt 0.263514 0.614892
vt 0.329566 0.617636
vt 0.667634 0.414328
vt 0.667634 0.617636
vt 0.328541 0.625544
vt 0.631503 0.634418
vt 0.269422 0.601517
vt 0.176904 0.427727
vt 0.329566 0.414328
s 0
usemtl brick
f 6324/3668/2265 6320/3669/2265 6321/3670/2265
f 6322/3671/2266 6321/3672/2266 6320/3673/2266
f 6325/3674/2267 6320/3675/2267 6323/3676/2267
f 6326/3677/2268 6323/3678/2268 6324/3679/2268
f 6327/3680/2269 6325/3681/2269 6326/3682/2269
f 6327/3683/2270 6324/3676/2270 6321/3675/2270
f 6324/3668/2265 6323/3684/2265 6320/3669/2265
f 6322/3671/2266 6327/3685/2266 6321/3672/2266
f 6325/3674/2267 6322/3683/2267 6320/3675/2267
f 6326/3677/2268 6325/3686/2268 6323/3678/2268
f 6327/3680/2269 6322/3687/2269 6325/3681/2269
f 6327/3683/2270 6326/3674/2270 6324/3676/2270
o Cube.029
v -0.438219 -0.129515 -2.386069
v -0.438219 -0.129515 -2.470196
v -0.438219 -0.055443 -2.386069
v -0.255555 -0.129515 -2.386069
v -0.255555 -0.129515 -2.470196
v -0.255555 -0.055443 -2.386069
v -0.255555 -0.055443 -2.470196
v -0.438219 -0.055443 -2.470196
vn -0.0000 -1.0000 -0.0000
vn -1.0000 -0.0000 -0.0000
vn -0.0000 -0.0000 1.0000
vn 1.0000 -0.0000 -0.0000
vn -0.0000 1.0000 -0.0000
vn -0.0000 -0.0000 -1.0000
vt 0.631295 0.407343
vt 0.372380 0.635276
vt 0.372172 0.408201
vt 0.269422 0.425120
vt 0.187795 0.601517
vt 0.187795 0.425120
vt 0.676459 0.625544
vt 0.328541 0.408196
vt 0.676459 0.408196
vt 0.176905 0.614892
vt 0.263514 0.427727
vt 0.263514 0.614892
vt 0.329566 0.617636
vt 0.667634 0.414328
vt 0.667634 0.617636
vt 0.328541 0.625544
vt 0.631503 0.634418
vt 0.269422 0.601517
vt 0.176904 0.427727
vt 0.329566 0.414328
s 0
usemtl brick
f 6332/3688/2271 6328/3689/2271 6329/3690/2271
f 6330/3691/2272 6329/3692/2272 6328/3693/2272
f 6333/3694/2273 6328/3695/2273 6331/3696/2273
f 6334/3697/2274 6331/3698/2274 6332/3699/2274
f 6335/3700/2275 6333/3701/2275 6334/3702/2275
f 6335/3703/2276 6332/3696/2276 6329/3695/2276
f 6332/3688/2271 6331/3704/2271 6328/3689/2271
f 6330/3691/2272 6335/3705/2272 6329/3692/2272
f 6333/3694/2273 6330/3703/2273 6328/3695/2273
f 6334/3697/2274 6333/3706/2274 6331/3698/2274
f 6335/3700/2275 6330/3707/2275 6333/3701/2275
f 6335/3703/2276 6334/3694/2276 6332/3696/2276
o Cube.030
v -0.646456 -0.129515 -2.386069
v -0.646456 -0.129515 -2.470196
v -0.646456 -0.055443 -2.386069
v -0.463792 -0.129515 -2.386069
v -0.463792 -0.129515 -2.470196
v -0.463792 -0.055443 -2.386069
v -0.463792 -0.055443 -2.470196
v -0.646456 -0.055443 -2.470196
vn -0.0000 -1.0000 -0.0000
vn -1.0000 -0.0000 -0.0000
vn -0.0000 -0.0000 1.0000
vn 1.0000 -0.0000 -0.0000
vn -0.0000 1.0000 -0.0000
vn -0.0000 -0.0000 -1.0000
vt 0.631295 0.407343
vt 0.372380 0.635276
vt 0.372172 0.408201
vt 0.269422 0.425120
vt 0.187795 0.601517
vt 0.187795 0.425120
vt 0.676459 0.625544
vt 0.328541 0.408196
vt 0.676459 0.408196
vt 0.176905 0.614892
vt 0.263514 0.427727
vt 0.263514 0.614892
vt 0.329566 0.617636
vt 0.667634 0.414328
vt 0.667634 0.617636
vt 0.328541 0.625544
vt 0.631503 0.634418
vt 0.269422 0.601517
vt 0.176904 0.427727
vt 0.329566 0.414328
s 0
usemtl brick
f 6340/3708/2277 6336/3709/2277 6337/3710/2277
f 6338/3711/2278 6337/3712/2278 6336/3713/2278
f 6341/3714/2279 6336/3715/2279 6339/3716/2279
f 6342/3717/2280 6339/3718/2280 6340/3719/2280
f 6343/3720/2281 6341/3721/2281 6342/3722/2281
f 6343/3723/2282 6340/3716/2282 6337/3715/2282
f 6340/3708/2277 6339/3724/2277 6336/3709/2277
f 6338/3711/2278 6343/3725/2278 6337/3712/2278
f 6341/3714/2279 6338/3723/2279 6336/3715/2279
f 6342/3717/2280 6341/3726/2280 6339/3718/2280
f 6343/3720/2281 6338/3727/2281 6341/3721/2281
f 6343/3723/2282 6342/3714/2282 6340/3716/2282
o Cube.034
v 0.035778 -0.218052 -2.386069
v 0.035778 -0.218052 -2.470196
v 0.035778 -0.143979 -2.386069
v 0.218442 -0.218052 -2.386069
v 0.218442 -0.218052 -2.470196
v 0.218442 -0.143979 -2.386069
v 0.218442 -0.143979 -2.470196
v 0.035778 -0.143979 -2.470196
vn -0.0000 -1.0000 -0.0000
vn -1.0000 -0.0000 -0.0000
vn -0.0000 -0.0000 1.0000
vn 1.0000 -0.0000 -0.0000
vn -0.0000 1.0000 -0.0000
vn -0.0000 -0.0000 -1.0000
vt 0.631295 0.407343
vt 0.372380 0.635276
vt 0.372172 0.408201
vt 0.269422 0.425120
vt 0.187795 0.601517
vt 0.187795 0.425120
vt 0.676459 0.625544
vt 0.328541 0.408196
vt 0.676459 0.408196
vt 0.176905 0.614892
vt 0.263514 0.427727
vt 0.263514 0.614892
vt 0.329566 0.617636
vt 0.667634 0.414328
vt 0.667634 0.617636
vt 0.328541 0.625544
vt 0.631503 0.634418
vt 0.269422 0.601517
vt 0.176904 0.427727
vt 0.329566 0.414328
s 0
usemtl brick
f 6348/3728/2283 6344/3729/2283 6345/3730/2283
f 6346/3731/2284 6345/3732/2284 6344/3733/2284
f 6349/3734/2285 6344/3735/2285 6347/3736/2285
f 6350/3737/2286 6347/3738/2286 6348/3739/2286
f 6351/3740/2287 6349/3741/2287 6350/3742/2287
f 6351/3743/2288 6348/3736/2288 6345/3735/2288
f 6348/3728/2283 6347/3744/2283 6344/3729/2283
f 6346/3731/2284 6351/3745/2284 6345/3732/2284
f 6349/3734/2285 6346/3743/2285 6344/3735/2285
f 6350/3737/2286 6349/3746/2286 6347/3738/2286
f 6351/3740/2287 6346/3747/2287 6349/3741/2287
f 6351/3743/2288 6350/3734/2288 6348/3736/2288
o Cube.035
v -0.165152 -0.218052 -2.386069
v -0.165152 -0.218052 -2.470196
v -0.165152 -0.143979 -2.386069
v 0.017512 -0.218052 -2.386069
v 0.017512 -0.218052 -2.470196
v 0.017512 -0.143979 -2.386069
v 0.017512 -0.143979 -2.470196
v -0.165152 -0.143979 -2.470196
vn -0.0000 -1.0000 -0.0000
vn -1.0000 -0.0000 -0.0000
vn -0.0000 -0.0000 1.0000
vn 1.0000 -0.0000 -0.0000
vn -0.0000 1.0000 -0.0000
vn -0.0000 -0.0000 -1.0000
vt 0.631295 0.407343
vt 0.372380 0.635276
vt 0.372172 0.408201
vt 0.269422 0.425120
vt 0.187795 0.601517
vt 0.187795 0.425120
vt 0.676459 0.625544
vt 0.328541 0.408196
vt 0.676459 0.408196
vt 0.176905 0.614892
vt 0.263514 0.427727
vt 0.263514 0.614892
vt 0.329566 0.617636
vt 0.667634 0.414328
vt 0.667634 0.617636
vt 0.328541 0.625544
vt 0.631503 0.634418
vt 0.269422 0.601517
vt 0.176904 0.427727
vt 0.329566 0.414328
s 0
usemtl brick
f 6356/3748/2289 6352/3749/2289 6353/3750/2289
f 6354/3751/2290 6353/3752/2290 6352/3753/2290
f 6357/3754/2291 6352/3755/2291 6355/3756/2291
f 6358/3757/2292 6355/3758/2292 6356/3759/2292
f 6359/3760/2293 6357/3761/2293 6358/3762/2293
f 6359/3763/2294 6356/3756/2294 6353/3755/2294
f 6356/3748/2289 6355/3764/2289 6352/3749/2289
f 6354/3751/2290 6359/3765/2290 6353/3752/2290
f 6357/3754/2291 6354/3763/2291 6352/3755/2291
f 6358/3757/2292 6357/3766/2292 6355/3758/2292
f 6359/3760/2293 6354/3767/2293 6357/3761/2293
f 6359/3763/2294 6358/3754/2294 6356/3756/2294
o Cube.036
v -0.366083 -0.218052 -2.386069
v -0.366083 -0.218052 -2.470196
v -0.366083 -0.143979 -2.386069
v -0.183418 -0.218052 -2.386069
v -0.183418 -0.218052 -2.470196
v -0.183418 -0.143979 -2.386069
v -0.183418 -0.143979 -2.470196
v -0.366083 -0.143979 -2.470196
vn -0.0000 -1.0000 -0.0000
vn -1.0000 -0.0000 -0.0000
vn -0.0000 -0.0000 1.0000
vn 1.0000 -0.0000 -0.0000
vn -0.0000 1.0000 -0.0000
vn -0.0000 -0.0000 -1.0000
vt 0.631295 0.407343
vt 0.372380 0.635276
vt 0.372172 0.408201
vt 0.269422 0.425120
vt 0.187795 0.601517
vt 0.187795 0.425120
vt 0.676459 0.625544
vt 0.328541 0.408196
vt 0.676459 0.408196
vt 0.176905 0.614892
vt 0.263514 0.427727
vt 0.263514 0.614892
vt 0.329566 0.617636
vt 0.667634 0.414328
vt 0.667634 0.617636
vt 0.328541 0.625544
vt 0.631503 0.634418
vt 0.269422 0.601517
vt 0.176904 0.427727
vt 0.329566 0.414328
s 0
usemtl brick
f 6364/3768/2295 6360/3769/2295 6361/3770/2295
f 6362/3771/2296 6361/3772/2296 6360/3773/2296
f 6365/3774/2297 6360/3775/2297 6363/3776/2297
f 6366/3777/2298 6363/3778/2298 6364/3779/2298
f 6367/3780/2299 6365/3781/2299 6366/3782/2299
f 6367/3783/2300 6364/3776/2300 6361/3775/2300
f 6364/3768/2295 6363/3784/2295 6360/3769/2295
f 6362/3771/2296 6367/3785/2296 6361/3772/2296
f 6365/3774/2297 6362/3783/2297 6360/3775/2297
f 6366/3777/2298 6365/3786/2298 6363/3778/2298
f 6367/3780/2299 6362/3787/2299 6365/3781/2299
f 6367/3783/2300 6366/3774/2300 6364/3776/2300
o Cube.037
v -0.567013 -0.218052 -2.386069
v -0.567013 -0.218052 -2.470196
v -0.567013 -0.143979 -2.386069
v -0.384349 -0.218052 -2.386069
v -0.384349 -0.218052 -2.470196
v -0.384349 -0.143979 -2.386069
v -0.384349 -0.143979 -2.470196
v -0.567013 -0.143979 -2.470196
vn -0.0000 -1.0000 -0.0000
vn -1.0000 -0.0000 -0.0000
vn -0.0000 -0.0000 1.0000
vn 1.0000 -0.0000 -0.0000
vn -0.0000 1.0000 -0.0000
vn -0.0000 -0.0000 -1.0000
vt 0.631295 0.407343
vt 0.372380 0.635276
vt 0.372172 0.408201
vt 0.269422 0.425120
vt 0.187795 0.601517
vt 0.187795 0.425120
vt 0.676459 0.625544
vt 0.328541 0.408196
vt 0.676459 0.408196
vt 0.176905 0.614892
vt 0.263514 0.427727
vt 0.263514 0.614892
vt 0.329566 0.617636
vt 0.667634 0.414328
vt 0.667634 0.617636
vt 0.328541 0.625544
vt 0.631503 0.634418
vt 0.269422 0.601517
vt 0.176904 0.427727
vt 0.329566 0.414328
s 0
usemtl brick
f 6372/3788/2301 6368/3789/2301 6369/3790/2301
f 6370/3791/2302 6369/3792/2302 6368/3793/2302
f 6373/3794/2303 6368/3795/2303 6371/3796/2303
f 6374/3797/2304 6371/3798/2304 6372/3799/2304
f 6375/3800/2305 6373/3801/2305 6374/3802/2305
f 6375/3803/2306 6372/3796/2306 6369/3795/2306
f 6372/3788/2301 6371/3804/2301 6368/3789/2301
f 6370/3791/2302 6375/3805/2302 6369/3792/2302
f 6373/3794/2303 6370/3803/2303 6368/3795/2303
f 6374/3797/2304 6373/3806/2304 6371/3798/2304
f 6375/3800/2305 6370/3807/2305 6373/3801/2305
f 6375/3803/2306 6374/3794/2306 6372/3796/2306
o Cube.041
v -0.018092 -0.320597 -2.386069
v -0.018092 -0.320597 -2.470196
v -0.018092 -0.246524 -2.386069
v 0.164572 -0.320597 -2.386069
v 0.164572 -0.320597 -2.470196
v 0.164572 -0.246524 -2.386069
v 0.164572 -0.246524 -2.470196
v -0.018092 -0.246524 -2.470196
vn -0.0000 -1.0000 -0.0000
vn -1.0000 -0.0000 -0.0000
vn -0.0000 -0.0000 1.0000
vn 1.0000 -0.0000 -0.0000
vn -0.0000 1.0000 -0.0000
vn -0.0000 -0.0000 -1.0000
vt 0.631295 0.407343
vt 0.372380 0.635276
vt 0.372172 0.408201
vt 0.269422 0.425120
vt 0.187795 0.601517
vt 0.187795 0.425120
vt 0.676459 0.625544
vt 0.328541 0.408196
vt 0.676459 0.408196
vt 0.176905 0.614892
vt 0.263514 0.427727
vt 0.263514 0.614892
vt 0.329566 0.617636
vt 0.667634 0.414328
vt 0.667634 0.617636
vt 0.328541 0.625544
vt 0.631503 0.634418
vt 0.269422 0.601517
vt 0.176904 0.427727
vt 0.329566 0.414328
s 0
usemtl brick
f 6380/3808/2307 6376/3809/2307 6377/3810/2307
f 6378/3811/2308 6377/3812/2308 6376/3813/2308
f 6381/3814/2309 6376/3815/2309 6379/3816/2309
f 6382/3817/2310 6379/3818/2310 6380/3819/2310
f 6383/3820/2311 6381/3821/2311 6382/3822/2311
f 6383/3823/2312 6380/3816/2312 6377/3815/2312
f 6380/3808/2307 6379/3824/2307 6376/3809/2307
f 6378/3811/2308 6383/3825/2308 6377/3812/2308
f 6381/3814/2309 6378/3823/2309 6376/3815/2309
f 6382/3817/2310 6381/3826/2310 6379/3818/2310
f 6383/3820/2311 6378/3827/2311 6381/3821/2311
f 6383/3823/2312 6382/3814/2312 6380/3816/2312
o Cube.042
v -0.222675 -0.320597 -2.386069
v -0.222675 -0.320597 -2.470196
v -0.222675 -0.246524 -2.386069
v -0.040011 -0.320597 -2.386069
v -0.040011 -0.320597 -2.470196
v -0.040011 -0.246524 -2.386069
v -0.040011 -0.246524 -2.470196
v -0.222675 -0.246524 -2.470196
vn -0.0000 -1.0000 -0.0000
vn -1.0000 -0.0000 -0.0000
vn -0.0000 -0.0000 1.0000
vn 1.0000 -0.0000 -0.0000
vn -0.0000 1.0000 -0.0000
vn -0.0000 -0.0000 -1.0000
vt 0.631295 0.407343
vt 0.372380 0.635276
vt 0.372172 0.408201
vt 0.269422 0.425120
vt 0.187795 0.601517
vt 0.187795 0.425120
vt 0.676459 0.625544
vt 0.328541 0.408196
vt 0.676459 0.408196
vt 0.176905 0.614892
vt 0.263514 0.427727
vt 0.263514 0.614892
vt 0.329566 0.617636
vt 0.667634 0.414328
vt 0.667634 0.617636
vt 0.328541 0.625544
vt 0.631503 0.634418
vt 0.269422 0.601517
vt 0.176904 0.427727
vt 0.329566 0.414328
s 0
usemtl brick
f 6388/3828/2313 6384/3829/2313 6385/3830/2313
f 6386/3831/2314 6385/3832/2314 6384/3833/2314
f 6389/3834/2315 6384/3835/2315 6387/3836/2315
f 6390/3837/2316 6387/3838/2316 6388/3839/2316
f 6391/3840/2317 6389/3841/2317 6390/3842/2317
f 6391/3843/2318 6388/3836/2318 6385/3835/2318
f 6388/3828/2313 6387/3844/2313 6384/3829/2313
f 6386/3831/2314 6391/3845/2314 6385/3832/2314
f 6389/3834/2315 6386/3843/2315 6384/3835/2315
f 6390/3837/2316 6389/3846/2316 6387/3838/2316
f 6391/3840/2317 6386/3847/2317 6389/3841/2317
f 6391/3843/2318 6390/3834/2318 6388/3836/2318
o Cube.043
v -0.427259 -0.320597 -2.386069
v -0.427259 -0.320597 -2.470196
v -0.427259 -0.246524 -2.386069
v -0.244595 -0.320597 -2.386069
v -0.244595 -0.320597 -2.470196
v -0.244595 -0.246524 -2.386069
v -0.244595 -0.246524 -2.470196
v -0.427259 -0.246524 -2.470196
vn -0.0000 -1.0000 -0.0000
vn -1.0000 -0.0000 -0.0000
vn -0.0000 -0.0000 1.0000
vn 1.0000 -0.0000 -0.0000
vn -0.0000 1.0000 -0.0000
vn -0.0000 -0.0000 -1.0000
vt 0.631295 0.407343
vt 0.372380 0.635276
vt 0.372172 0.408201
vt 0.269422 0.425120
vt 0.187795 0.601517
vt 0.187795 0.425120
vt 0.676459 0.625544
vt 0.328541 0.408196
vt 0.676459 0.408196
vt 0.176905 0.614892
vt 0.263514 0.427727
vt 0.263514 0.614892
vt 0.329566 0.617636
vt 0.667634 0.414328
vt 0.667634 0.617636
vt 0.328541 0.625544
vt 0.631503 0.634418
vt 0.269422 0.601517
vt 0.176904 0.427727
vt 0.329566 0.414328
s 0
usemtl brick
f 6396/3848/2319 6392/3849/2319 6393/3850/2319
f 6394/3851/2320 6393/3852/2320 6392/3853/2320
f 6397/3854/2321 6392/3855/2321 6395/3856/2321
f 6398/3857/2322 6395/3858/2322 6396/3859/2322
f 6399/3860/2323 6397/3861/2323 6398/3862/2323
f 6399/3863/2324 6396/3856/2324 6393/3855/2324
f 6396/3848/2319 6395/3864/2319 6392/3849/2319
f 6394/3851/2320 6399/3865/2320 6393/3852/2320
f 6397/3854/2321 6394/3863/2321 6392/3855/2321
f 6398/3857/2322 6397/3866/2322 6395/3858/2322
f 6399/3860/2323 6394/3867/2323 6397/3861/2323
f 6399/3863/2324 6398/3854/2324 6396/3856/2324
o Cube.044
v -0.631843 -0.320597 -2.386069
v -0.631843 -0.320597 -2.470196
v -0.631843 -0.246524 -2.386069
v -0.449179 -0.320597 -2.386069
v -0.449179 -0.320597 -2.470196
v -0.449179 -0.246524 -2.386069
v -0.449179 -0.246524 -2.470196
v -0.631843 -0.246524 -2.470196
vn -0.0000 -1.0000 -0.0000
vn -1.0000 -0.0000 -0.0000
vn -0.0000 -0.0000 1.0000
vn 1.0000 -0.0000 -0.0000
vn -0.0000 1.0000 -0.0000
vn -0.0000 -0.0000 -1.0000
vt 0.631295 0.407343
vt 0.372380 0.635276
vt 0.372172 0.408201
vt 0.269422 0.425120
vt 0.187795 0.601517
vt 0.187795 0.425120
vt 0.676459 0.625544
vt 0.328541 0.408196
vt 0.676459 0.408196
vt 0.176905 0.614892
vt 0.263514 0.427727
vt 0.263514 0.614892
vt 0.329566 0.617636
vt 0.667634 0.414328
vt 0.667634 0.617636
vt 0.328541 0.625544
vt 0.631503 0.634418
vt 0.269422 0.601517
vt 0.176904 0.427727
vt 0.329566 0.414328
s 0
usemtl brick
f 6404/3868/2325 6400/3869/2325 6401/3870/2325
f 6402/3871/2326 6401/3872/2326 6400/3873/2326
f 6405/3874/2327 6400/3875/2327 6403/3876/2327
f 6406/3877/2328 6403/3878/2328 6404/3879/2328
f 6407/3880/2329 6405/3881/2329 6406/3882/2329
f 6407/3883/2330 6404/3876/2330 6401/3875/2330
f 6404/3868/2325 6403/3884/2325 6400/3869/2325
f 6402/3871/2326 6407/3885/2326 6401/3872/2326
f 6405/3874/2327 6402/3883/2327 6400/3875/2327
f 6406/3877/2328 6405/3886/2328 6403/3878/2328
f 6407/3880/2329 6402/3887/2329 6405/3881/2329
f 6407/3883/2330 6406/3874/2330 6404/3876/2330
o Cube.010
v -0.632068 -0.030908 -2.386069
v -0.632068 -0.030908 -2.470196
v -0.632068 0.043165 -2.386069
v -0.449404 -0.030908 -2.386069
v -0.449404 -0.030908 -2.470196
v -0.449404 0.043165 -2.386069
v -0.449404 0.043165 -2.470196
v -0.632068 0.043165 -2.470196
vn -0.0000 -1.0000 -0.0000
vn -1.0000 -0.0000 -0.0000
vn -0.0000 -0.0000 1.0000
vn 1.0000 -0.0000 -0.0000
vn -0.0000 1.0000 -0.0000
vn -0.0000 -0.0000 -1.0000
vt 0.631295 0.407343
vt 0.372380 0.635276
vt 0.372172 0.408201
vt 0.269422 0.425120
vt 0.187795 0.601517
vt 0.187795 0.425120
vt 0.676459 0.625544
vt 0.328541 0.408196
vt 0.676459 0.408196
vt 0.176905 0.614892
vt 0.263514 0.427727
vt 0.263514 0.614892
vt 0.329566 0.617636
vt 0.667634 0.414328
vt 0.667634 0.617636
vt 0.328541 0.625544
vt 0.631503 0.634418
vt 0.269422 0.601517
vt 0.176904 0.427727
vt 0.329566 0.414328
s 0
usemtl brick
f 6412/3888/2331 6408/3889/2331 6409/3890/2331
f 6410/3891/2332 6409/3892/2332 6408/3893/2332
f 6413/3894/2333 6408/3895/2333 6411/3896/2333
f 6414/3897/2334 6411/3898/2334 6412/3899/2334
f 6415/3900/2335 6413/3901/2335 6414/3902/2335
f 6415/3903/2336 6412/3896/2336 6409/3895/2336
f 6412/3888/2331 6411/3904/2331 6408/3889/2331
f 6410/3891/2332 6415/3905/2332 6409/3892/2332
f 6413/3894/2333 6410/3903/2333 6408/3895/2333
f 6414/3897/2334 6413/3906/2334 6411/3898/2334
f 6415/3900/2335 6410/3907/2335 6413/3901/2335
f 6415/3903/2336 6414/3894/2336 6412/3896/2336
