# Blender 3.3.1
# www.blender.org
mtllib bronco2.mtl
o Bronco
v 1.727573 0.117011 -2.378836
v 1.773103 0.086588 -2.378836
v 1.803526 0.041058 -2.378836
v 1.814209 -0.012649 -2.378836
v 1.803526 -0.066357 -2.378836
v 1.773103 -0.111887 -2.378836
v 1.727573 -0.142310 -2.378836
v 1.673866 -0.152993 -2.378836
v 1.673866 -0.152993 -2.277643
v 1.620159 -0.142310 -2.378836
v 1.574628 -0.111887 -2.378836
v 1.544205 -0.066357 -2.378836
v 1.533522 -0.012649 -2.378836
v 1.544205 0.041058 -2.378836
v 1.574628 0.086588 -2.378836
v 1.620159 0.117011 -2.378836
v 1.673866 0.127694 -2.378836
v 1.673866 0.127694 -2.277643
v 1.673866 -0.160801 -2.346043
v 1.673866 -0.160801 -2.310436
v 1.673866 0.135502 -2.310436
v 1.673866 0.135502 -2.346043
v 1.673866 -0.272243 -2.226985
v 1.673866 0.005717 -0.772045
v 1.673866 -0.228277 -0.745036
v 1.673866 0.262274 -2.172980
v 1.673866 0.259430 -1.411314
v 1.673866 -0.261453 -0.825000
v 1.673866 0.030094 -1.281746
v 1.673866 0.020510 -2.281509
v 1.673866 -0.095384 -0.747817
v 1.673866 -0.121388 -2.270940
v 1.673866 -0.272426 -2.095970
v 1.673866 0.270717 -2.070175
v 1.673866 -0.286447 -1.783743
v 1.673866 0.282060 -1.839810
v 1.673866 -0.273256 -1.252779
v 1.673866 0.272463 -1.577235
v 1.673866 -0.195914 -2.247485
v 1.673866 -0.158560 -0.748545
v 1.673866 0.018941 -1.016957
v 1.673866 -0.260935 -0.794155
v 1.673866 0.264880 -1.483671
v 1.673866 -0.261453 -1.030521
v 1.673866 -0.286447 -1.947267
v 1.673866 0.277535 -1.953939
v 1.673866 0.099062 -2.269014
v 1.673866 0.183287 -2.239214
v 1.673866 0.182985 -1.368125
v 1.673866 0.106539 -1.324935
v 1.466985 0.262737 -2.148761
v 1.360528 -0.275870 -2.178357
v 1.390957 -0.006143 -0.810481
v 1.366953 -0.232406 -0.771591
v 1.450312 0.252957 -1.444355
v 1.363982 0.034350 -1.272585
v 1.358595 -0.264402 -0.818846
v 1.360528 0.021658 -2.221729
v 1.373646 -0.101046 -0.790571
v 1.360528 -0.125955 -2.201003
v 1.358595 -0.089322 -0.924462
v 1.447708 0.266370 -2.072725
v 1.360528 -0.286447 -2.102635
v 1.360528 0.023284 -2.103053
v 1.360528 -0.152080 -2.052864
v 1.447708 0.271746 -1.842432
v 1.360528 -0.149032 -1.831153
v 1.360528 -0.286447 -1.783743
v 1.360528 0.024361 -1.832046
v 1.447708 0.260816 -1.577812
v 1.358595 -0.130204 -1.154889
v 1.358595 -0.261453 -1.208246
v 1.360528 0.026752 -1.484386
v 1.360528 -0.207749 -2.174398
v 1.365927 -0.167180 -0.780202
v 1.358595 -0.193570 -0.824925
v 1.360528 -0.217010 -2.108438
v 1.360528 -0.215802 -1.779852
v 1.358595 -0.195516 -1.195289
v 1.569420 -0.272243 -2.226985
v 1.569420 0.005717 -0.772045
v 1.573091 -0.228277 -0.745036
v 1.598480 0.262776 -2.172746
v 1.598480 0.259430 -1.411311
v 1.578595 -0.261453 -0.825000
v 1.569420 0.030094 -1.281746
v 1.569420 0.020510 -2.281509
v 1.569596 -0.095384 -0.747817
v 1.569420 -0.121388 -2.270940
v 1.569420 -0.272426 -2.095970
v 1.598480 0.271789 -2.069817
v 1.569420 -0.286447 -1.783743
v 1.598480 0.284071 -1.839140
v 1.578595 -0.273256 -1.252779
v 1.598480 0.273323 -1.576947
v 1.569420 -0.195914 -2.247485
v 1.571153 -0.158560 -0.748545
v 1.384150 0.007996 -1.000231
v 1.361342 -0.258326 -0.789485
v 1.371173 -0.104606 -0.859940
v 1.361859 -0.191203 -0.794238
v 1.577749 -0.260935 -0.794155
v 1.569420 0.018941 -1.016957
v 1.449010 0.256330 -1.503428
v 1.358595 -0.083853 -1.104731
v 1.360528 0.031983 -1.360945
v 1.578595 -0.261453 -1.030521
v 1.598480 0.265225 -1.483572
v 1.360528 0.024588 -1.967006
v 1.447708 0.270586 -1.957888
v 1.360528 -0.138940 -1.942020
v 1.598480 0.279212 -1.953380
v 1.569420 -0.286447 -1.947267
v 1.407148 0.179211 -1.381098
v 1.422302 0.183865 -2.192340
v 1.385470 0.099530 -2.213484
v 1.408963 0.188083 -2.101147
v 1.378801 0.103169 -2.108071
v 1.408963 0.192367 -1.841867
v 1.378801 0.105846 -1.836581
v 1.408963 0.183715 -1.538823
v 1.378801 0.102453 -1.522288
v 1.585565 0.183417 -2.239162
v 1.575511 0.099062 -2.269014
v 1.409864 0.182183 -1.454269
v 1.379251 0.105047 -1.405208
v 1.408963 0.192132 -1.973441
v 1.378801 0.106185 -1.974071
v 1.620159 0.117011 -2.378836
v 1.620159 0.117011 -2.277643
v 1.574628 0.086588 -2.378836
v 1.574628 0.086588 -2.277643
v 1.544205 0.041058 -2.378836
v 1.544205 0.041058 -2.277643
v 1.533522 -0.012649 -2.378836
v 1.533522 -0.012649 -2.277643
v 1.544205 -0.066357 -2.378836
v 1.544205 -0.066357 -2.277643
v 1.574628 -0.111887 -2.378836
v 1.574628 -0.111887 -2.277643
v 1.620159 -0.142310 -2.378836
v 1.620159 -0.142310 -2.277643
v 1.454178 -0.153070 -1.941842
v 1.352986 -0.153070 -1.941842
v 1.454178 -0.163753 -1.888134
v 1.352986 -0.163753 -1.888134
v 1.454178 -0.194175 -1.842604
v 1.352986 -0.194175 -1.842604
v 1.454178 -0.239706 -1.812181
v 1.352986 -0.239706 -1.812181
v 1.454178 -0.293413 -1.801498
v 1.352986 -0.293413 -1.801498
v 1.454178 -0.347120 -1.812181
v 1.352986 -0.347120 -1.812181
v 1.454178 -0.392651 -1.842604
v 1.352986 -0.392651 -1.842604
v 1.454178 -0.423074 -1.888134
v 1.352986 -0.423074 -1.888134
v 1.454178 -0.433757 -1.941842
v 1.352986 -0.433757 -1.941842
v 1.454178 -0.423074 -1.995549
v 1.352986 -0.423074 -1.995549
v 1.454178 -0.392651 -2.041080
v 1.352986 -0.392651 -2.041080
v 1.454178 -0.347120 -2.071502
v 1.352986 -0.347120 -2.071502
v 1.454178 -0.293413 -2.082185
v 1.352986 -0.293413 -2.082185
v 1.454178 -0.239706 -2.071502
v 1.352986 -0.239706 -2.071502
v 1.454178 -0.194175 -2.041080
v 1.352986 -0.194175 -2.041080
v 1.454178 -0.163753 -1.995549
v 1.352986 -0.163753 -1.995549
v 1.617171 0.124225 -2.346043
v 1.617171 0.124225 -2.310436
v 1.569107 0.092110 -2.346043
v 1.569107 0.092110 -2.310436
v 1.536992 0.044046 -2.346043
v 1.536992 0.044046 -2.310436
v 1.525714 -0.012649 -2.346043
v 1.525714 -0.012649 -2.310436
v 1.536992 -0.069345 -2.346043
v 1.536992 -0.069345 -2.310436
v 1.569107 -0.117408 -2.346043
v 1.569107 -0.117408 -2.310436
v 1.617171 -0.149524 -2.346043
v 1.617171 -0.149524 -2.310436
v 1.385778 -0.156539 -1.998537
v 1.421386 -0.156539 -1.998537
v 1.385778 -0.188654 -2.046601
v 1.421386 -0.188654 -2.046601
v 1.385778 -0.236718 -2.078716
v 1.421386 -0.236718 -2.078716
v 1.385778 -0.293413 -2.089993
v 1.421386 -0.293413 -2.089993
v 1.385778 -0.350108 -2.078716
v 1.421386 -0.350108 -2.078716
v 1.385778 -0.398172 -2.046601
v 1.421386 -0.398172 -2.046601
v 1.385778 -0.430287 -1.998537
v 1.421386 -0.430287 -1.998537
v 1.385778 -0.441565 -1.941842
v 1.421386 -0.441565 -1.941842
v 1.385778 -0.430287 -1.885146
v 1.421386 -0.430287 -1.885146
v 1.385778 -0.398172 -1.837083
v 1.421386 -0.398172 -1.837083
v 1.385778 -0.350108 -1.804968
v 1.421386 -0.350108 -1.804968
v 1.385778 -0.293413 -1.793690
v 1.421386 -0.293413 -1.793690
v 1.385778 -0.236718 -1.804968
v 1.421386 -0.236718 -1.804968
v 1.385778 -0.188654 -1.837083
v 1.421386 -0.188654 -1.837083
v 1.385778 -0.156539 -1.885146
v 1.421386 -0.156539 -1.885146
v 1.421386 -0.145262 -1.941842
v 1.385778 -0.145262 -1.941842
v 1.454178 -0.153070 -1.014923
v 1.352986 -0.153070 -1.014923
v 1.454178 -0.163753 -0.961216
v 1.352986 -0.163753 -0.961216
v 1.454178 -0.194175 -0.915685
v 1.352986 -0.194175 -0.915685
v 1.454178 -0.239706 -0.885263
v 1.352986 -0.239706 -0.885263
v 1.454178 -0.293413 -0.874580
v 1.352986 -0.293413 -0.874580
v 1.454178 -0.347120 -0.885263
v 1.352986 -0.347120 -0.885263
v 1.454178 -0.392651 -0.915685
v 1.352986 -0.392651 -0.915685
v 1.454178 -0.423074 -0.961216
v 1.352986 -0.423074 -0.961216
v 1.454178 -0.433757 -1.014923
v 1.352986 -0.433757 -1.014923
v 1.454178 -0.423074 -1.068630
v 1.352986 -0.423074 -1.068630
v 1.454178 -0.392651 -1.114161
v 1.352986 -0.392651 -1.114161
v 1.454178 -0.347120 -1.144584
v 1.352986 -0.347120 -1.144584
v 1.454178 -0.293413 -1.155267
v 1.352986 -0.293413 -1.155267
v 1.454178 -0.239706 -1.144584
v 1.352986 -0.239706 -1.144584
v 1.454178 -0.194175 -1.114161
v 1.352986 -0.194175 -1.114161
v 1.454178 -0.163753 -1.068630
v 1.352986 -0.163753 -1.068630
v 1.385778 -0.156539 -1.071618
v 1.421386 -0.156539 -1.071618
v 1.385778 -0.188654 -1.119682
v 1.421386 -0.188654 -1.119682
v 1.385778 -0.236718 -1.151797
v 1.421386 -0.236718 -1.151797
v 1.385778 -0.293413 -1.163075
v 1.421386 -0.293413 -1.163075
v 1.385778 -0.350108 -1.151797
v 1.421386 -0.350108 -1.151797
v 1.385778 -0.398172 -1.119682
v 1.421386 -0.398172 -1.119682
v 1.385778 -0.430287 -1.071618
v 1.421386 -0.430287 -1.071618
v 1.385778 -0.441565 -1.014923
v 1.421386 -0.441565 -1.014923
v 1.385778 -0.430287 -0.958228
v 1.421386 -0.430287 -0.958228
v 1.385778 -0.398172 -0.910164
v 1.421386 -0.398172 -0.910164
v 1.385778 -0.350108 -0.878049
v 1.421386 -0.350108 -0.878049
v 1.385778 -0.293413 -0.866771
v 1.421386 -0.293413 -0.866771
v 1.385778 -0.236718 -0.878049
v 1.421386 -0.236718 -0.878049
v 1.385778 -0.188654 -0.910164
v 1.421386 -0.188654 -0.910164
v 1.385778 -0.156539 -0.958228
v 1.421386 -0.156539 -0.958228
v 1.421386 -0.145262 -1.014923
v 1.385778 -0.145262 -1.014923
v 1.385565 0.124560 -1.338155
v 1.588793 0.182985 -1.368123
v 1.579106 0.106539 -1.324934
v 1.620159 0.117011 -2.378836
v 1.574628 0.086588 -2.378836
v 1.544205 0.041058 -2.378836
v 1.533522 -0.012649 -2.378836
v 1.544205 -0.066357 -2.378836
v 1.574628 -0.111887 -2.378836
v 1.620159 -0.142310 -2.378836
v 1.727573 -0.142310 -2.378836
v 1.773104 -0.111887 -2.378836
v 1.803526 -0.066357 -2.378836
v 1.814209 -0.012649 -2.378836
v 1.803526 0.041058 -2.378836
v 1.773104 0.086588 -2.378836
v 1.727573 0.117011 -2.378836
v 1.880747 0.262737 -2.148761
v 1.987204 -0.275870 -2.178357
v 1.956775 -0.006143 -0.810481
v 1.980779 -0.232406 -0.771591
v 1.897419 0.252957 -1.444355
v 1.983749 0.034350 -1.272585
v 1.989137 -0.264402 -0.818846
v 1.987204 0.021658 -2.221729
v 1.974086 -0.101046 -0.790571
v 1.987204 -0.125955 -2.201003
v 1.989137 -0.089322 -0.924462
v 1.900024 0.266370 -2.072725
v 1.987204 -0.286447 -2.102635
v 1.987204 0.023284 -2.103053
v 1.987204 -0.152080 -2.052864
v 1.900024 0.271746 -1.842432
v 1.987204 -0.149032 -1.831153
v 1.987204 -0.286447 -1.783743
v 1.987204 0.024361 -1.832046
v 1.900024 0.260816 -1.577812
v 1.989137 -0.130204 -1.154889
v 1.989137 -0.261453 -1.208246
v 1.987204 0.026752 -1.484386
v 1.987204 -0.207749 -2.174398
v 1.981804 -0.167180 -0.780202
v 1.989137 -0.193570 -0.824925
v 1.987204 -0.217010 -2.108438
v 1.987204 -0.215802 -1.779852
v 1.989137 -0.195516 -1.195289
v 1.778312 -0.272243 -2.226985
v 1.778312 0.005717 -0.772045
v 1.774640 -0.228277 -0.745036
v 1.749252 0.262776 -2.172746
v 1.749252 0.259430 -1.411311
v 1.769137 -0.261453 -0.825000
v 1.778312 0.030094 -1.281746
v 1.778312 0.020510 -2.281509
v 1.778136 -0.095384 -0.747817
v 1.778312 -0.121388 -2.270940
v 1.778312 -0.272426 -2.095970
v 1.749252 0.271789 -2.069817
v 1.778312 -0.286447 -1.783743
v 1.749252 0.284071 -1.839140
v 1.769137 -0.273256 -1.252779
v 1.749252 0.273323 -1.576947
v 1.778312 -0.195914 -2.247485
v 1.776579 -0.158560 -0.748545
v 1.963582 0.007996 -1.000231
v 1.986389 -0.258326 -0.789485
v 1.976558 -0.104606 -0.859940
v 1.985873 -0.191203 -0.794238
v 1.769983 -0.260935 -0.794155
v 1.778312 0.018941 -1.016957
v 1.898722 0.256330 -1.503428
v 1.989137 -0.083853 -1.104731
v 1.987204 0.031983 -1.360945
v 1.769137 -0.261453 -1.030521
v 1.749252 0.265225 -1.483572
v 1.987204 0.024588 -1.967006
v 1.900024 0.270586 -1.957888
v 1.987204 -0.138940 -1.942020
v 1.749252 0.279212 -1.953380
v 1.778312 -0.286447 -1.947267
v 1.940584 0.179211 -1.381098
v 1.925429 0.183865 -2.192340
v 1.962261 0.099530 -2.213484
v 1.938769 0.188083 -2.101147
v 1.968931 0.103169 -2.108071
v 1.938769 0.192367 -1.841867
v 1.968931 0.105846 -1.836581
v 1.938769 0.183715 -1.538823
v 1.968931 0.102453 -1.522288
v 1.762167 0.183417 -2.239162
v 1.772221 0.099062 -2.269014
v 1.937867 0.182183 -1.454269
v 1.968480 0.105047 -1.405208
v 1.938769 0.192132 -1.973441
v 1.968931 0.106185 -1.974071
v 1.727573 0.117011 -2.378836
v 1.727573 0.117011 -2.277643
v 1.773103 0.086588 -2.378836
v 1.773103 0.086588 -2.277643
v 1.803526 0.041058 -2.378836
v 1.803526 0.041058 -2.277643
v 1.814209 -0.012649 -2.378836
v 1.814209 -0.012649 -2.277643
v 1.803526 -0.066357 -2.378836
v 1.803526 -0.066357 -2.277643
v 1.773103 -0.111887 -2.378836
v 1.773103 -0.111887 -2.277643
v 1.727573 -0.142310 -2.378836
v 1.727573 -0.142310 -2.277643
v 1.893553 -0.153070 -1.941842
v 1.994746 -0.153070 -1.941842
v 1.893553 -0.163753 -1.888134
v 1.994746 -0.163753 -1.888134
v 1.893553 -0.194175 -1.842604
v 1.994746 -0.194175 -1.842604
v 1.893553 -0.239706 -1.812181
v 1.994746 -0.239706 -1.812181
v 1.893553 -0.293413 -1.801498
v 1.994746 -0.293413 -1.801498
v 1.893553 -0.347120 -1.812181
v 1.994746 -0.347120 -1.812181
v 1.893553 -0.392651 -1.842604
v 1.994746 -0.392651 -1.842604
v 1.893553 -0.423074 -1.888134
v 1.994746 -0.423074 -1.888134
v 1.893553 -0.433757 -1.941842
v 1.994746 -0.433757 -1.941842
v 1.893553 -0.423074 -1.995549
v 1.994746 -0.423074 -1.995549
v 1.893553 -0.392651 -2.041080
v 1.994746 -0.392651 -2.041080
v 1.893553 -0.347120 -2.071502
v 1.994746 -0.347120 -2.071502
v 1.893553 -0.293413 -2.082185
v 1.994746 -0.293413 -2.082185
v 1.893553 -0.239706 -2.071502
v 1.994746 -0.239706 -2.071502
v 1.893553 -0.194175 -2.041080
v 1.994746 -0.194175 -2.041080
v 1.893553 -0.163753 -1.995549
v 1.994746 -0.163753 -1.995549
v 1.730561 0.124225 -2.346043
v 1.730561 0.124225 -2.310436
v 1.778625 0.092110 -2.346043
v 1.778625 0.092110 -2.310436
v 1.810740 0.044046 -2.346043
v 1.810740 0.044046 -2.310436
v 1.822017 -0.012649 -2.346043
v 1.822017 -0.012649 -2.310436
v 1.810740 -0.069345 -2.346043
v 1.810740 -0.069345 -2.310436
v 1.778625 -0.117408 -2.346043
v 1.778625 -0.117408 -2.310436
v 1.730561 -0.149524 -2.346043
v 1.730561 -0.149524 -2.310436
v 1.961953 -0.156539 -1.998537
v 1.926346 -0.156539 -1.998537
v 1.961953 -0.188654 -2.046601
v 1.926346 -0.188654 -2.046601
v 1.961953 -0.236718 -2.078716
v 1.926346 -0.236718 -2.078716
v 1.961953 -0.293413 -2.089993
v 1.926346 -0.293413 -2.089993
v 1.961953 -0.350108 -2.078716
v 1.926346 -0.350108 -2.078716
v 1.961953 -0.398172 -2.046601
v 1.926346 -0.398172 -2.046601
v 1.961953 -0.430287 -1.998537
v 1.926346 -0.430287 -1.998537
v 1.961953 -0.441565 -1.941842
v 1.926346 -0.441565 -1.941842
v 1.961953 -0.430287 -1.885146
v 1.926346 -0.430287 -1.885146
v 1.961953 -0.398172 -1.837083
v 1.926346 -0.398172 -1.837083
v 1.961953 -0.350108 -1.804968
v 1.926346 -0.350108 -1.804968
v 1.961953 -0.293413 -1.793690
v 1.926346 -0.293413 -1.793690
v 1.961953 -0.236718 -1.804968
v 1.926346 -0.236718 -1.804968
v 1.961953 -0.188654 -1.837083
v 1.926346 -0.188654 -1.837083
v 1.961953 -0.156539 -1.885146
v 1.926346 -0.156539 -1.885146
v 1.926346 -0.145262 -1.941842
v 1.961953 -0.145262 -1.941842
v 1.893553 -0.153070 -1.014923
v 1.994746 -0.153070 -1.014923
v 1.893553 -0.163753 -0.961216
v 1.994746 -0.163753 -0.961216
v 1.893553 -0.194175 -0.915685
v 1.994746 -0.194175 -0.915685
v 1.893553 -0.239706 -0.885263
v 1.994746 -0.239706 -0.885263
v 1.893553 -0.293413 -0.874580
v 1.994746 -0.293413 -0.874580
v 1.893553 -0.347120 -0.885263
v 1.994746 -0.347120 -0.885263
v 1.893553 -0.392651 -0.915685
v 1.994746 -0.392651 -0.915685
v 1.893553 -0.423074 -0.961216
v 1.994746 -0.423074 -0.961216
v 1.893553 -0.433757 -1.014923
v 1.994746 -0.433757 -1.014923
v 1.893553 -0.423074 -1.068630
v 1.994746 -0.423074 -1.068630
v 1.893553 -0.392651 -1.114161
v 1.994746 -0.392651 -1.114161
v 1.893553 -0.347120 -1.144584
v 1.994746 -0.347120 -1.144584
v 1.893553 -0.293413 -1.155267
v 1.994746 -0.293413 -1.155267
v 1.893553 -0.239706 -1.144584
v 1.994746 -0.239706 -1.144584
v 1.893553 -0.194175 -1.114161
v 1.994746 -0.194175 -1.114161
v 1.893553 -0.163753 -1.068630
v 1.994746 -0.163753 -1.068630
v 1.961953 -0.156539 -1.071618
v 1.926346 -0.156539 -1.071618
v 1.961953 -0.188654 -1.119682
v 1.926346 -0.188654 -1.119682
v 1.961953 -0.236718 -1.151797
v 1.926346 -0.236718 -1.151797
v 1.961953 -0.293413 -1.163075
v 1.926346 -0.293413 -1.163075
v 1.961953 -0.350108 -1.151797
v 1.926346 -0.350108 -1.151797
v 1.961953 -0.398172 -1.119682
v 1.926346 -0.398172 -1.119682
v 1.961953 -0.430287 -1.071618
v 1.926346 -0.430287 -1.071618
v 1.961953 -0.441565 -1.014923
v 1.926346 -0.441565 -1.014923
v 1.961953 -0.430287 -0.958228
v 1.926346 -0.430287 -0.958228
v 1.961953 -0.398172 -0.910164
v 1.926346 -0.398172 -0.910164
v 1.961953 -0.350108 -0.878049
v 1.926346 -0.350108 -0.878049
v 1.961953 -0.293413 -0.866771
v 1.926346 -0.293413 -0.866771
v 1.961953 -0.236718 -0.878049
v 1.926346 -0.236718 -0.878049
v 1.961953 -0.188654 -0.910164
v 1.926346 -0.188654 -0.910164
v 1.961953 -0.156539 -0.958228
v 1.926346 -0.156539 -0.958228
v 1.926346 -0.145262 -1.014923
v 1.961953 -0.145262 -1.014923
v 1.962167 0.124560 -1.338155
v 1.758939 0.182985 -1.368123
v 1.768625 0.106539 -1.324934
vn -0.0000 -0.0000 -1.0000
vn -0.0148 -0.9531 0.3024
vn -0.5615 -0.1986 0.8033
vn -0.6128 -0.6289 0.4785
vn -0.1088 0.4885 -0.8657
vn -0.4032 0.8232 -0.3997
vn -0.0382 0.8800 -0.4733
vn -0.1476 -0.1896 -0.9707
vn -0.7935 0.1109 -0.5984
vn -0.1416 0.0469 -0.9888
vn -0.1536 -0.2780 -0.9482
vn -0.7929 -0.1396 -0.5931
vn -0.9695 0.2093 0.1273
vn -0.5913 0.6512 0.4757
vn -0.6013 0.7904 0.1170
vn -0.9872 0.1146 0.1113
vn -0.9862 0.0664 0.1519
vn -0.9927 0.1199 -0.0113
vn -1.0000 -0.0000 -0.0000
vn -0.6078 0.6381 0.4727
vn -0.9542 0.2990 -0.0048
vn -0.6236 0.5756 0.5290
vn -0.7231 0.3512 -0.5948
vn -0.9556 0.2903 -0.0505
vn -0.9939 0.1103 -0.0004
vn -0.8334 -0.0835 -0.5463
vn -0.9927 0.1205 -0.0029
vn -1.0000 0.0002 -0.0010
vn -1.0000 0.0048 -0.0040
vn -0.9613 0.2756 0.0031
vn -0.9611 0.2763 -0.0031
vn -0.9903 0.1383 0.0089
vn -0.9993 0.0374 0.0012
vn -0.9939 0.1104 0.0005
vn -0.9560 0.2934 0.0018
vn -1.0000 -0.0010 -0.0031
vn -0.8080 -0.5887 0.0229
vn -0.6875 -0.7259 0.0191
vn -0.6234 -0.5549 -0.5509
vn -0.6810 -0.7018 0.2089
vn -0.0970 -0.7611 -0.6413
vn -0.0848 0.0304 0.9959
vn -0.7330 0.1623 0.6605
vn -0.0000 -0.2799 -0.9600
vn -0.0000 -0.7931 -0.6091
vn -0.5562 0.8299 0.0431
vn -0.0281 0.9996 -0.0012
vn -0.5572 0.8303 0.0088
vn -0.0126 -0.9992 0.0390
vn -0.0202 0.9986 -0.0490
vn -0.5468 0.8370 -0.0219
vn -0.0098 0.9976 -0.0692
vn 0.0096 -0.9990 -0.0426
vn -0.6140 -0.7818 -0.1092
vn -0.0000 -0.1885 -0.9821
vn -0.7477 0.2117 0.6294
vn -0.0000 0.0417 -0.9991
vn -0.4594 0.8254 0.3281
vn -0.0314 0.9962 0.0811
vn -0.5426 0.8380 0.0580
vn -0.0000 0.4955 -0.8686
vn -0.0000 0.8875 -0.4608
vn -0.0000 -0.4501 0.8930
vn -0.0000 -0.9548 0.2972
vn -0.1089 0.1105 0.9879
vn -0.0205 0.9980 0.0596
vn -0.7709 0.5773 0.2692
vn 0.0083 0.8555 0.5177
vn -0.0029 -0.9999 0.0165
vn -0.0000 -1.0000 0.0084
vn -0.9066 0.3598 0.2205
vn -0.0342 0.9975 0.0611
vn -0.5511 0.8297 -0.0894
vn -0.9211 0.3892 -0.0073
vn -0.9030 0.4186 -0.0970
vn -0.9046 0.4262 0.0033
vn -0.1360 0.2537 -0.9577
vn -0.0000 0.2464 -0.9692
vn -0.9222 0.3867 0.0060
vn -0.9131 0.4073 0.0164
vn -0.6377 0.5067 -0.5802
vn -0.3801 0.9178 -0.1150
vn -0.0000 0.4438 -0.8961
vn -0.3723 0.8988 -0.2316
vn -0.7024 0.7024 -0.1150
vn -0.6879 0.6879 -0.2316
vn -0.8988 0.3723 -0.2316
vn -0.9178 0.3801 -0.1150
vn -0.9934 -0.0000 -0.1150
vn -0.9728 -0.0000 -0.2316
vn -0.8988 -0.3723 -0.2316
vn -0.9178 -0.3802 -0.1150
vn -0.6879 -0.6879 -0.2316
vn -0.7024 -0.7024 -0.1150
vn -0.3723 -0.8988 -0.2316
vn -0.3801 -0.9178 -0.1150
vn -0.0000 -0.9934 -0.1150
vn -0.0000 -0.4438 -0.8961
vn -0.1150 0.9934 -0.0000
vn -0.7485 0.6127 0.2538
vn -0.1150 0.9178 0.3801
vn -0.7485 0.4689 0.4689
vn -0.1150 0.7024 0.7024
vn -0.7485 0.2538 0.6127
vn -0.1150 0.3801 0.9178
vn -0.7485 -0.0000 0.6632
vn -0.1150 -0.0000 0.9934
vn -0.1150 -0.3801 0.9178
vn -0.7485 -0.4689 0.4689
vn -0.1150 -0.7024 0.7024
vn -0.1150 -0.9178 0.3802
vn -0.7485 -0.6127 0.2538
vn -0.1150 -0.9934 -0.0000
vn -0.7485 -0.6632 -0.0000
vn -0.1150 -0.9178 -0.3801
vn -0.7485 -0.4689 -0.4689
vn -0.1150 -0.7024 -0.7024
vn -0.1150 -0.3801 -0.9178
vn -0.7485 -0.2538 -0.6127
vn -0.1150 -0.0000 -0.9934
vn -0.7485 0.2538 -0.6127
vn -0.1150 0.3801 -0.9178
vn -0.1150 0.7024 -0.7024
vn -0.7485 0.4689 -0.4689
vn -0.1150 0.9178 -0.3801
vn -0.7485 0.6632 -0.0000
vn 0.7485 -0.6127 0.2538
vn 0.7485 -0.2538 -0.6127
vn 0.7485 0.6127 -0.2538
vn -0.3723 -0.8988 0.2316
vn -0.0000 -0.9934 0.1150
vn -0.0000 -0.9728 0.2316
vn -0.3801 -0.9178 0.1150
vn -0.6879 -0.6879 0.2316
vn -0.7024 -0.7024 0.1150
vn -0.8988 -0.3723 0.2316
vn -0.9178 -0.3802 0.1150
vn -0.9934 -0.0000 0.1150
vn -0.8988 0.3723 0.2316
vn -0.9728 -0.0000 0.2316
vn -0.9178 0.3802 0.1150
vn -0.6879 0.6879 0.2316
vn -0.7024 0.7024 0.1150
vn -0.3801 0.9178 0.1150
vn -0.3723 0.8988 0.2316
vn -0.0000 0.9934 0.1150
vn 0.1150 0.9934 -0.0000
vn 0.7485 0.6127 0.2538
vn 0.7485 0.6632 -0.0000
vn 0.1150 0.9178 0.3801
vn 0.7485 0.4689 0.4689
vn 0.1150 0.7024 0.7024
vn 0.1150 0.3801 0.9178
vn 0.7485 0.2538 0.6127
vn 0.7485 -0.0000 0.6632
vn 0.1150 -0.0000 0.9934
vn 0.1150 -0.3801 0.9178
vn 0.7485 -0.2538 0.6127
vn 0.7485 -0.4689 0.4689
vn 0.1150 -0.7024 0.7024
vn 0.1150 -0.9178 0.3802
vn 0.1150 -0.9934 -0.0000
vn 0.7485 -0.6632 -0.0000
vn 0.7485 -0.6127 -0.2538
vn 0.1150 -0.9178 -0.3802
vn 0.7485 -0.4689 -0.4689
vn 0.1150 -0.7024 -0.7024
vn 0.1150 -0.3801 -0.9178
vn 0.7485 -0.0000 -0.6632
vn 0.1150 -0.0000 -0.9934
vn 0.7485 0.2538 -0.6127
vn 0.1150 0.3801 -0.9178
vn 0.7485 0.4689 -0.4689
vn 0.1150 0.7024 -0.7024
vn 0.1150 0.9178 -0.3801
vn -0.1150 -0.9178 0.3801
vn -0.1150 0.3802 -0.9178
vn 0.1150 -0.9178 0.3801
vn 0.1150 0.3802 -0.9178
vn -0.0000 0.8435 0.5371
vn -0.0745 0.8316 0.5504
vn -0.0000 0.9987 -0.0508
vn -0.0000 0.9974 -0.0719
vn -0.0000 -0.9989 -0.0477
vn -0.0000 -0.9989 -0.0470
vn -0.0000 -0.9992 0.0389
vn -0.0000 -0.9996 0.0265
vn -0.0000 0.9968 0.0795
vn -0.0000 0.9982 0.0604
vn -0.0000 0.8529 0.5221
vn -0.0924 0.7521 0.6526
vn -0.0000 0.9988 0.0480
vn -0.0000 0.7682 0.6402
vn -0.0000 0.1116 0.9938
vn -0.0000 -0.9999 0.0166
vn -0.0000 1.0000 -0.0027
vn -0.0000 -0.9999 0.0124
vn -0.0527 -0.4413 0.8958
vn -0.0000 0.0194 0.9998
vn -0.0169 0.5012 0.8651
vn -0.0000 0.4919 0.8707
vn -0.0592 0.5146 0.8554
vn 0.0148 -0.9531 0.3024
vn 0.5615 -0.1986 0.8033
vn 0.0527 -0.4413 0.8958
vn 0.1088 0.4885 -0.8657
vn 0.4032 0.8232 -0.3997
vn 0.6377 0.5067 -0.5802
vn 0.1476 -0.1896 -0.9707
vn 0.7935 0.1110 -0.5984
vn 0.7929 -0.1396 -0.5931
vn 0.1536 -0.2780 -0.9482
vn 0.8334 -0.0835 -0.5463
vn 0.5914 0.6512 0.4757
vn 0.9695 0.2093 0.1273
vn 0.6013 0.7904 0.1170
vn 0.9872 0.1146 0.1113
vn 0.9862 0.0664 0.1519
vn 0.9927 0.1199 -0.0113
vn 0.9542 0.2990 -0.0048
vn 0.6078 0.6381 0.4727
vn 0.6236 0.5756 0.5289
vn 0.7231 0.3512 -0.5948
vn 0.9939 0.1103 -0.0004
vn 1.0000 -0.0000 -0.0000
vn 0.9927 0.1205 -0.0029
vn 1.0000 0.0002 -0.0010
vn 0.9939 0.1104 0.0005
vn 0.9613 0.2756 0.0031
vn 0.9611 0.2763 -0.0031
vn 0.9903 0.1383 0.0089
vn 1.0000 0.0048 -0.0040
vn 0.9560 0.2934 0.0018
vn 1.0000 -0.0010 -0.0031
vn 1.0000 0.0015 -0.0034
vn 0.8080 -0.5887 0.0229
vn 0.6875 -0.7259 0.0191
vn 0.6234 -0.5549 -0.5509
vn 0.6140 -0.7818 -0.1092
vn 0.6128 -0.6289 0.4785
vn 0.0970 -0.7611 -0.6413
vn 0.0848 0.0304 0.9959
vn 0.0281 0.9996 -0.0012
vn 0.5562 0.8299 0.0431
vn 0.5572 0.8303 0.0088
vn 0.0126 -0.9992 0.0390
vn 0.0202 0.9986 -0.0490
vn 0.5468 0.8370 -0.0219
vn 0.0098 0.9976 -0.0692
vn 0.5511 0.8297 -0.0894
vn -0.0096 -0.9990 -0.0426
vn 0.7477 0.2117 0.6294
vn 0.7330 0.1623 0.6605
vn 0.0314 0.9962 0.0811
vn 0.4594 0.8254 0.3281
vn 0.5426 0.8380 0.0580
vn 0.0382 0.8800 -0.4733
vn 0.1089 0.1105 0.9879
vn 0.0205 0.9980 0.0596
vn 0.7709 0.5773 0.2692
vn 0.0029 -0.9999 0.0165
vn 0.9066 0.3598 0.2206
vn 0.0342 0.9975 0.0611
vn 0.9993 0.0374 0.0012
vn 0.9556 0.2903 -0.0505
vn 0.9211 0.3892 -0.0073
vn 0.9030 0.4186 -0.0970
vn 0.9046 0.4262 0.0033
vn 0.1360 0.2537 -0.9577
vn 0.1416 0.0469 -0.9888
vn 0.9222 0.3867 0.0060
vn 0.9131 0.4073 0.0164
vn 0.3723 0.8988 -0.2316
vn -0.0000 0.9934 -0.1150
vn 0.3801 0.9178 -0.1150
vn 0.7024 0.7024 -0.1150
vn 0.8988 0.3723 -0.2316
vn 0.9178 0.3801 -0.1150
vn 0.9934 -0.0000 -0.1150
vn 0.8988 -0.3723 -0.2316
vn 0.9178 -0.3801 -0.1150
vn 0.6879 -0.6879 -0.2316
vn 0.7024 -0.7024 -0.1150
vn 0.3723 -0.8988 -0.2316
vn 0.3801 -0.9178 -0.1150
vn 0.1150 -0.9178 -0.3801
vn -0.7485 -0.6127 -0.2538
vn -0.7485 -0.2538 0.6127
vn 0.3723 -0.8988 0.2316
vn 0.3801 -0.9178 0.1150
vn 0.7024 -0.7024 0.1150
vn 0.6879 -0.6879 0.2316
vn 0.8988 -0.3723 0.2316
vn 0.9178 -0.3801 0.1150
vn 0.9728 -0.0000 0.2316
vn 0.9934 -0.0000 0.1150
vn 0.8988 0.3723 0.2316
vn 0.9178 0.3801 0.1150
vn 0.6879 0.6879 0.2317
vn 0.7024 0.7024 0.1150
vn 0.3801 0.9178 0.1150
vn 0.3723 0.8988 0.2316
vn -0.0000 0.9728 0.2316
vn -0.1150 -0.9178 -0.3802
vn -0.7485 -0.0000 -0.6632
vn -0.7485 0.6127 -0.2538
vn 0.0745 0.8316 0.5504
vn -0.0083 0.8555 0.5177
vn 0.0924 0.7521 0.6526
vn 0.0169 0.5012 0.8651
vn 0.0592 0.5146 0.8554
vn -1.0000 0.0015 -0.0034
vn 0.6810 -0.7018 0.2090
vn 0.6879 0.6879 -0.2317
vn 0.9728 -0.0000 -0.2316
vt 0.279528 0.366574
vt 0.255295 0.342294
vt 0.239103 0.305956
vt 0.233417 0.263092
vt 0.239103 0.220229
vt 0.255295 0.183891
vt 0.279528 0.159611
vt 0.308112 0.151085
vt 0.125328 0.401893
vt 0.165193 0.401893
vt 0.336697 0.159611
vt 0.360929 0.183891
vt 0.377121 0.220229
vt 0.382807 0.263092
vt 0.377121 0.305956
vt 0.360929 0.342294
vt 0.336697 0.366574
vt 0.308112 0.375100
vt 0.125327 0.567708
vt 0.165193 0.567708
vt 0.138246 0.397280
vt 0.152274 0.397280
vt 0.152274 0.572321
vt 0.138246 0.572321
vt 0.188391 0.317045
vt 0.461438 0.375822
vt 0.852329 0.847159
vt 0.852329 0.746529
vt 0.331221 0.671100
vt 0.575647 0.435596
vt 0.458266 0.433225
vt 0.852329 0.956481
vt 0.852329 0.732262
vt 0.843953 0.324611
vt 0.566894 0.393911
vt 0.852329 0.857642
vt 0.168606 0.522336
vt 0.332402 0.544977
vt 0.852329 0.803680
vt 0.175146 0.422831
vt 0.249592 0.316916
vt 0.560247 0.435285
vt 0.395603 0.307084
vt 0.524590 0.434564
vt 0.664730 0.324611
vt 0.483948 0.433743
vt 0.182763 0.370570
vt 0.852329 0.776511
vt 0.512110 0.384514
vt 0.852329 0.732484
vt 0.469466 0.433451
vt 0.747843 0.324611
vt 0.319132 0.307084
vt 0.542255 0.434921
vt 0.332402 0.584421
vt 0.332402 0.626714
vt 0.854042 0.910665
vt 0.852329 0.890278
vt 0.421759 0.673104
vt 0.572842 0.387513
vt 0.238684 0.687950
vt 0.225206 0.320165
vt 0.211064 0.314501
vt 0.848100 0.504347
vt 0.745062 0.842058
vt 0.462695 0.464959
vt 0.735961 0.744753
vt 0.865809 0.349844
vt 0.463846 0.381441
vt 0.559451 0.681273
vt 0.772056 0.953272
vt 0.755797 0.859472
vt 0.557665 0.489727
vt 0.637670 0.531997
vt 0.844291 0.327996
vt 0.732792 0.730994
vt 0.205456 0.523331
vt 0.437328 0.545553
vt 0.738498 0.801245
vt 0.857167 0.439543
vt 0.214894 0.422534
vt 0.796196 0.447548
vt 0.561113 0.382801
vt 0.273308 0.690431
vt 0.246476 0.307084
vt 0.259688 0.312942
vt 0.259498 0.524441
vt 0.282353 0.404694
vt 0.378177 0.694102
vt 0.525468 0.382081
vt 0.383314 0.406776
vt 0.404903 0.312942
vt 0.395603 0.307084
vt 0.382907 0.525177
vt 0.484509 0.381253
vt 0.498678 0.686639
vt 0.691266 0.419632
vt 0.664730 0.324611
vt 0.666968 0.330010
vt 0.541222 0.526809
vt 0.227009 0.366681
vt 0.735572 0.772804
vt 0.861888 0.394384
vt 0.841523 0.376363
vt 0.257046 0.360357
vt 0.406675 0.361182
vt 0.672869 0.375035
vt 0.203063 0.322642
vt 0.188391 0.317045
vt 0.812728 0.847159
vt 0.458966 0.408226
vt 0.814120 0.746529
vt 0.357252 0.671352
vt 0.575778 0.418098
vt 0.458423 0.415727
vt 0.825260 0.956481
vt 0.816206 0.732262
vt 0.843953 0.324611
vt 0.564423 0.426315
vt 0.819793 0.857642
vt 0.178234 0.522547
vt 0.168606 0.522336
vt 0.367377 0.544977
vt 0.812794 0.803680
vt 0.183047 0.425652
vt 0.175146 0.422831
vt 0.249592 0.316916
vt 0.560349 0.417786
vt 0.395603 0.307084
vt 0.524644 0.417065
vt 0.664730 0.324611
vt 0.484061 0.416245
vt 0.193727 0.374763
vt 0.182763 0.370570
vt 0.813385 0.776511
vt 0.501793 0.473805
vt 0.761693 0.514002
vt 0.857661 0.332145
vt 0.733833 0.733607
vt 0.825578 0.437112
vt 0.855497 0.377980
vt 0.815886 0.732484
vt 0.509638 0.416918
vt 0.472993 0.381323
vt 0.532551 0.683576
vt 0.714106 0.451283
vt 0.597434 0.530381
vt 0.747843 0.324611
vt 0.469608 0.415953
vt 0.321450 0.525331
vt 0.543338 0.382442
vt 0.325602 0.693310
vt 0.332828 0.413667
vt 0.542326 0.417422
vt 0.319132 0.307084
vt 0.588257 0.630915
vt 0.761569 0.908859
vt 0.218839 0.634093
vt 0.424517 0.634089
vt 0.209211 0.576505
vt 0.424251 0.587018
vt 0.260366 0.636973
vt 0.257213 0.578990
vt 0.378435 0.639898
vt 0.380842 0.580818
vt 0.516433 0.633990
vt 0.523962 0.578501
vt 0.373783 0.633864
vt 0.365338 0.585011
vt 0.554937 0.632944
vt 0.577277 0.580273
vt 0.318520 0.639738
vt 0.318233 0.581050
vt 0.125327 0.561397
vt 0.165193 0.561397
vt 0.125327 0.543425
vt 0.165193 0.543425
vt 0.125327 0.516528
vt 0.165193 0.516528
vt 0.125327 0.484800
vt 0.165193 0.484800
vt 0.125327 0.453073
vt 0.165193 0.453073
vt 0.125328 0.426176
vt 0.165193 0.426176
vt 0.125328 0.408204
vt 0.165193 0.408204
vt 0.165193 0.567708
vt 0.308112 0.375100
vt 0.125327 0.567708
vt 0.165193 0.561397
vt 0.125327 0.561397
vt 0.336697 0.366574
vt 0.165193 0.543425
vt 0.125327 0.543425
vt 0.360929 0.342294
vt 0.165193 0.516528
vt 0.125327 0.516528
vt 0.377121 0.305956
vt 0.165193 0.484800
vt 0.125327 0.484800
vt 0.382807 0.263092
vt 0.165193 0.453073
vt 0.125327 0.453073
vt 0.377121 0.220229
vt 0.165193 0.426176
vt 0.125328 0.426176
vt 0.360929 0.183891
vt 0.165193 0.408204
vt 0.125328 0.408204
vt 0.336697 0.159611
vt 0.165193 0.401893
vt 0.125328 0.401893
vt 0.308112 0.151085
vt 0.165193 0.408204
vt 0.125328 0.408204
vt 0.279528 0.159611
vt 0.165193 0.426176
vt 0.125328 0.426176
vt 0.255295 0.183891
vt 0.165193 0.453073
vt 0.125327 0.453073
vt 0.239103 0.220229
vt 0.165193 0.484800
vt 0.125327 0.484800
vt 0.233417 0.263092
vt 0.165193 0.516528
vt 0.125327 0.516528
vt 0.239103 0.305956
vt 0.165193 0.543425
vt 0.255295 0.342294
vt 0.125327 0.543425
vt 0.165193 0.561397
vt 0.279528 0.366574
vt 0.125327 0.561397
vt 0.138246 0.565659
vt 0.152274 0.565659
vt 0.138246 0.546687
vt 0.152274 0.546687
vt 0.138246 0.518293
vt 0.152274 0.518293
vt 0.138246 0.484800
vt 0.152274 0.484800
vt 0.138246 0.451308
vt 0.152274 0.451308
vt 0.138246 0.422914
vt 0.152274 0.422914
vt 0.138246 0.403942
vt 0.152274 0.403942
vt 0.138246 0.565659
vt 0.152274 0.565659
vt 0.138246 0.546687
vt 0.152274 0.546687
vt 0.138246 0.518293
vt 0.152274 0.518293
vt 0.138246 0.484800
vt 0.152274 0.484800
vt 0.138246 0.451308
vt 0.152274 0.451308
vt 0.138246 0.422914
vt 0.152274 0.422914
vt 0.138246 0.403942
vt 0.152274 0.403942
vt 0.138246 0.397280
vt 0.152274 0.397280
vt 0.138246 0.403942
vt 0.152274 0.403942
vt 0.138246 0.422914
vt 0.152274 0.422914
vt 0.138246 0.451308
vt 0.152274 0.451308
vt 0.138246 0.484800
vt 0.152274 0.484800
vt 0.138246 0.518293
vt 0.152274 0.518293
vt 0.138246 0.546687
vt 0.152274 0.546687
vt 0.138246 0.565659
vt 0.152274 0.565659
vt 0.152274 0.572321
vt 0.138246 0.572321
vt 0.165193 0.567708
vt 0.308112 0.375100
vt 0.125327 0.567708
vt 0.165193 0.561397
vt 0.125327 0.561397
vt 0.336697 0.366574
vt 0.165193 0.543425
vt 0.125327 0.543425
vt 0.360929 0.342294
vt 0.165193 0.516528
vt 0.125327 0.516528
vt 0.377121 0.305956
vt 0.165193 0.484800
vt 0.125327 0.484800
vt 0.382807 0.263092
vt 0.165193 0.453073
vt 0.125327 0.453073
vt 0.377121 0.220229
vt 0.165193 0.426176
vt 0.125328 0.426176
vt 0.360929 0.183891
vt 0.165193 0.408204
vt 0.125328 0.408204
vt 0.336697 0.159611
vt 0.165193 0.401893
vt 0.125328 0.401893
vt 0.308112 0.151085
vt 0.165193 0.408204
vt 0.125328 0.408204
vt 0.279528 0.159611
vt 0.165193 0.426176
vt 0.125328 0.426176
vt 0.255295 0.183891
vt 0.165193 0.453073
vt 0.125327 0.453073
vt 0.239103 0.220229
vt 0.165193 0.484800
vt 0.125327 0.484800
vt 0.233417 0.263092
vt 0.165193 0.516528
vt 0.125327 0.516528
vt 0.239103 0.305956
vt 0.165193 0.543425
vt 0.255295 0.342294
vt 0.125327 0.543425
vt 0.165193 0.561397
vt 0.279528 0.366574
vt 0.125327 0.561397
vt 0.138246 0.565659
vt 0.152274 0.565659
vt 0.138246 0.546687
vt 0.152274 0.546687
vt 0.138246 0.518293
vt 0.152274 0.518293
vt 0.138246 0.484800
vt 0.152274 0.484800
vt 0.138246 0.451308
vt 0.152274 0.451308
vt 0.138246 0.422914
vt 0.152274 0.422914
vt 0.138246 0.403942
vt 0.152274 0.403942
vt 0.138246 0.397280
vt 0.152274 0.397280
vt 0.138246 0.403942
vt 0.152274 0.403942
vt 0.138246 0.422914
vt 0.152274 0.422914
vt 0.138246 0.451308
vt 0.152274 0.451308
vt 0.138246 0.484800
vt 0.152274 0.484800
vt 0.138246 0.518293
vt 0.152274 0.518293
vt 0.138246 0.546687
vt 0.152274 0.546687
vt 0.138246 0.565659
vt 0.152274 0.565659
vt 0.152274 0.572321
vt 0.138246 0.572321
vt 0.607812 0.593597
vt 0.756968 0.898507
vt 0.824546 0.910665
vt 0.820985 0.890278
vt 0.279528 0.366574
vt 0.255295 0.342294
vt 0.239103 0.305956
vt 0.233417 0.263092
vt 0.239103 0.220229
vt 0.255295 0.183891
vt 0.279528 0.159611
vt 0.336697 0.159611
vt 0.360929 0.183891
vt 0.377121 0.220229
vt 0.382807 0.263092
vt 0.377121 0.305956
vt 0.360929 0.342294
vt 0.336697 0.366574
vt 0.421759 0.673104
vt 0.572842 0.387513
vt 0.238684 0.687950
vt 0.225206 0.320165
vt 0.211064 0.314501
vt 0.848100 0.504347
vt 0.959597 0.842058
vt 0.462695 0.464959
vt 0.968698 0.744753
vt 0.865809 0.349844
vt 0.463846 0.381441
vt 0.559451 0.681273
vt 0.932602 0.953272
vt 0.557665 0.489727
vt 0.637670 0.531997
vt 0.948862 0.859472
vt 0.844291 0.327996
vt 0.971867 0.730994
vt 0.437328 0.545553
vt 0.205456 0.523331
vt 0.857167 0.439543
vt 0.966160 0.801245
vt 0.214894 0.422534
vt 0.796196 0.447548
vt 0.561113 0.382801
vt 0.273308 0.690431
vt 0.259688 0.312942
vt 0.246476 0.307084
vt 0.259498 0.524441
vt 0.282353 0.404694
vt 0.525468 0.382081
vt 0.378177 0.694102
vt 0.383314 0.406776
vt 0.404903 0.312942
vt 0.395603 0.307084
vt 0.382907 0.525177
vt 0.484509 0.381253
vt 0.498678 0.686639
vt 0.691266 0.419632
vt 0.666968 0.330010
vt 0.664730 0.324611
vt 0.541222 0.526809
vt 0.227009 0.366681
vt 0.969087 0.772804
vt 0.861888 0.394384
vt 0.841523 0.376363
vt 0.257046 0.360357
vt 0.406675 0.361182
vt 0.672869 0.375035
vt 0.203063 0.322642
vt 0.188391 0.317045
vt 0.458966 0.408226
vt 0.891931 0.847159
vt 0.890539 0.746529
vt 0.357252 0.671352
vt 0.575778 0.418098
vt 0.458423 0.415727
vt 0.879399 0.956481
vt 0.888452 0.732262
vt 0.843953 0.324611
vt 0.564423 0.426315
vt 0.884865 0.857642
vt 0.178234 0.522547
vt 0.168606 0.522336
vt 0.367377 0.544977
vt 0.891864 0.803680
vt 0.183047 0.425652
vt 0.175146 0.422831
vt 0.249592 0.316916
vt 0.560349 0.417786
vt 0.395603 0.307084
vt 0.524644 0.417065
vt 0.664730 0.324611
vt 0.484061 0.416245
vt 0.193727 0.374763
vt 0.182763 0.370570
vt 0.891274 0.776511
vt 0.501793 0.473805
vt 0.761693 0.514002
vt 0.857661 0.332145
vt 0.970825 0.733607
vt 0.825578 0.437112
vt 0.855497 0.377980
vt 0.888773 0.732484
vt 0.509638 0.416918
vt 0.472993 0.381323
vt 0.532551 0.683576
vt 0.714106 0.451283
vt 0.597434 0.530381
vt 0.747843 0.324611
vt 0.469608 0.415953
vt 0.321450 0.525331
vt 0.543338 0.382442
vt 0.325602 0.693310
vt 0.332828 0.413667
vt 0.542326 0.417422
vt 0.319132 0.307084
vt 0.588257 0.630915
vt 0.946515 0.908859
vt 0.218839 0.634093
vt 0.424517 0.634089
vt 0.209211 0.576505
vt 0.424251 0.587018
vt 0.260366 0.636973
vt 0.257213 0.578990
vt 0.378435 0.639898
vt 0.380842 0.580818
vt 0.516433 0.633990
vt 0.523962 0.578501
vt 0.373783 0.633864
vt 0.365338 0.585011
vt 0.554937 0.632944
vt 0.577277 0.580273
vt 0.318520 0.639738
vt 0.318233 0.581050
vt 0.125327 0.561397
vt 0.165193 0.561397
vt 0.125327 0.543425
vt 0.165193 0.543425
vt 0.125327 0.516528
vt 0.165193 0.516528
vt 0.125327 0.484800
vt 0.165193 0.484800
vt 0.125327 0.453073
vt 0.165193 0.453073
vt 0.125328 0.426176
vt 0.165193 0.426176
vt 0.125328 0.408204
vt 0.165193 0.408204
vt 0.165193 0.567708
vt 0.308112 0.375100
vt 0.125327 0.567708
vt 0.165193 0.561397
vt 0.125327 0.561397
vt 0.336697 0.366574
vt 0.165193 0.543425
vt 0.125327 0.543425
vt 0.360929 0.342294
vt 0.165193 0.516528
vt 0.125327 0.516528
vt 0.377121 0.305956
vt 0.165193 0.484800
vt 0.125327 0.484800
vt 0.382807 0.263092
vt 0.165193 0.453073
vt 0.125327 0.453073
vt 0.377121 0.220229
vt 0.165193 0.426176
vt 0.125328 0.426176
vt 0.360929 0.183891
vt 0.165193 0.408204
vt 0.125328 0.408204
vt 0.336697 0.159611
vt 0.165193 0.401893
vt 0.125328 0.401893
vt 0.308112 0.151085
vt 0.165193 0.408204
vt 0.125328 0.408204
vt 0.279528 0.159611
vt 0.165193 0.426176
vt 0.125328 0.426176
vt 0.255295 0.183891
vt 0.165193 0.453073
vt 0.125327 0.453073
vt 0.239103 0.220229
vt 0.165193 0.484800
vt 0.125327 0.484800
vt 0.233417 0.263092
vt 0.165193 0.516528
vt 0.125327 0.516528
vt 0.239103 0.305956
vt 0.165193 0.543425
vt 0.255295 0.342294
vt 0.125327 0.543425
vt 0.165193 0.561397
vt 0.279528 0.366574
vt 0.125327 0.561397
vt 0.138246 0.565659
vt 0.152274 0.565659
vt 0.138246 0.546687
vt 0.152274 0.546687
vt 0.138246 0.518293
vt 0.152274 0.518293
vt 0.138246 0.484800
vt 0.152274 0.484800
vt 0.138246 0.451308
vt 0.152274 0.451308
vt 0.138246 0.422914
vt 0.152274 0.422914
vt 0.138246 0.403942
vt 0.152274 0.403942
vt 0.138246 0.565659
vt 0.152274 0.565659
vt 0.138246 0.546687
vt 0.152274 0.546687
vt 0.138246 0.518293
vt 0.152274 0.518293
vt 0.138246 0.484800
vt 0.152274 0.484800
vt 0.138246 0.451308
vt 0.152274 0.451308
vt 0.138246 0.422914
vt 0.152274 0.422914
vt 0.138246 0.403942
vt 0.152274 0.403942
vt 0.138246 0.397280
vt 0.152274 0.397280
vt 0.138246 0.403942
vt 0.152274 0.403942
vt 0.138246 0.422914
vt 0.152274 0.422914
vt 0.138246 0.451308
vt 0.152274 0.451308
vt 0.138246 0.484800
vt 0.152274 0.484800
vt 0.138246 0.518293
vt 0.152274 0.518293
vt 0.138246 0.546687
vt 0.152274 0.546687
vt 0.138246 0.565659
vt 0.152274 0.565659
vt 0.152274 0.572321
vt 0.138246 0.572321
vt 0.165193 0.567708
vt 0.308112 0.375100
vt 0.125327 0.567708
vt 0.165193 0.561397
vt 0.125327 0.561397
vt 0.336697 0.366574
vt 0.165193 0.543425
vt 0.125327 0.543425
vt 0.360929 0.342294
vt 0.165193 0.516528
vt 0.125327 0.516528
vt 0.377121 0.305956
vt 0.165193 0.484800
vt 0.125327 0.484800
vt 0.382807 0.263092
vt 0.165193 0.453073
vt 0.125327 0.453073
vt 0.377121 0.220229
vt 0.165193 0.426176
vt 0.125328 0.426176
vt 0.360929 0.183891
vt 0.165193 0.408204
vt 0.125328 0.408204
vt 0.336697 0.159611
vt 0.165193 0.401893
vt 0.125328 0.401893
vt 0.308112 0.151085
vt 0.165193 0.408204
vt 0.125328 0.408204
vt 0.279528 0.159611
vt 0.165193 0.426176
vt 0.125328 0.426176
vt 0.255295 0.183891
vt 0.165193 0.453073
vt 0.125327 0.453073
vt 0.239103 0.220229
vt 0.165193 0.484800
vt 0.125327 0.484800
vt 0.233417 0.263092
vt 0.165193 0.516528
vt 0.125327 0.516528
vt 0.239103 0.305956
vt 0.165193 0.543425
vt 0.255295 0.342294
vt 0.125327 0.543425
vt 0.165193 0.561397
vt 0.279528 0.366574
vt 0.125327 0.561397
vt 0.138246 0.565659
vt 0.152274 0.565659
vt 0.138246 0.546687
vt 0.152274 0.546687
vt 0.138246 0.518293
vt 0.152274 0.518293
vt 0.138246 0.484800
vt 0.152274 0.484800
vt 0.138246 0.451308
vt 0.152274 0.451308
vt 0.138246 0.422914
vt 0.152274 0.422914
vt 0.138246 0.403942
vt 0.152274 0.403942
vt 0.138246 0.397280
vt 0.152274 0.397280
vt 0.138246 0.403942
vt 0.152274 0.403942
vt 0.138246 0.422914
vt 0.152274 0.422914
vt 0.138246 0.451308
vt 0.152274 0.451308
vt 0.138246 0.484800
vt 0.152274 0.484800
vt 0.138246 0.518293
vt 0.152274 0.518293
vt 0.138246 0.546687
vt 0.152274 0.546687
vt 0.138246 0.565659
vt 0.152274 0.565659
vt 0.152274 0.572321
vt 0.138246 0.572321
vt 0.607812 0.593597
vt 0.947691 0.898507
vt 0.883537 0.910665
vt 0.883673 0.890278
s 1
usemtl broncoMat
f 6/6/1 11/12/1 15/16/1
f 102/142/2 54/67/3 99/139/4
f 123/168/5 51/59/6 83/113/7
f 89/125/8 58/77/9 87/121/10
f 96/133/11 60/81/12 89/125/8
f 100/140/13 53/64/14 98/137/15
f 100/140/13 76/104/16 101/141/17
f 64/87/18 60/81/12 65/88/19
f 114/156/20 126/171/21 285/362/22
f 116/160/23 64/87/18 118/163/24
f 109/150/25 65/88/19 111/153/19
f 77/105/19 60/81/12 74/101/26
f 73/100/27 67/91/28 71/97/29
f 109/150/25 120/165/30 128/173/31
f 106/147/32 71/97/29 105/146/33
f 69/94/34 122/167/35 120/165/30
f 78/106/36 71/97/29 67/91/28
f 72/99/37 78/106/36 68/92/38
f 52/62/39 77/105/19 74/101/26
f 99/138/4 76/104/16 57/75/40
f 80/108/41 74/101/26 96/133/11
f 54/67/3 97/135/42 75/102/43
f 80/109/41 39/47/44 23/25/45
f 70/95/46 93/130/47 66/90/48
f 68/93/38 94/131/49 72/98/37
f 66/90/48 112/154/50 110/151/51
f 51/60/6 91/128/52 83/114/7
f 52/63/39 90/127/53 63/85/54
f 96/134/11 32/40/55 39/47/44
f 97/135/42 59/79/56 75/102/43
f 89/126/8 30/37/57 32/40/55
f 55/69/58 108/149/59 104/144/60
f 48/56/61 83/113/7 26/29/62
f 25/28/63 102/142/2 42/50/64
f 88/124/65 53/65/14 59/79/56
f 53/66/14 103/143/66 98/136/15
f 56/73/67 103/143/66 86/119/68
f 42/50/64 85/117/69 28/33/70
f 54/68/3 101/141/17 99/138/4
f 75/103/43 100/140/13 101/141/17
f 61/82/71 98/137/15 56/74/67
f 85/117/69 99/139/4 57/76/40
f 104/144/60 95/132/72 70/95/46
f 56/74/67 105/146/33 61/82/71
f 106/147/32 285/362/22 126/171/21
f 110/151/51 91/128/52 62/83/73
f 64/87/18 128/173/31 118/163/24
f 69/94/34 111/153/19 67/91/28
f 62/84/73 127/172/74 110/152/51
f 117/162/75 128/173/31 127/172/74
f 125/170/76 55/70/58 104/145/60
f 30/38/57 124/169/77 47/55/78
f 47/55/78 123/168/5 48/56/61
f 119/164/79 70/96/46 66/89/48
f 120/165/30 121/166/80 119/164/79
f 110/152/51 119/164/79 66/89/48
f 128/173/31 119/164/79 127/172/74
f 51/61/6 117/162/75 62/84/73
f 115/158/81 118/163/24 117/162/75
f 87/123/10 116/161/23 124/169/77
f 124/169/77 115/159/81 123/168/5
f 175/236/82 17/19/83 129/174/84
f 177/238/85 129/174/84 131/176/86
f 177/238/85 133/178/87 179/240/88
f 181/242/89 133/178/87 135/180/90
f 181/242/89 137/182/91 183/244/92
f 183/244/92 139/184/93 185/246/94
f 185/246/94 141/186/95 187/248/96
f 19/21/97 141/186/95 8/9/98
f 220/281/99 146/192/100 217/278/101
f 217/278/101 148/195/102 215/276/103
f 215/276/103 150/198/104 213/274/105
f 213/274/105 152/201/106 211/272/107
f 152/201/106 209/270/108 211/272/107
f 209/270/108 156/207/109 207/268/110
f 156/207/109 205/266/111 207/268/110
f 158/210/112 203/264/113 205/266/111
f 160/213/114 201/262/115 203/264/113
f 201/262/115 164/219/116 199/260/117
f 164/219/116 197/258/118 199/260/117
f 166/222/119 195/256/120 197/258/118
f 195/256/120 170/228/121 193/254/122
f 170/228/121 191/252/123 193/254/122
f 164/220/116 156/208/109 148/196/102
f 172/232/124 189/250/125 191/252/123
f 189/250/125 144/190/126 220/281/99
f 157/209/127 165/221/128 173/233/129
f 142/187/130 20/22/131 9/10/132
f 188/249/133 19/21/97 20/22/131
f 140/185/134 188/249/133 142/187/130
f 186/247/135 187/248/96 188/249/133
f 138/183/136 186/247/135 140/185/134
f 184/245/137 185/246/94 186/247/135
f 138/183/136 182/243/138 184/245/137
f 182/243/138 183/244/92 184/245/137
f 134/179/139 182/243/138 136/181/140
f 180/241/141 181/242/89 182/243/138
f 132/177/142 180/241/141 134/179/139
f 178/239/143 179/240/88 180/241/141
f 132/177/142 176/237/144 178/239/143
f 176/237/144 177/238/85 178/239/143
f 130/175/145 21/23/146 176/237/144
f 21/23/146 175/236/82 176/237/144
f 219/280/147 145/191/148 143/188/149
f 219/280/147 217/278/101 218/279/150
f 218/279/150 147/194/151 145/191/148
f 217/278/101 216/277/152 218/279/150
f 147/194/151 214/275/153 149/197/154
f 216/277/152 213/274/105 214/275/153
f 214/275/153 151/200/155 149/197/154
f 213/274/105 212/273/156 214/275/153
f 151/200/155 210/271/157 153/203/158
f 211/272/107 210/271/157 212/273/156
f 210/271/157 155/206/159 153/203/158
f 210/271/157 207/268/110 208/269/160
f 155/206/159 206/267/161 157/209/127
f 207/268/110 206/267/161 208/269/160
f 157/209/127 204/265/162 159/212/163
f 205/266/111 204/265/162 206/267/161
f 204/265/162 161/215/164 159/212/163
f 204/265/162 201/262/115 202/263/165
f 202/263/165 163/218/166 161/215/164
f 201/262/115 200/261/167 202/263/165
f 200/261/167 165/221/128 163/218/166
f 199/260/117 198/259/168 200/261/167
f 198/259/168 167/224/169 165/221/128
f 197/258/118 196/257/170 198/259/168
f 196/257/170 169/227/171 167/224/169
f 195/256/120 194/255/172 196/257/170
f 194/255/172 171/230/173 169/227/171
f 193/254/122 192/253/174 194/255/172
f 171/230/173 190/251/175 173/233/129
f 191/252/123 190/251/175 192/253/174
f 173/233/129 219/280/147 143/188/149
f 189/250/125 219/280/147 190/251/175
f 284/361/99 224/286/100 281/358/101
f 281/358/101 226/289/102 279/356/103
f 279/356/103 228/292/104 277/354/105
f 228/292/104 275/352/107 277/354/105
f 230/295/106 273/350/108 275/352/107
f 273/350/108 234/301/109 271/348/110
f 234/301/109 269/346/176 271/348/110
f 269/346/176 238/307/114 267/344/113
f 238/307/114 265/342/115 267/344/113
f 265/342/115 242/313/116 263/340/117
f 242/313/116 261/338/118 263/340/117
f 244/316/119 259/336/120 261/338/118
f 259/336/120 248/322/121 257/334/177
f 248/322/121 255/332/123 257/334/177
f 242/314/116 234/302/109 226/290/102
f 250/326/124 253/330/125 255/332/123
f 253/330/125 222/284/126 284/361/99
f 235/303/127 243/315/128 251/327/129
f 283/360/147 223/285/148 221/282/149
f 284/361/99 282/359/150 283/360/147
f 282/359/150 225/288/151 223/285/148
f 281/358/101 280/357/152 282/359/150
f 225/288/151 278/355/153 227/291/154
f 280/357/152 277/354/105 278/355/153
f 278/355/153 229/294/155 227/291/154
f 277/354/105 276/353/156 278/355/153
f 229/294/155 274/351/157 231/297/158
f 275/352/107 274/351/157 276/353/156
f 274/351/157 233/300/159 231/297/158
f 274/351/157 271/348/110 272/349/160
f 233/300/159 270/347/178 235/303/127
f 271/348/110 270/347/178 272/349/160
f 270/347/178 237/306/163 235/303/127
f 269/346/176 268/345/162 270/347/178
f 268/345/162 239/309/164 237/306/163
f 268/345/162 265/342/115 266/343/165
f 266/343/165 241/312/166 239/309/164
f 265/342/115 264/341/167 266/343/165
f 264/341/167 243/315/128 241/312/166
f 263/340/117 262/339/168 264/341/167
f 262/339/168 245/318/169 243/315/128
f 261/338/118 260/337/170 262/339/168
f 260/337/170 247/321/171 245/318/169
f 259/336/120 258/335/179 260/337/170
f 258/335/179 249/324/173 247/321/171
f 257/334/177 256/333/174 258/335/179
f 249/324/173 254/331/175 251/327/129
f 255/332/123 254/331/175 256/333/174
f 251/327/129 283/360/147 221/282/149
f 253/330/125 283/360/147 254/331/175
f 27/31/180 108/149/59 84/115/181
f 91/128/52 46/54/182 34/42/183
f 33/41/184 113/155/185 90/127/53
f 37/45/186 107/148/187 94/131/49
f 95/132/72 43/51/188 38/46/189
f 103/143/66 29/35/190 86/119/68
f 81/111/191 41/49/192 103/143/66
f 88/124/65 24/27/193 81/110/191
f 97/135/42 31/39/194 88/124/65
f 44/52/187 85/118/69 107/148/187
f 23/25/45 90/127/53 80/109/41
f 83/114/7 34/42/183 26/30/62
f 45/53/185 92/129/195 113/155/185
f 112/154/50 36/44/196 46/54/182
f 35/43/197 94/131/49 92/129/195
f 93/130/47 38/46/189 36/44/196
f 82/112/198 40/48/199 97/135/42
f 287/365/200 29/36/190 50/58/201
f 84/116/181 49/57/201 27/32/180
f 286/364/202 50/58/201 49/57/201
f 287/365/200 114/157/20 285/363/22
f 55/71/58 286/364/202 84/116/181
f 86/120/68 285/363/22 56/72/67
f 104/145/60 121/166/80 125/170/76
f 122/167/35 125/170/76 121/166/80
f 126/171/21 73/100/27 106/147/32
f 8/8/98 291/369/1 17/18/83
f 353/463/203 305/388/204 333/433/205
f 374/489/206 302/380/207 366/480/208
f 340/446/209 309/399/210 311/402/211
f 347/454/212 311/402/211 325/422/213
f 304/385/214 351/461/215 349/458/216
f 327/425/217 351/461/215 352/462/218
f 315/408/219 311/402/211 309/399/210
f 377/492/220 365/477/221 536/683/222
f 367/481/223 315/408/219 309/399/210
f 360/471/224 316/409/225 315/408/219
f 311/402/211 328/426/225 325/422/213
f 324/421/226 318/412/227 320/415/228
f 371/486/229 360/471/224 379/494/230
f 357/468/231 322/418/232 324/421/226
f 373/488/233 320/415/228 371/486/229
f 329/427/234 322/418/232 330/428/235
f 329/427/234 323/419/236 319/413/237
f 303/383/238 328/426/225 314/406/239
f 350/459/240 327/425/217 352/462/218
f 331/429/241 325/422/213 303/383/238
f 305/388/204 348/456/242 333/433/205
f 39/47/44 331/430/241 23/25/45
f 344/451/243 321/416/244 317/410/245
f 319/414/237 345/452/246 343/450/195
f 363/475/247 317/410/245 361/472/248
f 302/381/207 342/449/249 313/404/250
f 303/384/238 341/448/251 331/430/241
f 32/40/55 347/455/212 39/47/44
f 310/401/252 348/456/242 326/423/253
f 30/37/57 340/447/209 32/40/55
f 359/470/254 306/390/255 355/465/256
f 48/56/61 334/434/257 374/489/206
f 353/463/203 25/28/63 42/50/64
f 304/386/214 339/445/258 310/401/252
f 354/464/259 304/387/214 349/457/216
f 307/393/260 354/464/259 349/457/216
f 336/438/261 42/50/64 28/33/70
f 305/389/204 352/462/218 326/424/253
f 326/424/253 351/461/215 310/400/252
f 349/458/216 312/403/262 307/394/260
f 336/438/261 350/460/240 353/463/203
f 346/453/263 355/465/256 321/416/244
f 307/394/260 356/467/264 357/468/231
f 357/468/231 536/683/222 307/394/260
f 342/449/249 361/472/248 313/404/250
f 379/494/230 315/408/219 369/484/265
f 320/415/228 362/474/225 360/471/224
f 313/405/250 378/493/266 368/483/267
f 368/483/267 379/494/230 369/484/265
f 306/391/255 376/491/268 355/466/256
f 30/38/57 375/490/269 338/444/270
f 47/55/78 374/489/206 375/490/269
f 321/417/244 370/485/271 317/411/245
f 372/487/272 371/486/229 370/485/271
f 361/473/248 370/485/271 378/493/266
f 370/485/271 379/494/230 378/493/266
f 302/382/207 368/483/267 366/479/208
f 366/479/208 369/484/265 367/481/223
f 338/444/270 367/482/223 309/398/210
f 375/490/269 366/480/208 367/482/223
f 380/495/273 22/24/274 426/557/275
f 428/559/276 380/495/273 426/557/275
f 384/499/277 428/559/276 430/561/278
f 432/563/279 384/499/277 430/561/278
f 388/503/280 432/563/279 434/565/281
f 390/505/282 434/565/281 436/567/283
f 392/507/284 436/567/283 438/569/285
f 19/21/97 392/507/284 438/569/285
f 471/602/147 397/513/148 395/511/149
f 468/599/150 399/516/151 397/513/148
f 466/597/152 401/519/154 399/516/151
f 464/595/153 403/522/155 401/519/154
f 460/591/157 403/522/155 462/593/156
f 460/591/157 407/528/159 405/525/158
f 456/587/161 407/528/159 458/589/160
f 454/585/162 409/531/127 456/587/161
f 452/583/286 411/534/163 454/585/162
f 452/583/286 415/540/166 413/537/164
f 448/579/168 415/540/166 450/581/167
f 446/577/170 417/543/128 448/579/168
f 446/577/170 421/549/171 419/546/169
f 442/573/174 421/549/171 444/575/172
f 411/535/163 419/547/169 395/510/149
f 440/571/175 423/553/173 442/573/174
f 440/571/175 395/511/149 425/556/129
f 412/536/287 404/524/288 396/512/100
f 20/22/131 393/508/289 9/10/132
f 19/21/97 439/570/290 20/22/131
f 393/508/289 437/568/291 391/506/292
f 438/569/285 437/568/291 439/570/290
f 437/568/291 389/504/293 391/506/292
f 436/567/283 435/566/294 437/568/291
f 435/566/294 387/502/295 389/504/293
f 434/565/281 433/564/296 435/566/294
f 433/564/296 385/500/297 387/502/295
f 432/563/279 431/562/298 433/564/296
f 431/562/298 383/498/299 385/500/297
f 430/561/278 429/560/300 431/562/298
f 383/498/299 427/558/301 381/496/302
f 428/559/276 427/558/301 429/560/300
f 381/496/302 21/23/146 18/20/303
f 426/557/275 21/23/146 427/558/301
f 396/512/100 470/601/99 394/509/126
f 470/601/99 468/599/150 471/602/147
f 398/515/102 469/600/101 396/512/100
f 467/598/103 468/599/150 469/600/101
f 398/515/102 465/596/105 467/598/103
f 467/598/103 464/595/153 466/597/152
f 402/521/106 465/596/105 400/518/104
f 463/594/107 464/595/153 465/596/105
f 402/521/106 461/592/108 463/594/107
f 461/592/108 462/593/156 463/594/107
f 406/527/109 461/592/108 404/524/288
f 461/592/108 458/589/160 460/591/157
f 406/527/109 457/588/111 459/590/110
f 457/588/111 458/589/160 459/590/110
f 408/530/112 455/586/113 457/588/111
f 455/586/113 456/587/161 457/588/111
f 412/536/287 455/586/113 410/533/114
f 455/586/113 452/583/286 454/585/162
f 414/539/116 453/584/304 412/536/287
f 451/582/117 452/583/286 453/584/304
f 416/542/119 451/582/117 414/539/116
f 449/580/118 450/581/167 451/582/117
f 418/545/305 449/580/118 416/542/119
f 447/578/120 448/579/168 449/580/118
f 420/548/121 447/578/120 418/545/305
f 445/576/122 446/577/170 447/578/120
f 422/551/124 445/576/122 420/548/121
f 443/574/123 444/575/172 445/576/122
f 422/551/124 441/572/125 443/574/123
f 441/572/125 442/573/174 443/574/123
f 394/509/126 441/572/125 424/554/306
f 470/601/99 440/571/175 441/572/125
f 532/679/150 473/605/149 535/682/147
f 532/679/150 477/610/151 475/607/148
f 530/677/152 479/613/154 477/610/151
f 528/675/153 481/616/155 479/613/154
f 524/671/157 481/616/155 526/673/156
f 524/671/157 485/622/159 483/619/158
f 520/667/178 485/622/159 522/669/160
f 520/667/178 489/628/163 487/625/127
f 516/663/286 489/628/163 518/665/162
f 516/663/286 493/634/166 491/631/164
f 512/659/168 493/634/166 514/661/167
f 510/657/170 495/637/128 512/659/168
f 510/657/170 499/643/171 497/640/169
f 506/653/174 499/643/171 508/655/172
f 489/629/163 497/641/169 473/604/149
f 504/651/175 501/647/173 506/653/174
f 535/682/147 503/650/129 504/651/175
f 490/630/287 482/618/288 474/606/100
f 474/606/100 534/681/99 472/603/126
f 533/680/101 535/682/147 534/681/99
f 476/609/102 533/680/101 474/606/100
f 531/678/103 532/679/150 533/680/101
f 476/609/102 529/676/105 531/678/103
f 531/678/103 528/675/153 530/677/152
f 480/615/106 529/676/105 478/612/104
f 527/674/107 528/675/153 529/676/105
f 480/615/106 525/672/108 527/674/107
f 525/672/108 526/673/156 527/674/107
f 484/621/109 525/672/108 482/618/288
f 525/672/108 522/669/160 524/671/157
f 484/621/109 521/668/176 523/670/110
f 521/668/176 522/669/160 523/670/110
f 488/627/114 521/668/176 486/624/112
f 519/666/113 520/667/178 521/668/176
f 490/630/287 519/666/113 488/627/114
f 519/666/113 516/663/286 518/665/162
f 492/633/116 517/664/304 490/630/287
f 515/662/117 516/663/286 517/664/304
f 492/633/116 513/660/118 515/662/117
f 513/660/118 514/661/167 515/662/117
f 496/639/305 513/660/118 494/636/119
f 511/658/120 512/659/168 513/660/118
f 498/642/121 511/658/120 496/639/305
f 509/656/177 510/657/170 511/658/120
f 500/645/124 509/656/177 498/642/121
f 507/654/123 508/655/172 509/656/177
f 500/645/124 505/652/125 507/654/123
f 505/652/125 506/653/174 507/654/123
f 502/648/306 534/681/99 505/652/125
f 534/681/99 504/651/175 505/652/125
f 359/470/254 27/31/180 335/436/307
f 342/449/249 46/54/182 363/475/247
f 364/476/185 33/41/184 341/448/251
f 358/469/187 37/45/186 345/452/246
f 346/453/263 43/51/188 359/470/254
f 29/35/190 354/464/259 337/440/308
f 41/49/192 332/431/309 354/464/259
f 339/445/258 24/27/193 31/39/194
f 348/456/242 31/39/194 40/48/199
f 336/439/261 44/52/187 358/469/187
f 341/448/251 23/25/45 331/430/241
f 334/435/257 34/42/183 342/449/249
f 343/450/195 45/53/185 364/476/185
f 363/475/247 36/44/196 344/451/243
f 345/452/246 35/43/197 343/450/195
f 344/451/243 38/46/189 346/453/263
f 333/433/205 40/48/199 25/28/63
f 538/686/310 29/36/190 337/441/308
f 335/437/307 49/57/201 537/685/311
f 537/685/311 50/58/201 538/686/310
f 365/478/221 538/686/310 536/684/222
f 537/685/311 306/392/255 335/437/307
f 337/441/308 536/684/222 538/686/310
f 355/466/256 372/487/272 321/417/244
f 373/488/233 376/491/268 377/492/220
f 324/421/226 377/492/220 357/468/231
f 15/16/1 16/17/1 17/18/83
f 17/18/83 1/1/1 2/2/1
f 2/2/1 3/3/1 4/4/1
f 4/4/1 5/5/1 6/6/1
f 6/6/1 7/7/1 8/8/98
f 8/8/98 10/11/1 11/12/1
f 11/12/1 12/13/1 13/14/1
f 13/14/1 14/15/1 15/16/1
f 15/16/1 17/18/83 2/2/1
f 2/2/1 4/4/1 6/6/1
f 6/6/1 8/8/98 11/12/1
f 11/12/1 13/14/1 15/16/1
f 15/16/1 2/2/1 6/6/1
f 102/142/2 82/112/198 54/67/3
f 123/168/5 115/159/81 51/59/6
f 89/125/8 60/81/12 58/77/9
f 96/133/11 74/101/26 60/81/12
f 100/140/13 59/80/56 53/64/14
f 100/140/13 61/82/71 76/104/16
f 64/87/18 58/77/9 60/81/12
f 114/156/20 125/170/76 126/171/21
f 116/160/23 58/77/9 64/87/18
f 109/150/25 64/87/18 65/88/19
f 77/105/19 65/88/19 60/81/12
f 73/100/27 69/94/34 67/91/28
f 109/150/25 69/94/34 120/165/30
f 106/147/32 73/100/27 71/97/29
f 69/94/34 73/100/27 122/167/35
f 78/106/36 79/107/312 71/97/29
f 72/99/37 79/107/312 78/106/36
f 52/62/39 63/86/54 77/105/19
f 99/138/4 101/141/17 76/104/16
f 80/108/41 52/62/39 74/101/26
f 54/67/3 82/112/198 97/135/42
f 80/109/41 96/134/11 39/47/44
f 70/95/46 95/132/72 93/130/47
f 68/93/38 92/129/195 94/131/49
f 66/90/48 93/130/47 112/154/50
f 51/60/6 62/83/73 91/128/52
f 52/63/39 80/109/41 90/127/53
f 96/134/11 89/126/8 32/40/55
f 97/135/42 88/124/65 59/79/56
f 89/126/8 87/122/10 30/37/57
f 55/69/58 84/115/181 108/149/59
f 48/56/61 123/168/5 83/113/7
f 25/28/63 82/112/198 102/142/2
f 88/124/65 81/110/191 53/65/14
f 53/66/14 81/111/191 103/143/66
f 56/73/67 98/136/15 103/143/66
f 42/50/64 102/142/2 85/117/69
f 54/68/3 75/103/43 101/141/17
f 75/103/43 59/80/56 100/140/13
f 61/82/71 100/140/13 98/137/15
f 85/117/69 102/142/2 99/139/4
f 104/144/60 108/149/59 95/132/72
f 56/74/67 106/147/32 105/146/33
f 106/147/32 56/74/67 285/362/22
f 110/151/51 112/154/50 91/128/52
f 64/87/18 109/150/25 128/173/31
f 69/94/34 109/150/25 111/153/19
f 62/84/73 117/162/75 127/172/74
f 117/162/75 118/163/24 128/173/31
f 125/170/76 114/156/20 55/70/58
f 30/38/57 87/123/10 124/169/77
f 47/55/78 124/169/77 123/168/5
f 119/164/79 121/166/80 70/96/46
f 120/165/30 122/167/35 121/166/80
f 110/152/51 127/172/74 119/164/79
f 128/173/31 120/165/30 119/164/79
f 51/61/6 115/158/81 117/162/75
f 115/158/81 116/160/23 118/163/24
f 87/123/10 58/78/9 116/161/23
f 124/169/77 116/161/23 115/159/81
f 175/236/82 22/24/274 17/19/83
f 177/238/85 175/236/82 129/174/84
f 177/238/85 131/176/86 133/178/87
f 181/242/89 179/240/88 133/178/87
f 181/242/89 135/180/90 137/182/91
f 183/244/92 137/182/91 139/184/93
f 185/246/94 139/184/93 141/186/95
f 19/21/97 187/248/96 141/186/95
f 220/281/99 144/190/126 146/192/100
f 217/278/101 146/192/100 148/195/102
f 215/276/103 148/195/102 150/198/104
f 213/274/105 150/198/104 152/201/106
f 152/201/106 154/204/288 209/270/108
f 209/270/108 154/204/288 156/207/109
f 156/207/109 158/210/112 205/266/111
f 158/210/112 160/213/114 203/264/113
f 160/213/114 162/216/287 201/262/115
f 201/262/115 162/216/287 164/219/116
f 164/219/116 166/222/119 197/258/118
f 166/222/119 168/225/305 195/256/120
f 195/256/120 168/225/305 170/228/121
f 170/228/121 172/232/124 191/252/123
f 148/196/102 146/193/100 144/189/126
f 144/189/126 174/234/306 172/231/124
f 172/231/124 170/229/121 168/226/305
f 168/226/305 166/223/119 164/220/116
f 164/220/116 162/217/287 160/214/114
f 160/214/114 158/211/112 156/208/109
f 156/208/109 154/205/288 152/202/106
f 152/202/106 150/199/104 148/196/102
f 148/196/102 144/189/126 172/231/124
f 172/231/124 168/226/305 164/220/116
f 164/220/116 160/214/114 156/208/109
f 156/208/109 152/202/106 148/196/102
f 148/196/102 172/231/124 164/220/116
f 172/232/124 174/235/306 189/250/125
f 189/250/125 174/235/306 144/190/126
f 173/233/129 143/188/149 145/191/148
f 145/191/148 147/194/151 149/197/154
f 149/197/154 151/200/155 153/203/158
f 153/203/158 155/206/159 157/209/127
f 157/209/127 159/212/163 161/215/164
f 161/215/164 163/218/166 165/221/128
f 165/221/128 167/224/169 169/227/171
f 169/227/171 171/230/173 173/233/129
f 173/233/129 145/191/148 149/197/154
f 149/197/154 153/203/158 157/209/127
f 157/209/127 161/215/164 165/221/128
f 165/221/128 169/227/171 173/233/129
f 173/233/129 149/197/154 157/209/127
f 142/187/130 188/249/133 20/22/131
f 188/249/133 187/248/96 19/21/97
f 140/185/134 186/247/135 188/249/133
f 186/247/135 185/246/94 187/248/96
f 138/183/136 184/245/137 186/247/135
f 184/245/137 183/244/92 185/246/94
f 138/183/136 136/181/140 182/243/138
f 182/243/138 181/242/89 183/244/92
f 134/179/139 180/241/141 182/243/138
f 180/241/141 179/240/88 181/242/89
f 132/177/142 178/239/143 180/241/141
f 178/239/143 177/238/85 179/240/88
f 132/177/142 130/175/145 176/237/144
f 176/237/144 175/236/82 177/238/85
f 130/175/145 18/20/303 21/23/146
f 21/23/146 22/24/274 175/236/82
f 219/280/147 218/279/150 145/191/148
f 219/280/147 220/281/99 217/278/101
f 218/279/150 216/277/152 147/194/151
f 217/278/101 215/276/103 216/277/152
f 147/194/151 216/277/152 214/275/153
f 216/277/152 215/276/103 213/274/105
f 214/275/153 212/273/156 151/200/155
f 213/274/105 211/272/107 212/273/156
f 151/200/155 212/273/156 210/271/157
f 211/272/107 209/270/108 210/271/157
f 210/271/157 208/269/160 155/206/159
f 210/271/157 209/270/108 207/268/110
f 155/206/159 208/269/160 206/267/161
f 207/268/110 205/266/111 206/267/161
f 157/209/127 206/267/161 204/265/162
f 205/266/111 203/264/113 204/265/162
f 204/265/162 202/263/165 161/215/164
f 204/265/162 203/264/113 201/262/115
f 202/263/165 200/261/167 163/218/166
f 201/262/115 199/260/117 200/261/167
f 200/261/167 198/259/168 165/221/128
f 199/260/117 197/258/118 198/259/168
f 198/259/168 196/257/170 167/224/169
f 197/258/118 195/256/120 196/257/170
f 196/257/170 194/255/172 169/227/171
f 195/256/120 193/254/122 194/255/172
f 194/255/172 192/253/174 171/230/173
f 193/254/122 191/252/123 192/253/174
f 171/230/173 192/253/174 190/251/175
f 191/252/123 189/250/125 190/251/175
f 173/233/129 190/251/175 219/280/147
f 189/250/125 220/281/99 219/280/147
f 284/361/99 222/284/126 224/286/100
f 281/358/101 224/286/100 226/289/102
f 279/356/103 226/289/102 228/292/104
f 228/292/104 230/295/106 275/352/107
f 230/295/106 232/298/288 273/350/108
f 273/350/108 232/298/288 234/301/109
f 234/301/109 236/304/112 269/346/176
f 269/346/176 236/304/112 238/307/114
f 238/307/114 240/310/287 265/342/115
f 265/342/115 240/310/287 242/313/116
f 242/313/116 244/316/119 261/338/118
f 244/316/119 246/319/305 259/336/120
f 259/336/120 246/319/305 248/322/121
f 248/322/121 250/326/124 255/332/123
f 226/290/102 224/287/100 222/283/126
f 222/283/126 252/328/306 250/325/124
f 250/325/124 248/323/121 246/320/305
f 246/320/305 244/317/119 242/314/116
f 242/314/116 240/311/287 238/308/114
f 238/308/114 236/305/112 234/302/109
f 234/302/109 232/299/288 230/296/106
f 230/296/106 228/293/104 226/290/102
f 226/290/102 222/283/126 250/325/124
f 250/325/124 246/320/305 242/314/116
f 242/314/116 238/308/114 234/302/109
f 234/302/109 230/296/106 226/290/102
f 226/290/102 250/325/124 242/314/116
f 250/326/124 252/329/306 253/330/125
f 253/330/125 252/329/306 222/284/126
f 251/327/129 221/282/149 223/285/148
f 223/285/148 225/288/151 227/291/154
f 227/291/154 229/294/155 231/297/158
f 231/297/158 233/300/159 235/303/127
f 235/303/127 237/306/163 239/309/164
f 239/309/164 241/312/166 243/315/128
f 243/315/128 245/318/169 247/321/171
f 247/321/171 249/324/173 251/327/129
f 251/327/129 223/285/148 227/291/154
f 227/291/154 231/297/158 235/303/127
f 235/303/127 239/309/164 243/315/128
f 243/315/128 247/321/171 251/327/129
f 251/327/129 227/291/154 235/303/127
f 283/360/147 282/359/150 223/285/148
f 284/361/99 281/358/101 282/359/150
f 282/359/150 280/357/152 225/288/151
f 281/358/101 279/356/103 280/357/152
f 225/288/151 280/357/152 278/355/153
f 280/357/152 279/356/103 277/354/105
f 278/355/153 276/353/156 229/294/155
f 277/354/105 275/352/107 276/353/156
f 229/294/155 276/353/156 274/351/157
f 275/352/107 273/350/108 274/351/157
f 274/351/157 272/349/160 233/300/159
f 274/351/157 273/350/108 271/348/110
f 233/300/159 272/349/160 270/347/178
f 271/348/110 269/346/176 270/347/178
f 270/347/178 268/345/162 237/306/163
f 269/346/176 267/344/113 268/345/162
f 268/345/162 266/343/165 239/309/164
f 268/345/162 267/344/113 265/342/115
f 266/343/165 264/341/167 241/312/166
f 265/342/115 263/340/117 264/341/167
f 264/341/167 262/339/168 243/315/128
f 263/340/117 261/338/118 262/339/168
f 262/339/168 260/337/170 245/318/169
f 261/338/118 259/336/120 260/337/170
f 260/337/170 258/335/179 247/321/171
f 259/336/120 257/334/177 258/335/179
f 258/335/179 256/333/174 249/324/173
f 257/334/177 255/332/123 256/333/174
f 249/324/173 256/333/174 254/331/175
f 255/332/123 253/330/125 254/331/175
f 251/327/129 254/331/175 283/360/147
f 253/330/125 284/361/99 283/360/147
f 27/31/180 43/51/188 108/149/59
f 91/128/52 112/154/50 46/54/182
f 33/41/184 45/53/185 113/155/185
f 37/45/186 44/52/187 107/148/187
f 95/132/72 108/149/59 43/51/188
f 103/143/66 41/49/192 29/35/190
f 81/111/191 24/26/193 41/49/192
f 88/124/65 31/39/194 24/27/193
f 97/135/42 40/48/199 31/39/194
f 44/52/187 28/34/70 85/118/69
f 23/25/45 33/41/184 90/127/53
f 83/114/7 91/128/52 34/42/183
f 45/53/185 35/43/197 92/129/195
f 112/154/50 93/130/47 36/44/196
f 35/43/197 37/45/186 94/131/49
f 93/130/47 95/132/72 38/46/189
f 82/112/198 25/28/63 40/48/199
f 287/365/200 86/120/68 29/36/190
f 84/116/181 286/364/202 49/57/201
f 286/364/202 287/365/200 50/58/201
f 287/365/200 286/364/202 114/157/20
f 55/71/58 114/157/20 286/364/202
f 86/120/68 287/365/200 285/363/22
f 104/145/60 70/96/46 121/166/80
f 122/167/35 126/171/21 125/170/76
f 126/171/21 122/167/35 73/100/27
f 17/18/83 301/379/1 300/378/1
f 300/378/1 299/377/1 298/376/1
f 298/376/1 297/375/1 296/374/1
f 296/374/1 295/373/1 8/8/98
f 8/8/98 294/372/1 293/371/1
f 293/371/1 292/370/1 291/369/1
f 291/369/1 290/368/1 289/367/1
f 289/367/1 288/366/1 17/18/83
f 17/18/83 300/378/1 298/376/1
f 298/376/1 296/374/1 8/8/98
f 8/8/98 293/371/1 291/369/1
f 291/369/1 289/367/1 17/18/83
f 17/18/83 298/376/1 8/8/98
f 353/463/203 350/460/240 305/388/204
f 374/489/206 334/434/257 302/380/207
f 340/446/209 338/442/270 309/399/210
f 347/454/212 340/446/209 311/402/211
f 304/385/214 310/400/252 351/461/215
f 327/425/217 312/403/262 351/461/215
f 315/408/219 316/409/225 311/402/211
f 377/492/220 376/491/268 365/477/221
f 367/481/223 369/484/265 315/408/219
f 360/471/224 362/474/225 316/409/225
f 311/402/211 316/409/225 328/426/225
f 324/421/226 322/418/232 318/412/227
f 371/486/229 320/415/228 360/471/224
f 357/468/231 356/467/264 322/418/232
f 373/488/233 324/421/226 320/415/228
f 329/427/234 318/412/227 322/418/232
f 329/427/234 330/428/235 323/419/236
f 303/383/238 325/422/213 328/426/225
f 350/459/240 308/396/313 327/425/217
f 331/429/241 347/454/212 325/422/213
f 305/388/204 326/423/253 348/456/242
f 39/47/44 347/455/212 331/430/241
f 344/451/243 346/453/263 321/416/244
f 319/414/237 323/420/236 345/452/246
f 363/475/247 344/451/243 317/410/245
f 302/381/207 334/435/257 342/449/249
f 303/384/238 314/407/239 341/448/251
f 32/40/55 340/447/209 347/455/212
f 310/401/252 339/445/258 348/456/242
f 30/37/57 338/443/270 340/447/209
f 359/470/254 335/436/307 306/390/255
f 48/56/61 26/29/62 334/434/257
f 353/463/203 333/433/205 25/28/63
f 304/386/214 332/432/309 339/445/258
f 354/464/259 332/431/309 304/387/214
f 307/393/260 337/440/308 354/464/259
f 336/438/261 353/463/203 42/50/64
f 305/389/204 350/459/240 352/462/218
f 326/424/253 352/462/218 351/461/215
f 349/458/216 351/461/215 312/403/262
f 336/438/261 308/397/313 350/460/240
f 346/453/263 359/470/254 355/465/256
f 307/394/260 312/403/262 356/467/264
f 357/468/231 377/492/220 536/683/222
f 342/449/249 363/475/247 361/472/248
f 379/494/230 360/471/224 315/408/219
f 320/415/228 318/412/227 362/474/225
f 313/405/250 361/473/248 378/493/266
f 368/483/267 378/493/266 379/494/230
f 306/391/255 365/477/221 376/491/268
f 30/38/57 47/55/78 375/490/269
f 47/55/78 48/56/61 374/489/206
f 321/417/244 372/487/272 370/485/271
f 372/487/272 373/488/233 371/486/229
f 361/473/248 317/411/245 370/485/271
f 370/485/271 371/486/229 379/494/230
f 302/382/207 313/405/250 368/483/267
f 366/479/208 368/483/267 369/484/265
f 338/444/270 375/490/269 367/482/223
f 375/490/269 374/489/206 366/480/208
f 380/495/273 17/19/83 22/24/274
f 428/559/276 382/497/314 380/495/273
f 384/499/277 382/497/314 428/559/276
f 432/563/279 386/501/315 384/499/277
f 388/503/280 386/501/315 432/563/279
f 390/505/282 388/503/280 434/565/281
f 392/507/284 390/505/282 436/567/283
f 19/21/97 8/9/98 392/507/284
f 471/602/147 468/599/150 397/513/148
f 468/599/150 466/597/152 399/516/151
f 466/597/152 464/595/153 401/519/154
f 464/595/153 462/593/156 403/522/155
f 460/591/157 405/525/158 403/522/155
f 460/591/157 458/589/160 407/528/159
f 456/587/161 409/531/127 407/528/159
f 454/585/162 411/534/163 409/531/127
f 452/583/286 413/537/164 411/534/163
f 452/583/286 450/581/167 415/540/166
f 448/579/168 417/543/128 415/540/166
f 446/577/170 419/546/169 417/543/128
f 446/577/170 444/575/172 421/549/171
f 442/573/174 423/553/173 421/549/171
f 395/510/149 397/514/148 399/517/151
f 399/517/151 401/520/154 403/523/155
f 403/523/155 405/526/158 407/529/159
f 407/529/159 409/532/127 411/535/163
f 411/535/163 413/538/164 415/541/166
f 415/541/166 417/544/128 419/547/169
f 419/547/169 421/550/171 423/552/173
f 423/552/173 425/555/129 395/510/149
f 395/510/149 399/517/151 403/523/155
f 403/523/155 407/529/159 411/535/163
f 411/535/163 415/541/166 419/547/169
f 419/547/169 423/552/173 395/510/149
f 395/510/149 403/523/155 411/535/163
f 440/571/175 425/556/129 423/553/173
f 440/571/175 471/602/147 395/511/149
f 396/512/100 394/509/126 424/554/306
f 424/554/306 422/551/124 420/548/121
f 420/548/121 418/545/305 416/542/119
f 416/542/119 414/539/116 412/536/287
f 412/536/287 410/533/114 408/530/112
f 408/530/112 406/527/109 404/524/288
f 404/524/288 402/521/106 400/518/104
f 400/518/104 398/515/102 396/512/100
f 396/512/100 424/554/306 420/548/121
f 420/548/121 416/542/119 412/536/287
f 412/536/287 408/530/112 404/524/288
f 404/524/288 400/518/104 396/512/100
f 396/512/100 420/548/121 412/536/287
f 20/22/131 439/570/290 393/508/289
f 19/21/97 438/569/285 439/570/290
f 393/508/289 439/570/290 437/568/291
f 438/569/285 436/567/283 437/568/291
f 437/568/291 435/566/294 389/504/293
f 436/567/283 434/565/281 435/566/294
f 435/566/294 433/564/296 387/502/295
f 434/565/281 432/563/279 433/564/296
f 433/564/296 431/562/298 385/500/297
f 432/563/279 430/561/278 431/562/298
f 431/562/298 429/560/300 383/498/299
f 430/561/278 428/559/276 429/560/300
f 383/498/299 429/560/300 427/558/301
f 428/559/276 426/557/275 427/558/301
f 381/496/302 427/558/301 21/23/146
f 426/557/275 22/24/274 21/23/146
f 396/512/100 469/600/101 470/601/99
f 470/601/99 469/600/101 468/599/150
f 398/515/102 467/598/103 469/600/101
f 467/598/103 466/597/152 468/599/150
f 398/515/102 400/518/104 465/596/105
f 467/598/103 465/596/105 464/595/153
f 402/521/106 463/594/107 465/596/105
f 463/594/107 462/593/156 464/595/153
f 402/521/106 404/524/288 461/592/108
f 461/592/108 460/591/157 462/593/156
f 406/527/109 459/590/110 461/592/108
f 461/592/108 459/590/110 458/589/160
f 406/527/109 408/530/112 457/588/111
f 457/588/111 456/587/161 458/589/160
f 408/530/112 410/533/114 455/586/113
f 455/586/113 454/585/162 456/587/161
f 412/536/287 453/584/304 455/586/113
f 455/586/113 453/584/304 452/583/286
f 414/539/116 451/582/117 453/584/304
f 451/582/117 450/581/167 452/583/286
f 416/542/119 449/580/118 451/582/117
f 449/580/118 448/579/168 450/581/167
f 418/545/305 447/578/120 449/580/118
f 447/578/120 446/577/170 448/579/168
f 420/548/121 445/576/122 447/578/120
f 445/576/122 444/575/172 446/577/170
f 422/551/124 443/574/123 445/576/122
f 443/574/123 442/573/174 444/575/172
f 422/551/124 424/554/306 441/572/125
f 441/572/125 440/571/175 442/573/174
f 394/509/126 470/601/99 441/572/125
f 470/601/99 471/602/147 440/571/175
f 532/679/150 475/607/148 473/605/149
f 532/679/150 530/677/152 477/610/151
f 530/677/152 528/675/153 479/613/154
f 528/675/153 526/673/156 481/616/155
f 524/671/157 483/619/158 481/616/155
f 524/671/157 522/669/160 485/622/159
f 520/667/178 487/625/127 485/622/159
f 520/667/178 518/665/162 489/628/163
f 516/663/286 491/631/164 489/628/163
f 516/663/286 514/661/167 493/634/166
f 512/659/168 495/637/128 493/634/166
f 510/657/170 497/640/169 495/637/128
f 510/657/170 508/655/172 499/643/171
f 506/653/174 501/647/173 499/643/171
f 473/604/149 475/608/148 477/611/151
f 477/611/151 479/614/154 481/617/155
f 481/617/155 483/620/158 485/623/159
f 485/623/159 487/626/127 489/629/163
f 489/629/163 491/632/164 493/635/166
f 493/635/166 495/638/128 497/641/169
f 497/641/169 499/644/171 501/646/173
f 501/646/173 503/649/129 473/604/149
f 473/604/149 477/611/151 481/617/155
f 481/617/155 485/623/159 489/629/163
f 489/629/163 493/635/166 497/641/169
f 497/641/169 501/646/173 473/604/149
f 473/604/149 481/617/155 489/629/163
f 504/651/175 503/650/129 501/647/173
f 535/682/147 473/605/149 503/650/129
f 474/606/100 472/603/126 502/648/306
f 502/648/306 500/645/124 498/642/121
f 498/642/121 496/639/305 494/636/119
f 494/636/119 492/633/116 490/630/287
f 490/630/287 488/627/114 486/624/112
f 486/624/112 484/621/109 482/618/288
f 482/618/288 480/615/106 478/612/104
f 478/612/104 476/609/102 474/606/100
f 474/606/100 502/648/306 498/642/121
f 498/642/121 494/636/119 490/630/287
f 490/630/287 486/624/112 482/618/288
f 482/618/288 478/612/104 474/606/100
f 474/606/100 498/642/121 490/630/287
f 474/606/100 533/680/101 534/681/99
f 533/680/101 532/679/150 535/682/147
f 476/609/102 531/678/103 533/680/101
f 531/678/103 530/677/152 532/679/150
f 476/609/102 478/612/104 529/676/105
f 531/678/103 529/676/105 528/675/153
f 480/615/106 527/674/107 529/676/105
f 527/674/107 526/673/156 528/675/153
f 480/615/106 482/618/288 525/672/108
f 525/672/108 524/671/157 526/673/156
f 484/621/109 523/670/110 525/672/108
f 525/672/108 523/670/110 522/669/160
f 484/621/109 486/624/112 521/668/176
f 521/668/176 520/667/178 522/669/160
f 488/627/114 519/666/113 521/668/176
f 519/666/113 518/665/162 520/667/178
f 490/630/287 517/664/304 519/666/113
f 519/666/113 517/664/304 516/663/286
f 492/633/116 515/662/117 517/664/304
f 515/662/117 514/661/167 516/663/286
f 492/633/116 494/636/119 513/660/118
f 513/660/118 512/659/168 514/661/167
f 496/639/305 511/658/120 513/660/118
f 511/658/120 510/657/170 512/659/168
f 498/642/121 509/656/177 511/658/120
f 509/656/177 508/655/172 510/657/170
f 500/645/124 507/654/123 509/656/177
f 507/654/123 506/653/174 508/655/172
f 500/645/124 502/648/306 505/652/125
f 505/652/125 504/651/175 506/653/174
f 502/648/306 472/603/126 534/681/99
f 534/681/99 535/682/147 504/651/175
f 359/470/254 43/51/188 27/31/180
f 342/449/249 34/42/183 46/54/182
f 364/476/185 45/53/185 33/41/184
f 358/469/187 44/52/187 37/45/186
f 346/453/263 38/46/189 43/51/188
f 29/35/190 41/49/192 354/464/259
f 41/49/192 24/26/193 332/431/309
f 339/445/258 332/432/309 24/27/193
f 348/456/242 339/445/258 31/39/194
f 336/439/261 28/34/70 44/52/187
f 341/448/251 33/41/184 23/25/45
f 334/435/257 26/30/62 34/42/183
f 343/450/195 35/43/197 45/53/185
f 363/475/247 46/54/182 36/44/196
f 345/452/246 37/45/186 35/43/197
f 344/451/243 36/44/196 38/46/189
f 333/433/205 348/456/242 40/48/199
f 538/686/310 50/58/201 29/36/190
f 335/437/307 27/32/180 49/57/201
f 537/685/311 49/57/201 50/58/201
f 365/478/221 537/685/311 538/686/310
f 537/685/311 365/478/221 306/392/255
f 337/441/308 307/395/260 536/684/222
f 355/466/256 376/491/268 372/487/272
f 373/488/233 372/487/272 376/491/268
f 324/421/226 373/488/233 377/492/220
o building
v 3.510922 -0.453297 1.253611
v 3.510922 2.508337 1.253611
v 3.510922 0.680503 1.253611
v 4.771460 -0.453297 1.253611
v 7.598300 2.508337 1.253611
v 4.771460 2.508337 1.253611
v 4.771460 0.680503 1.253611
v 7.598300 -0.453297 1.253611
v 3.238911 0.680503 1.253611
v 7.598300 0.680503 1.253611
v 3.238911 2.508337 1.253611
v 3.238911 -0.453297 1.253611
v 5.375316 -0.453297 1.253611
v 5.375316 2.508337 1.253611
v 5.375316 0.680503 1.253611
v 4.953944 -0.453297 1.253611
v 4.953944 2.508337 1.253611
v 4.953944 0.680503 1.253611
v 3.510922 0.461700 1.253611
v 4.771460 0.461700 1.253611
v 3.238911 0.461700 1.253611
v 7.598300 0.461700 1.253611
v 5.375316 0.461700 1.253611
v 4.953944 0.461700 1.253611
v 3.510922 0.524547 1.253611
v 4.771460 0.524547 1.253611
v 3.238911 0.524547 1.253611
v 7.598300 0.524548 1.253611
v 5.375316 0.524548 1.253611
v 4.953944 0.524548 1.253611
v 3.510922 -0.048943 1.253611
v 4.771460 -0.048943 1.253611
v 3.238911 -0.048943 1.253611
v 7.598300 -0.048943 1.253611
v 5.375316 -0.048943 1.253611
v 4.953944 -0.048943 1.253611
v 3.510922 -0.095420 1.253611
v 4.771460 -0.095420 1.253611
v 3.238911 -0.095420 1.253611
v 7.598300 -0.095420 1.253611
v 5.375316 -0.095420 1.253611
v 4.953944 -0.095420 1.253611
v 6.253901 -0.453297 1.253611
v 6.253901 2.508337 1.253611
v 6.253901 0.680503 1.253611
v 6.253901 0.461700 1.253611
v 6.253901 0.524548 1.253611
v 6.253901 -0.048943 1.253611
v 6.253901 -0.095420 1.253611
v 5.622707 -0.453297 1.253611
v 5.622707 2.508337 1.253611
v 5.622707 0.680503 1.253611
v 5.622707 0.461700 1.253611
v 5.622707 0.524548 1.253611
v 5.622707 -0.048943 1.253611
v 5.622707 -0.095420 1.253611
v 6.410441 -0.453297 1.253611
v 6.410441 2.508337 1.253611
v 6.410441 0.680503 1.253611
v 6.410441 0.461700 1.253611
v 6.410441 0.524548 1.253611
v 6.410441 -0.048943 1.253611
v 6.410441 -0.095420 1.253611
v 7.296731 -0.453297 1.253611
v 7.296731 2.508337 1.253611
v 7.296731 0.680503 1.253611
v 7.296731 0.461700 1.253611
v 7.296731 0.524548 1.253611
v 7.296731 -0.048943 1.253611
v 7.296731 -0.095420 1.253611
v 7.338615 -0.453297 1.253611
v 7.338615 2.508337 1.253611
v 7.338615 0.680503 1.253611
v 7.338615 0.461700 1.253611
v 7.338615 0.524548 1.253611
v 7.338615 -0.048943 1.253611
v 7.338615 -0.095420 1.253611
v 6.376897 -0.453297 1.253611
v 6.376897 2.508337 1.253611
v 6.376897 0.680503 1.253611
v 6.376897 0.461700 1.253611
v 6.376897 0.524548 1.253611
v 6.376897 -0.048943 1.253611
v 6.376897 -0.095420 1.253611
v 6.298627 -0.453297 1.253611
v 6.298627 2.508337 1.253611
v 6.298627 0.680503 1.253611
v 6.298627 0.461700 1.253611
v 6.298627 0.524548 1.253611
v 6.298627 -0.048943 1.253611
v 6.298627 -0.095420 1.253611
v 5.577727 -0.453297 1.253611
v 5.577727 2.508337 1.253611
v 5.577727 0.680503 1.253611
v 5.577727 0.461700 1.253611
v 5.577727 0.524548 1.253611
v 5.577727 -0.048943 1.253611
v 5.577727 -0.095420 1.253611
v 4.179892 2.508337 1.253611
v 4.179892 0.680503 1.253611
v 4.592837 2.508337 1.253611
v 4.592837 0.680503 1.253611
v 3.510922 0.680503 1.161218
v 5.216818 2.508337 1.253611
v 5.216818 0.680503 1.253611
v 5.216818 0.461700 1.253611
v 5.216818 0.524548 1.253611
v 4.771460 0.524547 1.161218
v 4.179892 0.680503 1.161218
v 5.538802 -0.453297 1.253611
v 5.538802 2.508337 1.253611
v 5.538802 0.680503 1.253611
v 5.538802 0.461700 1.253611
v 5.538802 0.524548 1.253611
v 5.538802 -0.048943 1.253611
v 5.538802 -0.095420 1.253611
v 6.276265 -0.453297 1.253611
v 6.276265 2.508337 1.253611
v 6.276265 0.680503 1.253611
v 6.276265 0.461700 1.253611
v 6.276265 0.524548 1.253611
v 6.276265 -0.048943 1.253611
v 6.276265 -0.095420 1.253611
v 6.638728 -0.453297 1.253611
v 6.638728 2.508337 1.253611
v 6.638728 0.680503 1.253611
v 6.638728 0.524548 1.253611
v 6.638728 -0.048943 1.253611
v 6.638728 -0.095420 1.253611
v 7.367684 -0.453297 1.253611
v 7.367684 2.508337 1.253611
v 7.367684 0.680503 1.253611
v 7.367684 0.461700 1.253611
v 7.367684 0.524548 1.253611
v 7.367684 -0.048943 1.253611
v 7.367684 -0.095420 1.253611
v 3.510922 1.331381 1.253611
v 7.598300 1.331381 1.253611
v 4.771460 1.331381 1.253611
v 3.238911 1.331381 1.253611
v 5.375316 1.331381 1.253611
v 4.953944 1.331381 1.253611
v 6.253901 1.331381 1.253611
v 5.622707 1.331381 1.253611
v 6.410441 1.331381 1.253611
v 7.296731 1.331381 1.253611
v 7.338615 1.331381 1.253611
v 6.376897 1.331381 1.253611
v 6.298627 1.331381 1.253611
v 5.577727 1.331381 1.253611
v 4.179892 1.331381 1.253611
v 4.592837 1.331381 1.253611
v 5.216818 1.331381 1.253611
v 5.538802 1.331381 1.253611
v 6.276265 1.331381 1.253611
v 6.638728 1.331381 1.253611
v 7.367684 1.331381 1.253611
v 6.605839 -0.453297 1.253611
v 6.605839 2.508337 1.253611
v 6.605839 0.680503 1.253611
v 6.605839 0.524548 1.253611
v 6.605839 -0.048943 1.253611
v 6.605839 -0.095420 1.253611
v 6.605839 1.331381 1.253611
v 3.510922 1.375613 1.253611
v 7.598300 1.375613 1.253611
v 4.771460 1.375613 1.253611
v 3.238911 1.375613 1.253611
v 5.375316 1.375613 1.253611
v 4.953944 1.375613 1.253611
v 6.253901 1.375613 1.253611
v 5.622707 1.375613 1.253611
v 6.410441 1.375613 1.253611
v 7.296731 1.375613 1.253611
v 7.338615 1.375613 1.253611
v 6.376897 1.375613 1.253611
v 6.298627 1.375613 1.253611
v 5.577727 1.375613 1.253611
v 4.179892 1.375613 1.253611
v 4.592837 1.375613 1.253611
v 5.216818 1.375613 1.253611
v 5.538802 1.375613 1.253611
v 6.276265 1.375613 1.253611
v 6.638728 1.375613 1.253611
v 7.367684 1.375613 1.253611
v 6.605839 1.375613 1.253611
v 5.514680 -0.453297 1.253611
v 5.514680 2.508337 1.253611
v 5.514680 0.680503 1.253611
v 5.514680 0.461700 1.253611
v 5.514680 0.524548 1.253611
v 5.514680 -0.048943 1.253611
v 5.514680 -0.095420 1.253611
v 5.514680 1.331381 1.253611
v 5.514680 1.375613 1.253611
v 3.510922 0.524547 1.161218
v 5.240995 2.508337 1.253611
v 5.240995 0.680503 1.253611
v 5.240995 0.461700 1.253611
v 5.240995 0.524548 1.253611
v 3.510922 -0.453297 1.161218
v 4.179892 -0.453297 1.161218
v 5.240995 1.331381 1.253611
v 5.240995 1.375613 1.253611
v 4.559535 2.508337 1.253611
v 4.559535 0.680503 1.253611
v 4.559535 1.331381 1.253611
v 4.559535 1.375613 1.253611
v 4.207964 2.508337 1.253611
v 4.207964 0.680503 1.253611
v 4.207964 1.331381 1.253611
v 4.207964 1.375613 1.253611
v 3.490921 0.680503 1.253611
v 3.490921 2.508337 1.253611
v 3.490921 -0.453297 1.253611
v 3.490921 0.461700 1.253611
v 3.490921 0.524547 1.253611
v 3.490921 -0.048943 1.253611
v 3.490921 -0.095420 1.253611
v 3.490921 1.331381 1.253611
v 3.490921 1.375613 1.253611
v 3.510922 1.990323 1.253611
v 7.598300 1.990323 1.253611
v 4.771460 1.990323 1.253611
v 3.238911 1.990323 1.253611
v 5.375316 1.990323 1.253611
v 4.953944 1.990323 1.253611
v 6.253901 1.990323 1.253611
v 5.622707 1.990323 1.253611
v 6.410441 1.990323 1.253611
v 7.296731 1.990323 1.253611
v 7.338615 1.990323 1.253611
v 6.376897 1.990323 1.253611
v 6.298627 1.990323 1.253611
v 5.577727 1.990323 1.253611
v 4.179892 1.990323 1.253611
v 4.592837 1.990323 1.253611
v 5.216818 1.990323 1.253611
v 5.538802 1.990323 1.253611
v 6.276265 1.990323 1.253611
v 6.638728 1.990323 1.253611
v 7.367684 1.990323 1.253611
v 6.605839 1.990323 1.253611
v 5.514680 1.990323 1.253611
v 5.240995 1.990323 1.253611
v 4.559535 1.990323 1.253611
v 4.207964 1.990323 1.253611
v 3.490921 1.990323 1.253611
v 5.216818 -0.453297 1.218955
v 4.953944 -0.453297 1.218955
v 5.375316 -0.048943 1.218955
v 5.375316 0.461700 1.218955
v 4.953944 -0.048943 1.218955
v 4.953944 0.461700 1.218955
v 5.216818 0.461700 1.218955
v 5.375316 -0.095420 1.218955
v 4.953944 -0.095420 1.218955
v 5.216818 -0.048943 1.218955
v 5.375316 -0.453297 1.218955
v 5.216818 -0.095420 1.218955
v 5.240995 -0.453297 1.218955
v 5.240995 0.461700 1.218955
v 5.240995 -0.048943 1.218955
v 5.240995 -0.095420 1.218955
v 4.771460 0.680503 1.161218
v 3.510922 -0.048943 1.161218
v 3.510922 0.461700 1.161218
v 4.771460 -0.048943 1.161218
v 4.771460 0.461700 1.161218
v 4.179892 0.461700 1.161218
v 4.179892 0.524547 1.161218
v 3.510922 -0.095420 1.161218
v 4.771460 -0.095420 1.161218
v 4.179892 -0.048943 1.161218
v 4.771460 -0.453297 1.161218
v 4.179892 -0.095420 1.161218
v 4.207964 -0.453297 1.161218
v 4.207964 0.680503 1.161218
v 4.207964 0.461700 1.161218
v 4.207964 0.524547 1.161218
v 4.207964 -0.048943 1.161218
v 4.207964 -0.095420 1.161218
v 4.592837 -0.453297 1.161218
v 4.592837 0.680503 1.161218
v 4.592837 0.461700 1.161218
v 4.592837 0.524547 1.161218
v 4.592837 -0.048943 1.161218
v 4.592837 -0.095420 1.161218
v 4.559535 -0.453297 1.161218
v 4.559535 0.680503 1.161218
v 4.559535 0.461700 1.161218
v 4.559535 0.524547 1.161218
v 4.559535 -0.048943 1.161218
v 4.559535 -0.095420 1.161218
v 6.253901 0.461700 1.231684
v 6.253901 0.524548 1.231684
v 6.253901 -0.048943 1.231684
v 5.622707 0.461700 1.231684
v 5.622707 0.524548 1.231684
v 5.622707 -0.048943 1.231684
v 6.605839 0.461700 1.231684
v 6.410441 0.461700 1.231684
v 6.605839 0.524548 1.231684
v 6.410441 0.524548 1.231684
v 6.605839 -0.048943 1.231684
v 6.410441 -0.048943 1.231684
v 7.296731 0.461700 1.231684
v 7.296731 0.524548 1.231684
v 7.296731 -0.048943 1.231684
v 6.638728 0.461700 1.231684
v 6.638728 0.524548 1.231684
v 6.638728 -0.048943 1.231684
v 6.276265 1.375613 1.231684
v 6.253901 1.375613 1.231684
v 5.216818 1.375613 1.231684
v 4.953944 1.375613 1.231684
v 4.179892 1.375613 1.231684
v 3.510922 1.375613 1.231684
v 5.577727 1.375613 1.231684
v 5.538802 1.375613 1.231684
v 7.338615 1.375613 1.231684
v 7.296731 1.375613 1.231684
v 6.638728 1.375613 1.231684
v 5.622707 1.375613 1.231684
v 4.771460 1.375613 1.231684
v 4.592837 1.375613 1.231684
v 3.510922 1.990323 1.231684
v 4.771460 1.990323 1.231684
v 4.953944 1.990323 1.231684
v 6.253901 1.990323 1.231684
v 5.622707 1.990323 1.231684
v 7.296731 1.990323 1.231684
v 7.338615 1.990323 1.231684
v 5.577727 1.990323 1.231684
v 4.179892 1.990323 1.231684
v 4.592837 1.990323 1.231684
v 5.216818 1.990323 1.231684
v 5.538802 1.990323 1.231684
v 6.276265 1.990323 1.231684
v 6.638728 1.990323 1.231684
v 6.276265 -0.048943 1.289027
v 6.253901 -0.048943 1.289027
v 6.276265 -0.095420 1.289027
v 6.253901 -0.095420 1.289027
v 5.622707 -0.048943 1.289027
v 5.622707 -0.095420 1.289027
v 6.605839 -0.048943 1.289027
v 6.410441 -0.048943 1.289027
v 6.605839 -0.095420 1.289027
v 6.410441 -0.095420 1.289027
v 7.338615 -0.048943 1.289027
v 7.296731 -0.048943 1.289027
v 7.338615 -0.095420 1.289027
v 7.296731 -0.095420 1.289027
v 6.376897 -0.048943 1.289027
v 6.376897 -0.095420 1.289027
v 6.298627 -0.095420 1.289027
v 6.298627 -0.048943 1.289027
v 5.577727 -0.048943 1.289027
v 5.577727 -0.095420 1.289027
v 6.638728 -0.048943 1.289027
v 6.638728 -0.095420 1.289027
v 7.367684 1.331381 1.289027
v 7.338615 1.331381 1.289027
v 6.276265 1.331381 1.289027
v 6.253901 1.331381 1.289027
v 5.216818 1.331381 1.289027
v 4.953944 1.331381 1.289027
v 4.207964 1.331381 1.289027
v 4.179892 1.331381 1.289027
v 3.510922 1.331381 1.289027
v 5.577727 1.331381 1.289027
v 5.538802 1.331381 1.289027
v 6.298627 1.331381 1.289027
v 7.296731 1.331381 1.289027
v 6.638728 1.331381 1.289027
v 5.622707 1.331381 1.289027
v 4.771460 1.331381 1.289027
v 5.240995 1.331381 1.289027
v 4.592837 1.331381 1.289027
v 6.605839 1.331381 1.289027
v 3.510922 1.375613 1.289027
v 4.771460 1.375613 1.289027
v 4.953944 1.375613 1.289027
v 6.253901 1.375613 1.289027
v 5.622707 1.375613 1.289027
v 7.296731 1.375613 1.289027
v 7.338615 1.375613 1.289027
v 6.298627 1.375613 1.289027
v 5.577727 1.375613 1.289027
v 4.179892 1.375613 1.289027
v 4.592837 1.375613 1.289027
v 5.216818 1.375613 1.289027
v 5.538802 1.375613 1.289027
v 6.276265 1.375613 1.289027
v 6.638728 1.375613 1.289027
v 7.367684 1.375613 1.289027
v 6.605839 1.375613 1.289027
v 4.207964 1.375613 1.289027
v 5.240995 1.375613 1.289027
v 5.514680 1.331381 1.289027
v 5.514680 1.375613 1.289027
v 4.559535 1.331381 1.289027
v 4.559535 1.375613 1.289027
v 3.490921 1.331381 1.289027
v 3.490921 1.375613 1.289027
v 3.510922 0.122639 1.161218
v 3.510922 0.122639 1.253611
v 4.771460 0.122639 1.253611
v 3.238911 0.122639 1.253611
v 7.598300 0.122639 1.253611
v 5.375316 0.122639 1.253611
v 4.953944 0.122639 1.253611
v 6.253901 0.122639 1.253611
v 5.622707 0.122639 1.253611
v 6.410441 0.122639 1.253611
v 7.296731 0.122639 1.253611
v 7.338615 0.122639 1.253611
v 6.376897 0.122639 1.253611
v 6.298627 0.122639 1.253611
v 5.577727 0.122639 1.253611
v 5.538802 0.122639 1.253611
v 6.276265 0.122639 1.253611
v 7.367684 0.122639 1.253611
v 5.514680 0.122639 1.253611
v 3.490921 0.122639 1.253611
v 5.375316 0.122639 1.218955
v 4.953944 0.122639 1.218955
v 5.216818 0.122639 1.218955
v 5.240995 0.122639 1.218955
v 4.771460 0.122639 1.161218
v 4.179892 0.122639 1.161218
v 4.592837 0.122639 1.161218
v 4.559535 0.122639 1.161218
v 4.207964 0.122639 1.161218
v 6.253901 0.122639 1.231684
v 5.622707 0.122639 1.231684
v 6.410441 0.122639 1.231684
v 7.296731 0.122639 1.231684
v 6.638728 0.122639 1.231684
v 6.605839 0.122639 1.231684
v 3.510922 0.411222 1.161218
v 3.510922 0.411222 1.253611
v 4.771460 0.411222 1.253611
v 3.238911 0.411222 1.253611
v 7.598300 0.411222 1.253611
v 5.375316 0.411222 1.253611
v 4.953944 0.411222 1.253611
v 6.253901 0.411222 1.253611
v 5.622707 0.411222 1.253611
v 6.410441 0.411222 1.253611
v 7.296731 0.411222 1.253611
v 7.338615 0.411222 1.253611
v 6.376897 0.411222 1.253611
v 6.298627 0.411222 1.253611
v 5.577727 0.411222 1.253611
v 5.538802 0.411222 1.253611
v 6.276265 0.411222 1.253611
v 7.367684 0.411222 1.253611
v 5.514680 0.411222 1.253611
v 3.490921 0.411222 1.253611
v 5.375316 0.411222 1.218955
v 4.953944 0.411222 1.218955
v 5.216818 0.411222 1.218955
v 5.240995 0.411222 1.218955
v 4.771460 0.411222 1.161218
v 4.179892 0.411222 1.161218
v 4.592837 0.411222 1.161218
v 4.559535 0.411222 1.161218
v 4.207964 0.411222 1.161218
v 6.253901 0.411222 1.231684
v 5.622707 0.411222 1.231684
v 6.410441 0.411222 1.231684
v 7.296731 0.411222 1.231684
v 6.638728 0.411222 1.231684
v 6.605839 0.411222 1.231684
v 5.007292 2.508337 1.253611
v 5.007292 0.680503 1.253611
v 5.007292 0.461700 1.253611
v 5.007292 0.524548 1.253611
v 5.007292 1.331381 1.253611
v 5.007292 1.375613 1.253611
v 5.007292 1.990323 1.253611
v 5.007292 -0.453297 1.218955
v 5.007292 0.461700 1.218955
v 5.007292 -0.048943 1.218955
v 5.007292 -0.095420 1.218955
v 5.007292 1.375613 1.231684
v 5.007292 1.990323 1.231684
v 5.007292 1.331381 1.289027
v 5.007292 1.375613 1.289027
v 5.007292 0.122639 1.218955
v 5.007292 0.411222 1.218955
v 5.329770 2.508337 1.253611
v 5.329770 0.680503 1.253611
v 5.329770 0.461700 1.253611
v 5.329770 0.524548 1.253611
v 5.329770 1.331381 1.253611
v 5.329770 1.375613 1.253611
v 5.329770 1.990323 1.253611
v 5.329770 -0.453297 1.218955
v 5.329770 0.461700 1.218955
v 5.329770 -0.048943 1.218955
v 5.329770 -0.095420 1.218955
v 5.329770 0.122639 1.218955
v 5.329770 0.411222 1.218955
v 5.240995 0.133924 1.231782
v 5.216818 0.133924 1.231782
v 5.318485 0.133924 1.231782
v 5.216818 0.411222 1.231782
v 5.240995 0.399937 1.231782
v 5.318485 0.399937 1.231782
v 5.018577 0.133924 1.231782
v 5.018577 0.399937 1.231782
v 5.240995 0.122639 1.231782
v 5.216818 0.122639 1.231782
v 5.329770 0.122639 1.231782
v 5.240995 0.411222 1.231782
v 5.216818 0.399937 1.231782
v 5.329770 0.411222 1.231782
v 5.007292 0.122639 1.231782
v 5.007292 0.411222 1.231782
v 5.216818 0.133924 1.222272
v 5.216818 0.399937 1.222272
v 5.240995 0.133924 1.222272
v 5.240995 0.399937 1.222272
v 5.318485 0.133924 1.222272
v 5.318485 0.399937 1.222272
v 5.018577 0.133924 1.222272
v 5.018577 0.399937 1.222272
v 3.238953 -0.453298 -2.833786
v 3.238953 2.508337 -2.833786
v 3.238953 0.680503 -2.833786
v 3.238953 -0.453298 -1.573248
v 3.238953 2.508337 1.253591
v 3.238953 2.508337 -1.573248
v 3.238953 0.680503 -1.573248
v 3.238953 -0.453297 1.253592
v 3.238953 0.680503 -3.105797
v 3.238953 0.680503 1.253592
v 3.238953 2.508337 -3.105797
v 3.238953 -0.453297 -3.105797
v 3.238953 -0.453298 -0.969393
v 3.238953 2.508337 -0.969393
v 3.238953 0.680503 -0.969393
v 3.238953 -0.453298 -1.390764
v 3.238953 2.508337 -1.390764
v 3.238953 0.680503 -1.390764
v 3.238953 0.461699 -2.833786
v 3.238953 0.461699 -1.573248
v 3.238953 0.461700 -3.105797
v 3.238953 0.461700 1.253592
v 3.238953 0.461699 -0.969393
v 3.238953 0.461699 -1.390764
v 3.238953 0.524547 -2.833786
v 3.238953 0.524547 -1.573248
v 3.238953 0.524547 -3.105797
v 3.238953 0.524548 1.253592
v 3.238953 0.524547 -0.969393
v 3.238953 0.524547 -1.390764
v 3.238953 -0.048943 -2.833786
v 3.238953 -0.048943 -1.573248
v 3.238953 -0.048942 -3.105797
v 3.238953 -0.048943 1.253592
v 3.238953 -0.048943 -0.969393
v 3.238953 -0.048943 -1.390764
v 3.238953 -0.095421 -2.833786
v 3.238953 -0.095421 -1.573248
v 3.238953 -0.095420 -3.105797
v 3.238953 -0.095420 1.253592
v 3.238953 -0.095421 -0.969393
v 3.238953 -0.095421 -1.390764
v 3.238953 -0.453298 -0.090806
v 3.238953 2.508337 -0.090807
v 3.238953 0.680503 -0.090807
v 3.238953 0.461699 -0.090807
v 3.238953 0.524547 -0.090807
v 3.238953 -0.048943 -0.090807
v 3.238953 -0.095420 -0.090807
v 3.238953 -0.453298 -0.722001
v 3.238953 2.508337 -0.722002
v 3.238953 0.680503 -0.722001
v 3.238953 0.461699 -0.722001
v 3.238953 0.524547 -0.722001
v 3.238953 -0.048943 -0.722001
v 3.238953 -0.095420 -0.722001
v 3.238953 -0.453298 0.065733
v 3.238953 2.508337 0.065733
v 3.238953 0.680503 0.065733
v 3.238953 0.461699 0.065733
v 3.238953 0.524547 0.065733
v 3.238953 -0.048943 0.065733
v 3.238953 -0.095420 0.065733
v 3.238953 -0.453297 0.952023
v 3.238953 2.508337 0.952023
v 3.238953 0.680503 0.952023
v 3.238953 0.461700 0.952023
v 3.238953 0.524547 0.952023
v 3.238953 -0.048943 0.952023
v 3.238953 -0.095420 0.952023
v 3.238953 -0.453297 0.993907
v 3.238953 2.508337 0.993907
v 3.238953 0.680503 0.993907
v 3.238953 0.461700 0.993907
v 3.238953 0.524547 0.993907
v 3.238953 -0.048943 0.993907
v 3.238953 -0.095420 0.993907
v 3.238953 -0.453298 0.032189
v 3.238953 2.508337 0.032188
v 3.238953 0.680503 0.032189
v 3.238953 0.461699 0.032189
v 3.238953 0.524547 0.032189
v 3.238953 -0.048943 0.032189
v 3.238953 -0.095420 0.032189
v 3.238953 -0.453298 -0.046081
v 3.238953 2.508337 -0.046081
v 3.238953 0.680503 -0.046081
v 3.238953 0.461699 -0.046081
v 3.238953 0.524547 -0.046081
v 3.238953 -0.048943 -0.046081
v 3.238953 -0.095420 -0.046081
v 3.238953 -0.453298 -0.766981
v 3.238953 2.508337 -0.766982
v 3.238953 0.680503 -0.766982
v 3.238953 0.461699 -0.766982
v 3.238953 0.524547 -0.766982
v 3.238953 -0.048943 -0.766981
v 3.238953 -0.095420 -0.766981
v 3.238953 2.508337 -2.164817
v 3.238953 0.680503 -2.164816
v 3.238953 2.508337 -1.751871
v 3.238953 0.680503 -1.751871
v 3.331346 0.680503 -2.833786
v 3.238953 2.508337 -1.127891
v 3.238953 0.680503 -1.127890
v 3.238953 0.461699 -1.127890
v 3.238953 0.524547 -1.127890
v 3.331346 0.524547 -1.573248
v 3.331346 0.680503 -2.164816
v 3.238953 -0.453298 -0.805907
v 3.238953 2.508337 -0.805907
v 3.238953 0.680503 -0.805907
v 3.238953 0.461699 -0.805907
v 3.238953 0.524547 -0.805907
v 3.238953 -0.048943 -0.805907
v 3.238953 -0.095420 -0.805907
v 3.238953 -0.453298 -0.068444
v 3.238953 2.508337 -0.068444
v 3.238953 0.680503 -0.068444
v 3.238953 0.461699 -0.068444
v 3.238953 0.524547 -0.068444
v 3.238953 -0.048943 -0.068444
v 3.238953 -0.095420 -0.068444
v 3.238953 -0.453298 0.294020
v 3.238953 2.508337 0.294020
v 3.238953 0.680503 0.294020
v 3.238953 0.524547 0.294020
v 3.238953 -0.048943 0.294020
v 3.238953 -0.095420 0.294020
v 3.238953 -0.453297 1.022976
v 3.238953 2.508337 1.022976
v 3.238953 0.680503 1.022976
v 3.238953 0.461700 1.022976
v 3.238953 0.524547 1.022976
v 3.238953 -0.048943 1.022976
v 3.238953 -0.095420 1.022976
v 3.238953 1.331381 -2.833786
v 3.238953 1.331381 1.253591
v 3.238953 1.331381 -1.573248
v 3.238953 1.331380 -3.105797
v 3.238953 1.331381 -0.969393
v 3.238953 1.331381 -1.390764
v 3.238953 1.331381 -0.090807
v 3.238953 1.331381 -0.722002
v 3.238953 1.331381 0.065733
v 3.238953 1.331381 0.952023
v 3.238953 1.331381 0.993907
v 3.238953 1.331381 0.032189
v 3.238953 1.331381 -0.046081
v 3.238953 1.331381 -0.766982
v 3.238953 1.331381 -2.164816
v 3.238953 1.331381 -1.751871
v 3.238953 1.331381 -1.127890
v 3.238953 1.331381 -0.805907
v 3.238953 1.331381 -0.068444
v 3.238953 1.331381 0.294020
v 3.238953 1.331381 1.022976
v 3.238953 -0.453298 0.261131
v 3.238953 2.508337 0.261131
v 3.238953 0.680503 0.261131
v 3.238953 0.524547 0.261131
v 3.238953 -0.048943 0.261131
v 3.238953 -0.095420 0.261131
v 3.238953 1.331381 0.261131
v 3.238953 1.375612 -2.833786
v 3.238953 1.375613 1.253591
v 3.238953 1.375613 -1.573248
v 3.238953 1.375612 -3.105797
v 3.238953 1.375613 -0.969393
v 3.238953 1.375613 -1.390764
v 3.238953 1.375613 -0.090807
v 3.238953 1.375613 -0.722002
v 3.238953 1.375613 0.065733
v 3.238953 1.375613 0.952023
v 3.238953 1.375613 0.993907
v 3.238953 1.375613 0.032189
v 3.238953 1.375613 -0.046081
v 3.238953 1.375613 -0.766982
v 3.238953 1.375613 -2.164816
v 3.238953 1.375613 -1.751871
v 3.238953 1.375613 -1.127890
v 3.238953 1.375613 -0.805907
v 3.238953 1.375613 -0.068444
v 3.238953 1.375613 0.294020
v 3.238953 1.375613 1.022976
v 3.238953 1.375613 0.261131
v 3.238953 -0.453298 -0.830028
v 3.238953 2.508337 -0.830028
v 3.238953 0.680503 -0.830028
v 3.238953 0.461699 -0.830028
v 3.238953 0.524547 -0.830028
v 3.238953 -0.048943 -0.830028
v 3.238953 -0.095420 -0.830028
v 3.238953 1.331381 -0.830028
v 3.238953 1.375613 -0.830028
v 3.331346 0.524547 -2.833786
v 3.238953 2.508337 -1.103713
v 3.238953 0.680503 -1.103713
v 3.238953 0.461699 -1.103713
v 3.238953 0.524547 -1.103713
v 3.331346 -0.453298 -2.833786
v 3.331346 -0.453298 -2.164816
v 3.238953 1.331381 -1.103713
v 3.238953 1.375613 -1.103713
v 3.238953 2.508337 -1.785173
v 3.238953 0.680503 -1.785173
v 3.238953 1.331381 -1.785173
v 3.238953 1.375613 -1.785173
v 3.238953 2.508337 -2.136744
v 3.238953 0.680503 -2.136744
v 3.238953 1.331381 -2.136744
v 3.238953 1.375613 -2.136744
v 3.238953 0.680503 -2.853787
v 3.238953 2.508337 -2.853786
v 3.238953 -0.453298 -2.853787
v 3.238953 0.461699 -2.853787
v 3.238953 0.524547 -2.853787
v 3.238953 -0.048943 -2.853787
v 3.238953 -0.095421 -2.853787
v 3.238953 1.331381 -2.853787
v 3.238953 1.375612 -2.853787
v 3.238953 1.990323 -2.833786
v 3.238953 1.990323 1.253591
v 3.238953 1.990323 -1.573248
v 3.238953 1.990323 -3.105797
v 3.238953 1.990323 -0.969393
v 3.238953 1.990323 -1.390764
v 3.238953 1.990323 -0.090807
v 3.238953 1.990323 -0.722002
v 3.238953 1.990323 0.065733
v 3.238953 1.990323 0.952023
v 3.238953 1.990323 0.993907
v 3.238953 1.990323 0.032188
v 3.238953 1.990323 -0.046081
v 3.238953 1.990323 -0.766982
v 3.238953 1.990323 -2.164817
v 3.238953 1.990323 -1.751871
v 3.238953 1.990323 -1.127890
v 3.238953 1.990323 -0.805907
v 3.238953 1.990323 -0.068444
v 3.238953 1.990323 0.294020
v 3.238953 1.990323 1.022976
v 3.238953 1.990323 0.261131
v 3.238953 1.990323 -0.830028
v 3.238953 1.990323 -1.103713
v 3.238953 1.990323 -1.785173
v 3.238953 1.990323 -2.136744
v 3.238953 1.990323 -2.853787
v 3.273610 -0.453298 -1.127890
v 3.273610 -0.453298 -1.390764
v 3.273610 -0.048943 -0.969393
v 3.273610 0.461699 -0.969393
v 3.273610 -0.048943 -1.390764
v 3.273610 0.461699 -1.390764
v 3.273610 0.461699 -1.127890
v 3.273610 -0.095421 -0.969393
v 3.273610 -0.095421 -1.390764
v 3.273610 -0.048943 -1.127890
v 3.273610 -0.453298 -0.969393
v 3.273610 -0.095421 -1.127890
v 3.273610 -0.453298 -1.103713
v 3.273610 0.461699 -1.103713
v 3.273610 -0.048943 -1.103713
v 3.273610 -0.095421 -1.103713
v 3.331346 0.680503 -1.573248
v 3.331346 -0.048943 -2.833786
v 3.331346 0.461699 -2.833786
v 3.331346 -0.048943 -1.573248
v 3.331346 0.461699 -1.573248
v 3.331346 0.461699 -2.164816
v 3.331346 0.524547 -2.164816
v 3.331346 -0.095421 -2.833786
v 3.331346 -0.095421 -1.573248
v 3.331346 -0.048943 -2.164816
v 3.331346 -0.453298 -1.573248
v 3.331346 -0.095421 -2.164816
v 3.331346 -0.453298 -2.136744
v 3.331346 0.680503 -2.136744
v 3.331346 0.461699 -2.136744
v 3.331346 0.524547 -2.136744
v 3.331346 -0.048943 -2.136744
v 3.331346 -0.095421 -2.136744
v 3.331346 -0.453298 -1.751871
v 3.331346 0.680503 -1.751871
v 3.331346 0.461699 -1.751871
v 3.331346 0.524547 -1.751871
v 3.331346 -0.048943 -1.751871
v 3.331346 -0.095421 -1.751871
v 3.331346 -0.453298 -1.785173
v 3.331346 0.680503 -1.785173
v 3.331346 0.461699 -1.785173
v 3.331346 0.524547 -1.785173
v 3.331346 -0.048943 -1.785173
v 3.331346 -0.095421 -1.785173
v 3.260880 0.461699 -0.090807
v 3.260880 0.524547 -0.090807
v 3.260880 -0.048943 -0.090807
v 3.260880 0.461699 -0.722001
v 3.260880 0.524547 -0.722001
v 3.260880 -0.048943 -0.722001
v 3.260880 0.461699 0.261131
v 3.260880 0.461699 0.065733
v 3.260880 0.524547 0.261131
v 3.260880 0.524547 0.065733
v 3.260880 -0.048943 0.261131
v 3.260880 -0.048943 0.065733
v 3.260880 0.461700 0.952023
v 3.260880 0.524547 0.952023
v 3.260880 -0.048943 0.952023
v 3.260880 0.461699 0.294020
v 3.260880 0.524547 0.294020
v 3.260880 -0.048943 0.294020
v 3.260880 1.375613 -0.068444
v 3.260880 1.375613 -0.090807
v 3.260880 1.375613 -1.127890
v 3.260880 1.375613 -1.390764
v 3.260880 1.375613 -2.164816
v 3.260880 1.375612 -2.833786
v 3.260880 1.375613 -0.766982
v 3.260880 1.375613 -0.805907
v 3.260880 1.375613 0.993907
v 3.260880 1.375613 0.952023
v 3.260880 1.375613 0.294020
v 3.260880 1.375613 -0.722002
v 3.260880 1.375613 -1.573248
v 3.260880 1.375613 -1.751871
v 3.260880 1.990323 -2.833786
v 3.260880 1.990323 -1.573248
v 3.260880 1.990323 -1.390764
v 3.260880 1.990323 -0.090807
v 3.260880 1.990323 -0.722002
v 3.260880 1.990323 0.952023
v 3.260880 1.990323 0.993907
v 3.260880 1.990323 -0.766982
v 3.260880 1.990323 -2.164817
v 3.260880 1.990323 -1.751871
v 3.260880 1.990323 -1.127890
v 3.260880 1.990323 -0.805907
v 3.260880 1.990323 -0.068444
v 3.260880 1.990323 0.294020
v 3.203537 -0.048943 -0.068444
v 3.203537 -0.048943 -0.090807
v 3.203537 -0.095420 -0.068444
v 3.203537 -0.095420 -0.090807
v 3.203537 -0.048943 -0.722001
v 3.203537 -0.095420 -0.722001
v 3.203537 -0.048943 0.261131
v 3.203537 -0.048943 0.065733
v 3.203537 -0.095420 0.261131
v 3.203537 -0.095420 0.065733
v 3.203537 -0.048943 0.993907
v 3.203537 -0.048943 0.952023
v 3.203537 -0.095420 0.993907
v 3.203537 -0.095420 0.952023
v 3.203537 -0.048943 0.032189
v 3.203537 -0.095420 0.032189
v 3.203537 -0.095420 -0.046081
v 3.203537 -0.048943 -0.046081
v 3.203537 -0.048943 -0.766981
v 3.203537 -0.095420 -0.766981
v 3.203537 -0.048943 0.294020
v 3.203537 -0.095420 0.294020
v 3.203537 1.331381 1.022976
v 3.203537 1.331381 0.993907
v 3.203537 1.331381 -0.068444
v 3.203537 1.331381 -0.090807
v 3.203537 1.331381 -1.127890
v 3.203537 1.331381 -1.390764
v 3.203537 1.331381 -2.136744
v 3.203537 1.331381 -2.164816
v 3.203537 1.331381 -2.833786
v 3.203537 1.331381 -0.766982
v 3.203537 1.331381 -0.805907
v 3.203537 1.331381 -0.046081
v 3.203537 1.331381 0.952023
v 3.203537 1.331381 0.294020
v 3.203537 1.331381 -0.722002
v 3.203537 1.331381 -1.573248
v 3.203537 1.331381 -1.103713
v 3.203537 1.331381 -1.751871
v 3.203537 1.331381 0.261131
v 3.203537 1.375612 -2.833786
v 3.203537 1.375613 -1.573248
v 3.203537 1.375613 -1.390764
v 3.203537 1.375613 -0.090807
v 3.203537 1.375613 -0.722002
v 3.203537 1.375613 0.952023
v 3.203537 1.375613 0.993907
v 3.203537 1.375613 -0.046081
v 3.203537 1.375613 -0.766982
v 3.203537 1.375613 -2.164816
v 3.203537 1.375613 -1.751871
v 3.203537 1.375613 -1.127890
v 3.203537 1.375613 -0.805907
v 3.203537 1.375613 -0.068444
v 3.203537 1.375613 0.294020
v 3.203537 1.375613 1.022976
v 3.203537 1.375613 0.261131
v 3.203537 1.375613 -2.136744
v 3.203537 1.375613 -1.103713
v 3.203537 1.331381 -0.830028
v 3.203537 1.375613 -0.830028
v 3.203537 1.331381 -1.785173
v 3.203537 1.375613 -1.785173
v 3.203537 1.331381 -2.853787
v 3.203537 1.375612 -2.853787
v 3.331346 0.122638 -2.833786
v 3.238953 0.122638 -2.833786
v 3.238953 0.122638 -1.573248
v 3.238953 0.122639 -3.105797
v 3.238953 0.122639 1.253592
v 3.238953 0.122639 -0.969393
v 3.238953 0.122639 -1.390764
v 3.238953 0.122639 -0.090807
v 3.238953 0.122639 -0.722001
v 3.238953 0.122639 0.065733
v 3.238953 0.122639 0.952023
v 3.238953 0.122639 0.993907
v 3.238953 0.122639 0.032189
v 3.238953 0.122639 -0.046081
v 3.238953 0.122639 -0.766981
v 3.238953 0.122639 -0.805907
v 3.238953 0.122639 -0.068444
v 3.238953 0.122639 1.022976
v 3.238953 0.122639 -0.830028
v 3.238953 0.122638 -2.853787
v 3.273610 0.122639 -0.969393
v 3.273610 0.122639 -1.390764
v 3.273610 0.122639 -1.127890
v 3.273610 0.122639 -1.103713
v 3.331346 0.122638 -1.573248
v 3.331346 0.122638 -2.164816
v 3.331346 0.122638 -1.751871
v 3.331346 0.122638 -1.785173
v 3.331346 0.122638 -2.136744
v 3.260880 0.122639 -0.090807
v 3.260880 0.122639 -0.722001
v 3.260880 0.122639 0.065733
v 3.260880 0.122639 0.952023
v 3.260880 0.122639 0.294020
v 3.260880 0.122639 0.261131
v 3.331346 0.411222 -2.833786
v 3.238953 0.411222 -2.833786
v 3.238953 0.411222 -1.573248
v 3.238953 0.411222 -3.105797
v 3.238953 0.411222 1.253592
v 3.238953 0.411222 -0.969393
v 3.238953 0.411222 -1.390764
v 3.238953 0.411222 -0.090807
v 3.238953 0.411222 -0.722001
v 3.238953 0.411222 0.065733
v 3.238953 0.411222 0.952023
v 3.238953 0.411222 0.993907
v 3.238953 0.411222 0.032189
v 3.238953 0.411222 -0.046081
v 3.238953 0.411222 -0.766982
v 3.238953 0.411222 -0.805907
v 3.238953 0.411222 -0.068444
v 3.238953 0.411222 1.022976
v 3.238953 0.411222 -0.830028
v 3.238953 0.411222 -2.853787
v 3.273610 0.411222 -0.969393
v 3.273610 0.411222 -1.390764
v 3.273610 0.411222 -1.127890
v 3.273610 0.411222 -1.103713
v 3.331346 0.411222 -1.573248
v 3.331346 0.411222 -2.164816
v 3.331346 0.411222 -1.751871
v 3.331346 0.411222 -1.785173
v 3.331346 0.411222 -2.136744
v 3.260880 0.411222 -0.090807
v 3.260880 0.411222 -0.722001
v 3.260880 0.411222 0.065733
v 3.260880 0.411222 0.952023
v 3.260880 0.411222 0.294020
v 3.260880 0.411222 0.261131
v 3.238953 2.508337 -1.337417
v 3.238953 0.680503 -1.337416
v 3.238953 0.461699 -1.337416
v 3.238953 0.524547 -1.337416
v 3.238953 1.331381 -1.337416
v 3.238953 1.375613 -1.337416
v 3.238953 1.990323 -1.337416
v 3.273610 -0.453298 -1.337416
v 3.273610 0.461699 -1.337416
v 3.273610 -0.048943 -1.337416
v 3.273610 -0.095421 -1.337416
v 3.260880 1.375613 -1.337416
v 3.260880 1.990323 -1.337416
v 3.203537 1.331381 -1.337416
v 3.203537 1.375613 -1.337416
v 3.273610 0.122639 -1.337416
v 3.273610 0.411222 -1.337416
v 3.238953 2.508337 -1.014938
v 3.238953 0.680503 -1.014938
v 3.238953 0.461699 -1.014938
v 3.238953 0.524547 -1.014938
v 3.238953 1.331381 -1.014938
v 3.238953 1.375613 -1.014938
v 3.238953 1.990323 -1.014938
v 3.273610 -0.453298 -1.014938
v 3.273610 0.461699 -1.014938
v 3.273610 -0.048943 -1.014938
v 3.273610 -0.095421 -1.014938
v 3.273610 0.122639 -1.014938
v 3.273610 0.411222 -1.014938
v 3.260782 0.133924 -1.103713
v 3.260782 0.133924 -1.127890
v 3.260782 0.133924 -1.026223
v 3.260782 0.411222 -1.127890
v 3.260782 0.399936 -1.103713
v 3.260782 0.399936 -1.026223
v 3.260782 0.133924 -1.326131
v 3.260782 0.399936 -1.326131
v 3.260782 0.122639 -1.103713
v 3.260782 0.122639 -1.127890
v 3.260782 0.122639 -1.014938
v 3.260782 0.411222 -1.103713
v 3.260782 0.399936 -1.127890
v 3.260782 0.411222 -1.014938
v 3.260782 0.122639 -1.337416
v 3.260782 0.411222 -1.337416
v 3.270292 0.133924 -1.127890
v 3.270292 0.399936 -1.127890
v 3.270292 0.133924 -1.103713
v 3.270292 0.399936 -1.103713
v 3.270292 0.133924 -1.026223
v 3.270292 0.399936 -1.026223
v 3.270292 0.133924 -1.326131
v 3.270292 0.399936 -1.326131
v 7.326330 -0.453297 -3.105783
v 7.326330 2.508337 -3.105783
v 7.326330 0.680503 -3.105783
v 6.065792 -0.453297 -3.105783
v 3.238952 2.508337 -3.105784
v 6.065792 2.508337 -3.105783
v 6.065792 0.680503 -3.105783
v 3.238952 -0.453297 -3.105784
v 7.598341 0.680503 -3.105783
v 3.238952 0.680503 -3.105784
v 7.598341 2.508337 -3.105783
v 7.598341 -0.453297 -3.105783
v 5.461936 -0.453297 -3.105784
v 5.461936 2.508337 -3.105783
v 5.461936 0.680503 -3.105784
v 5.883308 -0.453297 -3.105783
v 5.883308 2.508337 -3.105783
v 5.883308 0.680503 -3.105783
v 7.326330 0.461700 -3.105783
v 6.065792 0.461700 -3.105783
v 7.598341 0.461700 -3.105783
v 3.238952 0.461700 -3.105784
v 5.461936 0.461700 -3.105784
v 5.883308 0.461700 -3.105783
v 7.326330 0.524547 -3.105783
v 6.065792 0.524547 -3.105783
v 7.598341 0.524547 -3.105783
v 3.238952 0.524547 -3.105784
v 5.461936 0.524547 -3.105784
v 5.883308 0.524547 -3.105783
v 7.326330 -0.048942 -3.105783
v 6.065792 -0.048942 -3.105783
v 7.598341 -0.048942 -3.105783
v 3.238952 -0.048942 -3.105784
v 5.461936 -0.048942 -3.105784
v 5.883308 -0.048942 -3.105783
v 7.326330 -0.095420 -3.105783
v 6.065792 -0.095420 -3.105783
v 7.598341 -0.095420 -3.105783
v 3.238952 -0.095420 -3.105784
v 5.461936 -0.095420 -3.105784
v 5.883308 -0.095420 -3.105783
v 4.583350 -0.453297 -3.105784
v 4.583350 2.508337 -3.105783
v 4.583350 0.680503 -3.105784
v 4.583350 0.461700 -3.105784
v 4.583350 0.524547 -3.105784
v 4.583350 -0.048942 -3.105784
v 4.583350 -0.095420 -3.105784
v 5.214545 -0.453297 -3.105784
v 5.214545 2.508337 -3.105783
v 5.214545 0.680503 -3.105784
v 5.214545 0.461700 -3.105784
v 5.214545 0.524547 -3.105784
v 5.214545 -0.048942 -3.105784
v 5.214545 -0.095420 -3.105784
v 4.426811 -0.453297 -3.105784
v 4.426811 2.508337 -3.105783
v 4.426811 0.680503 -3.105784
v 4.426811 0.461700 -3.105784
v 4.426811 0.524547 -3.105784
v 4.426811 -0.048942 -3.105784
v 4.426811 -0.095420 -3.105784
v 3.540521 -0.453297 -3.105784
v 3.540521 2.508337 -3.105783
v 3.540521 0.680503 -3.105784
v 3.540521 0.461700 -3.105784
v 3.540521 0.524547 -3.105784
v 3.540521 -0.048942 -3.105784
v 3.540521 -0.095420 -3.105784
v 3.498636 -0.453297 -3.105784
v 3.498636 2.508337 -3.105784
v 3.498636 0.680503 -3.105784
v 3.498636 0.461700 -3.105784
v 3.498636 0.524547 -3.105784
v 3.498636 -0.048942 -3.105784
v 3.498636 -0.095420 -3.105784
v 4.460355 -0.453297 -3.105784
v 4.460355 2.508337 -3.105783
v 4.460355 0.680503 -3.105784
v 4.460355 0.461700 -3.105784
v 4.460355 0.524547 -3.105784
v 4.460355 -0.048942 -3.105784
v 4.460355 -0.095420 -3.105784
v 4.538625 -0.453297 -3.105784
v 4.538625 2.508337 -3.105783
v 4.538625 0.680503 -3.105784
v 4.538625 0.461700 -3.105784
v 4.538625 0.524547 -3.105784
v 4.538625 -0.048942 -3.105784
v 4.538625 -0.095420 -3.105784
v 5.259525 -0.453297 -3.105784
v 5.259525 2.508337 -3.105783
v 5.259525 0.680503 -3.105784
v 5.259525 0.461700 -3.105784
v 5.259525 0.524547 -3.105784
v 5.259525 -0.048942 -3.105784
v 5.259525 -0.095420 -3.105784
v 6.657360 2.508337 -3.105783
v 6.657360 0.680503 -3.105783
v 6.244415 2.508337 -3.105783
v 6.244415 0.680503 -3.105783
v 7.326330 0.680503 -3.013390
v 5.620434 2.508337 -3.105783
v 5.620434 0.680503 -3.105784
v 5.620434 0.461700 -3.105784
v 5.620434 0.524547 -3.105784
v 6.065792 0.524547 -3.013390
v 6.657360 0.680503 -3.013390
v 5.298450 -0.453297 -3.105784
v 5.298450 2.508337 -3.105783
v 5.298450 0.680503 -3.105784
v 5.298450 0.461700 -3.105784
v 5.298450 0.524547 -3.105784
v 5.298450 -0.048942 -3.105784
v 5.298450 -0.095420 -3.105784
v 4.560987 -0.453297 -3.105784
v 4.560987 2.508337 -3.105783
v 4.560987 0.680503 -3.105784
v 4.560987 0.461700 -3.105784
v 4.560987 0.524547 -3.105784
v 4.560987 -0.048942 -3.105784
v 4.560987 -0.095420 -3.105784
v 4.198524 -0.453297 -3.105784
v 4.198524 2.508337 -3.105783
v 4.198524 0.680503 -3.105784
v 4.198524 0.524547 -3.105784
v 4.198524 -0.048942 -3.105784
v 4.198524 -0.095420 -3.105784
v 3.469567 -0.453297 -3.105784
v 3.469567 2.508337 -3.105784
v 3.469567 0.680503 -3.105784
v 3.469567 0.461700 -3.105784
v 3.469567 0.524547 -3.105784
v 3.469567 -0.048942 -3.105784
v 3.469567 -0.095420 -3.105784
v 7.326330 1.331381 -3.105783
v 3.238952 1.331381 -3.105784
v 6.065792 1.331381 -3.105784
v 7.598341 1.331381 -3.105783
v 5.461936 1.331381 -3.105784
v 5.883308 1.331381 -3.105784
v 4.583350 1.331381 -3.105784
v 5.214545 1.331381 -3.105784
v 4.426811 1.331381 -3.105784
v 3.540521 1.331381 -3.105784
v 3.498636 1.331381 -3.105784
v 4.460355 1.331381 -3.105784
v 4.538625 1.331381 -3.105784
v 5.259525 1.331381 -3.105784
v 6.657360 1.331381 -3.105784
v 6.244415 1.331381 -3.105784
v 5.620434 1.331381 -3.105784
v 5.298450 1.331381 -3.105784
v 4.560987 1.331381 -3.105784
v 4.198524 1.331381 -3.105784
v 3.469567 1.331381 -3.105784
v 4.231413 -0.453297 -3.105784
v 4.231413 2.508337 -3.105783
v 4.231413 0.680503 -3.105784
v 4.231413 0.524547 -3.105784
v 4.231413 -0.048942 -3.105784
v 4.231413 -0.095420 -3.105784
v 4.231413 1.331381 -3.105784
v 7.326330 1.375612 -3.105783
v 3.238952 1.375613 -3.105784
v 6.065792 1.375612 -3.105784
v 7.598341 1.375612 -3.105783
v 5.461936 1.375613 -3.105784
v 5.883308 1.375613 -3.105784
v 4.583350 1.375613 -3.105784
v 5.214545 1.375613 -3.105784
v 4.426811 1.375613 -3.105784
v 3.540521 1.375613 -3.105784
v 3.498636 1.375613 -3.105784
v 4.460355 1.375613 -3.105784
v 4.538625 1.375613 -3.105784
v 5.259525 1.375613 -3.105784
v 6.657360 1.375612 -3.105784
v 6.244415 1.375612 -3.105784
v 5.620434 1.375613 -3.105784
v 5.298450 1.375613 -3.105784
v 4.560987 1.375613 -3.105784
v 4.198524 1.375613 -3.105784
v 3.469567 1.375613 -3.105784
v 4.231413 1.375613 -3.105784
v 5.322571 -0.453297 -3.105784
v 5.322571 2.508337 -3.105783
v 5.322571 0.680503 -3.105784
v 5.322571 0.461700 -3.105784
v 5.322571 0.524547 -3.105784
v 5.322571 -0.048942 -3.105784
v 5.322571 -0.095420 -3.105784
v 5.322571 1.331381 -3.105784
v 5.322571 1.375613 -3.105784
v 7.326330 0.524547 -3.013390
v 5.596256 2.508337 -3.105783
v 5.596256 0.680503 -3.105784
v 5.596256 0.461700 -3.105784
v 5.596256 0.524547 -3.105784
v 7.326330 -0.453298 -3.013390
v 6.657360 -0.453298 -3.013390
v 5.596256 1.331381 -3.105784
v 5.596256 1.375613 -3.105784
v 6.277717 2.508337 -3.105783
v 6.277717 0.680503 -3.105783
v 6.277717 1.331381 -3.105784
v 6.277717 1.375612 -3.105784
v 6.629288 2.508337 -3.105783
v 6.629288 0.680503 -3.105783
v 6.629288 1.331381 -3.105784
v 6.629288 1.375612 -3.105784
v 7.346331 0.680503 -3.105783
v 7.346331 2.508337 -3.105783
v 7.346331 -0.453297 -3.105783
v 7.346331 0.461700 -3.105783
v 7.346331 0.524547 -3.105783
v 7.346331 -0.048942 -3.105783
v 7.346331 -0.095420 -3.105783
v 7.346331 1.331381 -3.105783
v 7.346331 1.375612 -3.105783
v 7.326330 1.990323 -3.105783
v 3.238952 1.990323 -3.105785
v 6.065792 1.990323 -3.105784
v 7.598341 1.990323 -3.105783
v 5.461936 1.990323 -3.105784
v 5.883308 1.990323 -3.105784
v 4.583350 1.990323 -3.105784
v 5.214545 1.990323 -3.105784
v 4.426811 1.990323 -3.105784
v 3.540521 1.990323 -3.105784
v 3.498636 1.990323 -3.105784
v 4.460355 1.990323 -3.105784
v 4.538625 1.990323 -3.105784
v 5.259525 1.990323 -3.105784
v 6.657360 1.990323 -3.105784
v 6.244415 1.990323 -3.105784
v 5.620434 1.990323 -3.105784
v 5.298450 1.990323 -3.105784
v 4.560987 1.990323 -3.105784
v 4.198524 1.990323 -3.105784
v 3.469567 1.990323 -3.105784
v 4.231413 1.990323 -3.105784
v 5.322571 1.990323 -3.105784
v 5.596256 1.990323 -3.105784
v 6.277717 1.990323 -3.105784
v 6.629288 1.990323 -3.105784
v 7.346331 1.990323 -3.105783
v 5.620434 -0.453297 -3.071127
v 5.883308 -0.453297 -3.071127
v 5.461936 -0.048943 -3.071127
v 5.461936 0.461700 -3.071127
v 5.883308 -0.048943 -3.071127
v 5.883308 0.461700 -3.071127
v 5.620434 0.461700 -3.071127
v 5.461936 -0.095421 -3.071127
v 5.883308 -0.095421 -3.071127
v 5.620434 -0.048943 -3.071127
v 5.461936 -0.453297 -3.071127
v 5.620434 -0.095421 -3.071127
v 5.596256 -0.453297 -3.071127
v 5.596256 0.461700 -3.071127
v 5.596256 -0.048943 -3.071127
v 5.596256 -0.095421 -3.071127
v 6.065792 0.680503 -3.013390
v 7.326330 -0.048943 -3.013390
v 7.326330 0.461699 -3.013390
v 6.065792 -0.048943 -3.013390
v 6.065792 0.461699 -3.013390
v 6.657360 0.461699 -3.013390
v 6.657360 0.524547 -3.013390
v 7.326330 -0.095421 -3.013390
v 6.065792 -0.095421 -3.013390
v 6.657360 -0.048943 -3.013390
v 6.065792 -0.453298 -3.013390
v 6.657360 -0.095421 -3.013390
v 6.629288 -0.453298 -3.013390
v 6.629288 0.680503 -3.013390
v 6.629288 0.461699 -3.013390
v 6.629288 0.524547 -3.013390
v 6.629288 -0.048943 -3.013390
v 6.629288 -0.095421 -3.013390
v 6.244415 -0.453298 -3.013390
v 6.244415 0.680503 -3.013390
v 6.244415 0.461699 -3.013390
v 6.244415 0.524547 -3.013390
v 6.244415 -0.048943 -3.013390
v 6.244415 -0.095421 -3.013390
v 6.277717 -0.453298 -3.013390
v 6.277717 0.680503 -3.013390
v 6.277717 0.461699 -3.013390
v 6.277717 0.524547 -3.013390
v 6.277717 -0.048943 -3.013390
v 6.277717 -0.095421 -3.013390
v 4.583350 0.461700 -3.083857
v 4.583350 0.524547 -3.083857
v 4.583350 -0.048942 -3.083857
v 5.214545 0.461700 -3.083857
v 5.214545 0.524547 -3.083857
v 5.214545 -0.048942 -3.083857
v 4.231413 0.461700 -3.083857
v 4.426811 0.461700 -3.083857
v 4.231413 0.524547 -3.083857
v 4.426811 0.524547 -3.083857
v 4.231413 -0.048942 -3.083857
v 4.426811 -0.048942 -3.083857
v 3.540521 0.461700 -3.083858
v 3.540521 0.524547 -3.083858
v 3.540521 -0.048942 -3.083858
v 4.198524 0.461700 -3.083857
v 4.198524 0.524547 -3.083857
v 4.198524 -0.048942 -3.083857
v 4.560987 1.375613 -3.083858
v 4.583350 1.375613 -3.083858
v 5.620434 1.375613 -3.083857
v 5.883308 1.375613 -3.083857
v 6.657360 1.375612 -3.083857
v 7.326330 1.375612 -3.083857
v 5.259525 1.375613 -3.083857
v 5.298450 1.375613 -3.083857
v 3.498636 1.375613 -3.083858
v 3.540521 1.375613 -3.083858
v 4.198524 1.375613 -3.083858
v 5.214545 1.375613 -3.083857
v 6.065792 1.375612 -3.083857
v 6.244415 1.375612 -3.083857
v 7.326330 1.990323 -3.083857
v 6.065792 1.990323 -3.083857
v 5.883308 1.990323 -3.083857
v 4.583350 1.990323 -3.083858
v 5.214545 1.990323 -3.083857
v 3.540521 1.990323 -3.083858
v 3.498636 1.990323 -3.083858
v 5.259525 1.990323 -3.083857
v 6.657360 1.990323 -3.083857
v 6.244415 1.990323 -3.083857
v 5.620434 1.990323 -3.083857
v 5.298450 1.990323 -3.083857
v 4.560987 1.990323 -3.083858
v 4.198524 1.990323 -3.083858
v 4.560987 -0.048942 -3.141200
v 4.583350 -0.048942 -3.141200
v 4.560987 -0.095420 -3.141200
v 4.583350 -0.095420 -3.141200
v 5.214545 -0.048942 -3.141199
v 5.214545 -0.095420 -3.141199
v 4.231413 -0.048942 -3.141200
v 4.426811 -0.048942 -3.141200
v 4.231413 -0.095420 -3.141200
v 4.426811 -0.095420 -3.141200
v 3.498636 -0.048942 -3.141200
v 3.540521 -0.048942 -3.141200
v 3.498636 -0.095420 -3.141200
v 3.540521 -0.095420 -3.141200
v 4.460355 -0.048942 -3.141200
v 4.460355 -0.095420 -3.141200
v 4.538625 -0.095420 -3.141200
v 4.538625 -0.048942 -3.141200
v 5.259525 -0.048942 -3.141199
v 5.259525 -0.095420 -3.141199
v 4.198524 -0.048942 -3.141200
v 4.198524 -0.095420 -3.141200
v 3.469567 1.331381 -3.141201
v 3.498636 1.331381 -3.141201
v 4.560987 1.331381 -3.141200
v 4.583350 1.331381 -3.141200
v 5.620434 1.331381 -3.141200
v 5.883308 1.331381 -3.141200
v 6.629288 1.331381 -3.141199
v 6.657360 1.331381 -3.141199
v 7.326330 1.331381 -3.141199
v 5.259525 1.331381 -3.141200
v 5.298450 1.331381 -3.141200
v 4.538625 1.331381 -3.141200
v 3.540521 1.331381 -3.141201
v 4.198524 1.331381 -3.141200
v 5.214545 1.331381 -3.141200
v 6.065792 1.331381 -3.141200
v 5.596256 1.331381 -3.141200
v 6.244415 1.331381 -3.141200
v 4.231413 1.331381 -3.141200
v 7.326330 1.375612 -3.141199
v 6.065792 1.375612 -3.141200
v 5.883308 1.375613 -3.141200
v 4.583350 1.375613 -3.141200
v 5.214545 1.375613 -3.141200
v 3.540521 1.375613 -3.141201
v 3.498636 1.375613 -3.141201
v 4.538625 1.375613 -3.141200
v 5.259525 1.375613 -3.141200
v 6.657360 1.375612 -3.141199
v 6.244415 1.375612 -3.141200
v 5.620434 1.375613 -3.141200
v 5.298450 1.375613 -3.141200
v 4.560987 1.375613 -3.141200
v 4.198524 1.375613 -3.141200
v 3.469567 1.375613 -3.141201
v 4.231413 1.375613 -3.141200
v 6.629288 1.375612 -3.141199
v 5.596256 1.375613 -3.141200
v 5.322571 1.331381 -3.141200
v 5.322571 1.375613 -3.141200
v 6.277717 1.331381 -3.141200
v 6.277717 1.375612 -3.141200
v 7.346331 1.331381 -3.141199
v 7.346331 1.375612 -3.141199
v 7.326330 0.122638 -3.013390
v 7.326330 0.122639 -3.105783
v 6.065792 0.122639 -3.105783
v 7.598341 0.122639 -3.105783
v 3.238952 0.122639 -3.105784
v 5.461936 0.122639 -3.105784
v 5.883308 0.122639 -3.105783
v 4.583350 0.122639 -3.105784
v 5.214545 0.122639 -3.105784
v 4.426811 0.122639 -3.105784
v 3.540521 0.122639 -3.105784
v 3.498636 0.122639 -3.105784
v 4.460355 0.122639 -3.105784
v 4.538625 0.122639 -3.105784
v 5.259525 0.122639 -3.105784
v 5.298450 0.122639 -3.105784
v 4.560987 0.122639 -3.105784
v 3.469567 0.122639 -3.105784
v 5.322571 0.122639 -3.105784
v 7.346331 0.122639 -3.105783
v 5.461936 0.122639 -3.071127
v 5.883308 0.122639 -3.071127
v 5.620434 0.122639 -3.071127
v 5.596256 0.122639 -3.071127
v 6.065792 0.122638 -3.013390
v 6.657360 0.122638 -3.013390
v 6.244415 0.122638 -3.013390
v 6.277717 0.122638 -3.013390
v 6.629288 0.122638 -3.013390
v 4.583350 0.122639 -3.083857
v 5.214545 0.122639 -3.083857
v 4.426811 0.122639 -3.083857
v 3.540521 0.122639 -3.083858
v 4.198524 0.122639 -3.083857
v 4.231413 0.122639 -3.083857
v 7.326330 0.411222 -3.013390
v 7.326330 0.411223 -3.105783
v 6.065792 0.411223 -3.105783
v 7.598341 0.411223 -3.105783
v 3.238952 0.411223 -3.105784
v 5.461936 0.411223 -3.105784
v 5.883308 0.411223 -3.105783
v 4.583350 0.411223 -3.105784
v 5.214545 0.411223 -3.105784
v 4.426811 0.411223 -3.105784
v 3.540521 0.411223 -3.105784
v 3.498636 0.411223 -3.105784
v 4.460355 0.411223 -3.105784
v 4.538625 0.411223 -3.105784
v 5.259525 0.411223 -3.105784
v 5.298450 0.411223 -3.105784
v 4.560987 0.411223 -3.105784
v 3.469567 0.411223 -3.105784
v 5.322571 0.411223 -3.105784
v 7.346331 0.411223 -3.105783
v 5.461936 0.411223 -3.071127
v 5.883308 0.411223 -3.071127
v 5.620434 0.411223 -3.071127
v 5.596256 0.411223 -3.071127
v 6.065792 0.411222 -3.013390
v 6.657360 0.411222 -3.013390
v 6.244415 0.411222 -3.013390
v 6.277717 0.411222 -3.013390
v 6.629288 0.411222 -3.013390
v 4.583350 0.411223 -3.083857
v 5.214545 0.411223 -3.083857
v 4.426811 0.411223 -3.083857
v 3.540521 0.411223 -3.083858
v 4.198524 0.411223 -3.083857
v 4.231413 0.411223 -3.083857
v 5.829960 2.508337 -3.105783
v 5.829960 0.680503 -3.105783
v 5.829960 0.461700 -3.105783
v 5.829960 0.524547 -3.105783
v 5.829960 1.331381 -3.105784
v 5.829960 1.375613 -3.105784
v 5.829960 1.990323 -3.105784
v 5.829960 -0.453297 -3.071127
v 5.829960 0.461700 -3.071127
v 5.829960 -0.048943 -3.071127
v 5.829960 -0.095421 -3.071127
v 5.829960 1.375613 -3.083857
v 5.829960 1.990323 -3.083857
v 5.829960 1.331381 -3.141200
v 5.829960 1.375613 -3.141200
v 5.829960 0.122639 -3.071127
v 5.829960 0.411223 -3.071127
v 5.507482 2.508337 -3.105783
v 5.507482 0.680503 -3.105784
v 5.507482 0.461700 -3.105784
v 5.507482 0.524547 -3.105784
v 5.507482 1.331381 -3.105784
v 5.507482 1.375613 -3.105784
v 5.507482 1.990323 -3.105784
v 5.507482 -0.453297 -3.071127
v 5.507482 0.461700 -3.071127
v 5.507482 -0.048943 -3.071127
v 5.507482 -0.095421 -3.071127
v 5.507482 0.122639 -3.071127
v 5.507482 0.411223 -3.071127
v 5.596256 0.133925 -3.083954
v 5.620434 0.133925 -3.083954
v 5.518767 0.133925 -3.083954
v 5.620434 0.411223 -3.083954
v 5.596256 0.399936 -3.083954
v 5.518767 0.399936 -3.083954
v 5.818675 0.133925 -3.083954
v 5.818675 0.399936 -3.083954
v 5.596256 0.122639 -3.083954
v 5.620434 0.122639 -3.083954
v 5.507482 0.122639 -3.083954
v 5.596256 0.411223 -3.083954
v 5.620434 0.399936 -3.083954
v 5.507482 0.411223 -3.083954
v 5.829960 0.122639 -3.083954
v 5.829960 0.411223 -3.083954
v 5.620434 0.133925 -3.074445
v 5.620434 0.399936 -3.074445
v 5.596256 0.133925 -3.074445
v 5.596256 0.399936 -3.074445
v 5.518767 0.133925 -3.074445
v 5.518767 0.399936 -3.074445
v 5.818675 0.133925 -3.074445
v 5.818675 0.399936 -3.074445
v 7.598299 -0.453297 0.981614
v 7.598299 2.508337 0.981614
v 7.598299 0.680503 0.981614
v 7.598299 -0.453298 -0.278924
v 7.598299 2.508337 -3.105763
v 7.598299 2.508337 -0.278924
v 7.598299 0.680503 -0.278924
v 7.598299 -0.453297 -3.105764
v 7.598299 0.680503 1.253625
v 7.598299 0.680503 -3.105764
v 7.598299 2.508337 1.253625
v 7.598299 -0.453297 1.253625
v 7.598299 -0.453298 -0.882779
v 7.598299 2.508337 -0.882780
v 7.598299 0.680503 -0.882779
v 7.598299 -0.453298 -0.461408
v 7.598299 2.508337 -0.461408
v 7.598299 0.680503 -0.461408
v 7.598299 0.461699 0.981614
v 7.598299 0.461699 -0.278924
v 7.598299 0.461700 1.253625
v 7.598299 0.461700 -3.105764
v 7.598299 0.461699 -0.882779
v 7.598299 0.461699 -0.461408
v 7.598299 0.524547 0.981614
v 7.598299 0.524547 -0.278924
v 7.598299 0.524547 1.253625
v 7.598299 0.524547 -3.105764
v 7.598299 0.524547 -0.882779
v 7.598299 0.524547 -0.461408
v 7.598299 -0.048943 0.981614
v 7.598299 -0.048943 -0.278924
v 7.598299 -0.048943 1.253625
v 7.598299 -0.048942 -3.105764
v 7.598299 -0.048943 -0.882779
v 7.598299 -0.048943 -0.461408
v 7.598299 -0.095420 0.981614
v 7.598299 -0.095420 -0.278924
v 7.598299 -0.095420 1.253625
v 7.598299 -0.095420 -3.105764
v 7.598299 -0.095421 -0.882779
v 7.598299 -0.095420 -0.461408
v 7.598299 -0.453298 -1.761366
v 7.598299 2.508337 -1.761366
v 7.598299 0.680503 -1.761366
v 7.598299 0.461699 -1.761366
v 7.598299 0.524547 -1.761366
v 7.598299 -0.048943 -1.761366
v 7.598299 -0.095420 -1.761366
v 7.598299 -0.453298 -1.130171
v 7.598299 2.508337 -1.130171
v 7.598299 0.680503 -1.130171
v 7.598299 0.461699 -1.130171
v 7.598299 0.524547 -1.130171
v 7.598299 -0.048943 -1.130171
v 7.598299 -0.095420 -1.130171
v 7.598299 -0.453298 -1.917905
v 7.598299 2.508337 -1.917905
v 7.598299 0.680503 -1.917905
v 7.598299 0.461699 -1.917905
v 7.598299 0.524547 -1.917905
v 7.598299 -0.048943 -1.917905
v 7.598299 -0.095421 -1.917905
v 7.598299 -0.453298 -2.804195
v 7.598299 2.508337 -2.804194
v 7.598299 0.680503 -2.804195
v 7.598299 0.461699 -2.804195
v 7.598299 0.524547 -2.804195
v 7.598299 -0.048943 -2.804195
v 7.598299 -0.095421 -2.804195
v 7.598299 -0.453298 -2.846079
v 7.598299 2.508337 -2.846080
v 7.598299 0.680503 -2.846079
v 7.598299 0.461699 -2.846079
v 7.598299 0.524547 -2.846079
v 7.598299 -0.048943 -2.846079
v 7.598299 -0.095421 -2.846079
v 7.598299 -0.453298 -1.884361
v 7.598299 2.508337 -1.884361
v 7.598299 0.680503 -1.884361
v 7.598299 0.461699 -1.884361
v 7.598299 0.524547 -1.884361
v 7.598299 -0.048943 -1.884361
v 7.598299 -0.095421 -1.884361
v 7.598299 -0.453298 -1.806091
v 7.598299 2.508337 -1.806092
v 7.598299 0.680503 -1.806091
v 7.598299 0.461699 -1.806091
v 7.598299 0.524547 -1.806091
v 7.598299 -0.048943 -1.806091
v 7.598299 -0.095421 -1.806091
v 7.598299 -0.453298 -1.085191
v 7.598299 2.508337 -1.085191
v 7.598299 0.680503 -1.085191
v 7.598299 0.461699 -1.085191
v 7.598299 0.524547 -1.085191
v 7.598299 -0.048943 -1.085191
v 7.598299 -0.095420 -1.085191
v 7.598299 2.508337 0.312644
v 7.598299 0.680503 0.312644
v 7.598299 2.508337 -0.100301
v 7.598299 0.680503 -0.100301
v 7.505906 0.680503 0.981614
v 7.598299 2.508337 -0.724282
v 7.598299 0.680503 -0.724282
v 7.598299 0.461699 -0.724282
v 7.598299 0.524547 -0.724282
v 7.505906 0.524547 -0.278924
v 7.505906 0.680503 0.312644
v 7.598299 -0.453298 -1.046265
v 7.598299 2.508337 -1.046266
v 7.598299 0.680503 -1.046265
v 7.598299 0.461699 -1.046265
v 7.598299 0.524547 -1.046265
v 7.598299 -0.048943 -1.046265
v 7.598299 -0.095420 -1.046265
v 7.598299 -0.453298 -1.783728
v 7.598299 2.508337 -1.783729
v 7.598299 0.680503 -1.783728
v 7.598299 0.461699 -1.783728
v 7.598299 0.524547 -1.783728
v 7.598299 -0.048943 -1.783728
v 7.598299 -0.095420 -1.783728
v 7.598299 -0.453298 -2.146192
v 7.598299 2.508337 -2.146192
v 7.598299 0.680503 -2.146192
v 7.598299 0.524547 -2.146192
v 7.598299 -0.048943 -2.146192
v 7.598299 -0.095421 -2.146192
v 7.598299 -0.453298 -2.875149
v 7.598299 2.508337 -2.875149
v 7.598299 0.680503 -2.875149
v 7.598299 0.461699 -2.875149
v 7.598299 0.524547 -2.875149
v 7.598299 -0.048943 -2.875149
v 7.598299 -0.095421 -2.875149
v 7.598299 1.331381 0.981614
v 7.598299 1.331381 -3.105764
v 7.598299 1.331381 -0.278924
v 7.598299 1.331381 1.253625
v 7.598299 1.331381 -0.882780
v 7.598299 1.331381 -0.461408
v 7.598299 1.331381 -1.761366
v 7.598299 1.331381 -1.130171
v 7.598299 1.331381 -1.917905
v 7.598299 1.331381 -2.804195
v 7.598299 1.331381 -2.846080
v 7.598299 1.331381 -1.884361
v 7.598299 1.331381 -1.806091
v 7.598299 1.331381 -1.085191
v 7.598299 1.331381 0.312644
v 7.598299 1.331381 -0.100301
v 7.598299 1.331381 -0.724282
v 7.598299 1.331381 -1.046266
v 7.598299 1.331381 -1.783728
v 7.598299 1.331381 -2.146192
v 7.598299 1.331381 -2.875149
v 7.598299 -0.453298 -2.113303
v 7.598299 2.508337 -2.113302
v 7.598299 0.680503 -2.113303
v 7.598299 0.524547 -2.113303
v 7.598299 -0.048943 -2.113303
v 7.598299 -0.095421 -2.113303
v 7.598299 1.331381 -2.113303
v 7.598299 1.375613 0.981614
v 7.598299 1.375613 -3.105764
v 7.598299 1.375613 -0.278924
v 7.598299 1.375613 1.253625
v 7.598299 1.375613 -0.882780
v 7.598299 1.375613 -0.461408
v 7.598299 1.375613 -1.761366
v 7.598299 1.375613 -1.130171
v 7.598299 1.375613 -1.917905
v 7.598299 1.375613 -2.804195
v 7.598299 1.375613 -2.846080
v 7.598299 1.375613 -1.884361
v 7.598299 1.375613 -1.806091
v 7.598299 1.375613 -1.085191
v 7.598299 1.375613 0.312644
v 7.598299 1.375613 -0.100301
v 7.598299 1.375613 -0.724282
v 7.598299 1.375613 -1.046266
v 7.598299 1.375613 -1.783728
v 7.598299 1.375613 -2.146192
v 7.598299 1.375613 -2.875149
v 7.598299 1.375613 -2.113303
v 7.598299 -0.453298 -1.022144
v 7.598299 2.508337 -1.022145
v 7.598299 0.680503 -1.022145
v 7.598299 0.461699 -1.022145
v 7.598299 0.524547 -1.022145
v 7.598299 -0.048943 -1.022144
v 7.598299 -0.095420 -1.022144
v 7.598299 1.331381 -1.022145
v 7.598299 1.375613 -1.022145
v 7.505906 0.524547 0.981614
v 7.598299 2.508337 -0.748460
v 7.598299 0.680503 -0.748459
v 7.598299 0.461699 -0.748459
v 7.598299 0.524547 -0.748459
v 7.505906 -0.453297 0.981614
v 7.505906 -0.453298 0.312644
v 7.598299 1.331381 -0.748460
v 7.598299 1.375613 -0.748460
v 7.598299 2.508337 -0.066999
v 7.598299 0.680503 -0.066999
v 7.598299 1.331381 -0.066999
v 7.598299 1.375613 -0.066999
v 7.598299 2.508337 0.284572
v 7.598299 0.680503 0.284572
v 7.598299 1.331381 0.284572
v 7.598299 1.375613 0.284572
v 7.598299 0.680503 1.001615
v 7.598299 2.508337 1.001615
v 7.598299 -0.453297 1.001615
v 7.598299 0.461699 1.001615
v 7.598299 0.524547 1.001615
v 7.598299 -0.048943 1.001615
v 7.598299 -0.095420 1.001615
v 7.598299 1.331381 1.001615
v 7.598299 1.375613 1.001615
v 7.598299 1.990323 0.981614
v 7.598299 1.990323 -3.105764
v 7.598299 1.990323 -0.278924
v 7.598299 1.990323 1.253625
v 7.598299 1.990323 -0.882780
v 7.598299 1.990323 -0.461408
v 7.598299 1.990323 -1.761366
v 7.598299 1.990323 -1.130171
v 7.598299 1.990323 -1.917905
v 7.598299 1.990323 -2.804195
v 7.598299 1.990323 -2.846080
v 7.598299 1.990323 -1.884361
v 7.598299 1.990323 -1.806092
v 7.598299 1.990323 -1.085191
v 7.598299 1.990323 0.312644
v 7.598299 1.990323 -0.100301
v 7.598299 1.990323 -0.724282
v 7.598299 1.990323 -1.046266
v 7.598299 1.990323 -1.783729
v 7.598299 1.990323 -2.146192
v 7.598299 1.990323 -2.875149
v 7.598299 1.990323 -2.113303
v 7.598299 1.990323 -1.022145
v 7.598299 1.990323 -0.748460
v 7.598299 1.990323 -0.066999
v 7.598299 1.990323 0.284572
v 7.598299 1.990323 1.001615
v 7.563643 -0.453298 -0.724282
v 7.563643 -0.453298 -0.461408
v 7.563643 -0.048943 -0.882779
v 7.563643 0.461699 -0.882779
v 7.563643 -0.048943 -0.461408
v 7.563643 0.461699 -0.461408
v 7.563643 0.461699 -0.724282
v 7.563643 -0.095421 -0.882779
v 7.563643 -0.095420 -0.461408
v 7.563643 -0.048943 -0.724282
v 7.563643 -0.453298 -0.882779
v 7.563643 -0.095420 -0.724282
v 7.563643 -0.453298 -0.748459
v 7.563643 0.461699 -0.748459
v 7.563643 -0.048943 -0.748459
v 7.563643 -0.095420 -0.748459
v 7.505906 0.680503 -0.278924
v 7.505906 -0.048943 0.981614
v 7.505906 0.461699 0.981614
v 7.505906 -0.048943 -0.278924
v 7.505906 0.461699 -0.278924
v 7.505906 0.461699 0.312644
v 7.505906 0.524547 0.312644
v 7.505906 -0.095420 0.981614
v 7.505906 -0.095420 -0.278924
v 7.505906 -0.048943 0.312644
v 7.505906 -0.453298 -0.278924
v 7.505906 -0.095420 0.312644
v 7.505906 -0.453298 0.284572
v 7.505906 0.680503 0.284572
v 7.505906 0.461699 0.284572
v 7.505906 0.524547 0.284572
v 7.505906 -0.048943 0.284572
v 7.505906 -0.095420 0.284572
v 7.505906 -0.453298 -0.100301
v 7.505906 0.680503 -0.100301
v 7.505906 0.461699 -0.100301
v 7.505906 0.524547 -0.100301
v 7.505906 -0.048943 -0.100301
v 7.505906 -0.095420 -0.100301
v 7.505906 -0.453298 -0.066999
v 7.505906 0.680503 -0.066999
v 7.505906 0.461699 -0.066999
v 7.505906 0.524547 -0.066999
v 7.505906 -0.048943 -0.066999
v 7.505906 -0.095420 -0.066999
v 7.576372 0.461699 -1.761366
v 7.576372 0.524547 -1.761366
v 7.576372 -0.048943 -1.761366
v 7.576372 0.461699 -1.130171
v 7.576372 0.524547 -1.130171
v 7.576372 -0.048943 -1.130171
v 7.576372 0.461699 -2.113303
v 7.576372 0.461699 -1.917905
v 7.576372 0.524547 -2.113303
v 7.576372 0.524547 -1.917905
v 7.576372 -0.048943 -2.113303
v 7.576372 -0.048943 -1.917905
v 7.576372 0.461699 -2.804195
v 7.576372 0.524547 -2.804195
v 7.576372 -0.048943 -2.804195
v 7.576372 0.461699 -2.146192
v 7.576372 0.524547 -2.146192
v 7.576372 -0.048943 -2.146192
v 7.576372 1.375613 -1.783728
v 7.576372 1.375613 -1.761366
v 7.576372 1.375613 -0.724282
v 7.576372 1.375613 -0.461408
v 7.576372 1.375613 0.312644
v 7.576372 1.375613 0.981614
v 7.576372 1.375613 -1.085191
v 7.576372 1.375613 -1.046266
v 7.576372 1.375613 -2.846080
v 7.576372 1.375613 -2.804195
v 7.576372 1.375613 -2.146192
v 7.576372 1.375613 -1.130171
v 7.576372 1.375613 -0.278924
v 7.576372 1.375613 -0.100301
v 7.576372 1.990323 0.981614
v 7.576372 1.990323 -0.278924
v 7.576372 1.990323 -0.461408
v 7.576372 1.990323 -1.761366
v 7.576372 1.990323 -1.130171
v 7.576372 1.990323 -2.804195
v 7.576372 1.990323 -2.846080
v 7.576372 1.990323 -1.085191
v 7.576372 1.990323 0.312644
v 7.576372 1.990323 -0.100301
v 7.576372 1.990323 -0.724282
v 7.576372 1.990323 -1.046266
v 7.576372 1.990323 -1.783729
v 7.576372 1.990323 -2.146192
v 7.633715 -0.048943 -1.783728
v 7.633715 -0.048943 -1.761366
v 7.633715 -0.095420 -1.783728
v 7.633715 -0.095420 -1.761366
v 7.633715 -0.048943 -1.130171
v 7.633715 -0.095420 -1.130171
v 7.633715 -0.048943 -2.113303
v 7.633715 -0.048943 -1.917905
v 7.633715 -0.095421 -2.113303
v 7.633715 -0.095421 -1.917905
v 7.633715 -0.048943 -2.846079
v 7.633715 -0.048943 -2.804195
v 7.633715 -0.095421 -2.846079
v 7.633715 -0.095421 -2.804195
v 7.633715 -0.048943 -1.884361
v 7.633715 -0.095421 -1.884361
v 7.633715 -0.095421 -1.806091
v 7.633715 -0.048943 -1.806091
v 7.633715 -0.048943 -1.085191
v 7.633715 -0.095420 -1.085191
v 7.633715 -0.048943 -2.146192
v 7.633715 -0.095421 -2.146192
v 7.633715 1.331381 -2.875149
v 7.633715 1.331381 -2.846080
v 7.633715 1.331381 -1.783728
v 7.633715 1.331381 -1.761366
v 7.633715 1.331381 -0.724282
v 7.633715 1.331381 -0.461408
v 7.633715 1.331381 0.284572
v 7.633715 1.331381 0.312644
v 7.633715 1.331381 0.981614
v 7.633715 1.331381 -1.085191
v 7.633715 1.331381 -1.046266
v 7.633715 1.331381 -1.806091
v 7.633715 1.331381 -2.804195
v 7.633715 1.331381 -2.146192
v 7.633715 1.331381 -1.130171
v 7.633715 1.331381 -0.278924
v 7.633715 1.331381 -0.748460
v 7.633715 1.331381 -0.100301
v 7.633715 1.331381 -2.113303
v 7.633715 1.375613 0.981614
v 7.633715 1.375613 -0.278924
v 7.633715 1.375613 -0.461408
v 7.633715 1.375613 -1.761366
v 7.633715 1.375613 -1.130171
v 7.633715 1.375613 -2.804195
v 7.633715 1.375613 -2.846080
v 7.633715 1.375613 -1.806091
v 7.633715 1.375613 -1.085191
v 7.633715 1.375613 0.312644
v 7.633715 1.375613 -0.100301
v 7.633715 1.375613 -0.724282
v 7.633715 1.375613 -1.046266
v 7.633715 1.375613 -1.783728
v 7.633715 1.375613 -2.146192
v 7.633715 1.375613 -2.875149
v 7.633715 1.375613 -2.113303
v 7.633715 1.375613 0.284572
v 7.633715 1.375613 -0.748460
v 7.633715 1.331381 -1.022145
v 7.633715 1.375613 -1.022145
v 7.633715 1.331381 -0.066999
v 7.633715 1.375613 -0.066999
v 7.633715 1.331381 1.001615
v 7.633715 1.375613 1.001615
v 7.505906 0.122639 0.981614
v 7.598299 0.122639 0.981614
v 7.598299 0.122639 -0.278924
v 7.598299 0.122639 1.253625
v 7.598299 0.122639 -3.105764
v 7.598299 0.122639 -0.882779
v 7.598299 0.122639 -0.461408
v 7.598299 0.122639 -1.761366
v 7.598299 0.122639 -1.130171
v 7.598299 0.122639 -1.917905
v 7.598299 0.122638 -2.804195
v 7.598299 0.122638 -2.846079
v 7.598299 0.122639 -1.884361
v 7.598299 0.122639 -1.806091
v 7.598299 0.122639 -1.085191
v 7.598299 0.122639 -1.046265
v 7.598299 0.122639 -1.783728
v 7.598299 0.122638 -2.875149
v 7.598299 0.122639 -1.022144
v 7.598299 0.122639 1.001615
v 7.563643 0.122639 -0.882779
v 7.563643 0.122639 -0.461408
v 7.563643 0.122639 -0.724282
v 7.563643 0.122639 -0.748459
v 7.505906 0.122639 -0.278924
v 7.505906 0.122639 0.312644
v 7.505906 0.122639 -0.100301
v 7.505906 0.122639 -0.066999
v 7.505906 0.122639 0.284572
v 7.576372 0.122639 -1.761366
v 7.576372 0.122639 -1.130171
v 7.576372 0.122639 -1.917905
v 7.576372 0.122638 -2.804195
v 7.576372 0.122639 -2.146192
v 7.576372 0.122639 -2.113303
v 7.505906 0.411222 0.981614
v 7.598299 0.411222 0.981614
v 7.598299 0.411222 -0.278924
v 7.598299 0.411222 1.253625
v 7.598299 0.411223 -3.105764
v 7.598299 0.411222 -0.882779
v 7.598299 0.411222 -0.461408
v 7.598299 0.411222 -1.761366
v 7.598299 0.411222 -1.130171
v 7.598299 0.411222 -1.917905
v 7.598299 0.411222 -2.804195
v 7.598299 0.411222 -2.846079
v 7.598299 0.411222 -1.884361
v 7.598299 0.411222 -1.806091
v 7.598299 0.411222 -1.085191
v 7.598299 0.411222 -1.046265
v 7.598299 0.411222 -1.783728
v 7.598299 0.411222 -2.875149
v 7.598299 0.411222 -1.022145
v 7.598299 0.411222 1.001615
v 7.563643 0.411222 -0.882779
v 7.563643 0.411222 -0.461408
v 7.563643 0.411222 -0.724282
v 7.563643 0.411222 -0.748459
v 7.505906 0.411222 -0.278924
v 7.505906 0.411222 0.312644
v 7.505906 0.411222 -0.100301
v 7.505906 0.411222 -0.066999
v 7.505906 0.411222 0.284572
v 7.576372 0.411222 -1.761366
v 7.576372 0.411222 -1.130171
v 7.576372 0.411222 -1.917905
v 7.576372 0.411222 -2.804195
v 7.576372 0.411222 -2.146192
v 7.576372 0.411222 -2.113303
v 7.598299 2.508337 -0.514756
v 7.598299 0.680503 -0.514756
v 7.598299 0.461699 -0.514756
v 7.598299 0.524547 -0.514756
v 7.598299 1.331381 -0.514756
v 7.598299 1.375613 -0.514756
v 7.598299 1.990323 -0.514756
v 7.563643 -0.453298 -0.514756
v 7.563643 0.461699 -0.514756
v 7.563643 -0.048943 -0.514756
v 7.563643 -0.095420 -0.514756
v 7.576372 1.375613 -0.514756
v 7.576372 1.990323 -0.514756
v 7.633715 1.331381 -0.514756
v 7.633715 1.375613 -0.514756
v 7.563643 0.122639 -0.514756
v 7.563643 0.411222 -0.514756
v 7.598299 2.508337 -0.837234
v 7.598299 0.680503 -0.837234
v 7.598299 0.461699 -0.837234
v 7.598299 0.524547 -0.837234
v 7.598299 1.331381 -0.837234
v 7.598299 1.375613 -0.837234
v 7.598299 1.990323 -0.837234
v 7.563643 -0.453298 -0.837234
v 7.563643 0.461699 -0.837234
v 7.563643 -0.048943 -0.837234
v 7.563643 -0.095421 -0.837234
v 7.563643 0.122639 -0.837234
v 7.563643 0.411222 -0.837234
v 7.576469 0.133924 -0.748459
v 7.576469 0.133924 -0.724282
v 7.576469 0.133924 -0.825949
v 7.576469 0.411222 -0.724282
v 7.576469 0.399936 -0.748459
v 7.576469 0.399936 -0.825949
v 7.576469 0.133924 -0.526041
v 7.576469 0.399936 -0.526041
v 7.576469 0.122639 -0.748459
v 7.576469 0.122639 -0.724282
v 7.576469 0.122639 -0.837234
v 7.576469 0.411222 -0.748459
v 7.576469 0.399936 -0.724282
v 7.576469 0.411222 -0.837234
v 7.576469 0.122639 -0.514756
v 7.576469 0.411222 -0.514756
v 7.566960 0.133924 -0.724282
v 7.566960 0.399936 -0.724282
v 7.566960 0.133924 -0.748459
v 7.566960 0.399936 -0.748459
v 7.566960 0.133924 -0.825949
v 7.566960 0.399936 -0.825949
v 7.566960 0.133924 -0.526041
v 7.566960 0.399936 -0.526041
v 3.203493 0.903389 1.289047
v 3.203493 1.059976 1.289047
v 3.203493 0.903390 -3.141220
v 3.203493 1.059976 -3.141220
v 7.633759 0.903389 1.289047
v 7.633759 1.059976 1.289047
v 7.633759 0.903390 -3.141220
v 7.633759 1.059976 -3.141220
v 3.225223 2.476487 1.267317
v 3.225223 2.513531 1.267317
v 3.225223 2.476487 -3.119489
v 3.225223 2.513531 -3.119489
v 7.612030 2.476487 1.267317
v 7.612030 2.513531 1.267317
v 7.612030 2.476487 -3.119489
v 7.612030 2.513531 -3.119489
vn -0.0000 -0.0000 1.0000
vn 1.0000 -0.0000 -0.0000
vn -0.0000 1.0000 -0.0000
vn -1.0000 -0.0000 -0.0000
vn -0.0000 -1.0000 -0.0000
vn -0.0000 -0.0000 -1.0000
vn -1.0000 0.0001 -0.0000
vn -1.0000 -0.0001 -0.0000
vt 0.124419 0.226351
vt 0.105806 0.471086
vt 0.124419 0.808559
vt 0.105806 0.242146
vt 0.105806 0.483881
vt 0.124419 0.449237
vt 0.372219 0.226351
vt 0.105806 0.471086
vt 0.927928 0.808559
vt 0.372219 0.808559
vt 0.105806 0.229351
vt 0.105806 0.242146
vt 0.372219 0.449237
vt 0.927928 0.226351
vt 0.070946 0.449237
vt 0.927928 0.449237
vt 0.070946 0.808559
vt 0.070946 0.226351
vt 0.490927 0.226351
vt 0.293200 0.733131
vt 0.490927 0.808559
vt 0.490927 0.449237
vt 0.408092 0.226351
vt 0.293200 0.733131
vt 0.408092 0.808559
vt 0.408092 0.449237
vt 0.124419 0.406224
vt 0.105806 0.286328
vt 0.372219 0.406224
vt 0.105806 0.286328
vt 0.070946 0.406224
vt 0.927928 0.406224
vt 0.486027 0.733131
vt 0.481267 0.733131
vt 0.490927 0.406224
vt 0.481267 0.733131
vt 0.408092 0.406224
vt 0.399420 0.733131
vt 0.124419 0.418579
vt 0.105806 0.273637
vt 0.372219 0.418579
vt 0.105806 0.273637
vt 0.070946 0.418579
vt 0.927928 0.418579
vt 0.490927 0.418579
vt 0.408092 0.418579
vt 0.105806 0.389438
vt 0.124419 0.305841
vt 0.372219 0.305841
vt 0.105806 0.389438
vt 0.070946 0.305841
vt 0.927928 0.305841
vt 0.490927 0.305841
vt 0.376310 0.733131
vt 0.376310 0.733131
vt 0.408092 0.305841
vt 0.124419 0.296704
vt 0.105806 0.398822
vt 0.372219 0.296704
vt 0.105806 0.398822
vt 0.070946 0.296704
vt 0.927928 0.296704
vt 0.490927 0.296704
vt 0.366758 0.733131
vt 0.408092 0.296704
vt 0.366758 0.733131
vt 0.663642 0.226351
vt 0.663642 0.808559
vt 0.663642 0.449237
vt 0.663642 0.406224
vt 0.481267 0.733131
vt 0.666610 0.733131
vt 0.494184 0.733131
vt 0.663642 0.418579
vt 0.376310 0.733131
vt 0.663642 0.305841
vt 0.666610 0.733131
vt 0.663642 0.296704
vt 0.666610 0.733131
vt 0.539560 0.226351
vt 0.539560 0.808559
vt 0.539560 0.449237
vt 0.539560 0.406224
vt 0.481267 0.733131
vt 0.494184 0.733131
vt 0.539560 0.418579
vt 0.536875 0.733131
vt 0.376310 0.733131
vt 0.536875 0.733131
vt 0.539560 0.305841
vt 0.539560 0.296704
vt 0.536875 0.733131
vt 0.694415 0.226351
vt 0.694415 0.808559
vt 0.694415 0.449237
vt 0.694415 0.406224
vt 0.481267 0.733131
vt 0.494184 0.733131
vt 0.694415 0.418579
vt 0.698784 0.733131
vt 0.698784 0.733131
vt 0.376310 0.733131
vt 0.694415 0.305841
vt 0.694415 0.296704
vt 0.698784 0.733131
vt 0.868645 0.226351
vt 0.868645 0.808559
vt 0.868645 0.449237
vt 0.481267 0.733131
vt 0.868645 0.406224
vt 0.880950 0.733131
vt 0.868645 0.418579
vt 0.494184 0.733131
vt 0.868645 0.305841
vt 0.376310 0.733131
vt 0.880950 0.733131
vt 0.868645 0.296704
vt 0.880950 0.733131
vt 0.876878 0.226351
vt 0.876878 0.808559
vt 0.876878 0.449237
vt 0.876878 0.406224
vt 0.876878 0.418579
vt 0.889559 0.733131
vt 0.376310 0.733131
vt 0.876878 0.305841
vt 0.366758 0.733131
vt 0.876878 0.296704
vt 0.889559 0.733131
vt 0.687821 0.226351
vt 0.687821 0.808559
vt 0.687821 0.449237
vt 0.687821 0.406224
vt 0.687821 0.418579
vt 0.376310 0.733131
vt 0.691890 0.733131
vt 0.687821 0.305841
vt 0.691890 0.733131
vt 0.687821 0.296704
vt 0.366758 0.733131
vt 0.672434 0.226351
vt 0.672434 0.808559
vt 0.672434 0.449237
vt 0.672434 0.406224
vt 0.672435 0.418579
vt 0.675803 0.733131
vt 0.376310 0.733131
vt 0.672434 0.305841
vt 0.366758 0.733131
vt 0.672434 0.296704
vt 0.675803 0.733131
vt 0.530717 0.226351
vt 0.530717 0.808559
vt 0.530717 0.449237
vt 0.530717 0.406224
vt 0.530718 0.418579
vt 0.376310 0.733131
vt 0.527630 0.733131
vt 0.530717 0.305841
vt 0.527630 0.733131
vt 0.530717 0.296704
vt 0.366758 0.733131
vt 0.255927 0.808559
vt 0.105806 0.348802
vt 0.255927 0.449237
vt 0.337105 0.808559
vt 0.105806 0.265419
vt 0.337105 0.449237
vt 0.087150 0.483881
vt 0.087150 0.242146
vt 0.127387 0.449237
vt 0.459769 0.808559
vt 0.459769 0.449237
vt 0.459769 0.406224
vt 0.453450 0.733131
vt 0.459769 0.418579
vt 0.369251 0.418579
vt 0.087150 0.273637
vt 0.087150 0.348802
vt 0.255745 0.449237
vt 0.523065 0.226351
vt 0.523065 0.808559
vt 0.523065 0.449237
vt 0.523065 0.406224
vt 0.523066 0.418579
vt 0.523065 0.305841
vt 0.523065 0.296704
vt 0.668038 0.226351
vt 0.668038 0.808559
vt 0.668038 0.449237
vt 0.668038 0.406224
vt 0.668038 0.418579
vt 0.671206 0.733131
vt 0.668038 0.305841
vt 0.671206 0.733131
vt 0.668038 0.296704
vt 0.739292 0.226351
vt 0.739292 0.808559
vt 0.739292 0.449237
vt 0.739293 0.418579
vt 0.745706 0.733131
vt 0.745706 0.733131
vt 0.739292 0.296704
vt 0.745706 0.733131
vt 0.882593 0.226351
vt 0.882593 0.808559
vt 0.882593 0.449237
vt 0.882593 0.406224
vt 0.882593 0.418579
vt 0.882593 0.305841
vt 0.882593 0.296704
vt 0.124419 0.577189
vt 0.102824 0.733131
vt 0.927928 0.577189
vt 0.361912 0.733131
vt 0.372219 0.577189
vt 0.070946 0.577189
vt 0.490927 0.577189
vt 0.399420 0.733131
vt 0.408092 0.577189
vt 0.663642 0.577189
vt 0.666610 0.733131
vt 0.539560 0.577189
vt 0.536875 0.733131
vt 0.694415 0.577189
vt 0.868645 0.577189
vt 0.880950 0.733131
vt 0.876878 0.577189
vt 0.889559 0.733131
vt 0.687821 0.577189
vt 0.660019 0.733131
vt 0.672434 0.577189
vt 0.675803 0.733131
vt 0.530717 0.577189
vt 0.527630 0.733131
vt 0.255927 0.577189
vt 0.240323 0.733131
vt 0.337105 0.577189
vt 0.325199 0.733131
vt 0.459769 0.577189
vt 0.453450 0.733131
vt 0.523065 0.577189
vt 0.519630 0.733131
vt 0.668038 0.577189
vt 0.671206 0.733131
vt 0.739292 0.577189
vt 0.745706 0.733131
vt 0.660019 0.733131
vt 0.882593 0.577189
vt 0.895534 0.733131
vt 0.732827 0.226351
vt 0.732827 0.808559
vt 0.732827 0.449237
vt 0.732827 0.418579
vt 0.738946 0.733131
vt 0.738946 0.733131
vt 0.738946 0.733131
vt 0.732827 0.296704
vt 0.738946 0.733131
vt 0.732827 0.577189
vt 0.660019 0.733131
vt 0.102824 0.733131
vt 0.669110 0.733131
vt 0.124419 0.585884
vt 0.927928 0.585884
vt 0.361912 0.733131
vt 0.070946 0.585884
vt 0.490927 0.585884
vt 0.399420 0.733131
vt 0.666610 0.733131
vt 0.536875 0.733131
vt 0.694415 0.585884
vt 0.880950 0.733131
vt 0.876878 0.585884
vt 0.669110 0.733131
vt 0.889559 0.733131
vt 0.687821 0.585884
vt 0.675803 0.733131
vt 0.672434 0.585884
vt 0.669110 0.733131
vt 0.527630 0.733131
vt 0.255927 0.585884
vt 0.669110 0.733131
vt 0.240323 0.733131
vt 0.669110 0.733131
vt 0.337105 0.585884
vt 0.325199 0.733131
vt 0.669110 0.733131
vt 0.459769 0.585884
vt 0.453450 0.733131
vt 0.519630 0.733131
vt 0.523065 0.585884
vt 0.669110 0.733131
vt 0.668038 0.585884
vt 0.669110 0.733131
vt 0.671206 0.733131
vt 0.745706 0.733131
vt 0.739292 0.585884
vt 0.669110 0.733131
vt 0.895534 0.733131
vt 0.882593 0.585884
vt 0.669110 0.733131
vt 0.669110 0.733131
vt 0.732827 0.585884
vt 0.738946 0.733131
vt 0.518324 0.226351
vt 0.518324 0.808559
vt 0.518324 0.449237
vt 0.518324 0.406224
vt 0.518324 0.418579
vt 0.518324 0.305841
vt 0.518324 0.296704
vt 0.514672 0.733131
vt 0.518324 0.577189
vt 0.660019 0.733131
vt 0.669110 0.733131
vt 0.518324 0.585884
vt 0.514672 0.733131
vt 0.087150 0.273637
vt 0.127387 0.418579
vt 0.464522 0.808559
vt 0.464522 0.449237
vt 0.458419 0.733131
vt 0.464522 0.406224
vt 0.464522 0.418579
vt 0.127387 0.226351
vt 0.087150 0.471086
vt 0.255745 0.226351
vt 0.660019 0.733131
vt 0.458419 0.733131
vt 0.464522 0.577189
vt 0.458419 0.733131
vt 0.669110 0.733131
vt 0.464522 0.585884
vt 0.330558 0.808559
vt 0.330558 0.449237
vt 0.105806 0.272143
vt 0.318354 0.733131
vt 0.660019 0.733131
vt 0.330558 0.577189
vt 0.669110 0.733131
vt 0.318354 0.733131
vt 0.330558 0.585884
vt 0.261445 0.808559
vt 0.105806 0.343133
vt 0.261445 0.449237
vt 0.660019 0.733131
vt 0.261445 0.577189
vt 0.246093 0.733131
vt 0.246093 0.733131
vt 0.261445 0.585884
vt 0.669110 0.733131
vt 0.120487 0.449237
vt 0.120487 0.808559
vt 0.120487 0.226351
vt 0.120487 0.406224
vt 0.120487 0.418579
vt 0.120487 0.305841
vt 0.120487 0.296704
vt 0.098713 0.733131
vt 0.660019 0.733131
vt 0.120487 0.577189
vt 0.669110 0.733131
vt 0.098713 0.733131
vt 0.120487 0.585884
vt 0.795456 0.733131
vt 0.102824 0.733131
vt 0.124419 0.706726
vt 0.927928 0.706726
vt 0.372219 0.706726
vt 0.361912 0.733131
vt 0.070946 0.706726
vt 0.490927 0.706726
vt 0.408092 0.706726
vt 0.399420 0.733131
vt 0.663642 0.706726
vt 0.666610 0.733131
vt 0.539560 0.706726
vt 0.536875 0.733131
vt 0.694415 0.706726
vt 0.868645 0.706726
vt 0.880950 0.733131
vt 0.889559 0.733131
vt 0.876878 0.706726
vt 0.795456 0.733131
vt 0.687821 0.706726
vt 0.672434 0.706726
vt 0.530717 0.706726
vt 0.527630 0.733131
vt 0.240323 0.733131
vt 0.255927 0.706726
vt 0.795456 0.733131
vt 0.795456 0.733131
vt 0.337105 0.706726
vt 0.325199 0.733131
vt 0.453450 0.733131
vt 0.795456 0.733131
vt 0.459769 0.706726
vt 0.795456 0.733131
vt 0.523065 0.706726
vt 0.519630 0.733131
vt 0.671206 0.733131
vt 0.668038 0.706726
vt 0.795456 0.733131
vt 0.795456 0.733131
vt 0.739292 0.706726
vt 0.745706 0.733131
vt 0.882593 0.706726
vt 0.732827 0.706726
vt 0.518324 0.706726
vt 0.464522 0.706726
vt 0.330558 0.706726
vt 0.261445 0.706726
vt 0.120487 0.706726
vt 0.459769 0.226351
vt 0.414733 0.226351
vt 0.293200 0.726008
vt 0.485390 0.305841
vt 0.376310 0.726008
vt 0.481267 0.726008
vt 0.485390 0.398656
vt 0.486027 0.726008
vt 0.376310 0.726008
vt 0.414733 0.305841
vt 0.399420 0.726008
vt 0.481267 0.726008
vt 0.414733 0.398656
vt 0.459769 0.398656
vt 0.453450 0.726008
vt 0.485390 0.296704
vt 0.366758 0.726008
vt 0.366758 0.726008
vt 0.414733 0.296704
vt 0.459769 0.305841
vt 0.485390 0.226351
vt 0.293200 0.726008
vt 0.459769 0.296704
vt 0.464522 0.226351
vt 0.458419 0.726008
vt 0.464522 0.398656
vt 0.464522 0.305841
vt 0.464522 0.296704
vt 0.087150 0.242146
vt 0.087150 0.229351
vt 0.369251 0.449237
vt 0.087150 0.389438
vt 0.127387 0.305841
vt 0.127387 0.406224
vt 0.087150 0.286328
vt 0.087150 0.389438
vt 0.369251 0.305841
vt 0.369251 0.406224
vt 0.087150 0.286328
vt 0.255745 0.406224
vt 0.255745 0.418579
vt 0.087150 0.398822
vt 0.127387 0.296704
vt 0.087150 0.398822
vt 0.369251 0.296704
vt 0.255745 0.305841
vt 0.087150 0.471086
vt 0.369251 0.226351
vt 0.255745 0.296704
vt 0.261131 0.226351
vt 0.087150 0.343133
vt 0.261131 0.449237
vt 0.261131 0.406224
vt 0.261131 0.418579
vt 0.261131 0.305841
vt 0.261131 0.296704
vt 0.334978 0.226351
vt 0.087150 0.265419
vt 0.334978 0.449237
vt 0.334978 0.406224
vt 0.334978 0.418579
vt 0.334978 0.305841
vt 0.334978 0.296704
vt 0.328588 0.226351
vt 0.087150 0.272143
vt 0.328588 0.449237
vt 0.328588 0.406224
vt 0.328588 0.418579
vt 0.328588 0.305841
vt 0.328588 0.296704
vt 0.660914 0.404289
vt 0.481267 0.728624
vt 0.494184 0.728624
vt 0.660914 0.416100
vt 0.666610 0.728624
vt 0.666610 0.728624
vt 0.376310 0.728624
vt 0.660914 0.308319
vt 0.542288 0.404289
vt 0.481267 0.728624
vt 0.542288 0.416101
vt 0.494184 0.728624
vt 0.536875 0.728624
vt 0.542288 0.308319
vt 0.376310 0.728624
vt 0.536875 0.728624
vt 0.734189 0.404642
vt 0.696851 0.404642
vt 0.481267 0.728624
vt 0.734189 0.416553
vt 0.738946 0.728624
vt 0.494184 0.728624
vt 0.696851 0.416553
vt 0.698784 0.728624
vt 0.738946 0.728624
vt 0.734189 0.307867
vt 0.696851 0.307867
vt 0.376310 0.728624
vt 0.698784 0.728624
vt 0.481267 0.728624
vt 0.866208 0.404642
vt 0.494184 0.728624
vt 0.880950 0.728624
vt 0.866209 0.416553
vt 0.880950 0.728624
vt 0.866208 0.307867
vt 0.376310 0.728624
vt 0.740474 0.404642
vt 0.745706 0.728624
vt 0.740474 0.416553
vt 0.745706 0.728624
vt 0.740474 0.307867
vt 0.665818 0.587735
vt 0.669110 0.728624
vt 0.671206 0.728624
vt 0.661556 0.587735
vt 0.666610 0.728624
vt 0.669110 0.728624
vt 0.453450 0.728624
vt 0.458202 0.587428
vt 0.407846 0.587428
vt 0.399420 0.728624
vt 0.240323 0.728624
vt 0.669110 0.728624
vt 0.254683 0.587051
vt 0.128348 0.587051
vt 0.102824 0.728624
vt 0.669110 0.728624
vt 0.532704 0.587735
vt 0.527630 0.728624
vt 0.525286 0.587735
vt 0.519630 0.728624
vt 0.669110 0.728624
vt 0.874632 0.587857
vt 0.889559 0.728624
vt 0.669110 0.728624
vt 0.866668 0.587857
vt 0.880950 0.728624
vt 0.741538 0.587857
vt 0.669110 0.728624
vt 0.745706 0.728624
vt 0.541275 0.587735
vt 0.536875 0.728624
vt 0.372889 0.587428
vt 0.361912 0.728624
vt 0.338672 0.587428
vt 0.669110 0.728624
vt 0.325199 0.728624
vt 0.795456 0.728624
vt 0.102824 0.728624
vt 0.128348 0.705559
vt 0.372889 0.705182
vt 0.361912 0.728624
vt 0.399420 0.728624
vt 0.407846 0.705182
vt 0.661556 0.704875
vt 0.666610 0.728624
vt 0.541275 0.704875
vt 0.536875 0.728624
vt 0.866668 0.704753
vt 0.880950 0.728624
vt 0.874632 0.704753
vt 0.889559 0.728624
vt 0.795456 0.728624
vt 0.532704 0.704875
vt 0.527630 0.728624
vt 0.795456 0.728624
vt 0.240323 0.728624
vt 0.254683 0.705559
vt 0.795456 0.728624
vt 0.338672 0.705182
vt 0.325199 0.728624
vt 0.795456 0.728624
vt 0.458202 0.705182
vt 0.453450 0.728624
vt 0.519630 0.728624
vt 0.525286 0.704875
vt 0.795456 0.728624
vt 0.665818 0.704875
vt 0.795456 0.728624
vt 0.671206 0.728624
vt 0.741538 0.704753
vt 0.745706 0.728624
vt 0.795456 0.728624
vt 0.668038 0.305841
vt 0.671206 0.740411
vt 0.663642 0.305841
vt 0.666610 0.740411
vt 0.668038 0.296704
vt 0.671206 0.740411
vt 0.663642 0.296704
vt 0.666610 0.740411
vt 0.539560 0.305841
vt 0.536875 0.740411
vt 0.539560 0.296704
vt 0.536875 0.740411
vt 0.732827 0.305841
vt 0.738946 0.740411
vt 0.694415 0.305841
vt 0.698784 0.740411
vt 0.732827 0.296704
vt 0.738946 0.740411
vt 0.694415 0.296704
vt 0.698784 0.740411
vt 0.876878 0.305841
vt 0.376310 0.740411
vt 0.889559 0.740411
vt 0.868645 0.305841
vt 0.880950 0.740411
vt 0.876878 0.296704
vt 0.366758 0.740411
vt 0.889559 0.740411
vt 0.868645 0.296704
vt 0.880950 0.740411
vt 0.687821 0.305841
vt 0.691890 0.740411
vt 0.376310 0.740411
vt 0.687821 0.296704
vt 0.691890 0.740411
vt 0.366758 0.740411
vt 0.672434 0.296704
vt 0.366758 0.740411
vt 0.675803 0.740411
vt 0.672434 0.305841
vt 0.376310 0.740411
vt 0.675803 0.740411
vt 0.530717 0.305841
vt 0.527630 0.740411
vt 0.376310 0.740411
vt 0.530717 0.296704
vt 0.527630 0.740411
vt 0.366758 0.740411
vt 0.739292 0.305841
vt 0.745706 0.740411
vt 0.739292 0.296704
vt 0.745706 0.740411
vt 0.882593 0.578530
vt 0.895534 0.740411
vt 0.660019 0.740411
vt 0.876878 0.578530
vt 0.889559 0.740411
vt 0.668038 0.578530
vt 0.671206 0.740411
vt 0.663642 0.578530
vt 0.666610 0.740411
vt 0.459769 0.578530
vt 0.453450 0.740411
vt 0.408092 0.578531
vt 0.399420 0.740411
vt 0.261445 0.578530
vt 0.246093 0.740411
vt 0.660019 0.740411
vt 0.255927 0.578530
vt 0.240323 0.740411
vt 0.124419 0.578530
vt 0.102824 0.740411
vt 0.530717 0.578530
vt 0.527630 0.740411
vt 0.523065 0.578530
vt 0.519630 0.740411
vt 0.672434 0.578530
vt 0.660019 0.740411
vt 0.675803 0.740411
vt 0.880950 0.740411
vt 0.868645 0.578530
vt 0.739292 0.578530
vt 0.745706 0.740411
vt 0.536875 0.740411
vt 0.539560 0.578530
vt 0.361912 0.740411
vt 0.372219 0.578530
vt 0.458419 0.740411
vt 0.464522 0.578530
vt 0.660019 0.740411
vt 0.325199 0.740411
vt 0.337105 0.578530
vt 0.732827 0.578530
vt 0.738946 0.740411
vt 0.660019 0.740411
vt 0.102824 0.740411
vt 0.124419 0.584543
vt 0.372219 0.584543
vt 0.361912 0.740411
vt 0.399420 0.740411
vt 0.408092 0.584543
vt 0.663642 0.584543
vt 0.666610 0.740411
vt 0.539560 0.584543
vt 0.536875 0.740411
vt 0.880950 0.740411
vt 0.868645 0.584543
vt 0.876878 0.584543
vt 0.889559 0.740411
vt 0.675803 0.740411
vt 0.672434 0.584543
vt 0.669110 0.740411
vt 0.527630 0.740411
vt 0.530717 0.584543
vt 0.240323 0.740411
vt 0.255927 0.584543
vt 0.337105 0.584543
vt 0.325199 0.740411
vt 0.459769 0.584543
vt 0.453450 0.740411
vt 0.523065 0.584543
vt 0.519630 0.740411
vt 0.668038 0.584543
vt 0.671206 0.740411
vt 0.739292 0.584543
vt 0.745706 0.740411
vt 0.882593 0.584543
vt 0.669110 0.740411
vt 0.895534 0.740411
vt 0.732827 0.584543
vt 0.669110 0.740411
vt 0.738946 0.740411
vt 0.246093 0.740411
vt 0.261445 0.584543
vt 0.669110 0.740411
vt 0.464522 0.584543
vt 0.458419 0.740411
vt 0.669110 0.740411
vt 0.518324 0.578530
vt 0.514672 0.740411
vt 0.660019 0.740411
vt 0.518324 0.584543
vt 0.514672 0.740411
vt 0.669110 0.740411
vt 0.330558 0.578530
vt 0.660019 0.740411
vt 0.318354 0.740411
vt 0.669110 0.740411
vt 0.318354 0.740411
vt 0.330558 0.584543
vt 0.120487 0.578530
vt 0.660019 0.740411
vt 0.098713 0.740411
vt 0.669110 0.740411
vt 0.098713 0.740411
vt 0.120487 0.584543
vt 0.125903 0.339571
vt 0.087150 0.354791
vt 0.105806 0.354791
vt 0.124419 0.339571
vt 0.105806 0.354791
vt 0.372219 0.339571
vt 0.070946 0.339571
vt 0.927928 0.339571
vt 0.490927 0.339571
vt 0.411577 0.733131
vt 0.411577 0.733131
vt 0.408092 0.339571
vt 0.411577 0.733131
vt 0.663642 0.339571
vt 0.411577 0.733131
vt 0.539560 0.339571
vt 0.411577 0.733131
vt 0.694415 0.339571
vt 0.868645 0.339571
vt 0.411577 0.733131
vt 0.876878 0.339571
vt 0.687821 0.339571
vt 0.672434 0.339571
vt 0.530717 0.339571
vt 0.523065 0.339571
vt 0.668038 0.339571
vt 0.882593 0.339571
vt 0.518324 0.339571
vt 0.120487 0.339571
vt 0.485390 0.337028
vt 0.411577 0.726008
vt 0.411577 0.726008
vt 0.414733 0.337028
vt 0.459769 0.337028
vt 0.464522 0.337028
vt 0.087150 0.354791
vt 0.370735 0.339571
vt 0.255745 0.339571
vt 0.334978 0.339571
vt 0.328588 0.339571
vt 0.261131 0.339571
vt 0.411577 0.728624
vt 0.662733 0.339903
vt 0.540469 0.339903
vt 0.411577 0.728624
vt 0.411577 0.728624
vt 0.695227 0.339842
vt 0.867833 0.339842
vt 0.411577 0.728624
vt 0.740474 0.340385
vt 0.734189 0.340385
vt 0.087150 0.296520
vt 0.125903 0.396301
vt 0.105806 0.296520
vt 0.124419 0.396301
vt 0.105806 0.296520
vt 0.372219 0.396301
vt 0.070946 0.396301
vt 0.927928 0.396301
vt 0.490927 0.396301
vt 0.470892 0.733131
vt 0.470892 0.733131
vt 0.408092 0.396301
vt 0.470892 0.733131
vt 0.663698 0.396281
vt 0.470892 0.733131
vt 0.539504 0.396281
vt 0.470892 0.733131
vt 0.694365 0.396284
vt 0.868695 0.396284
vt 0.470892 0.733131
vt 0.876878 0.396301
vt 0.687821 0.396301
vt 0.672434 0.396301
vt 0.530717 0.396301
vt 0.523065 0.396301
vt 0.668038 0.396301
vt 0.882593 0.396301
vt 0.518324 0.396301
vt 0.120487 0.396301
vt 0.485390 0.389481
vt 0.470892 0.726008
vt 0.470892 0.726008
vt 0.414733 0.389481
vt 0.459769 0.389481
vt 0.464522 0.389481
vt 0.087150 0.296520
vt 0.370735 0.396301
vt 0.255745 0.396301
vt 0.334978 0.396301
vt 0.328588 0.396301
vt 0.261131 0.396301
vt 0.470892 0.728624
vt 0.662658 0.395829
vt 0.470892 0.728624
vt 0.540544 0.395829
vt 0.470892 0.728624
vt 0.695294 0.395915
vt 0.867766 0.395915
vt 0.470892 0.728624
vt 0.740474 0.395076
vt 0.734189 0.395076
vt 0.418580 0.808559
vt 0.418580 0.449237
vt 0.410385 0.733131
vt 0.418580 0.406224
vt 0.418580 0.418579
vt 0.410385 0.733131
vt 0.418580 0.577189
vt 0.410385 0.733131
vt 0.410385 0.733131
vt 0.418580 0.706726
vt 0.423873 0.226351
vt 0.423873 0.398656
vt 0.410385 0.726008
vt 0.423873 0.305841
vt 0.423873 0.296704
vt 0.418408 0.585504
vt 0.410385 0.728624
vt 0.410385 0.728624
vt 0.418408 0.706211
vt 0.410385 0.740411
vt 0.418580 0.577860
vt 0.418580 0.584543
vt 0.410385 0.740411
vt 0.423873 0.337028
vt 0.423873 0.389481
vt 0.481973 0.808559
vt 0.481973 0.449237
vt 0.476666 0.733131
vt 0.481973 0.406224
vt 0.481973 0.418579
vt 0.481973 0.577189
vt 0.481973 0.585884
vt 0.481973 0.706726
vt 0.478314 0.226351
vt 0.478314 0.398656
vt 0.476666 0.726008
vt 0.478314 0.305841
vt 0.478314 0.296704
vt 0.478314 0.337028
vt 0.478314 0.389481
vt 0.464522 0.339552
vt 0.459769 0.339552
vt 0.476561 0.339552
vt 0.459769 0.389481
vt 0.459769 0.388968
vt 0.464522 0.386957
vt 0.476561 0.386957
vt 0.425806 0.339552
vt 0.425806 0.386957
vt 0.464522 0.337028
vt 0.464522 0.337540
vt 0.459769 0.337028
vt 0.459769 0.337540
vt 0.478314 0.337028
vt 0.478314 0.337540
vt 0.464522 0.389481
vt 0.464522 0.388968
vt 0.459769 0.386957
vt 0.478314 0.389481
vt 0.478314 0.388968
vt 0.423873 0.337028
vt 0.423873 0.337540
vt 0.423873 0.389481
vt 0.423873 0.388968
vt 0.459769 0.339552
vt 0.459769 0.386957
vt 0.464522 0.339552
vt 0.464522 0.386957
vt 0.476561 0.339552
vt 0.476561 0.386957
vt 0.425806 0.339552
vt 0.425806 0.386957
vt 0.124419 0.226351
vt 0.105806 0.471086
vt 0.124419 0.808559
vt 0.105806 0.242146
vt 0.105806 0.483881
vt 0.124419 0.449237
vt 0.372219 0.226351
vt 0.105806 0.471086
vt 0.927928 0.808559
vt 0.372219 0.808559
vt 0.105806 0.229351
vt 0.105806 0.242146
vt 0.372219 0.449237
vt 0.927928 0.226351
vt 0.070946 0.449237
vt 0.927928 0.449237
vt 0.070946 0.808559
vt 0.070946 0.226351
vt 0.490927 0.226351
vt 0.293200 0.733131
vt 0.490927 0.808559
vt 0.490927 0.449237
vt 0.408092 0.226351
vt 0.293200 0.733131
vt 0.408092 0.808559
vt 0.408092 0.449237
vt 0.124419 0.406224
vt 0.105806 0.286328
vt 0.372219 0.406224
vt 0.105806 0.286328
vt 0.070946 0.406224
vt 0.927928 0.406224
vt 0.486027 0.733131
vt 0.481267 0.733131
vt 0.490927 0.406224
vt 0.481267 0.733131
vt 0.408092 0.406224
vt 0.399420 0.733131
vt 0.124419 0.418579
vt 0.105806 0.273637
vt 0.372219 0.418579
vt 0.105806 0.273637
vt 0.070946 0.418579
vt 0.927928 0.418579
vt 0.490927 0.418579
vt 0.408092 0.418579
vt 0.105806 0.389438
vt 0.124419 0.305841
vt 0.372219 0.305841
vt 0.105806 0.389438
vt 0.070946 0.305841
vt 0.927928 0.305841
vt 0.490927 0.305841
vt 0.376310 0.733131
vt 0.376310 0.733131
vt 0.408092 0.305841
vt 0.124419 0.296704
vt 0.105806 0.398822
vt 0.372219 0.296704
vt 0.105806 0.398822
vt 0.070946 0.296704
vt 0.927928 0.296704
vt 0.490927 0.296704
vt 0.366758 0.733131
vt 0.408092 0.296704
vt 0.366758 0.733131
vt 0.663642 0.226351
vt 0.663642 0.808559
vt 0.663642 0.449237
vt 0.663642 0.406224
vt 0.481267 0.733131
vt 0.666610 0.733131
vt 0.494184 0.733131
vt 0.663642 0.418579
vt 0.376310 0.733131
vt 0.666610 0.733131
vt 0.663642 0.305841
vt 0.663642 0.296704
vt 0.666610 0.733131
vt 0.539560 0.226351
vt 0.539560 0.808559
vt 0.539560 0.449237
vt 0.539560 0.406224
vt 0.481267 0.733131
vt 0.494184 0.733131
vt 0.539560 0.418579
vt 0.536875 0.733131
vt 0.376310 0.733131
vt 0.536875 0.733131
vt 0.539560 0.305841
vt 0.539560 0.296704
vt 0.536875 0.733131
vt 0.694415 0.226351
vt 0.694415 0.808559
vt 0.694415 0.449237
vt 0.694415 0.406224
vt 0.481267 0.733131
vt 0.494184 0.733131
vt 0.694415 0.418579
vt 0.698784 0.733131
vt 0.698784 0.733131
vt 0.376310 0.733131
vt 0.694415 0.305841
vt 0.694415 0.296704
vt 0.698784 0.733131
vt 0.868645 0.226351
vt 0.868645 0.808559
vt 0.868645 0.449237
vt 0.481267 0.733131
vt 0.868645 0.406224
vt 0.880950 0.733131
vt 0.868645 0.418579
vt 0.494184 0.733131
vt 0.868645 0.305841
vt 0.376310 0.733131
vt 0.880950 0.733131
vt 0.868645 0.296704
vt 0.880950 0.733131
vt 0.876878 0.226351
vt 0.876878 0.808559
vt 0.876878 0.449237
vt 0.876878 0.406224
vt 0.876878 0.418579
vt 0.889559 0.733131
vt 0.376310 0.733131
vt 0.876878 0.305841
vt 0.366758 0.733131
vt 0.876878 0.296704
vt 0.889559 0.733131
vt 0.687821 0.226351
vt 0.687821 0.808559
vt 0.687821 0.449237
vt 0.687821 0.406224
vt 0.687821 0.418579
vt 0.376310 0.733131
vt 0.691890 0.733131
vt 0.687821 0.305841
vt 0.691890 0.733131
vt 0.687821 0.296704
vt 0.366758 0.733131
vt 0.672434 0.226351
vt 0.672434 0.808559
vt 0.672434 0.449237
vt 0.672434 0.406224
vt 0.672435 0.418579
vt 0.675803 0.733131
vt 0.376310 0.733131
vt 0.672434 0.305841
vt 0.366758 0.733131
vt 0.672434 0.296704
vt 0.675803 0.733131
vt 0.530717 0.226351
vt 0.530717 0.808559
vt 0.530717 0.449237
vt 0.530717 0.406224
vt 0.530718 0.418579
vt 0.376310 0.733131
vt 0.527630 0.733131
vt 0.530717 0.305841
vt 0.527630 0.733131
vt 0.530717 0.296704
vt 0.366758 0.733131
vt 0.255927 0.808559
vt 0.105806 0.348802
vt 0.255927 0.449237
vt 0.337105 0.808559
vt 0.105806 0.265419
vt 0.337105 0.449237
vt 0.087150 0.483881
vt 0.087150 0.242146
vt 0.127387 0.449237
vt 0.459769 0.808559
vt 0.459769 0.449237
vt 0.459769 0.406224
vt 0.453450 0.733131
vt 0.459769 0.418579
vt 0.369251 0.418579
vt 0.087150 0.273637
vt 0.087150 0.348802
vt 0.255745 0.449237
vt 0.523065 0.226351
vt 0.523065 0.808559
vt 0.523065 0.449237
vt 0.523065 0.406224
vt 0.523066 0.418579
vt 0.523065 0.305841
vt 0.523065 0.296704
vt 0.668038 0.226351
vt 0.668038 0.808559
vt 0.668038 0.449237
vt 0.668038 0.406224
vt 0.668038 0.418579
vt 0.671206 0.733131
vt 0.668038 0.305841
vt 0.671206 0.733131
vt 0.668038 0.296704
vt 0.739292 0.226351
vt 0.739292 0.808559
vt 0.739292 0.449237
vt 0.739293 0.418579
vt 0.745706 0.733131
vt 0.745706 0.733131
vt 0.739292 0.296704
vt 0.745706 0.733131
vt 0.882593 0.226351
vt 0.882593 0.808559
vt 0.882593 0.449237
vt 0.882593 0.406224
vt 0.882593 0.418579
vt 0.882593 0.305841
vt 0.882593 0.296704
vt 0.124419 0.577189
vt 0.102824 0.733131
vt 0.927928 0.577189
vt 0.361912 0.733131
vt 0.372219 0.577189
vt 0.070946 0.577189
vt 0.490927 0.577189
vt 0.399420 0.733131
vt 0.408092 0.577189
vt 0.663642 0.577189
vt 0.666610 0.733131
vt 0.539560 0.577189
vt 0.536875 0.733131
vt 0.694415 0.577189
vt 0.868645 0.577189
vt 0.880950 0.733131
vt 0.876878 0.577189
vt 0.889559 0.733131
vt 0.687821 0.577189
vt 0.660019 0.733131
vt 0.672434 0.577189
vt 0.675803 0.733131
vt 0.530717 0.577189
vt 0.527630 0.733131
vt 0.255927 0.577189
vt 0.240323 0.733131
vt 0.337105 0.577189
vt 0.325199 0.733131
vt 0.459769 0.577189
vt 0.453450 0.733131
vt 0.523065 0.577189
vt 0.519630 0.733131
vt 0.668038 0.577189
vt 0.671206 0.733131
vt 0.739292 0.577189
vt 0.745706 0.733131
vt 0.660019 0.733131
vt 0.882593 0.577189
vt 0.895534 0.733131
vt 0.732827 0.226351
vt 0.732827 0.808559
vt 0.732827 0.449237
vt 0.732827 0.418579
vt 0.738946 0.733131
vt 0.738946 0.733131
vt 0.738946 0.733131
vt 0.732827 0.296704
vt 0.738946 0.733131
vt 0.732827 0.577189
vt 0.660019 0.733131
vt 0.102824 0.733131
vt 0.669110 0.733131
vt 0.124419 0.585884
vt 0.927928 0.585884
vt 0.361912 0.733131
vt 0.070946 0.585884
vt 0.490927 0.585884
vt 0.399420 0.733131
vt 0.666610 0.733131
vt 0.536875 0.733131
vt 0.694415 0.585884
vt 0.880950 0.733131
vt 0.876878 0.585884
vt 0.669110 0.733131
vt 0.889559 0.733131
vt 0.687821 0.585884
vt 0.675803 0.733131
vt 0.672434 0.585884
vt 0.669110 0.733131
vt 0.527630 0.733131
vt 0.255927 0.585884
vt 0.240323 0.733131
vt 0.669110 0.733131
vt 0.669110 0.733131
vt 0.337105 0.585884
vt 0.325199 0.733131
vt 0.669110 0.733131
vt 0.459769 0.585884
vt 0.453450 0.733131
vt 0.519630 0.733131
vt 0.523065 0.585884
vt 0.669110 0.733131
vt 0.668038 0.585884
vt 0.669110 0.733131
vt 0.671206 0.733131
vt 0.745706 0.733131
vt 0.739292 0.585884
vt 0.669110 0.733131
vt 0.895534 0.733131
vt 0.882593 0.585884
vt 0.669110 0.733131
vt 0.669110 0.733131
vt 0.732827 0.585884
vt 0.738946 0.733131
vt 0.518324 0.226351
vt 0.518324 0.808559
vt 0.518324 0.449237
vt 0.518324 0.406224
vt 0.518324 0.418579
vt 0.518324 0.305841
vt 0.518324 0.296704
vt 0.514672 0.733131
vt 0.518324 0.577189
vt 0.660019 0.733131
vt 0.669110 0.733131
vt 0.518324 0.585884
vt 0.514672 0.733131
vt 0.087150 0.273637
vt 0.127387 0.418579
vt 0.464522 0.808559
vt 0.464522 0.449237
vt 0.458419 0.733131
vt 0.464522 0.406224
vt 0.464522 0.418579
vt 0.127387 0.226351
vt 0.087150 0.471086
vt 0.255745 0.226351
vt 0.660019 0.733131
vt 0.458419 0.733131
vt 0.464522 0.577189
vt 0.458419 0.733131
vt 0.464522 0.585884
vt 0.669110 0.733131
vt 0.330558 0.808559
vt 0.330558 0.449237
vt 0.105806 0.272143
vt 0.318354 0.733131
vt 0.660019 0.733131
vt 0.330558 0.577189
vt 0.669110 0.733131
vt 0.318354 0.733131
vt 0.330558 0.585884
vt 0.261445 0.808559
vt 0.105806 0.343133
vt 0.261445 0.449237
vt 0.660019 0.733131
vt 0.261445 0.577189
vt 0.246093 0.733131
vt 0.246093 0.733131
vt 0.261445 0.585884
vt 0.669110 0.733131
vt 0.120487 0.449237
vt 0.120487 0.808559
vt 0.120487 0.226351
vt 0.120487 0.406224
vt 0.120487 0.418579
vt 0.120487 0.305841
vt 0.120487 0.296704
vt 0.098713 0.733131
vt 0.660019 0.733131
vt 0.120487 0.577189
vt 0.669110 0.733131
vt 0.098713 0.733131
vt 0.120487 0.585884
vt 0.795456 0.733131
vt 0.102824 0.733131
vt 0.124419 0.706726
vt 0.927928 0.706726
vt 0.372219 0.706726
vt 0.361912 0.733131
vt 0.070946 0.706726
vt 0.490927 0.706726
vt 0.408092 0.706726
vt 0.399420 0.733131
vt 0.663642 0.706726
vt 0.666610 0.733131
vt 0.539560 0.706726
vt 0.536875 0.733131
vt 0.694415 0.706726
vt 0.868645 0.706726
vt 0.880950 0.733131
vt 0.889559 0.733131
vt 0.876878 0.706726
vt 0.795456 0.733131
vt 0.687821 0.706726
vt 0.672434 0.706726
vt 0.530717 0.706726
vt 0.527630 0.733131
vt 0.240323 0.733131
vt 0.255927 0.706726
vt 0.795456 0.733131
vt 0.795456 0.733131
vt 0.337105 0.706726
vt 0.325199 0.733131
vt 0.453450 0.733131
vt 0.795456 0.733131
vt 0.459769 0.706726
vt 0.795456 0.733131
vt 0.523065 0.706726
vt 0.519630 0.733131
vt 0.671206 0.733131
vt 0.668038 0.706726
vt 0.795456 0.733131
vt 0.795456 0.733131
vt 0.739292 0.706726
vt 0.745706 0.733131
vt 0.882593 0.706726
vt 0.732827 0.706726
vt 0.518324 0.706726
vt 0.464522 0.706726
vt 0.330558 0.706726
vt 0.261445 0.706726
vt 0.120487 0.706726
vt 0.459769 0.226351
vt 0.414733 0.226351
vt 0.293200 0.726008
vt 0.485390 0.305841
vt 0.376310 0.726008
vt 0.481267 0.726008
vt 0.485390 0.398656
vt 0.486027 0.726008
vt 0.376310 0.726008
vt 0.414733 0.305841
vt 0.399420 0.726008
vt 0.481267 0.726008
vt 0.414733 0.398656
vt 0.459769 0.398656
vt 0.453450 0.726008
vt 0.485390 0.296704
vt 0.366758 0.726008
vt 0.366758 0.726008
vt 0.414733 0.296704
vt 0.459769 0.305841
vt 0.485390 0.226351
vt 0.293200 0.726008
vt 0.459769 0.296704
vt 0.464522 0.226351
vt 0.458419 0.726008
vt 0.464522 0.398656
vt 0.464522 0.305841
vt 0.464522 0.296704
vt 0.087150 0.242146
vt 0.087150 0.229351
vt 0.369251 0.449237
vt 0.087150 0.389438
vt 0.127387 0.305841
vt 0.127387 0.406224
vt 0.087150 0.286328
vt 0.087150 0.389438
vt 0.369251 0.305841
vt 0.369251 0.406224
vt 0.087150 0.286328
vt 0.255745 0.406224
vt 0.255745 0.418579
vt 0.087150 0.398822
vt 0.127387 0.296704
vt 0.087150 0.398822
vt 0.369251 0.296704
vt 0.255745 0.305841
vt 0.087150 0.471086
vt 0.369251 0.226351
vt 0.255745 0.296704
vt 0.261131 0.226351
vt 0.087150 0.343133
vt 0.261131 0.449237
vt 0.261131 0.406224
vt 0.261131 0.418579
vt 0.261131 0.305841
vt 0.261131 0.296704
vt 0.334978 0.226351
vt 0.087150 0.265419
vt 0.334978 0.449237
vt 0.334978 0.406224
vt 0.334978 0.418579
vt 0.334978 0.305841
vt 0.334978 0.296704
vt 0.328588 0.226351
vt 0.087150 0.272143
vt 0.328588 0.449237
vt 0.328588 0.406224
vt 0.328588 0.418579
vt 0.328588 0.305841
vt 0.328588 0.296704
vt 0.660914 0.404289
vt 0.481267 0.728624
vt 0.494184 0.728624
vt 0.660914 0.416100
vt 0.666610 0.728624
vt 0.666610 0.728624
vt 0.376310 0.728624
vt 0.660914 0.308319
vt 0.542288 0.404289
vt 0.481267 0.728624
vt 0.542288 0.416101
vt 0.494184 0.728624
vt 0.536875 0.728624
vt 0.376310 0.728624
vt 0.536875 0.728624
vt 0.542288 0.308319
vt 0.734189 0.404642
vt 0.696851 0.404642
vt 0.481267 0.728624
vt 0.734189 0.416553
vt 0.738946 0.728624
vt 0.494184 0.728624
vt 0.696851 0.416553
vt 0.698784 0.728624
vt 0.738946 0.728624
vt 0.734189 0.307867
vt 0.376310 0.728624
vt 0.698784 0.728624
vt 0.696851 0.307867
vt 0.481267 0.728624
vt 0.866208 0.404642
vt 0.494184 0.728624
vt 0.880950 0.728624
vt 0.866209 0.416553
vt 0.880950 0.728624
vt 0.866208 0.307867
vt 0.376310 0.728624
vt 0.740474 0.404642
vt 0.745706 0.728624
vt 0.740474 0.416553
vt 0.745706 0.728624
vt 0.740474 0.307867
vt 0.669110 0.728624
vt 0.665818 0.587735
vt 0.671206 0.728624
vt 0.661556 0.587735
vt 0.666610 0.728624
vt 0.669110 0.728624
vt 0.453450 0.728624
vt 0.458202 0.587428
vt 0.407846 0.587428
vt 0.399420 0.728624
vt 0.669110 0.728624
vt 0.240323 0.728624
vt 0.254683 0.587051
vt 0.128348 0.587051
vt 0.102824 0.728624
vt 0.669110 0.728624
vt 0.532704 0.587735
vt 0.527630 0.728624
vt 0.525286 0.587735
vt 0.519630 0.728624
vt 0.669110 0.728624
vt 0.669110 0.728624
vt 0.874632 0.587857
vt 0.889559 0.728624
vt 0.866668 0.587857
vt 0.880950 0.728624
vt 0.741538 0.587857
vt 0.669110 0.728624
vt 0.745706 0.728624
vt 0.541275 0.587735
vt 0.536875 0.728624
vt 0.372889 0.587428
vt 0.361912 0.728624
vt 0.338672 0.587428
vt 0.669110 0.728624
vt 0.325199 0.728624
vt 0.795456 0.728624
vt 0.102824 0.728624
vt 0.128348 0.705559
vt 0.372889 0.705182
vt 0.361912 0.728624
vt 0.399420 0.728624
vt 0.407846 0.705182
vt 0.661556 0.704875
vt 0.666610 0.728624
vt 0.541275 0.704875
vt 0.536875 0.728624
vt 0.866668 0.704753
vt 0.880950 0.728624
vt 0.874632 0.704753
vt 0.889559 0.728624
vt 0.795456 0.728624
vt 0.532704 0.704875
vt 0.527630 0.728624
vt 0.795456 0.728624
vt 0.240323 0.728624
vt 0.254683 0.705559
vt 0.795456 0.728624
vt 0.338672 0.705182
vt 0.325199 0.728624
vt 0.795456 0.728624
vt 0.458202 0.705182
vt 0.453450 0.728624
vt 0.519630 0.728624
vt 0.525286 0.704875
vt 0.795456 0.728624
vt 0.665818 0.704875
vt 0.795456 0.728624
vt 0.671206 0.728624
vt 0.741538 0.704753
vt 0.745706 0.728624
vt 0.795456 0.728624
vt 0.668038 0.305841
vt 0.671206 0.740411
vt 0.663642 0.305841
vt 0.666610 0.740411
vt 0.668038 0.296704
vt 0.671206 0.740411
vt 0.663642 0.296704
vt 0.666610 0.740411
vt 0.539560 0.305841
vt 0.536875 0.740411
vt 0.539560 0.296704
vt 0.536875 0.740411
vt 0.732827 0.305841
vt 0.738946 0.740411
vt 0.694415 0.305841
vt 0.698784 0.740411
vt 0.732827 0.296704
vt 0.738946 0.740411
vt 0.694415 0.296704
vt 0.698784 0.740411
vt 0.876878 0.305841
vt 0.376310 0.740411
vt 0.889559 0.740411
vt 0.868645 0.305841
vt 0.880950 0.740411
vt 0.876878 0.296704
vt 0.366758 0.740411
vt 0.889559 0.740411
vt 0.868645 0.296704
vt 0.880950 0.740411
vt 0.687821 0.305841
vt 0.691890 0.740411
vt 0.376310 0.740411
vt 0.687821 0.296704
vt 0.691890 0.740411
vt 0.366758 0.740411
vt 0.672434 0.296704
vt 0.366758 0.740411
vt 0.675803 0.740411
vt 0.672434 0.305841
vt 0.376310 0.740411
vt 0.675803 0.740411
vt 0.530717 0.305841
vt 0.527630 0.740411
vt 0.376310 0.740411
vt 0.530717 0.296704
vt 0.527630 0.740411
vt 0.366758 0.740411
vt 0.739292 0.305841
vt 0.745706 0.740411
vt 0.739292 0.296704
vt 0.745706 0.740411
vt 0.882593 0.578530
vt 0.895534 0.740411
vt 0.660019 0.740411
vt 0.876878 0.578530
vt 0.889559 0.740411
vt 0.668038 0.578530
vt 0.671206 0.740411
vt 0.663642 0.578530
vt 0.666610 0.740411
vt 0.459769 0.578530
vt 0.453450 0.740411
vt 0.408092 0.578531
vt 0.399420 0.740411
vt 0.261445 0.578530
vt 0.246093 0.740411
vt 0.660019 0.740411
vt 0.255927 0.578530
vt 0.240323 0.740411
vt 0.124419 0.578530
vt 0.102824 0.740411
vt 0.530717 0.578530
vt 0.527630 0.740411
vt 0.523065 0.578530
vt 0.519630 0.740411
vt 0.672434 0.578530
vt 0.660019 0.740411
vt 0.675803 0.740411
vt 0.880950 0.740411
vt 0.868645 0.578530
vt 0.739292 0.578530
vt 0.745706 0.740411
vt 0.536875 0.740411
vt 0.539560 0.578530
vt 0.361912 0.740411
vt 0.372219 0.578530
vt 0.458419 0.740411
vt 0.464522 0.578530
vt 0.660019 0.740411
vt 0.325199 0.740411
vt 0.337105 0.578530
vt 0.732827 0.578530
vt 0.738946 0.740411
vt 0.660019 0.740411
vt 0.102824 0.740411
vt 0.124419 0.584543
vt 0.372219 0.584543
vt 0.361912 0.740411
vt 0.399420 0.740411
vt 0.408092 0.584543
vt 0.663642 0.584543
vt 0.666610 0.740411
vt 0.539560 0.584543
vt 0.536875 0.740411
vt 0.880950 0.740411
vt 0.868645 0.584543
vt 0.876878 0.584543
vt 0.889559 0.740411
vt 0.675803 0.740411
vt 0.672434 0.584543
vt 0.669110 0.740411
vt 0.527630 0.740411
vt 0.530717 0.584543
vt 0.240323 0.740411
vt 0.255927 0.584543
vt 0.337105 0.584543
vt 0.325199 0.740411
vt 0.459769 0.584543
vt 0.453450 0.740411
vt 0.523065 0.584543
vt 0.519630 0.740411
vt 0.668038 0.584543
vt 0.671206 0.740411
vt 0.739292 0.584543
vt 0.745706 0.740411
vt 0.882593 0.584543
vt 0.669110 0.740411
vt 0.895534 0.740411
vt 0.732827 0.584543
vt 0.669110 0.740411
vt 0.738946 0.740411
vt 0.246093 0.740411
vt 0.261445 0.584543
vt 0.669110 0.740411
vt 0.464522 0.584543
vt 0.458419 0.740411
vt 0.669110 0.740411
vt 0.518324 0.578530
vt 0.514672 0.740411
vt 0.660019 0.740411
vt 0.518324 0.584543
vt 0.514672 0.740411
vt 0.669110 0.740411
vt 0.330558 0.578530
vt 0.660019 0.740411
vt 0.318354 0.740411
vt 0.669110 0.740411
vt 0.318354 0.740411
vt 0.330558 0.584543
vt 0.120487 0.578530
vt 0.660019 0.740411
vt 0.098713 0.740411
vt 0.669110 0.740411
vt 0.098713 0.740411
vt 0.120487 0.584543
vt 0.125903 0.339571
vt 0.087150 0.354791
vt 0.105806 0.354791
vt 0.124419 0.339571
vt 0.105806 0.354791
vt 0.372219 0.339571
vt 0.070946 0.339571
vt 0.927928 0.339571
vt 0.490927 0.339571
vt 0.411577 0.733131
vt 0.411577 0.733131
vt 0.408092 0.339571
vt 0.663642 0.339571
vt 0.411577 0.733131
vt 0.411577 0.733131
vt 0.539560 0.339571
vt 0.411577 0.733131
vt 0.694415 0.339571
vt 0.868645 0.339571
vt 0.411577 0.733131
vt 0.876878 0.339571
vt 0.687821 0.339571
vt 0.672434 0.339571
vt 0.530717 0.339571
vt 0.523065 0.339571
vt 0.668038 0.339571
vt 0.882593 0.339571
vt 0.518324 0.339571
vt 0.120487 0.339571
vt 0.485390 0.337028
vt 0.411577 0.726008
vt 0.411577 0.726008
vt 0.414733 0.337028
vt 0.459769 0.337028
vt 0.464522 0.337028
vt 0.087150 0.354791
vt 0.370735 0.339571
vt 0.255745 0.339571
vt 0.334978 0.339571
vt 0.328588 0.339571
vt 0.261131 0.339571
vt 0.411577 0.728624
vt 0.662733 0.339903
vt 0.540469 0.339903
vt 0.411577 0.728624
vt 0.695227 0.339842
vt 0.411577 0.728624
vt 0.867833 0.339842
vt 0.411577 0.728624
vt 0.740474 0.340385
vt 0.734189 0.340385
vt 0.087150 0.296520
vt 0.125903 0.396301
vt 0.105806 0.296520
vt 0.124419 0.396301
vt 0.105806 0.296520
vt 0.372219 0.396301
vt 0.070946 0.396301
vt 0.927928 0.396301
vt 0.490927 0.396301
vt 0.470892 0.733131
vt 0.470892 0.733131
vt 0.408092 0.396301
vt 0.470892 0.733131
vt 0.663698 0.396281
vt 0.470892 0.733131
vt 0.539504 0.396281
vt 0.470892 0.733131
vt 0.694365 0.396284
vt 0.868695 0.396284
vt 0.470892 0.733131
vt 0.876878 0.396301
vt 0.687821 0.396301
vt 0.672434 0.396301
vt 0.530717 0.396301
vt 0.523065 0.396301
vt 0.668038 0.396301
vt 0.882593 0.396301
vt 0.518324 0.396301
vt 0.120487 0.396301
vt 0.485390 0.389481
vt 0.470892 0.726008
vt 0.470892 0.726008
vt 0.414733 0.389481
vt 0.459769 0.389481
vt 0.464522 0.389481
vt 0.087150 0.296520
vt 0.370735 0.396301
vt 0.255745 0.396301
vt 0.334978 0.396301
vt 0.328588 0.396301
vt 0.261131 0.396301
vt 0.470892 0.728624
vt 0.662658 0.395829
vt 0.470892 0.728624
vt 0.540544 0.395829
vt 0.470892 0.728624
vt 0.695294 0.395915
vt 0.867766 0.395915
vt 0.470892 0.728624
vt 0.740474 0.395076
vt 0.734189 0.395076
vt 0.418580 0.808559
vt 0.418580 0.449237
vt 0.410385 0.733131
vt 0.418580 0.406224
vt 0.418580 0.418579
vt 0.410385 0.733131
vt 0.418580 0.577189
vt 0.410385 0.733131
vt 0.410385 0.733131
vt 0.418580 0.706726
vt 0.423873 0.226351
vt 0.423873 0.398656
vt 0.410385 0.726008
vt 0.423873 0.305841
vt 0.423873 0.296704
vt 0.418408 0.585504
vt 0.410385 0.728624
vt 0.410385 0.728624
vt 0.418408 0.706211
vt 0.410385 0.740411
vt 0.418580 0.577860
vt 0.418580 0.584543
vt 0.410385 0.740411
vt 0.423873 0.337028
vt 0.423873 0.389481
vt 0.481973 0.808559
vt 0.481973 0.449237
vt 0.476666 0.733131
vt 0.481973 0.406224
vt 0.481973 0.418579
vt 0.481973 0.577189
vt 0.481973 0.585884
vt 0.481973 0.706726
vt 0.478314 0.226351
vt 0.478314 0.398656
vt 0.476666 0.726008
vt 0.478314 0.305841
vt 0.478314 0.296704
vt 0.478314 0.337028
vt 0.478314 0.389481
vt 0.464522 0.339552
vt 0.459769 0.339552
vt 0.476561 0.339552
vt 0.459769 0.389481
vt 0.459769 0.388968
vt 0.464522 0.386957
vt 0.476561 0.386957
vt 0.425806 0.339552
vt 0.425806 0.386957
vt 0.464522 0.337028
vt 0.464522 0.337540
vt 0.459769 0.337028
vt 0.459769 0.337540
vt 0.478314 0.337028
vt 0.478314 0.337540
vt 0.464522 0.389481
vt 0.464522 0.388968
vt 0.459769 0.386957
vt 0.478314 0.389481
vt 0.478314 0.388968
vt 0.423873 0.337028
vt 0.423873 0.337540
vt 0.423873 0.389481
vt 0.423873 0.388968
vt 0.459769 0.339552
vt 0.459769 0.386957
vt 0.464522 0.339552
vt 0.464522 0.386957
vt 0.476561 0.339552
vt 0.476561 0.386957
vt 0.425806 0.339552
vt 0.425806 0.386957
vt 0.124419 0.226351
vt 0.105806 0.471086
vt 0.124419 0.808559
vt 0.105806 0.242146
vt 0.105806 0.483881
vt 0.124419 0.449237
vt 0.372219 0.226351
vt 0.105806 0.471086
vt 0.927928 0.808559
vt 0.372219 0.808559
vt 0.105806 0.229351
vt 0.105806 0.242146
vt 0.372219 0.449237
vt 0.927928 0.226351
vt 0.070946 0.449237
vt 0.927928 0.449237
vt 0.070946 0.808559
vt 0.070946 0.226351
vt 0.490927 0.226351
vt 0.293200 0.733131
vt 0.490927 0.808559
vt 0.490927 0.449237
vt 0.408092 0.226351
vt 0.293200 0.733131
vt 0.408092 0.808559
vt 0.408092 0.449237
vt 0.124419 0.406224
vt 0.105806 0.286328
vt 0.372219 0.406224
vt 0.105806 0.286328
vt 0.070946 0.406224
vt 0.927928 0.406224
vt 0.481267 0.733131
vt 0.490927 0.406224
vt 0.486027 0.733131
vt 0.481267 0.733131
vt 0.408092 0.406224
vt 0.399420 0.733131
vt 0.124419 0.418579
vt 0.105806 0.273637
vt 0.372219 0.418579
vt 0.105806 0.273637
vt 0.070946 0.418579
vt 0.927928 0.418579
vt 0.490927 0.418579
vt 0.408092 0.418579
vt 0.105806 0.389438
vt 0.124419 0.305841
vt 0.372219 0.305841
vt 0.105806 0.389438
vt 0.070946 0.305841
vt 0.927928 0.305841
vt 0.490927 0.305841
vt 0.376310 0.733131
vt 0.376310 0.733131
vt 0.408092 0.305841
vt 0.124419 0.296704
vt 0.105806 0.398822
vt 0.372219 0.296704
vt 0.105806 0.398822
vt 0.070946 0.296704
vt 0.927928 0.296704
vt 0.490927 0.296704
vt 0.366758 0.733131
vt 0.408092 0.296704
vt 0.366758 0.733131
vt 0.663642 0.226351
vt 0.663642 0.808559
vt 0.663642 0.449237
vt 0.663642 0.406224
vt 0.481267 0.733131
vt 0.666610 0.733131
vt 0.494184 0.733131
vt 0.663642 0.418579
vt 0.663642 0.305841
vt 0.666610 0.733131
vt 0.376310 0.733131
vt 0.663642 0.296704
vt 0.666610 0.733131
vt 0.539560 0.226351
vt 0.539560 0.808559
vt 0.539560 0.449237
vt 0.539560 0.406224
vt 0.481267 0.733131
vt 0.494184 0.733131
vt 0.539560 0.418579
vt 0.536875 0.733131
vt 0.376310 0.733131
vt 0.536875 0.733131
vt 0.539560 0.305841
vt 0.539560 0.296704
vt 0.536875 0.733131
vt 0.694415 0.226351
vt 0.694415 0.808559
vt 0.694415 0.449237
vt 0.694415 0.406224
vt 0.481267 0.733131
vt 0.494184 0.733131
vt 0.694415 0.418579
vt 0.698784 0.733131
vt 0.698784 0.733131
vt 0.376310 0.733131
vt 0.694415 0.305841
vt 0.694415 0.296704
vt 0.698784 0.733131
vt 0.868645 0.226351
vt 0.868645 0.808559
vt 0.868645 0.449237
vt 0.481267 0.733131
vt 0.868645 0.406224
vt 0.880950 0.733131
vt 0.868645 0.418579
vt 0.494184 0.733131
vt 0.868645 0.305841
vt 0.376310 0.733131
vt 0.880950 0.733131
vt 0.868645 0.296704
vt 0.880950 0.733131
vt 0.876878 0.226351
vt 0.876878 0.808559
vt 0.876878 0.449237
vt 0.876878 0.406224
vt 0.876878 0.418579
vt 0.889559 0.733131
vt 0.376310 0.733131
vt 0.876878 0.305841
vt 0.366758 0.733131
vt 0.876878 0.296704
vt 0.889559 0.733131
vt 0.687821 0.226351
vt 0.687821 0.808559
vt 0.687821 0.449237
vt 0.687821 0.406224
vt 0.687821 0.418579
vt 0.376310 0.733131
vt 0.691890 0.733131
vt 0.687821 0.305841
vt 0.691890 0.733131
vt 0.687821 0.296704
vt 0.366758 0.733131
vt 0.672434 0.226351
vt 0.672434 0.808559
vt 0.672434 0.449237
vt 0.672434 0.406224
vt 0.672435 0.418579
vt 0.675803 0.733131
vt 0.376310 0.733131
vt 0.672434 0.305841
vt 0.366758 0.733131
vt 0.672434 0.296704
vt 0.675803 0.733131
vt 0.530717 0.226351
vt 0.530717 0.808559
vt 0.530717 0.449237
vt 0.530717 0.406224
vt 0.530718 0.418579
vt 0.376310 0.733131
vt 0.527630 0.733131
vt 0.530717 0.305841
vt 0.527630 0.733131
vt 0.530717 0.296704
vt 0.366758 0.733131
vt 0.255927 0.808559
vt 0.105806 0.348802
vt 0.255927 0.449237
vt 0.337105 0.808559
vt 0.105806 0.265419
vt 0.337105 0.449237
vt 0.087150 0.483881
vt 0.087150 0.242146
vt 0.127387 0.449237
vt 0.459769 0.808559
vt 0.459769 0.449237
vt 0.459769 0.406224
vt 0.453450 0.733131
vt 0.459769 0.418579
vt 0.369251 0.418579
vt 0.087150 0.273637
vt 0.087150 0.348802
vt 0.255745 0.449237
vt 0.523065 0.226351
vt 0.523065 0.808559
vt 0.523065 0.449237
vt 0.523065 0.406224
vt 0.523066 0.418579
vt 0.523065 0.305841
vt 0.523065 0.296704
vt 0.668038 0.226351
vt 0.668038 0.808559
vt 0.668038 0.449237
vt 0.668038 0.406224
vt 0.668038 0.418579
vt 0.671206 0.733131
vt 0.668038 0.305841
vt 0.671206 0.733131
vt 0.668038 0.296704
vt 0.739292 0.226351
vt 0.739292 0.808559
vt 0.739292 0.449237
vt 0.739293 0.418579
vt 0.745706 0.733131
vt 0.745706 0.733131
vt 0.739292 0.296704
vt 0.745706 0.733131
vt 0.882593 0.226351
vt 0.882593 0.808559
vt 0.882593 0.449237
vt 0.882593 0.406224
vt 0.882593 0.418579
vt 0.882593 0.305841
vt 0.882593 0.296704
vt 0.124419 0.577189
vt 0.102824 0.733131
vt 0.927928 0.577189
vt 0.361912 0.733131
vt 0.372219 0.577189
vt 0.070946 0.577189
vt 0.490927 0.577189
vt 0.399420 0.733131
vt 0.408092 0.577189
vt 0.663642 0.577189
vt 0.666610 0.733131
vt 0.539560 0.577189
vt 0.536875 0.733131
vt 0.694415 0.577189
vt 0.868645 0.577189
vt 0.880950 0.733131
vt 0.876878 0.577189
vt 0.889559 0.733131
vt 0.687821 0.577189
vt 0.660019 0.733131
vt 0.672434 0.577189
vt 0.675803 0.733131
vt 0.530717 0.577189
vt 0.527630 0.733131
vt 0.255927 0.577189
vt 0.240323 0.733131
vt 0.337105 0.577189
vt 0.325199 0.733131
vt 0.459769 0.577189
vt 0.453450 0.733131
vt 0.523065 0.577189
vt 0.519630 0.733131
vt 0.668038 0.577189
vt 0.671206 0.733131
vt 0.739292 0.577189
vt 0.745706 0.733131
vt 0.660019 0.733131
vt 0.882593 0.577189
vt 0.895534 0.733131
vt 0.732827 0.226351
vt 0.732827 0.808559
vt 0.732827 0.449237
vt 0.732827 0.418579
vt 0.738946 0.733131
vt 0.738946 0.733131
vt 0.738946 0.733131
vt 0.732827 0.296704
vt 0.738946 0.733131
vt 0.732827 0.577189
vt 0.660019 0.733131
vt 0.102824 0.733131
vt 0.669110 0.733131
vt 0.124419 0.585884
vt 0.927928 0.585884
vt 0.361912 0.733131
vt 0.070946 0.585884
vt 0.490927 0.585884
vt 0.399420 0.733131
vt 0.666610 0.733131
vt 0.536875 0.733131
vt 0.694415 0.585884
vt 0.880950 0.733131
vt 0.876878 0.585884
vt 0.669110 0.733131
vt 0.889559 0.733131
vt 0.687821 0.585884
vt 0.675803 0.733131
vt 0.672434 0.585884
vt 0.669110 0.733131
vt 0.527630 0.733131
vt 0.255927 0.585884
vt 0.669110 0.733131
vt 0.240323 0.733131
vt 0.669110 0.733131
vt 0.337105 0.585884
vt 0.325199 0.733131
vt 0.669110 0.733131
vt 0.459769 0.585884
vt 0.453450 0.733131
vt 0.519630 0.733131
vt 0.523065 0.585884
vt 0.669110 0.733131
vt 0.668038 0.585884
vt 0.669110 0.733131
vt 0.671206 0.733131
vt 0.745706 0.733131
vt 0.739292 0.585884
vt 0.669110 0.733131
vt 0.895534 0.733131
vt 0.882593 0.585884
vt 0.669110 0.733131
vt 0.669110 0.733131
vt 0.732827 0.585884
vt 0.738946 0.733131
vt 0.518324 0.226351
vt 0.518324 0.808559
vt 0.518324 0.449237
vt 0.518324 0.406224
vt 0.518324 0.418579
vt 0.518324 0.305841
vt 0.518324 0.296704
vt 0.518324 0.577189
vt 0.514672 0.733131
vt 0.660019 0.733131
vt 0.669110 0.733131
vt 0.518324 0.585884
vt 0.514672 0.733131
vt 0.087150 0.273637
vt 0.127387 0.418579
vt 0.464522 0.808559
vt 0.464522 0.449237
vt 0.464522 0.406224
vt 0.458419 0.733131
vt 0.464522 0.418579
vt 0.127387 0.226351
vt 0.087150 0.471086
vt 0.255745 0.226351
vt 0.660019 0.733131
vt 0.458419 0.733131
vt 0.464522 0.577189
vt 0.458419 0.733131
vt 0.669110 0.733131
vt 0.464522 0.585884
vt 0.330558 0.808559
vt 0.330558 0.449237
vt 0.105806 0.272143
vt 0.318354 0.733131
vt 0.660019 0.733131
vt 0.330558 0.577189
vt 0.669110 0.733131
vt 0.318354 0.733131
vt 0.330558 0.585884
vt 0.261445 0.808559
vt 0.105806 0.343133
vt 0.261445 0.449237
vt 0.660019 0.733131
vt 0.261445 0.577189
vt 0.246093 0.733131
vt 0.246093 0.733131
vt 0.261445 0.585884
vt 0.669110 0.733131
vt 0.120487 0.449237
vt 0.120487 0.808559
vt 0.120487 0.226351
vt 0.120487 0.406224
vt 0.120487 0.418579
vt 0.120487 0.305841
vt 0.120487 0.296704
vt 0.098713 0.733131
vt 0.660019 0.733131
vt 0.120487 0.577189
vt 0.669110 0.733131
vt 0.098713 0.733131
vt 0.120487 0.585884
vt 0.795456 0.733131
vt 0.102824 0.733131
vt 0.124419 0.706726
vt 0.927928 0.706726
vt 0.372219 0.706726
vt 0.361912 0.733131
vt 0.070946 0.706726
vt 0.490927 0.706726
vt 0.408092 0.706726
vt 0.399420 0.733131
vt 0.663642 0.706726
vt 0.666610 0.733131
vt 0.539560 0.706726
vt 0.536875 0.733131
vt 0.694415 0.706726
vt 0.868645 0.706726
vt 0.880950 0.733131
vt 0.889559 0.733131
vt 0.876878 0.706726
vt 0.795456 0.733131
vt 0.687821 0.706726
vt 0.672434 0.706726
vt 0.530717 0.706726
vt 0.527630 0.733131
vt 0.240323 0.733131
vt 0.255927 0.706726
vt 0.795456 0.733131
vt 0.795456 0.733131
vt 0.337105 0.706726
vt 0.325199 0.733131
vt 0.453450 0.733131
vt 0.795456 0.733131
vt 0.459769 0.706726
vt 0.795456 0.733131
vt 0.523065 0.706726
vt 0.519630 0.733131
vt 0.671206 0.733131
vt 0.668038 0.706726
vt 0.795456 0.733131
vt 0.795456 0.733131
vt 0.739292 0.706726
vt 0.745706 0.733131
vt 0.882593 0.706726
vt 0.732827 0.706726
vt 0.518324 0.706726
vt 0.464522 0.706726
vt 0.330558 0.706726
vt 0.261445 0.706726
vt 0.120487 0.706726
vt 0.459769 0.226351
vt 0.414733 0.226351
vt 0.293200 0.726008
vt 0.485390 0.305841
vt 0.376310 0.726008
vt 0.486027 0.726008
vt 0.481267 0.726008
vt 0.485390 0.398656
vt 0.376310 0.726008
vt 0.414733 0.305841
vt 0.399420 0.726008
vt 0.481267 0.726008
vt 0.414733 0.398656
vt 0.459769 0.398656
vt 0.453450 0.726008
vt 0.485390 0.296704
vt 0.366758 0.726008
vt 0.366758 0.726008
vt 0.414733 0.296704
vt 0.459769 0.305841
vt 0.485390 0.226351
vt 0.293200 0.726008
vt 0.459769 0.296704
vt 0.464522 0.226351
vt 0.458419 0.726008
vt 0.464522 0.398656
vt 0.464522 0.305841
vt 0.464522 0.296704
vt 0.087150 0.242146
vt 0.087150 0.229351
vt 0.369251 0.449237
vt 0.087150 0.389438
vt 0.127387 0.305841
vt 0.127387 0.406224
vt 0.087150 0.286328
vt 0.087150 0.389438
vt 0.369251 0.305841
vt 0.369251 0.406224
vt 0.087150 0.286328
vt 0.255745 0.406224
vt 0.255745 0.418579
vt 0.087150 0.398822
vt 0.127387 0.296704
vt 0.087150 0.398822
vt 0.369251 0.296704
vt 0.255745 0.305841
vt 0.087150 0.471086
vt 0.369251 0.226351
vt 0.255745 0.296704
vt 0.261131 0.226351
vt 0.087150 0.343133
vt 0.261131 0.449237
vt 0.261131 0.406224
vt 0.261131 0.418579
vt 0.261131 0.305841
vt 0.261131 0.296704
vt 0.334978 0.226351
vt 0.087150 0.265419
vt 0.334978 0.449237
vt 0.334978 0.406224
vt 0.334978 0.418579
vt 0.334978 0.305841
vt 0.334978 0.296704
vt 0.328588 0.226351
vt 0.087150 0.272143
vt 0.328588 0.449237
vt 0.328588 0.406224
vt 0.328588 0.418579
vt 0.328588 0.305841
vt 0.328588 0.296704
vt 0.660914 0.404289
vt 0.481267 0.728624
vt 0.494184 0.728624
vt 0.660914 0.416100
vt 0.666610 0.728624
vt 0.376310 0.728624
vt 0.666610 0.728624
vt 0.660914 0.308319
vt 0.542288 0.404289
vt 0.481267 0.728624
vt 0.542288 0.416101
vt 0.494184 0.728624
vt 0.536875 0.728624
vt 0.542288 0.308319
vt 0.376310 0.728624
vt 0.536875 0.728624
vt 0.734189 0.404642
vt 0.696851 0.404642
vt 0.481267 0.728624
vt 0.734189 0.416553
vt 0.738946 0.728624
vt 0.494184 0.728624
vt 0.696851 0.416553
vt 0.698784 0.728624
vt 0.738946 0.728624
vt 0.734189 0.307867
vt 0.696851 0.307867
vt 0.376310 0.728624
vt 0.698784 0.728624
vt 0.481267 0.728624
vt 0.866208 0.404642
vt 0.494184 0.728624
vt 0.880950 0.728624
vt 0.866209 0.416553
vt 0.880950 0.728624
vt 0.866208 0.307867
vt 0.376310 0.728624
vt 0.740474 0.404642
vt 0.745706 0.728624
vt 0.740474 0.416553
vt 0.745706 0.728624
vt 0.740474 0.307867
vt 0.665818 0.587735
vt 0.669110 0.728624
vt 0.671206 0.728624
vt 0.661556 0.587735
vt 0.666610 0.728624
vt 0.669110 0.728624
vt 0.453450 0.728624
vt 0.458202 0.587428
vt 0.407846 0.587428
vt 0.399420 0.728624
vt 0.240323 0.728624
vt 0.669110 0.728624
vt 0.254683 0.587051
vt 0.128348 0.587051
vt 0.102824 0.728624
vt 0.669110 0.728624
vt 0.532704 0.587735
vt 0.527630 0.728624
vt 0.525286 0.587735
vt 0.519630 0.728624
vt 0.669110 0.728624
vt 0.874632 0.587857
vt 0.889559 0.728624
vt 0.669110 0.728624
vt 0.866668 0.587857
vt 0.880950 0.728624
vt 0.741538 0.587857
vt 0.669110 0.728624
vt 0.745706 0.728624
vt 0.541275 0.587735
vt 0.536875 0.728624
vt 0.372889 0.587428
vt 0.361912 0.728624
vt 0.338672 0.587428
vt 0.669110 0.728624
vt 0.325199 0.728624
vt 0.795456 0.728624
vt 0.102824 0.728624
vt 0.128348 0.705559
vt 0.372889 0.705182
vt 0.361912 0.728624
vt 0.399420 0.728624
vt 0.407846 0.705182
vt 0.661556 0.704875
vt 0.666610 0.728624
vt 0.541275 0.704875
vt 0.536875 0.728624
vt 0.866668 0.704753
vt 0.880950 0.728624
vt 0.874632 0.704753
vt 0.889559 0.728624
vt 0.795456 0.728624
vt 0.532704 0.704875
vt 0.527630 0.728624
vt 0.795456 0.728624
vt 0.240323 0.728624
vt 0.254683 0.705559
vt 0.795456 0.728624
vt 0.338672 0.705182
vt 0.325199 0.728624
vt 0.795456 0.728624
vt 0.458202 0.705182
vt 0.453450 0.728624
vt 0.519630 0.728624
vt 0.525286 0.704875
vt 0.795456 0.728624
vt 0.665818 0.704875
vt 0.795456 0.728624
vt 0.671206 0.728624
vt 0.741538 0.704753
vt 0.745706 0.728624
vt 0.795456 0.728624
vt 0.668038 0.305841
vt 0.671206 0.740411
vt 0.663642 0.305841
vt 0.666610 0.740411
vt 0.668038 0.296704
vt 0.671206 0.740411
vt 0.663642 0.296704
vt 0.666610 0.740411
vt 0.539560 0.305841
vt 0.536875 0.740411
vt 0.539560 0.296704
vt 0.536875 0.740411
vt 0.732827 0.305841
vt 0.738946 0.740411
vt 0.694415 0.305841
vt 0.698784 0.740411
vt 0.732827 0.296704
vt 0.738946 0.740411
vt 0.694415 0.296704
vt 0.698784 0.740411
vt 0.876878 0.305841
vt 0.376310 0.740411
vt 0.889559 0.740411
vt 0.868645 0.305841
vt 0.880950 0.740411
vt 0.876878 0.296704
vt 0.366758 0.740411
vt 0.889559 0.740411
vt 0.868645 0.296704
vt 0.880950 0.740411
vt 0.687821 0.305841
vt 0.691890 0.740411
vt 0.376310 0.740411
vt 0.687821 0.296704
vt 0.691890 0.740411
vt 0.366758 0.740411
vt 0.672434 0.296704
vt 0.366758 0.740411
vt 0.675803 0.740411
vt 0.672434 0.305841
vt 0.376310 0.740411
vt 0.675803 0.740411
vt 0.530717 0.305841
vt 0.527630 0.740411
vt 0.376310 0.740411
vt 0.530717 0.296704
vt 0.527630 0.740411
vt 0.366758 0.740411
vt 0.739292 0.305841
vt 0.745706 0.740411
vt 0.739292 0.296704
vt 0.745706 0.740411
vt 0.882593 0.578530
vt 0.895534 0.740411
vt 0.660019 0.740411
vt 0.876878 0.578530
vt 0.889559 0.740411
vt 0.668038 0.578530
vt 0.671206 0.740411
vt 0.663642 0.578530
vt 0.666610 0.740411
vt 0.459769 0.578530
vt 0.453450 0.740411
vt 0.408092 0.578531
vt 0.399420 0.740411
vt 0.261445 0.578530
vt 0.246093 0.740411
vt 0.660019 0.740411
vt 0.255927 0.578530
vt 0.240323 0.740411
vt 0.124419 0.578530
vt 0.102824 0.740411
vt 0.530717 0.578530
vt 0.527630 0.740411
vt 0.523065 0.578530
vt 0.519630 0.740411
vt 0.672434 0.578530
vt 0.660019 0.740411
vt 0.675803 0.740411
vt 0.880950 0.740411
vt 0.868645 0.578530
vt 0.739292 0.578530
vt 0.745706 0.740411
vt 0.536875 0.740411
vt 0.539560 0.578530
vt 0.361912 0.740411
vt 0.372219 0.578530
vt 0.458419 0.740411
vt 0.464522 0.578530
vt 0.660019 0.740411
vt 0.325199 0.740411
vt 0.337105 0.578530
vt 0.732827 0.578530
vt 0.738946 0.740411
vt 0.660019 0.740411
vt 0.102824 0.740411
vt 0.124419 0.584543
vt 0.372219 0.584543
vt 0.361912 0.740411
vt 0.399420 0.740411
vt 0.408092 0.584543
vt 0.663642 0.584543
vt 0.666610 0.740411
vt 0.539560 0.584543
vt 0.536875 0.740411
vt 0.880950 0.740411
vt 0.868645 0.584543
vt 0.876878 0.584543
vt 0.889559 0.740411
vt 0.675803 0.740411
vt 0.672434 0.584543
vt 0.669110 0.740411
vt 0.527630 0.740411
vt 0.530717 0.584543
vt 0.240323 0.740411
vt 0.255927 0.584543
vt 0.337105 0.584543
vt 0.325199 0.740411
vt 0.459769 0.584543
vt 0.453450 0.740411
vt 0.523065 0.584543
vt 0.519630 0.740411
vt 0.668038 0.584543
vt 0.671206 0.740411
vt 0.739292 0.584543
vt 0.745706 0.740411
vt 0.882593 0.584543
vt 0.669110 0.740411
vt 0.895534 0.740411
vt 0.732827 0.584543
vt 0.669110 0.740411
vt 0.738946 0.740411
vt 0.246093 0.740411
vt 0.261445 0.584543
vt 0.669110 0.740411
vt 0.464522 0.584543
vt 0.458419 0.740411
vt 0.669110 0.740411
vt 0.518324 0.578530
vt 0.514672 0.740411
vt 0.660019 0.740411
vt 0.518324 0.584543
vt 0.514672 0.740411
vt 0.669110 0.740411
vt 0.330558 0.578530
vt 0.660019 0.740411
vt 0.318354 0.740411
vt 0.669110 0.740411
vt 0.318354 0.740411
vt 0.330558 0.584543
vt 0.120487 0.578530
vt 0.660019 0.740411
vt 0.098713 0.740411
vt 0.669110 0.740411
vt 0.098713 0.740411
vt 0.120487 0.584543
vt 0.125903 0.339571
vt 0.087150 0.354791
vt 0.105806 0.354791
vt 0.124419 0.339571
vt 0.105806 0.354791
vt 0.372219 0.339571
vt 0.070946 0.339571
vt 0.927928 0.339571
vt 0.490927 0.339571
vt 0.411577 0.733131
vt 0.411577 0.733131
vt 0.408092 0.339571
vt 0.411577 0.733131
vt 0.663642 0.339571
vt 0.411577 0.733131
vt 0.539560 0.339571
vt 0.411577 0.733131
vt 0.694415 0.339571
vt 0.868645 0.339571
vt 0.411577 0.733131
vt 0.876878 0.339571
vt 0.687821 0.339571
vt 0.672434 0.339571
vt 0.530717 0.339571
vt 0.523065 0.339571
vt 0.668038 0.339571
vt 0.882593 0.339571
vt 0.518324 0.339571
vt 0.120487 0.339571
vt 0.485390 0.337028
vt 0.411577 0.726008
vt 0.411577 0.726008
vt 0.414733 0.337028
vt 0.459769 0.337028
vt 0.464522 0.337028
vt 0.087150 0.354791
vt 0.370735 0.339571
vt 0.255745 0.339571
vt 0.334978 0.339571
vt 0.328588 0.339571
vt 0.261131 0.339571
vt 0.411577 0.728624
vt 0.662733 0.339903
vt 0.540469 0.339903
vt 0.411577 0.728624
vt 0.411577 0.728624
vt 0.695227 0.339842
vt 0.867833 0.339842
vt 0.411577 0.728624
vt 0.740474 0.340385
vt 0.734189 0.340385
vt 0.087150 0.296520
vt 0.125903 0.396301
vt 0.105806 0.296520
vt 0.124419 0.396301
vt 0.105806 0.296520
vt 0.372219 0.396301
vt 0.070946 0.396301
vt 0.927928 0.396301
vt 0.490927 0.396301
vt 0.470892 0.733131
vt 0.470892 0.733131
vt 0.408092 0.396301
vt 0.470892 0.733131
vt 0.663698 0.396281
vt 0.470892 0.733131
vt 0.539504 0.396281
vt 0.470892 0.733131
vt 0.694365 0.396284
vt 0.868695 0.396284
vt 0.470892 0.733131
vt 0.876878 0.396301
vt 0.687821 0.396301
vt 0.672434 0.396301
vt 0.530717 0.396301
vt 0.523065 0.396301
vt 0.668038 0.396301
vt 0.882593 0.396301
vt 0.518324 0.396301
vt 0.120487 0.396301
vt 0.485390 0.389481
vt 0.470892 0.726008
vt 0.470892 0.726008
vt 0.414733 0.389481
vt 0.459769 0.389481
vt 0.464522 0.389481
vt 0.087150 0.296520
vt 0.370735 0.396301
vt 0.255745 0.396301
vt 0.334978 0.396301
vt 0.328588 0.396301
vt 0.261131 0.396301
vt 0.470892 0.728624
vt 0.662658 0.395829
vt 0.470892 0.728624
vt 0.540544 0.395829
vt 0.470892 0.728624
vt 0.695294 0.395915
vt 0.867766 0.395915
vt 0.470892 0.728624
vt 0.740474 0.395076
vt 0.734189 0.395076
vt 0.418580 0.808559
vt 0.418580 0.449237
vt 0.410385 0.733131
vt 0.418580 0.406224
vt 0.418580 0.418579
vt 0.410385 0.733131
vt 0.418580 0.577189
vt 0.410385 0.733131
vt 0.410385 0.733131
vt 0.418580 0.706726
vt 0.423873 0.226351
vt 0.423873 0.398656
vt 0.410385 0.726008
vt 0.423873 0.305841
vt 0.423873 0.296704
vt 0.418408 0.585504
vt 0.410385 0.728624
vt 0.410385 0.728624
vt 0.418408 0.706211
vt 0.410385 0.740411
vt 0.418580 0.577860
vt 0.418580 0.584543
vt 0.410385 0.740411
vt 0.423873 0.337028
vt 0.423873 0.389481
vt 0.481973 0.808559
vt 0.481973 0.449237
vt 0.476666 0.733131
vt 0.481973 0.406224
vt 0.481973 0.418579
vt 0.481973 0.577189
vt 0.481973 0.585884
vt 0.481973 0.706726
vt 0.478314 0.226351
vt 0.478314 0.398656
vt 0.476666 0.726008
vt 0.478314 0.305841
vt 0.478314 0.296704
vt 0.478314 0.337028
vt 0.478314 0.389481
vt 0.464522 0.339552
vt 0.459769 0.339552
vt 0.476561 0.339552
vt 0.459769 0.389481
vt 0.459769 0.388968
vt 0.464522 0.386957
vt 0.476561 0.386957
vt 0.425806 0.339552
vt 0.425806 0.386957
vt 0.464522 0.337028
vt 0.464522 0.337540
vt 0.459769 0.337028
vt 0.459769 0.337540
vt 0.478314 0.337028
vt 0.478314 0.337540
vt 0.464522 0.389481
vt 0.464522 0.388968
vt 0.459769 0.386957
vt 0.478314 0.389481
vt 0.478314 0.388968
vt 0.423873 0.337028
vt 0.423873 0.337540
vt 0.423873 0.389481
vt 0.423873 0.388968
vt 0.459769 0.339552
vt 0.459769 0.386957
vt 0.464522 0.339552
vt 0.464522 0.386957
vt 0.476561 0.339552
vt 0.476561 0.386957
vt 0.425806 0.339552
vt 0.425806 0.386957
vt 0.124419 0.226351
vt 0.105806 0.471086
vt 0.124419 0.808559
vt 0.105806 0.242146
vt 0.105806 0.483881
vt 0.124419 0.449237
vt 0.372219 0.226351
vt 0.105806 0.471086
vt 0.927928 0.808559
vt 0.372219 0.808559
vt 0.105806 0.229351
vt 0.105806 0.242146
vt 0.372219 0.449237
vt 0.927928 0.226351
vt 0.070946 0.449237
vt 0.927928 0.449237
vt 0.070946 0.808559
vt 0.070946 0.226351
vt 0.490927 0.226351
vt 0.293200 0.733131
vt 0.490927 0.808559
vt 0.490927 0.449237
vt 0.408092 0.226351
vt 0.293200 0.733131
vt 0.408092 0.808559
vt 0.408092 0.449237
vt 0.124419 0.406224
vt 0.105806 0.286328
vt 0.372219 0.406224
vt 0.105806 0.286328
vt 0.070946 0.406224
vt 0.927928 0.406224
vt 0.486027 0.733131
vt 0.481267 0.733131
vt 0.490927 0.406224
vt 0.481267 0.733131
vt 0.408092 0.406224
vt 0.399420 0.733131
vt 0.124419 0.418579
vt 0.105806 0.273637
vt 0.372219 0.418579
vt 0.105806 0.273637
vt 0.070946 0.418579
vt 0.927928 0.418579
vt 0.490927 0.418579
vt 0.408092 0.418579
vt 0.105806 0.389438
vt 0.124419 0.305841
vt 0.372219 0.305841
vt 0.105806 0.389438
vt 0.070946 0.305841
vt 0.927928 0.305841
vt 0.490927 0.305841
vt 0.376310 0.733131
vt 0.376310 0.733131
vt 0.408092 0.305841
vt 0.124419 0.296704
vt 0.105806 0.398822
vt 0.372219 0.296704
vt 0.105806 0.398822
vt 0.070946 0.296704
vt 0.927928 0.296704
vt 0.490927 0.296704
vt 0.366758 0.733131
vt 0.408092 0.296704
vt 0.366758 0.733131
vt 0.663642 0.226351
vt 0.663642 0.808559
vt 0.663642 0.449237
vt 0.663642 0.406224
vt 0.481267 0.733131
vt 0.666610 0.733131
vt 0.494184 0.733131
vt 0.663642 0.418579
vt 0.663642 0.305841
vt 0.666610 0.733131
vt 0.376310 0.733131
vt 0.663642 0.296704
vt 0.666610 0.733131
vt 0.539560 0.226351
vt 0.539560 0.808559
vt 0.539560 0.449237
vt 0.539560 0.406224
vt 0.481267 0.733131
vt 0.494184 0.733131
vt 0.539560 0.418579
vt 0.536875 0.733131
vt 0.376310 0.733131
vt 0.536875 0.733131
vt 0.539560 0.305841
vt 0.539560 0.296704
vt 0.536875 0.733131
vt 0.694415 0.226351
vt 0.694415 0.808559
vt 0.694415 0.449237
vt 0.694415 0.406224
vt 0.481267 0.733131
vt 0.494184 0.733131
vt 0.694415 0.418579
vt 0.698784 0.733131
vt 0.698784 0.733131
vt 0.376310 0.733131
vt 0.694415 0.305841
vt 0.694415 0.296704
vt 0.698784 0.733131
vt 0.868645 0.226351
vt 0.868645 0.808559
vt 0.868645 0.449237
vt 0.481267 0.733131
vt 0.868645 0.406224
vt 0.880950 0.733131
vt 0.868645 0.418579
vt 0.494184 0.733131
vt 0.868645 0.305841
vt 0.376310 0.733131
vt 0.880950 0.733131
vt 0.868645 0.296704
vt 0.880950 0.733131
vt 0.876878 0.226351
vt 0.876878 0.808559
vt 0.876878 0.449237
vt 0.876878 0.406224
vt 0.876878 0.418579
vt 0.889559 0.733131
vt 0.376310 0.733131
vt 0.876878 0.305841
vt 0.366758 0.733131
vt 0.876878 0.296704
vt 0.889559 0.733131
vt 0.687821 0.226351
vt 0.687821 0.808559
vt 0.687821 0.449237
vt 0.687821 0.406224
vt 0.687821 0.418579
vt 0.376310 0.733131
vt 0.691890 0.733131
vt 0.687821 0.305841
vt 0.691890 0.733131
vt 0.687821 0.296704
vt 0.366758 0.733131
vt 0.672434 0.226351
vt 0.672434 0.808559
vt 0.672434 0.449237
vt 0.672434 0.406224
vt 0.672435 0.418579
vt 0.675803 0.733131
vt 0.376310 0.733131
vt 0.672434 0.305841
vt 0.366758 0.733131
vt 0.672434 0.296704
vt 0.675803 0.733131
vt 0.530717 0.226351
vt 0.530717 0.808559
vt 0.530717 0.449237
vt 0.530717 0.406224
vt 0.530718 0.418579
vt 0.376310 0.733131
vt 0.527630 0.733131
vt 0.530717 0.305841
vt 0.527630 0.733131
vt 0.530717 0.296704
vt 0.366758 0.733131
vt 0.255927 0.808559
vt 0.105806 0.348802
vt 0.255927 0.449237
vt 0.337105 0.808559
vt 0.105806 0.265419
vt 0.337105 0.449237
vt 0.087150 0.483881
vt 0.087150 0.242146
vt 0.127387 0.449237
vt 0.459769 0.808559
vt 0.459769 0.449237
vt 0.459769 0.406224
vt 0.453450 0.733131
vt 0.459769 0.418579
vt 0.369251 0.418579
vt 0.087150 0.273637
vt 0.087150 0.348802
vt 0.255745 0.449237
vt 0.523065 0.226351
vt 0.523065 0.808559
vt 0.523065 0.449237
vt 0.523065 0.406224
vt 0.523066 0.418579
vt 0.523065 0.305841
vt 0.523065 0.296704
vt 0.668038 0.226351
vt 0.668038 0.808559
vt 0.668038 0.449237
vt 0.668038 0.406224
vt 0.668038 0.418579
vt 0.671206 0.733131
vt 0.668038 0.305841
vt 0.671206 0.733131
vt 0.668038 0.296704
vt 0.739292 0.226351
vt 0.739292 0.808559
vt 0.739292 0.449237
vt 0.739293 0.418579
vt 0.745706 0.733131
vt 0.745706 0.733131
vt 0.739292 0.296704
vt 0.745706 0.733131
vt 0.882593 0.226351
vt 0.882593 0.808559
vt 0.882593 0.449237
vt 0.882593 0.406224
vt 0.882593 0.418579
vt 0.882593 0.305841
vt 0.882593 0.296704
vt 0.124419 0.577189
vt 0.102824 0.733131
vt 0.927928 0.577189
vt 0.361912 0.733131
vt 0.372219 0.577189
vt 0.070946 0.577189
vt 0.490927 0.577189
vt 0.399420 0.733131
vt 0.408092 0.577189
vt 0.663642 0.577189
vt 0.666610 0.733131
vt 0.539560 0.577189
vt 0.536875 0.733131
vt 0.694415 0.577189
vt 0.868645 0.577189
vt 0.880950 0.733131
vt 0.876878 0.577189
vt 0.889559 0.733131
vt 0.687821 0.577189
vt 0.660019 0.733131
vt 0.672434 0.577189
vt 0.675803 0.733131
vt 0.530717 0.577189
vt 0.527630 0.733131
vt 0.255927 0.577189
vt 0.240323 0.733131
vt 0.337105 0.577189
vt 0.325199 0.733131
vt 0.459769 0.577189
vt 0.453450 0.733131
vt 0.523065 0.577189
vt 0.519630 0.733131
vt 0.668038 0.577189
vt 0.671206 0.733131
vt 0.739292 0.577189
vt 0.745706 0.733131
vt 0.660019 0.733131
vt 0.882593 0.577189
vt 0.895534 0.733131
vt 0.732827 0.226351
vt 0.732827 0.808559
vt 0.732827 0.449237
vt 0.732827 0.418579
vt 0.738946 0.733131
vt 0.738946 0.733131
vt 0.738946 0.733131
vt 0.732827 0.296704
vt 0.738946 0.733131
vt 0.732827 0.577189
vt 0.660019 0.733131
vt 0.102824 0.733131
vt 0.669110 0.733131
vt 0.124419 0.585884
vt 0.927928 0.585884
vt 0.361912 0.733131
vt 0.070946 0.585884
vt 0.490927 0.585884
vt 0.399420 0.733131
vt 0.666610 0.733131
vt 0.536875 0.733131
vt 0.694415 0.585884
vt 0.880950 0.733131
vt 0.876878 0.585884
vt 0.669110 0.733131
vt 0.889559 0.733131
vt 0.687821 0.585884
vt 0.675803 0.733131
vt 0.672434 0.585884
vt 0.669110 0.733131
vt 0.527630 0.733131
vt 0.255927 0.585884
vt 0.669110 0.733131
vt 0.240323 0.733131
vt 0.669110 0.733131
vt 0.337105 0.585884
vt 0.325199 0.733131
vt 0.669110 0.733131
vt 0.459769 0.585884
vt 0.453450 0.733131
vt 0.519630 0.733131
vt 0.523065 0.585884
vt 0.669110 0.733131
vt 0.668038 0.585884
vt 0.669110 0.733131
vt 0.671206 0.733131
vt 0.745706 0.733131
vt 0.739292 0.585884
vt 0.669110 0.733131
vt 0.895534 0.733131
vt 0.882593 0.585884
vt 0.669110 0.733131
vt 0.669110 0.733131
vt 0.732827 0.585884
vt 0.738946 0.733131
vt 0.518324 0.226351
vt 0.518324 0.808559
vt 0.518324 0.449237
vt 0.518324 0.406224
vt 0.518324 0.418579
vt 0.518324 0.305841
vt 0.518324 0.296704
vt 0.514672 0.733131
vt 0.518324 0.577189
vt 0.660019 0.733131
vt 0.669110 0.733131
vt 0.518324 0.585884
vt 0.514672 0.733131
vt 0.087150 0.273637
vt 0.127387 0.418579
vt 0.464522 0.808559
vt 0.464522 0.449237
vt 0.458419 0.733131
vt 0.464522 0.406224
vt 0.464522 0.418579
vt 0.127387 0.226351
vt 0.087150 0.471086
vt 0.255745 0.226351
vt 0.660019 0.733131
vt 0.458419 0.733131
vt 0.464522 0.577189
vt 0.458419 0.733131
vt 0.669110 0.733131
vt 0.464522 0.585884
vt 0.330558 0.808559
vt 0.330558 0.449237
vt 0.105806 0.272143
vt 0.318354 0.733131
vt 0.660019 0.733131
vt 0.330558 0.577189
vt 0.669110 0.733131
vt 0.318354 0.733131
vt 0.330558 0.585884
vt 0.261445 0.808559
vt 0.105806 0.343133
vt 0.261445 0.449237
vt 0.660019 0.733131
vt 0.261445 0.577189
vt 0.246093 0.733131
vt 0.246093 0.733131
vt 0.261445 0.585884
vt 0.669110 0.733131
vt 0.120487 0.449237
vt 0.120487 0.808559
vt 0.120487 0.226351
vt 0.120487 0.406224
vt 0.120487 0.418579
vt 0.120487 0.305841
vt 0.120487 0.296704
vt 0.098713 0.733131
vt 0.660019 0.733131
vt 0.120487 0.577189
vt 0.669110 0.733131
vt 0.098713 0.733131
vt 0.120487 0.585884
vt 0.795456 0.733131
vt 0.102824 0.733131
vt 0.124419 0.706726
vt 0.927928 0.706726
vt 0.372219 0.706726
vt 0.361912 0.733131
vt 0.070946 0.706726
vt 0.490927 0.706726
vt 0.408092 0.706726
vt 0.399420 0.733131
vt 0.663642 0.706726
vt 0.666610 0.733131
vt 0.539560 0.706726
vt 0.536875 0.733131
vt 0.694415 0.706726
vt 0.868645 0.706726
vt 0.880950 0.733131
vt 0.889559 0.733131
vt 0.876878 0.706726
vt 0.795456 0.733131
vt 0.687821 0.706726
vt 0.672434 0.706726
vt 0.530717 0.706726
vt 0.527630 0.733131
vt 0.240323 0.733131
vt 0.255927 0.706726
vt 0.795456 0.733131
vt 0.795456 0.733131
vt 0.337105 0.706726
vt 0.325199 0.733131
vt 0.453450 0.733131
vt 0.795456 0.733131
vt 0.459769 0.706726
vt 0.795456 0.733131
vt 0.523065 0.706726
vt 0.519630 0.733131
vt 0.671206 0.733131
vt 0.668038 0.706726
vt 0.795456 0.733131
vt 0.795456 0.733131
vt 0.739292 0.706726
vt 0.745706 0.733131
vt 0.882593 0.706726
vt 0.732827 0.706726
vt 0.518324 0.706726
vt 0.464522 0.706726
vt 0.330558 0.706726
vt 0.261445 0.706726
vt 0.120487 0.706726
vt 0.459769 0.226351
vt 0.414733 0.226351
vt 0.293200 0.726008
vt 0.485390 0.305841
vt 0.376310 0.726008
vt 0.481267 0.726008
vt 0.485390 0.398656
vt 0.486027 0.726008
vt 0.376310 0.726008
vt 0.414733 0.305841
vt 0.414733 0.398656
vt 0.399420 0.726008
vt 0.481267 0.726008
vt 0.459769 0.398656
vt 0.453450 0.726008
vt 0.485390 0.296704
vt 0.366758 0.726008
vt 0.366758 0.726008
vt 0.414733 0.296704
vt 0.459769 0.305841
vt 0.485390 0.226351
vt 0.293200 0.726008
vt 0.459769 0.296704
vt 0.464522 0.226351
vt 0.458419 0.726008
vt 0.464522 0.398656
vt 0.464522 0.305841
vt 0.464522 0.296704
vt 0.087150 0.242146
vt 0.087150 0.229351
vt 0.369251 0.449237
vt 0.087150 0.389438
vt 0.127387 0.305841
vt 0.127387 0.406224
vt 0.087150 0.286328
vt 0.087150 0.389438
vt 0.369251 0.305841
vt 0.369251 0.406224
vt 0.087150 0.286328
vt 0.255745 0.406224
vt 0.255745 0.418579
vt 0.087150 0.398822
vt 0.127387 0.296704
vt 0.087150 0.398822
vt 0.369251 0.296704
vt 0.255745 0.305841
vt 0.087150 0.471086
vt 0.369251 0.226351
vt 0.255745 0.296704
vt 0.261131 0.226351
vt 0.087150 0.343133
vt 0.261131 0.449237
vt 0.261131 0.406224
vt 0.261131 0.418579
vt 0.261131 0.305841
vt 0.261131 0.296704
vt 0.334978 0.226351
vt 0.087150 0.265419
vt 0.334978 0.449237
vt 0.334978 0.406224
vt 0.334978 0.418579
vt 0.334978 0.305841
vt 0.334978 0.296704
vt 0.328588 0.226351
vt 0.087150 0.272143
vt 0.328588 0.449237
vt 0.328588 0.406224
vt 0.328588 0.418579
vt 0.328588 0.305841
vt 0.328588 0.296704
vt 0.660914 0.404289
vt 0.481267 0.728624
vt 0.494184 0.728624
vt 0.660914 0.416100
vt 0.666610 0.728624
vt 0.376310 0.728624
vt 0.666610 0.728624
vt 0.660914 0.308319
vt 0.542288 0.404289
vt 0.481267 0.728624
vt 0.542288 0.416101
vt 0.494184 0.728624
vt 0.536875 0.728624
vt 0.542288 0.308319
vt 0.376310 0.728624
vt 0.536875 0.728624
vt 0.734189 0.404642
vt 0.696851 0.404642
vt 0.481267 0.728624
vt 0.734189 0.416553
vt 0.738946 0.728624
vt 0.494184 0.728624
vt 0.696851 0.416553
vt 0.698784 0.728624
vt 0.738946 0.728624
vt 0.734189 0.307867
vt 0.696851 0.307867
vt 0.376310 0.728624
vt 0.698784 0.728624
vt 0.481267 0.728624
vt 0.866208 0.404642
vt 0.494184 0.728624
vt 0.880950 0.728624
vt 0.866209 0.416553
vt 0.880950 0.728624
vt 0.866208 0.307867
vt 0.376310 0.728624
vt 0.740474 0.404642
vt 0.745706 0.728624
vt 0.740474 0.416553
vt 0.745706 0.728624
vt 0.740474 0.307867
vt 0.665818 0.587735
vt 0.669110 0.728624
vt 0.671206 0.728624
vt 0.661556 0.587735
vt 0.666610 0.728624
vt 0.669110 0.728624
vt 0.453450 0.728624
vt 0.458202 0.587428
vt 0.407846 0.587428
vt 0.399420 0.728624
vt 0.240323 0.728624
vt 0.669110 0.728624
vt 0.254683 0.587051
vt 0.102824 0.728624
vt 0.669110 0.728624
vt 0.128348 0.587051
vt 0.532704 0.587735
vt 0.527630 0.728624
vt 0.525286 0.587735
vt 0.519630 0.728624
vt 0.669110 0.728624
vt 0.874632 0.587857
vt 0.889559 0.728624
vt 0.669110 0.728624
vt 0.866668 0.587857
vt 0.880950 0.728624
vt 0.741538 0.587857
vt 0.669110 0.728624
vt 0.745706 0.728624
vt 0.541275 0.587735
vt 0.536875 0.728624
vt 0.372889 0.587428
vt 0.361912 0.728624
vt 0.338672 0.587428
vt 0.669110 0.728624
vt 0.325199 0.728624
vt 0.128348 0.705559
vt 0.795456 0.728624
vt 0.102824 0.728624
vt 0.372889 0.705182
vt 0.361912 0.728624
vt 0.407846 0.705182
vt 0.399420 0.728624
vt 0.661556 0.704875
vt 0.666610 0.728624
vt 0.541275 0.704875
vt 0.536875 0.728624
vt 0.866668 0.704753
vt 0.880950 0.728624
vt 0.874632 0.704753
vt 0.889559 0.728624
vt 0.795456 0.728624
vt 0.532704 0.704875
vt 0.527630 0.728624
vt 0.795456 0.728624
vt 0.240323 0.728624
vt 0.254683 0.705559
vt 0.795456 0.728624
vt 0.338672 0.705182
vt 0.325199 0.728624
vt 0.795456 0.728624
vt 0.458202 0.705182
vt 0.453450 0.728624
vt 0.519630 0.728624
vt 0.525286 0.704875
vt 0.795456 0.728624
vt 0.665818 0.704875
vt 0.795456 0.728624
vt 0.671206 0.728624
vt 0.741538 0.704753
vt 0.745706 0.728624
vt 0.795456 0.728624
vt 0.668038 0.305841
vt 0.671206 0.740411
vt 0.663642 0.305841
vt 0.666610 0.740411
vt 0.668038 0.296704
vt 0.671206 0.740411
vt 0.663642 0.296704
vt 0.666610 0.740411
vt 0.539560 0.305841
vt 0.536875 0.740411
vt 0.539560 0.296704
vt 0.536875 0.740411
vt 0.732827 0.305841
vt 0.738946 0.740411
vt 0.694415 0.305841
vt 0.698784 0.740411
vt 0.732827 0.296704
vt 0.738946 0.740411
vt 0.694415 0.296704
vt 0.698784 0.740411
vt 0.876878 0.305841
vt 0.376310 0.740411
vt 0.889559 0.740411
vt 0.868645 0.305841
vt 0.880950 0.740411
vt 0.876878 0.296704
vt 0.366758 0.740411
vt 0.889559 0.740411
vt 0.868645 0.296704
vt 0.880950 0.740411
vt 0.687821 0.305841
vt 0.691890 0.740411
vt 0.376310 0.740411
vt 0.687821 0.296704
vt 0.691890 0.740411
vt 0.366758 0.740411
vt 0.672434 0.296704
vt 0.366758 0.740411
vt 0.675803 0.740411
vt 0.672434 0.305841
vt 0.376310 0.740411
vt 0.675803 0.740411
vt 0.530717 0.305841
vt 0.527630 0.740411
vt 0.376310 0.740411
vt 0.530717 0.296704
vt 0.527630 0.740411
vt 0.366758 0.740411
vt 0.739292 0.305841
vt 0.745706 0.740411
vt 0.739292 0.296704
vt 0.745706 0.740411
vt 0.882593 0.578530
vt 0.895534 0.740411
vt 0.660019 0.740411
vt 0.876878 0.578530
vt 0.889559 0.740411
vt 0.668038 0.578530
vt 0.671206 0.740411
vt 0.663642 0.578530
vt 0.666610 0.740411
vt 0.459769 0.578530
vt 0.453450 0.740411
vt 0.408092 0.578531
vt 0.399420 0.740411
vt 0.261445 0.578530
vt 0.246093 0.740411
vt 0.660019 0.740411
vt 0.255927 0.578530
vt 0.240323 0.740411
vt 0.124419 0.578530
vt 0.102824 0.740411
vt 0.530717 0.578530
vt 0.527630 0.740411
vt 0.523065 0.578530
vt 0.519630 0.740411
vt 0.672434 0.578530
vt 0.660019 0.740411
vt 0.675803 0.740411
vt 0.880950 0.740411
vt 0.868645 0.578530
vt 0.739292 0.578530
vt 0.745706 0.740411
vt 0.536875 0.740411
vt 0.539560 0.578530
vt 0.361912 0.740411
vt 0.372219 0.578530
vt 0.458419 0.740411
vt 0.464522 0.578530
vt 0.660019 0.740411
vt 0.325199 0.740411
vt 0.337105 0.578530
vt 0.732827 0.578530
vt 0.738946 0.740411
vt 0.660019 0.740411
vt 0.102824 0.740411
vt 0.124419 0.584543
vt 0.372219 0.584543
vt 0.361912 0.740411
vt 0.399420 0.740411
vt 0.408092 0.584543
vt 0.663642 0.584543
vt 0.666610 0.740411
vt 0.539560 0.584543
vt 0.536875 0.740411
vt 0.880950 0.740411
vt 0.868645 0.584543
vt 0.876878 0.584543
vt 0.889559 0.740411
vt 0.675803 0.740411
vt 0.672434 0.584543
vt 0.669110 0.740411
vt 0.527630 0.740411
vt 0.530717 0.584543
vt 0.240323 0.740411
vt 0.255927 0.584543
vt 0.337105 0.584543
vt 0.325199 0.740411
vt 0.459769 0.584543
vt 0.453450 0.740411
vt 0.523065 0.584543
vt 0.519630 0.740411
vt 0.668038 0.584543
vt 0.671206 0.740411
vt 0.739292 0.584543
vt 0.745706 0.740411
vt 0.882593 0.584543
vt 0.669110 0.740411
vt 0.895534 0.740411
vt 0.732827 0.584543
vt 0.669110 0.740411
vt 0.738946 0.740411
vt 0.246093 0.740411
vt 0.261445 0.584543
vt 0.669110 0.740411
vt 0.464522 0.584543
vt 0.458419 0.740411
vt 0.669110 0.740411
vt 0.518324 0.578530
vt 0.514672 0.740411
vt 0.660019 0.740411
vt 0.518324 0.584543
vt 0.514672 0.740411
vt 0.669110 0.740411
vt 0.330558 0.578530
vt 0.660019 0.740411
vt 0.318354 0.740411
vt 0.669110 0.740411
vt 0.318354 0.740411
vt 0.330558 0.584543
vt 0.120487 0.578530
vt 0.660019 0.740411
vt 0.098713 0.740411
vt 0.669110 0.740411
vt 0.098713 0.740411
vt 0.120487 0.584543
vt 0.125903 0.339571
vt 0.087150 0.354791
vt 0.105806 0.354791
vt 0.124419 0.339571
vt 0.105806 0.354791
vt 0.372219 0.339571
vt 0.070946 0.339571
vt 0.927928 0.339571
vt 0.490927 0.339571
vt 0.411577 0.733131
vt 0.411577 0.733131
vt 0.408092 0.339571
vt 0.411577 0.733131
vt 0.663642 0.339571
vt 0.411577 0.733131
vt 0.539560 0.339571
vt 0.411577 0.733131
vt 0.694415 0.339571
vt 0.868645 0.339571
vt 0.411577 0.733131
vt 0.876878 0.339571
vt 0.687821 0.339571
vt 0.672434 0.339571
vt 0.530717 0.339571
vt 0.523065 0.339571
vt 0.668038 0.339571
vt 0.882593 0.339571
vt 0.518324 0.339571
vt 0.120487 0.339571
vt 0.485390 0.337028
vt 0.411577 0.726008
vt 0.411577 0.726008
vt 0.414733 0.337028
vt 0.459769 0.337028
vt 0.464522 0.337028
vt 0.087150 0.354791
vt 0.370735 0.339571
vt 0.255745 0.339571
vt 0.334978 0.339571
vt 0.328588 0.339571
vt 0.261131 0.339571
vt 0.411577 0.728624
vt 0.662733 0.339903
vt 0.411577 0.728624
vt 0.540469 0.339903
vt 0.411577 0.728624
vt 0.695227 0.339842
vt 0.867833 0.339842
vt 0.411577 0.728624
vt 0.740474 0.340385
vt 0.734189 0.340385
vt 0.087150 0.296520
vt 0.125903 0.396301
vt 0.105806 0.296520
vt 0.124419 0.396301
vt 0.105806 0.296520
vt 0.372219 0.396301
vt 0.070946 0.396301
vt 0.927928 0.396301
vt 0.490927 0.396301
vt 0.470892 0.733131
vt 0.470892 0.733131
vt 0.408092 0.396301
vt 0.470892 0.733131
vt 0.663698 0.396281
vt 0.470892 0.733131
vt 0.539504 0.396281
vt 0.470892 0.733131
vt 0.694365 0.396284
vt 0.868695 0.396284
vt 0.470892 0.733131
vt 0.876878 0.396301
vt 0.687821 0.396301
vt 0.672434 0.396301
vt 0.530717 0.396301
vt 0.523065 0.396301
vt 0.668038 0.396301
vt 0.882593 0.396301
vt 0.518324 0.396301
vt 0.120487 0.396301
vt 0.485390 0.389481
vt 0.470892 0.726008
vt 0.470892 0.726008
vt 0.414733 0.389481
vt 0.459769 0.389481
vt 0.464522 0.389481
vt 0.087150 0.296520
vt 0.370735 0.396301
vt 0.255745 0.396301
vt 0.334978 0.396301
vt 0.328588 0.396301
vt 0.261131 0.396301
vt 0.470892 0.728624
vt 0.662658 0.395829
vt 0.540544 0.395829
vt 0.470892 0.728624
vt 0.695294 0.395915
vt 0.470892 0.728624
vt 0.867766 0.395915
vt 0.470892 0.728624
vt 0.740474 0.395076
vt 0.734189 0.395076
vt 0.418580 0.808559
vt 0.418580 0.449237
vt 0.410385 0.733131
vt 0.418580 0.406224
vt 0.418580 0.418579
vt 0.410385 0.733131
vt 0.418580 0.577189
vt 0.410385 0.733131
vt 0.410385 0.733131
vt 0.418580 0.706726
vt 0.423873 0.226351
vt 0.423873 0.398656
vt 0.410385 0.726008
vt 0.423873 0.305841
vt 0.423873 0.296704
vt 0.418408 0.585504
vt 0.410385 0.728624
vt 0.410385 0.728624
vt 0.418408 0.706211
vt 0.410385 0.740411
vt 0.418580 0.577860
vt 0.418580 0.584543
vt 0.410385 0.740411
vt 0.423873 0.337028
vt 0.423873 0.389481
vt 0.481973 0.808559
vt 0.481973 0.449237
vt 0.476666 0.733131
vt 0.481973 0.406224
vt 0.481973 0.418579
vt 0.481973 0.577189
vt 0.481973 0.585884
vt 0.481973 0.706726
vt 0.478314 0.226351
vt 0.478314 0.398656
vt 0.476666 0.726008
vt 0.478314 0.305841
vt 0.478314 0.296704
vt 0.478314 0.337028
vt 0.478314 0.389481
vt 0.464522 0.339552
vt 0.459769 0.339552
vt 0.476561 0.339552
vt 0.459769 0.389481
vt 0.459769 0.388968
vt 0.464522 0.386957
vt 0.476561 0.386957
vt 0.425806 0.339552
vt 0.425806 0.386957
vt 0.464522 0.337028
vt 0.464522 0.337540
vt 0.459769 0.337028
vt 0.459769 0.337540
vt 0.478314 0.337028
vt 0.478314 0.337540
vt 0.464522 0.389481
vt 0.464522 0.388968
vt 0.459769 0.386957
vt 0.478314 0.389481
vt 0.478314 0.388968
vt 0.423873 0.337028
vt 0.423873 0.337540
vt 0.423873 0.389481
vt 0.423873 0.388968
vt 0.459769 0.339552
vt 0.459769 0.386957
vt 0.464522 0.339552
vt 0.464522 0.386957
vt 0.476561 0.339552
vt 0.476561 0.386957
vt 0.425806 0.339552
vt 0.425806 0.386957
vt 0.067514 0.494193
vt 0.784074 0.712549
vt 0.067514 0.522084
vt 0.784074 0.712549
vt 0.067514 0.494193
vt 0.784074 0.794567
vt 0.932486 0.494193
vt 0.932486 0.522084
vt 0.067514 0.522084
vt 0.784074 0.794567
vt 0.932486 0.494193
vt 0.067514 0.494193
vt 0.866092 0.712549
vt 0.067514 0.522084
vt 0.932486 0.522084
vt 0.866092 0.712549
vt 0.932486 0.494193
vt 0.866092 0.794567
vt 0.866092 0.794567
vt 0.932486 0.522084
vt 0.067514 0.802535
vt 0.784074 0.712549
vt 0.067514 0.807003
vt 0.784074 0.712549
vt 0.067514 0.802535
vt 0.784074 0.794567
vt 0.932486 0.802535
vt 0.932486 0.807003
vt 0.067514 0.807003
vt 0.784074 0.794567
vt 0.932486 0.802535
vt 0.067514 0.802535
vt 0.866092 0.712549
vt 0.067514 0.807003
vt 0.932486 0.807003
vt 0.866092 0.712549
vt 0.932486 0.802535
vt 0.866092 0.794567
vt 0.866092 0.794567
vt 0.932486 0.807003
s 0
usemtl buildingmat
f 761/1055/316 669/892/316 780/1094/316
f 760/1054/316 752/1040/316 786/1100/316
f 563/725/316 751/1039/316 755/1043/316
f 762/1056/316 639/852/316 775/1080/316
f 566/730/316 670/893/316 672/895/316
f 567/731/316 1033/1569/316 1035/1572/316
f 764/1059/316 1032/1568/316 1038/1575/316
f 765/1060/316 544/696/316 762/1056/316
f 568/732/316 545/699/316 564/727/316
f 986/1503/316 558/715/316 982/1497/316
f 807/1138/316 824/1161/316 823/1160/316
f 984/1499/316 671/894/316 997/1518/316
f 981/1495/316 754/1042/316 999/1520/316
f 562/723/316 564/727/316 558/715/316
f 561/721/316 1035/1572/316 1034/1571/316
f 560/718/316 672/895/316 671/894/316
f 557/713/316 755/1043/316 754/1042/316
f 575/743/316 756/1044/316 757/1045/316
f 578/748/316 673/896/316 674/897/316
f 574/741/317 966/1472/317 951/1451/317
f 580/751/316 570/735/316 576/745/316
f 554/709/316 576/745/316 542/693/316
f 1004/1528/316 823/1160/316 1006/1530/316
f 546/700/316 674/897/316 668/891/316
f 539/687/316 757/1045/316 753/1041/316
f 581/753/316 594/777/316 588/766/316
f 716/967/318 924/1389/318 710/957/318
f 776/1083/319 853/1218/319 719/974/319
f 585/759/319 833/1172/319 584/757/319
f 585/760/316 590/768/316 592/772/316
f 766/1062/316 589/767/316 767/1064/316
f 767/1064/316 631/839/316 773/1074/316
f 592/772/316 632/840/316 634/842/316
f 988/1507/316 633/841/316 994/1515/316
f 591/769/316 634/842/316 633/841/316
f 758/1047/319 944/1438/319 759/1049/319
f 588/766/316 636/847/316 630/838/316
f 595/779/316 622/825/316 616/816/316
f 661/881/320 882/1292/320 587/765/320
f 598/782/316 620/820/316 619/819/316
f 989/1509/316 619/819/316 992/1513/316
f 599/785/316 618/818/316 620/820/316
f 768/1066/316 617/817/316 771/1072/316
f 602/792/316 667/889/316 662/883/316
f 701/943/320 888/1304/320 601/791/320
f 605/795/319 1012/1540/319 990/1511/319
f 593/774/317 975/1485/317 953/1455/317
f 606/798/316 664/885/316 665/886/316
f 769/1067/316 663/884/316 779/1092/316
f 609/805/316 608/803/316 602/792/316
f 677/901/320 918/1375/320 690/925/320
f 612/808/316 606/798/316 605/796/316
f 991/1512/316 605/796/316 990/1510/316
f 613/809/316 604/794/316 606/798/316
f 770/1070/316 603/793/316 769/1067/316
f 771/1072/316 624/828/316 772/1073/316
f 620/820/316 625/829/316 627/831/316
f 992/1513/316 626/830/316 993/1514/316
f 619/819/316 627/831/316 626/830/316
f 622/825/316 628/834/316 629/836/316
f 616/816/316 629/836/316 623/827/316
f 623/827/316 661/882/316 655/874/316
f 759/1050/318 920/1380/318 703/948/318
f 626/830/316 659/878/316 658/877/316
f 993/1514/316 658/877/316 996/1517/316
f 627/831/316 657/876/316 659/878/316
f 772/1073/316 656/875/316 778/1089/316
f 630/838/316 654/873/316 648/867/316
f 636/847/316 653/872/316 654/873/316
f 633/841/316 652/871/316 651/870/316
f 994/1515/316 651/870/316 995/1516/316
f 634/842/316 650/869/316 652/871/316
f 773/1074/316 649/868/316 777/1086/316
f 545/698/319 646/864/319 564/728/319
f 638/850/320 816/1151/320 748/1031/320
f 558/716/319 1004/1527/319 982/1496/319
f 570/736/319 811/1144/319 576/746/319
f 774/1077/316 540/689/316 760/1054/316
f 541/691/320 647/865/320 638/850/320
f 640/853/320 803/1130/320 545/697/320
f 569/733/317 945/1442/317 946/1443/317
f 575/744/317 804/1132/317 569/733/317
f 775/1080/316 743/1021/316 784/1098/316
f 737/1009/320 1040/1578/320 1034/1570/320
f 561/720/319 1000/1522/319 985/1501/319
f 644/860/316 1018/1547/316 1017/1546/316
f 646/863/316 822/1159/316 824/1161/316
f 776/1084/316 1015/1543/316 1021/1552/316
f 645/862/316 1016/1544/316 1018/1547/316
f 777/1086/316 726/993/316 782/1096/316
f 652/871/316 727/994/316 729/996/316
f 995/1516/316 728/995/316 998/1519/316
f 651/870/316 729/996/316 728/995/316
f 654/873/316 730/997/316 731/998/316
f 648/867/316 731/998/316 725/992/316
f 778/1089/316 582/754/316 766/1062/316
f 659/878/316 583/755/316 585/760/316
f 996/1517/316 584/756/316 987/1505/316
f 658/877/316 585/760/316 584/756/316
f 722/983/318 925/1390/318 712/959/318
f 655/874/316 587/764/316 581/753/316
f 779/1092/316 697/938/316 781/1095/316
f 665/886/316 698/939/316 699/940/316
f 607/802/318 850/1211/318 666/888/318
f 666/888/318 843/1195/318 700/942/318
f 586/763/318 879/1286/318 660/879/318
f 662/883/316 701/944/316 696/937/316
f 668/891/316 615/814/316 609/805/316
f 674/897/316 614/812/316 615/814/316
f 671/894/316 613/809/316 612/808/316
f 997/1518/316 612/808/316 991/1512/316
f 672/895/316 611/807/316 613/809/316
f 780/1094/316 610/806/316 770/1070/316
f 670/893/316 685/914/316 611/807/316
f 664/885/316 702/946/316 698/939/316
f 657/876/316 681/907/316 583/755/316
f 650/869/316 732/1000/316 727/994/316
f 643/859/316 1019/1549/316 1016/1544/316
f 640/854/316 745/1026/316 744/1022/316
f 638/851/316 675/898/316 541/692/316
f 632/840/316 692/928/316 650/869/316
f 625/829/316 693/930/316 657/876/316
f 618/818/316 687/918/316 625/829/316
f 611/807/316 684/912/316 604/794/316
f 604/794/316 694/932/316 664/885/316
f 597/781/316 686/916/316 618/818/316
f 590/768/316 688/920/316 632/840/316
f 590/768/316 681/907/316 682/909/316
f 556/712/316 677/902/316 545/699/316
f 553/708/316 1036/1573/316 1033/1569/316
f 545/699/316 690/924/316 640/854/316
f 541/692/316 758/1048/316 751/1039/316
f 548/702/316 695/935/316 670/893/316
f 698/939/316 683/911/316 597/781/316
f 696/937/316 601/790/316 595/779/316
f 600/787/318 885/1298/318 700/942/318
f 716/967/318 858/1232/318 720/977/318
f 598/783/317 842/1192/317 599/784/317
f 699/940/316 597/781/316 599/785/316
f 781/1095/316 596/780/316 768/1066/316
f 702/946/316 711/958/316 683/911/316
f 741/1016/320 905/1347/320 691/927/320
f 675/899/320 943/1437/320 758/1046/320
f 712/959/318 926/1393/318 713/962/318
f 680/905/320 916/1370/320 677/901/320
f 745/1025/319 942/1432/319 746/1027/319
f 681/908/320 915/1368/320 682/910/320
f 721/982/318 927/1394/318 715/964/318
f 746/1028/318 930/1402/318 718/973/318
f 682/910/320 910/1358/320 688/921/320
f 686/916/316 715/965/316 687/918/316
f 720/977/318 928/1397/318 716/967/318
f 690/925/320 941/1431/320 745/1024/320
f 683/911/316 714/963/316 686/916/316
f 703/948/318 929/1399/318 717/970/318
f 608/804/320 900/1336/320 667/890/320
f 684/913/320 914/1367/320 694/933/320
f 679/904/316 1037/1574/316 1036/1573/316
f 717/970/318 937/1417/318 750/1036/318
f 666/888/318 890/1309/318 607/802/318
f 676/900/316 723/987/316 695/935/316
f 732/1000/316 707/954/316 679/904/316
f 727/994/316 679/904/316 553/708/316
f 725/992/316 579/749/316 551/705/316
f 731/998/316 573/739/316 579/749/316
f 728/995/316 567/731/316 561/721/316
f 998/1519/316 561/721/316 985/1500/316
f 729/996/316 553/708/316 567/731/316
f 782/1096/316 552/707/316 764/1059/316
f 685/915/320 913/1364/320 684/913/320
f 736/1008/316 691/926/316 643/859/316
f 554/710/317 795/1118/317 580/752/317
f 562/724/320 1023/1555/320 1017/1545/320
f 737/1010/316 645/862/316 644/860/316
f 644/861/320 800/1125/320 737/1009/320
f 783/1097/316 642/858/316 776/1084/316
f 738/1011/316 643/859/316 645/862/316
f 745/1026/316 750/1037/316 749/1034/316
f 744/1022/316 749/1034/316 748/1032/316
f 784/1098/316 747/1030/316 785/1099/316
f 748/1031/320 828/1165/320 744/1023/320
f 564/728/319 807/1139/319 558/716/319
f 576/746/319 813/1147/319 542/694/319
f 744/1023/320 822/1158/320 640/853/320
f 557/714/317 734/1005/317 563/726/317
f 563/726/317 641/856/317 541/690/317
f 539/688/317 810/1142/317 575/744/317
f 785/1099/316 637/849/316 774/1077/316
f 748/1032/316 689/922/316 638/851/316
f 708/955/318 1029/1565/318 1020/1550/318
f 758/1048/316 706/953/316 678/903/316
f 751/1039/316 678/903/316 547/701/316
f 753/1041/316 577/747/316 550/704/316
f 757/1045/316 571/737/316 577/747/316
f 754/1042/316 565/729/316 559/717/316
f 999/1520/316 559/717/316 983/1498/316
f 755/1043/316 547/701/316 565/729/316
f 786/1100/316 549/703/316 763/1058/316
f 759/1051/316 763/1058/316 706/953/316
f 750/1037/316 774/1077/316 717/968/316
f 746/1029/316 785/1099/316 750/1037/316
f 742/1020/316 776/1084/316 719/975/316
f 733/1003/316 764/1059/316 707/954/316
f 724/990/316 768/1066/316 711/958/316
f 723/987/316 770/1070/316 713/960/316
f 722/984/316 781/1095/316 724/990/316
f 718/971/317 874/1270/317 775/1079/317
f 720/978/316 782/1096/316 733/1003/316
f 606/799/319 845/1200/319 605/795/319
f 718/972/316 784/1098/316 746/1029/316
f 665/887/320 846/1203/320 606/797/320
f 699/941/320 849/1209/320 665/887/320
f 715/965/316 778/1089/316 721/980/316
f 714/963/316 772/1073/316 715/965/316
f 717/970/318 856/1227/318 703/948/318
f 774/1078/319 855/1224/319 717/969/319
f 711/958/316 771/1072/316 714/963/316
f 703/949/317 865/1249/317 760/1052/317
f 777/1087/320 872/1266/320 773/1075/320
f 719/976/318 1026/1559/318 1020/1550/318
f 707/954/316 1038/1575/316 1037/1574/316
f 760/1053/320 873/1268/320 774/1076/320
f 703/950/316 786/1100/316 759/1051/316
f 704/951/316 780/1094/316 723/987/316
f 1000/1521/316 1040/1577/316 1044/1582/316
f 794/1116/316 1041/1579/316 1042/1580/316
f 797/1121/316 1042/1580/316 1039/1576/316
f 787/1101/316 1025/1557/316 1022/1553/316
f 798/1123/316 1024/1556/316 1025/1557/316
f 1002/1525/316 1023/1554/316 1031/1567/316
f 799/1124/316 798/1123/316 787/1101/316
f 802/1128/316 796/1120/316 798/1123/316
f 1003/1526/316 793/1114/316 1002/1525/316
f 573/740/319 794/1117/319 579/750/319
f 579/750/319 797/1122/319 551/706/319
f 580/752/317 791/1109/317 574/741/317
f 811/1145/316 825/1162/316 826/1163/316
f 813/1148/316 826/1163/316 821/1157/316
f 740/1014/316 810/1143/316 739/1012/316
f 814/1149/316 804/1133/316 810/1143/316
f 808/1140/316 734/1006/316 805/1134/316
f 1005/1529/316 805/1134/316 980/1493/316
f 809/1141/316 641/857/316 734/1006/316
f 821/1157/316 832/1170/316 827/1164/316
f 826/1163/316 831/1169/316 832/1170/316
f 823/1160/316 830/1168/316 829/1167/316
f 1006/1530/316 829/1167/316 1007/1531/316
f 824/1161/316 828/1166/316 830/1168/316
f 830/1168/316 816/1152/316 818/1154/316
f 1007/1531/316 817/1153/316 1008/1532/316
f 829/1167/316 818/1154/316 817/1153/316
f 832/1170/316 819/1155/316 820/1156/316
f 827/1164/316 820/1156/316 815/1150/316
f 815/1150/316 814/1149/316 740/1014/316
f 820/1156/316 812/1146/316 814/1149/316
f 817/1153/316 809/1141/316 808/1140/316
f 1008/1532/316 808/1140/316 1005/1529/316
f 818/1154/316 647/866/316 809/1141/316
f 833/1171/316 837/1181/316 836/1179/316
f 1009/1534/316 836/1179/316 1010/1536/316
f 845/1201/316 849/1210/316 848/1208/316
f 1012/1539/316 848/1208/316 1013/1541/316
f 1013/1541/316 839/1187/316 1014/1542/316
f 848/1208/316 841/1190/316 839/1187/316
f 839/1187/316 842/1193/316 840/1188/316
f 1014/1542/316 840/1188/316 1011/1538/316
f 851/1213/316 868/1256/316 852/1216/316
f 853/1220/316 1027/1561/316 1026/1558/316
f 855/1225/316 865/1251/316 856/1226/316
f 857/1229/316 876/1277/316 858/1231/316
f 859/1234/316 870/1260/316 860/1237/316
f 860/1237/316 878/1282/316 861/1239/316
f 862/1242/316 872/1265/316 857/1229/316
f 852/1216/316 869/1258/316 862/1242/316
f 854/1221/316 866/1252/316 863/1244/316
f 863/1244/316 874/1271/316 864/1246/316
f 600/788/317 976/1486/317 954/1457/317
f 769/1068/320 871/1263/320 770/1069/320
f 591/770/317 837/1182/317 592/771/317
f 584/757/319 1009/1533/319 987/1504/319
f 720/979/317 876/1278/317 777/1085/317
f 779/1093/320 870/1261/320 769/1068/320
f 778/1090/319 851/1214/319 721/981/319
f 713/962/318 860/1238/318 712/959/318
f 722/985/317 878/1284/317 779/1091/317
f 773/1075/320 869/1259/320 767/1065/320
f 712/959/318 861/1241/318 722/983/318
f 767/1065/320 868/1257/320 766/1063/320
f 762/1057/320 867/1254/320 765/1061/320
f 710/957/318 857/1230/318 716/967/318
f 766/1063/320 877/1281/320 778/1088/320
f 709/956/318 862/1243/318 710/957/318
f 775/1081/320 866/1253/320 762/1057/320
f 708/955/318 863/1245/318 705/952/318
f 599/786/320 841/1191/320 699/941/320
f 770/1071/319 859/1236/319 713/961/319
f 765/1061/320 1027/1560/320 1021/1551/320
f 721/982/318 852/1217/318 709/956/318
f 592/773/320 834/1175/320 585/758/320
f 700/942/318 844/1199/318 600/787/318
f 586/763/318 838/1186/318 593/775/318
f 705/952/318 864/1248/318 718/973/318
f 882/1291/316 883/1293/316 884/1295/316
f 884/1295/316 897/1327/316 898/1330/316
f 888/1303/316 893/1315/316 894/1318/316
f 892/1313/316 899/1333/316 900/1335/316
f 891/1310/316 890/1308/316 892/1313/316
f 895/1321/316 879/1285/316 881/1289/316
f 881/1289/316 880/1287/316 882/1291/316
f 900/1335/316 885/1297/316 887/1301/316
f 887/1301/316 886/1299/316 888/1303/316
f 901/1337/316 926/1392/316 902/1340/316
f 914/1366/316 936/1414/316 919/1377/316
f 903/1342/316 923/1386/316 904/1344/316
f 911/1359/316 940/1426/316 939/1423/316
f 905/1346/316 1029/1564/316 1028/1563/316
f 918/1376/316 942/1434/316 941/1429/316
f 908/1353/316 920/1381/316 909/1355/316
f 910/1357/316 932/1405/316 911/1359/316
f 912/1361/316 933/1407/316 903/1342/316
f 902/1340/316 925/1391/316 913/1365/316
f 913/1365/316 934/1409/316 914/1366/316
f 915/1369/316 928/1398/316 910/1357/316
f 904/1344/316 924/1388/316 915/1369/316
f 906/1348/316 921/1382/316 916/1371/316
f 916/1371/316 930/1401/316 918/1376/316
f 909/1355/316 944/1440/316 943/1435/316
f 917/1373/316 931/1403/316 905/1346/316
f 907/1350/316 929/1400/316 908/1353/316
f 628/833/317 895/1322/317 629/835/317
f 614/811/317 891/1311/317 615/813/317
f 710/957/318 923/1387/318 709/956/318
f 705/952/318 922/1384/318 708/955/318
f 715/966/317 912/1362/317 687/917/317
f 719/976/318 938/1421/318 742/1018/318
f 718/973/318 921/1383/318 705/952/318
f 660/879/318 896/1326/318 628/832/318
f 629/837/320 881/1290/320 661/881/320
f 700/942/318 899/1334/318 666/888/318
f 742/1019/317 917/1374/317 741/1015/317
f 667/890/320 887/1302/320 701/943/320
f 695/936/320 902/1341/320 685/915/320
f 694/933/320 919/1378/320 702/945/320
f 693/931/320 904/1345/320 681/908/320
f 723/988/317 901/1339/317 695/934/317
f 635/844/318 883/1294/318 593/775/318
f 621/822/318 886/1300/318 600/787/318
f 607/802/318 889/1307/318 614/810/318
f 593/775/318 880/1288/318 586/763/318
f 702/947/319 936/1415/319 724/989/319
f 594/778/320 898/1331/320 636/846/320
f 601/791/320 894/1319/320 622/824/320
f 691/927/320 1028/1562/320 1019/1548/320
f 615/815/320 892/1314/320 608/804/320
f 587/765/320 884/1296/320 594/778/320
f 749/1035/320 908/1354/320 689/923/320
f 713/962/318 935/1413/318 723/986/318
f 636/848/319 897/1329/319 635/843/319
f 689/923/320 909/1356/320 675/899/320
f 692/929/320 939/1424/320 732/999/320
f 724/991/318 934/1410/318 722/983/318
f 688/921/320 911/1360/320 692/929/320
f 733/1004/318 932/1406/318 720/977/318
f 709/956/318 933/1408/318 721/982/318
f 750/1038/317 907/1352/317 749/1033/317
f 687/919/320 903/1343/320 693/931/320
f 732/1001/319 940/1428/319 733/1002/319
f 622/826/319 893/1317/319 621/821/319
f 952/1453/319 835/1177/319 586/761/319
f 954/1457/317 1011/1537/317 989/1508/317
f 843/1196/316 976/1487/316 844/1197/316
f 850/1212/316 979/1491/316 843/1196/316
f 847/1206/316 978/1490/316 850/1212/316
f 835/1178/316 975/1484/316 838/1184/316
f 819/1155/316 970/1478/316 812/1146/316
f 831/1169/316 973/1481/316 819/1155/316
f 825/1162/316 972/1480/316 831/1169/316
f 812/1146/316 945/1441/316 804/1133/316
f 801/1127/316 967/1474/316 796/1120/316
f 796/1120/316 1030/1566/316 1024/1556/316
f 789/1104/316 1043/1581/316 1041/1579/316
f 756/1044/316 948/1447/316 571/737/316
f 730/997/316 950/1449/316 573/739/316
f 673/896/316 956/1461/316 614/812/316
f 660/880/316 952/1454/316 586/762/316
f 653/872/316 963/1468/316 730/997/316
f 950/1450/319 789/1105/319 573/740/319
f 946/1443/317 980/1492/317 981/1494/317
f 947/1445/319 806/1136/319 570/736/319
f 635/845/316 960/1465/316 653/872/316
f 628/834/316 961/1466/316 660/880/316
f 621/823/316 958/1463/316 628/834/316
f 614/812/316 955/1459/316 607/800/316
f 953/1455/317 1010/1535/317 988/1506/317
f 955/1460/319 847/1207/319 607/801/319
f 600/789/316 957/1462/316 621/823/316
f 593/776/316 959/1464/316 635/845/316
f 806/1137/316 971/1479/316 825/1162/316
f 951/1451/317 1001/1523/317 986/1502/317
f 569/734/316 964/1469/316 756/1044/316
f 572/738/316 962/1467/316 673/896/316
f 574/742/316 947/1446/316 570/735/316
f 986/1502/317 792/1112/317 562/722/317
f 988/1506/317 836/1180/317 591/770/317
f 981/1494/317 805/1135/317 557/714/317
f 989/1508/317 840/1189/317 598/783/317
f 987/1504/319 974/1482/319 952/1453/319
f 979/1491/316 1011/1538/316 976/1487/316
f 978/1490/316 1014/1542/316 979/1491/316
f 977/1488/316 1013/1541/316 978/1490/316
f 974/1483/316 1010/1536/316 975/1484/316
f 973/1481/316 1005/1529/316 970/1478/316
f 972/1480/316 1008/1532/316 973/1481/316
f 971/1479/316 1007/1531/316 972/1480/316
f 970/1478/316 980/1493/316 945/1441/316
f 1043/1581/320 1053/1592/320 968/1475/320
f 1002/1525/318 1056/1598/318 1003/1526/318
f 965/1470/316 1044/1582/316 1043/1581/316
f 964/1469/316 983/1498/316 948/1447/316
f 963/1468/316 985/1500/316 950/1449/316
f 962/1467/316 991/1512/316 956/1461/316
f 961/1466/316 987/1505/316 952/1454/316
f 960/1465/316 998/1519/316 963/1468/316
f 985/1501/319 965/1471/319 950/1450/319
f 982/1496/319 969/1476/319 947/1445/319
f 959/1464/316 995/1516/316 960/1465/316
f 958/1463/316 996/1517/316 961/1466/316
f 957/1462/316 993/1514/316 958/1463/316
f 956/1461/316 990/1510/316 955/1459/316
f 990/1511/319 977/1489/319 955/1460/319
f 954/1458/316 992/1513/316 957/1462/316
f 953/1456/316 994/1515/316 959/1464/316
f 969/1477/316 1006/1530/316 971/1479/316
f 946/1444/316 999/1520/316 964/1469/316
f 949/1448/316 997/1518/316 962/1467/316
f 951/1452/316 982/1497/316 947/1446/316
f 1030/1566/316 1001/1524/316 966/1473/316
f 1024/1556/316 966/1473/316 791/1110/316
f 1019/1548/320 906/1349/320 680/905/320
f 1028/1563/316 922/1385/316 906/1348/316
f 1021/1551/320 875/1275/320 776/1082/320
f 1026/1558/316 867/1255/316 854/1221/316
f 1031/1567/316 792/1113/316 1001/1524/316
f 1025/1557/316 791/1110/316 795/1119/316
f 1022/1553/316 795/1119/316 788/1102/316
f 1020/1550/318 854/1222/318 708/955/318
f 1020/1550/318 931/1404/318 719/976/318
f 1017/1545/320 793/1115/320 644/861/320
f 1016/1544/316 680/906/316 556/712/316
f 1018/1547/316 556/712/316 568/732/316
f 1021/1552/316 555/711/316 765/1060/316
f 1017/1546/316 568/732/316 562/723/316
f 1003/1526/318 1058/1601/318 1044/1582/318
f 1041/1579/316 968/1475/316 801/1127/316
f 1039/1576/316 802/1128/316 799/1124/316
f 1042/1580/316 801/1127/316 802/1128/316
f 1044/1582/316 800/1126/316 1003/1526/316
f 1037/1574/316 783/1097/316 742/1020/316
f 1036/1573/316 742/1020/316 741/1017/316
f 1033/1569/316 741/1017/316 736/1008/316
f 1034/1570/320 790/1108/320 561/719/320
f 1034/1571/316 738/1011/316 737/1010/316
f 1038/1575/316 735/1007/316 783/1097/316
f 1035/1572/316 736/1008/316 738/1011/316
f 1057/1600/320 1064/1610/320 1049/1588/320
f 1046/1584/318 1067/1613/318 1051/1590/318
f 1051/1590/317 1068/1614/317 1052/1591/317
f 1030/1566/319 1060/1605/319 1031/1567/319
f 968/1475/320 1054/1594/320 967/1474/320
f 967/1474/320 1059/1603/320 1030/1566/320
f 1044/1582/317 1055/1596/317 1043/1581/317
f 1031/1567/318 1048/1586/318 1002/1525/318
f 1046/1584/316 1053/1593/316 1045/1583/316
f 1047/1585/316 1053/1593/316 1055/1597/316
f 1049/1588/316 1048/1587/316 1057/1600/316
f 1050/1589/316 1056/1599/316 1049/1588/316
f 1051/1590/316 1054/1595/316 1046/1584/316
f 1052/1591/316 1048/1587/316 1060/1606/316
f 1051/1590/316 1060/1606/316 1059/1604/316
f 1047/1585/316 1058/1602/316 1050/1589/316
f 1063/1609/316 1062/1608/316 1061/1607/316
f 1061/1607/316 1068/1614/316 1067/1613/316
f 1065/1611/316 1064/1610/316 1063/1609/316
f 1045/1583/318 1061/1607/318 1046/1584/318
f 1050/1589/319 1065/1611/319 1047/1585/319
f 1052/1591/320 1062/1608/320 1057/1600/320
f 1049/1588/320 1066/1612/320 1050/1589/320
f 1047/1585/318 1063/1609/318 1045/1583/318
f 1291/1983/319 1199/1820/319 1310/2022/319
f 1290/1982/319 1282/1968/319 1316/2028/319
f 1093/1653/319 1281/1967/319 1285/1971/319
f 1292/1984/319 1169/1780/319 1305/2008/319
f 1096/1658/319 1200/1821/319 1202/1823/319
f 1097/1659/319 1563/2497/319 1565/2500/319
f 1294/1987/319 1562/2496/319 1568/2503/319
f 1295/1988/319 1074/1624/319 1292/1984/319
f 1094/1655/319 1086/1640/319 1075/1627/319
f 1516/2431/319 1088/1643/319 1512/2425/319
f 1337/2066/319 1354/2089/319 1353/2088/319
f 1514/2427/319 1201/1822/319 1527/2446/319
f 1511/2423/319 1284/1970/319 1529/2448/319
f 1092/1651/319 1094/1655/319 1088/1643/319
f 1564/2499/319 1097/1659/319 1565/2500/319
f 1090/1646/319 1202/1823/319 1201/1822/319
f 1087/1641/319 1285/1971/319 1284/1970/319
f 1105/1671/319 1286/1972/319 1287/1973/319
f 1108/1676/319 1203/1824/319 1204/1825/319
f 1104/1669/316 1496/2400/316 1481/2379/316
f 1110/1679/319 1100/1663/319 1106/1673/319
f 1084/1637/319 1106/1673/319 1072/1621/319
f 1534/2456/319 1353/2088/319 1536/2458/319
f 1076/1628/319 1204/1825/319 1198/1819/319
f 1069/1615/319 1287/1973/319 1283/1969/319
f 1111/1681/319 1124/1705/319 1118/1694/319
f 1246/1895/318 1454/2317/318 1240/1885/318
f 1306/2011/321 1383/2146/321 1249/1902/321
f 1115/1687/321 1363/2100/321 1114/1685/321
f 1115/1688/319 1120/1696/319 1122/1700/319
f 1296/1990/319 1119/1695/319 1297/1992/319
f 1297/1992/319 1161/1767/319 1303/2002/319
f 1122/1700/319 1162/1768/319 1164/1770/319
f 1518/2435/319 1163/1769/319 1524/2443/319
f 1163/1769/319 1122/1700/319 1164/1770/319
f 1288/1975/321 1474/2366/321 1289/1977/321
f 1160/1766/319 1124/1705/319 1166/1775/319
f 1125/1707/319 1152/1753/319 1146/1744/319
f 1191/1809/320 1412/2220/320 1117/1693/320
f 1128/1710/319 1150/1748/319 1149/1747/319
f 1519/2437/319 1149/1747/319 1522/2441/319
f 1129/1713/319 1148/1746/319 1150/1748/319
f 1298/1994/319 1147/1745/319 1301/2000/319
f 1132/1720/319 1197/1817/319 1192/1811/319
f 1231/1871/320 1418/2232/320 1131/1719/320
f 1135/1723/321 1542/2468/321 1520/2439/321
f 1123/1702/316 1505/2413/316 1483/2383/316
f 1136/1726/319 1194/1813/319 1195/1814/319
f 1299/1995/319 1193/1812/319 1309/2020/319
f 1139/1733/319 1138/1731/319 1132/1720/319
f 1207/1829/320 1448/2303/320 1220/1853/320
f 1142/1736/319 1136/1726/319 1135/1724/319
f 1521/2440/319 1135/1724/319 1520/2438/319
f 1143/1737/319 1134/1722/319 1136/1726/319
f 1300/1998/319 1133/1721/319 1299/1995/319
f 1301/2000/319 1154/1756/319 1302/2001/319
f 1150/1748/319 1155/1757/319 1157/1759/319
f 1522/2441/319 1156/1758/319 1523/2442/319
f 1149/1747/319 1157/1759/319 1156/1758/319
f 1152/1753/319 1158/1762/319 1159/1764/319
f 1146/1744/319 1159/1764/319 1153/1755/319
f 1153/1755/319 1191/1810/319 1185/1802/319
f 1289/1978/318 1450/2308/318 1233/1876/318
f 1156/1758/319 1189/1806/319 1188/1805/319
f 1523/2442/319 1188/1805/319 1526/2445/319
f 1157/1759/319 1187/1804/319 1189/1806/319
f 1302/2001/319 1186/1803/319 1308/2017/319
f 1160/1766/319 1184/1801/319 1178/1795/319
f 1166/1775/319 1183/1800/319 1184/1801/319
f 1181/1798/319 1164/1770/319 1182/1799/319
f 1524/2443/319 1181/1798/319 1525/2444/319
f 1164/1770/319 1180/1797/319 1182/1799/319
f 1303/2002/319 1179/1796/319 1307/2014/319
f 1075/1626/321 1176/1792/321 1094/1656/321
f 1168/1778/320 1346/2079/320 1278/1959/320
f 1088/1644/321 1534/2455/321 1512/2424/321
f 1100/1664/321 1341/2072/321 1106/1674/321
f 1304/2005/319 1070/1617/319 1290/1982/319
f 1071/1619/320 1177/1793/320 1168/1778/320
f 1170/1781/320 1333/2058/320 1075/1625/320
f 1099/1661/316 1475/2370/316 1476/2371/316
f 1105/1672/316 1334/2060/316 1099/1661/316
f 1305/2008/319 1273/1949/319 1314/2026/319
f 1267/1937/320 1570/2506/320 1564/2498/320
f 1091/1648/321 1530/2450/321 1515/2429/321
f 1174/1788/319 1548/2475/319 1547/2474/319
f 1176/1791/319 1352/2087/319 1354/2089/319
f 1551/2480/319 1172/1786/319 1545/2471/319
f 1548/2475/319 1173/1787/319 1546/2472/319
f 1307/2014/319 1256/1921/319 1312/2024/319
f 1182/1799/319 1257/1922/319 1259/1924/319
f 1525/2444/319 1258/1923/319 1528/2447/319
f 1258/1923/319 1182/1799/319 1259/1924/319
f 1184/1801/319 1260/1925/319 1261/1926/319
f 1178/1795/319 1261/1926/319 1255/1920/319
f 1308/2017/319 1112/1682/319 1296/1990/319
f 1115/1688/319 1187/1804/319 1113/1683/319
f 1526/2445/319 1114/1684/319 1517/2433/319
f 1188/1805/319 1115/1688/319 1114/1684/319
f 1252/1911/318 1455/2318/318 1242/1887/318
f 1185/1802/319 1117/1692/319 1111/1681/319
f 1309/2020/319 1227/1866/319 1311/2023/319
f 1195/1814/319 1228/1867/319 1229/1868/319
f 1137/1730/318 1380/2139/318 1196/1816/318
f 1196/1816/318 1373/2123/318 1230/1870/318
f 1116/1690/318 1409/2214/318 1190/1807/318
f 1192/1811/319 1231/1872/319 1226/1865/319
f 1198/1819/319 1145/1742/319 1139/1733/319
f 1204/1825/319 1144/1740/319 1145/1742/319
f 1201/1822/319 1143/1737/319 1142/1736/319
f 1527/2446/319 1142/1736/319 1521/2440/319
f 1202/1823/319 1141/1735/319 1143/1737/319
f 1310/2022/319 1140/1734/319 1300/1998/319
f 1200/1821/319 1215/1842/319 1141/1735/319
f 1194/1813/319 1232/1874/319 1228/1867/319
f 1187/1804/319 1211/1835/319 1113/1683/319
f 1180/1797/319 1262/1928/319 1257/1922/319
f 1546/2472/319 1221/1854/319 1549/2477/319
f 1170/1782/319 1275/1954/319 1274/1950/319
f 1168/1779/319 1205/1826/319 1071/1620/319
f 1162/1768/319 1222/1856/319 1180/1797/319
f 1155/1757/319 1223/1858/319 1187/1804/319
f 1148/1746/319 1217/1846/319 1155/1757/319
f 1141/1735/319 1214/1840/319 1134/1722/319
f 1194/1813/319 1214/1840/319 1224/1860/319
f 1127/1709/319 1216/1844/319 1148/1746/319
f 1120/1696/319 1218/1848/319 1162/1768/319
f 1120/1696/319 1211/1835/319 1212/1837/319
f 1075/1627/319 1210/1834/319 1207/1830/319
f 1083/1636/319 1566/2501/319 1563/2497/319
f 1075/1627/319 1220/1852/319 1170/1782/319
f 1071/1620/319 1288/1976/319 1281/1967/319
f 1078/1630/319 1225/1863/319 1200/1821/319
f 1228/1867/319 1213/1839/319 1127/1709/319
f 1226/1865/319 1131/1718/319 1125/1707/319
f 1130/1715/318 1415/2226/318 1230/1870/318
f 1246/1895/318 1388/2160/318 1250/1905/318
f 1128/1711/316 1372/2120/316 1129/1712/316
f 1229/1868/319 1127/1709/319 1129/1713/319
f 1311/2023/319 1126/1708/319 1298/1994/319
f 1232/1874/319 1241/1886/319 1213/1839/319
f 1271/1944/320 1435/2275/320 1221/1855/320
f 1205/1827/320 1473/2365/320 1288/1974/320
f 1242/1887/318 1456/2321/318 1243/1890/318
f 1210/1833/320 1446/2298/320 1207/1829/320
f 1275/1953/321 1472/2360/321 1276/1955/321
f 1211/1836/320 1445/2296/320 1212/1838/320
f 1251/1910/318 1457/2322/318 1245/1892/318
f 1276/1956/318 1460/2330/318 1248/1901/318
f 1212/1838/320 1440/2286/320 1218/1849/320
f 1216/1844/319 1245/1893/319 1217/1846/319
f 1250/1905/318 1458/2325/318 1246/1895/318
f 1220/1853/320 1471/2359/320 1275/1952/320
f 1213/1839/319 1244/1891/319 1216/1844/319
f 1233/1876/318 1459/2327/318 1247/1897/318
f 1138/1732/320 1430/2264/320 1197/1818/320
f 1214/1841/320 1444/2295/320 1224/1861/320
f 1209/1832/319 1567/2502/319 1566/2501/319
f 1247/1897/318 1467/2345/318 1280/1964/318
f 1196/1816/318 1420/2237/318 1137/1730/318
f 1206/1828/319 1253/1915/319 1225/1863/319
f 1262/1928/319 1237/1882/319 1209/1832/319
f 1257/1922/319 1209/1832/319 1083/1636/319
f 1255/1920/319 1109/1677/319 1081/1633/319
f 1261/1926/319 1103/1667/319 1109/1677/319
f 1258/1923/319 1097/1659/319 1091/1649/319
f 1528/2447/319 1091/1649/319 1515/2428/319
f 1259/1924/319 1083/1636/319 1097/1659/319
f 1312/2024/319 1082/1635/319 1294/1987/319
f 1215/1843/320 1443/2292/320 1214/1841/320
f 1266/1936/319 1221/1854/319 1173/1787/319
f 1084/1638/316 1325/2046/316 1110/1680/316
f 1092/1652/320 1553/2483/320 1547/2473/320
f 1174/1788/319 1268/1939/319 1175/1790/319
f 1174/1789/320 1330/2053/320 1267/1937/320
f 1313/2025/319 1172/1786/319 1306/2012/319
f 1268/1939/319 1173/1787/319 1175/1790/319
f 1275/1954/319 1280/1965/319 1279/1962/319
f 1274/1950/319 1279/1962/319 1278/1960/319
f 1314/2026/319 1277/1958/319 1315/2027/319
f 1278/1959/320 1358/2093/320 1274/1951/320
f 1094/1656/321 1337/2067/321 1088/1644/321
f 1072/1622/321 1341/2072/321 1343/2075/321
f 1274/1951/320 1352/2086/320 1170/1781/320
f 1087/1642/316 1264/1933/316 1093/1654/316
f 1093/1654/316 1171/1784/316 1071/1618/316
f 1069/1616/316 1340/2070/316 1105/1672/316
f 1315/2027/319 1167/1777/319 1304/2005/319
f 1278/1960/319 1219/1850/319 1168/1779/319
f 1238/1883/318 1559/2493/318 1550/2478/318
f 1288/1976/319 1236/1881/319 1208/1831/319
f 1281/1967/319 1208/1831/319 1077/1629/319
f 1283/1969/319 1107/1675/319 1080/1632/319
f 1287/1973/319 1101/1665/319 1107/1675/319
f 1284/1970/319 1095/1657/319 1089/1645/319
f 1529/2448/319 1089/1645/319 1513/2426/319
f 1285/1971/319 1077/1629/319 1095/1657/319
f 1316/2028/319 1079/1631/319 1293/1986/319
f 1289/1979/319 1293/1986/319 1236/1881/319
f 1280/1965/319 1304/2005/319 1247/1896/319
f 1276/1957/319 1315/2027/319 1280/1965/319
f 1272/1947/319 1306/2012/319 1249/1903/319
f 1263/1931/319 1294/1987/319 1237/1882/319
f 1241/1886/319 1311/2023/319 1298/1994/319
f 1253/1915/319 1300/1998/319 1243/1888/319
f 1254/1918/319 1309/2020/319 1311/2023/319
f 1248/1899/316 1404/2198/316 1305/2007/316
f 1250/1906/319 1312/2024/319 1263/1931/319
f 1136/1727/321 1375/2128/321 1135/1723/321
f 1248/1900/319 1314/2026/319 1276/1957/319
f 1195/1815/320 1376/2131/320 1136/1725/320
f 1229/1869/320 1379/2137/320 1195/1815/320
f 1251/1908/319 1302/2001/319 1308/2017/319
f 1245/1893/319 1301/2000/319 1302/2001/319
f 1247/1897/318 1386/2155/318 1233/1876/318
f 1247/1898/321 1403/2195/321 1385/2151/321
f 1244/1891/319 1298/1994/319 1301/2000/319
f 1233/1877/316 1395/2177/316 1290/1980/316
f 1307/2015/320 1402/2194/320 1303/2003/320
f 1249/1904/318 1556/2487/318 1550/2478/318
f 1237/1882/319 1568/2503/319 1567/2502/319
f 1290/1981/320 1403/2196/320 1304/2004/320
f 1233/1878/319 1316/2028/319 1289/1979/319
f 1234/1879/319 1310/2022/319 1253/1915/319
f 1530/2449/319 1570/2505/319 1574/2510/319
f 1572/2508/319 1319/2032/319 1571/2507/319
f 1569/2504/319 1324/2044/319 1572/2508/319
f 1317/2029/319 1555/2485/319 1552/2481/319
f 1328/2051/319 1554/2484/319 1555/2485/319
f 1532/2453/319 1553/2482/319 1561/2495/319
f 1329/2052/319 1328/2051/319 1317/2029/319
f 1332/2056/319 1326/2048/319 1328/2051/319
f 1533/2454/319 1323/2042/319 1532/2453/319
f 1103/1668/321 1324/2045/321 1109/1678/321
f 1109/1678/321 1327/2050/321 1081/1634/321
f 1110/1680/316 1321/2037/316 1104/1669/316
f 1341/2073/319 1355/2090/319 1356/2091/319
f 1351/2085/319 1341/2073/319 1356/2091/319
f 1270/1942/319 1340/2071/319 1269/1940/319
f 1344/2077/319 1334/2061/319 1340/2071/319
f 1338/2068/319 1264/1934/319 1335/2062/319
f 1535/2457/319 1335/2062/319 1510/2421/319
f 1339/2069/319 1171/1785/319 1264/1934/319
f 1351/2085/319 1362/2098/319 1357/2092/319
f 1356/2091/319 1361/2097/319 1362/2098/319
f 1353/2088/319 1360/2096/319 1359/2095/319
f 1536/2458/319 1359/2095/319 1537/2459/319
f 1354/2089/319 1358/2094/319 1360/2096/319
f 1348/2082/319 1358/2094/319 1346/2080/319
f 1537/2459/319 1347/2081/319 1538/2460/319
f 1359/2095/319 1348/2082/319 1347/2081/319
f 1362/2098/319 1349/2083/319 1350/2084/319
f 1357/2092/319 1350/2084/319 1345/2078/319
f 1345/2078/319 1344/2077/319 1270/1942/319
f 1350/2084/319 1342/2074/319 1344/2077/319
f 1347/2081/319 1339/2069/319 1338/2068/319
f 1538/2460/319 1338/2068/319 1535/2457/319
f 1348/2082/319 1177/1794/319 1339/2069/319
f 1363/2099/319 1367/2109/319 1366/2107/319
f 1540/2464/319 1363/2099/319 1366/2107/319
f 1375/2129/319 1379/2138/319 1378/2136/319
f 1542/2467/319 1378/2136/319 1543/2469/319
f 1543/2469/319 1369/2115/319 1544/2470/319
f 1378/2136/319 1371/2118/319 1369/2115/319
f 1369/2115/319 1372/2121/319 1370/2116/319
f 1541/2466/319 1369/2115/319 1370/2116/319
f 1381/2142/319 1398/2184/319 1382/2144/319
f 1383/2148/319 1557/2489/319 1556/2486/319
f 1385/2153/319 1395/2179/319 1386/2154/319
f 1387/2157/319 1406/2205/319 1388/2159/319
f 1389/2163/319 1400/2188/319 1390/2165/319
f 1390/2165/319 1408/2210/319 1391/2167/319
f 1392/2170/319 1402/2193/319 1387/2157/319
f 1382/2144/319 1399/2186/319 1392/2170/319
f 1393/2172/319 1397/2183/319 1396/2180/319
f 1393/2172/319 1404/2199/319 1394/2174/319
f 1130/1716/316 1506/2415/316 1484/2385/316
f 1299/1996/320 1401/2191/320 1300/1997/320
f 1121/1698/316 1367/2110/316 1122/1699/316
f 1114/1685/321 1539/2461/321 1517/2432/321
f 1250/1907/316 1406/2206/316 1307/2013/316
f 1309/2021/320 1400/2189/320 1299/1996/320
f 1251/1909/321 1407/2208/321 1381/2141/321
f 1243/1890/318 1390/2166/318 1242/1887/318
f 1252/1913/316 1408/2212/316 1309/2019/316
f 1303/2003/320 1399/2187/320 1297/1993/320
f 1242/1887/318 1391/2169/318 1252/1911/318
f 1297/1993/320 1398/2185/320 1296/1991/320
f 1292/1985/320 1397/2182/320 1295/1989/320
f 1240/1885/318 1387/2158/318 1246/1895/318
f 1296/1991/320 1407/2209/320 1308/2016/320
f 1239/1884/318 1392/2171/318 1240/1885/318
f 1305/2009/320 1396/2181/320 1292/1985/320
f 1238/1883/318 1393/2173/318 1235/1880/318
f 1129/1714/320 1371/2119/320 1229/1869/320
f 1243/1889/321 1401/2192/321 1389/2162/321
f 1295/1989/320 1557/2488/320 1551/2479/320
f 1251/1910/318 1382/2145/318 1239/1884/318
f 1122/1701/320 1364/2103/320 1115/1686/320
f 1230/1870/318 1374/2126/318 1130/1715/318
f 1116/1690/318 1368/2113/318 1123/1703/318
f 1235/1880/318 1394/2176/318 1248/1901/318
f 1412/2219/319 1413/2221/319 1414/2223/319
f 1414/2223/319 1427/2255/319 1428/2258/319
f 1418/2231/319 1423/2243/319 1424/2246/319
f 1422/2241/319 1429/2261/319 1430/2263/319
f 1421/2238/319 1420/2236/319 1422/2241/319
f 1425/2249/319 1409/2213/319 1411/2217/319
f 1411/2217/319 1410/2215/319 1412/2219/319
f 1430/2263/319 1415/2225/319 1417/2229/319
f 1417/2229/319 1416/2227/319 1418/2231/319
f 1431/2265/319 1456/2320/319 1432/2268/319
f 1444/2294/319 1466/2342/319 1449/2305/319
f 1433/2270/319 1453/2314/319 1434/2272/319
f 1469/2351/319 1462/2333/319 1470/2354/319
f 1558/2491/319 1461/2331/319 1559/2492/319
f 1448/2304/319 1472/2362/319 1471/2357/319
f 1438/2281/319 1450/2309/319 1439/2283/319
f 1441/2287/319 1458/2326/319 1462/2333/319
f 1442/2289/319 1463/2335/319 1433/2270/319
f 1432/2268/319 1455/2319/319 1443/2293/319
f 1443/2293/319 1464/2337/319 1444/2294/319
f 1440/2285/319 1454/2316/319 1458/2326/319
f 1434/2272/319 1454/2316/319 1445/2297/319
f 1436/2276/319 1451/2310/319 1446/2299/319
f 1446/2299/319 1460/2329/319 1448/2304/319
f 1439/2283/319 1474/2368/319 1473/2363/319
f 1435/2274/319 1468/2348/319 1461/2331/319
f 1437/2278/319 1459/2328/319 1438/2281/319
f 1158/1761/316 1425/2250/316 1159/1763/316
f 1144/1739/316 1421/2239/316 1145/1741/316
f 1240/1885/318 1453/2315/318 1239/1884/318
f 1235/1880/318 1452/2312/318 1238/1883/318
f 1245/1894/316 1442/2290/316 1217/1845/316
f 1249/1904/318 1468/2349/318 1272/1946/318
f 1248/1901/318 1451/2311/318 1235/1880/318
f 1190/1807/318 1426/2254/318 1158/1760/318
f 1159/1765/320 1411/2218/320 1191/1809/320
f 1230/1870/318 1429/2262/318 1196/1816/318
f 1272/1948/316 1447/2302/316 1271/1943/316
f 1197/1818/320 1417/2230/320 1231/1871/320
f 1225/1864/320 1432/2269/320 1215/1843/320
f 1224/1861/320 1449/2306/320 1232/1873/320
f 1223/1859/320 1434/2273/320 1211/1836/320
f 1253/1916/316 1431/2267/316 1225/1862/316
f 1165/1772/318 1413/2222/318 1123/1703/318
f 1151/1750/318 1416/2228/318 1130/1715/318
f 1137/1730/318 1419/2235/318 1144/1738/318
f 1123/1703/318 1410/2216/318 1116/1690/318
f 1232/1875/321 1466/2343/321 1254/1917/321
f 1124/1706/320 1428/2259/320 1166/1774/320
f 1131/1719/320 1424/2247/320 1152/1752/320
f 1221/1855/320 1558/2490/320 1549/2476/320
f 1145/1743/320 1422/2242/320 1138/1732/320
f 1117/1693/320 1414/2224/320 1124/1706/320
f 1279/1963/320 1438/2282/320 1219/1851/320
f 1243/1890/318 1465/2341/318 1253/1914/318
f 1166/1776/321 1427/2257/321 1165/1771/321
f 1219/1851/320 1439/2284/320 1205/1827/320
f 1222/1857/320 1469/2352/320 1262/1927/320
f 1254/1919/318 1464/2338/318 1252/1911/318
f 1218/1849/320 1441/2288/320 1222/1857/320
f 1263/1932/318 1462/2334/318 1250/1905/318
f 1239/1884/318 1463/2336/318 1251/1910/318
f 1280/1966/316 1437/2280/316 1279/1961/316
f 1217/1847/320 1433/2271/320 1223/1859/320
f 1262/1929/321 1470/2356/321 1263/1930/321
f 1152/1754/321 1423/2245/321 1151/1749/321
f 1482/2382/321 1365/2105/321 1116/1689/321
f 1484/2385/316 1541/2465/316 1519/2436/316
f 1374/2127/319 1509/2419/319 1506/2414/319
f 1380/2140/319 1509/2419/319 1373/2124/319
f 1380/2140/319 1507/2416/319 1508/2418/319
f 1368/2114/319 1504/2411/319 1505/2412/319
f 1342/2074/319 1503/2409/319 1500/2406/319
f 1349/2083/319 1502/2408/319 1503/2409/319
f 1355/2090/319 1502/2408/319 1361/2097/319
f 1342/2074/319 1475/2369/319 1334/2061/319
f 1326/2048/319 1498/2403/319 1497/2402/319
f 1554/2484/319 1497/2402/319 1560/2494/319
f 1319/2032/319 1573/2509/319 1571/2507/319
f 1286/1972/319 1478/2375/319 1101/1665/319
f 1260/1925/319 1480/2377/319 1103/1667/319
f 1203/1824/319 1486/2389/319 1144/1740/319
f 1116/1691/319 1491/2394/319 1482/2381/319
f 1183/1800/319 1493/2396/319 1260/1925/319
f 1480/2378/321 1319/2033/321 1103/1668/321
f 1476/2371/316 1510/2420/316 1511/2422/316
f 1477/2373/321 1336/2064/321 1100/1664/321
f 1165/1773/319 1490/2393/319 1183/1800/319
f 1158/1762/319 1491/2394/319 1190/1808/319
f 1158/1762/319 1487/2390/319 1488/2391/319
f 1144/1740/319 1485/2387/319 1137/1728/319
f 1483/2383/316 1540/2463/316 1518/2434/316
f 1485/2388/321 1377/2135/321 1137/1729/321
f 1151/1751/319 1484/2386/319 1487/2390/319
f 1123/1704/319 1489/2392/319 1165/1773/319
f 1336/2065/319 1501/2407/319 1355/2090/319
f 1481/2379/316 1531/2451/316 1516/2430/316
f 1099/1662/319 1494/2397/319 1286/1972/319
f 1102/1666/319 1492/2395/319 1203/1824/319
f 1104/1670/319 1477/2374/319 1100/1663/319
f 1516/2430/316 1322/2040/316 1092/1650/316
f 1518/2434/316 1366/2108/316 1121/1698/316
f 1511/2422/316 1335/2063/316 1087/1642/316
f 1519/2436/316 1370/2117/316 1128/1711/316
f 1517/2432/321 1504/2410/321 1482/2382/321
f 1509/2419/319 1541/2466/319 1506/2414/319
f 1509/2419/319 1543/2469/319 1544/2470/319
f 1507/2416/319 1543/2469/319 1508/2418/319
f 1504/2411/319 1540/2464/319 1505/2412/319
f 1500/2406/319 1538/2460/319 1535/2457/319
f 1502/2408/319 1538/2460/319 1503/2409/319
f 1501/2407/319 1537/2459/319 1502/2408/319
f 1500/2406/319 1510/2421/319 1475/2369/319
f 1573/2509/320 1583/2520/320 1498/2403/320
f 1532/2453/318 1586/2526/318 1533/2454/318
f 1495/2398/319 1574/2510/319 1573/2509/319
f 1494/2397/319 1513/2426/319 1478/2375/319
f 1493/2396/319 1515/2428/319 1480/2377/319
f 1492/2395/319 1521/2440/319 1486/2389/319
f 1491/2394/319 1517/2433/319 1482/2381/319
f 1490/2393/319 1528/2447/319 1493/2396/319
f 1515/2429/321 1495/2399/321 1480/2378/321
f 1512/2424/321 1499/2404/321 1477/2373/321
f 1490/2393/319 1524/2443/319 1525/2444/319
f 1488/2391/319 1526/2445/319 1491/2394/319
f 1488/2391/319 1522/2441/319 1523/2442/319
f 1486/2389/319 1520/2438/319 1485/2387/319
f 1520/2439/321 1507/2417/321 1485/2388/321
f 1484/2386/319 1522/2441/319 1487/2390/319
f 1483/2384/319 1524/2443/319 1489/2392/319
f 1499/2405/319 1536/2458/319 1501/2407/319
f 1476/2372/319 1529/2448/319 1494/2397/319
f 1479/2376/319 1527/2446/319 1492/2395/319
f 1481/2380/319 1512/2425/319 1477/2374/319
f 1560/2494/319 1531/2452/319 1496/2401/319
f 1554/2484/319 1496/2401/319 1321/2038/319
f 1549/2476/320 1436/2277/320 1210/1833/320
f 1558/2491/319 1452/2313/319 1436/2276/319
f 1551/2479/320 1405/2203/320 1306/2010/320
f 1556/2486/319 1397/2183/319 1384/2149/319
f 1561/2495/319 1322/2041/319 1531/2452/319
f 1555/2485/319 1321/2038/319 1325/2047/319
f 1552/2481/319 1325/2047/319 1318/2030/319
f 1550/2478/318 1384/2150/318 1238/1883/318
f 1550/2478/318 1461/2332/318 1249/1904/318
f 1547/2473/320 1323/2043/320 1174/1789/320
f 1546/2472/319 1210/1834/319 1086/1640/319
f 1548/2475/319 1086/1640/319 1098/1660/319
f 1551/2480/319 1085/1639/319 1295/1988/319
f 1547/2474/319 1098/1660/319 1092/1651/319
f 1533/2454/318 1588/2529/318 1574/2510/318
f 1571/2507/319 1498/2403/319 1331/2055/319
f 1569/2504/319 1332/2056/319 1329/2052/319
f 1572/2508/319 1331/2055/319 1332/2056/319
f 1574/2510/319 1330/2054/319 1533/2454/319
f 1567/2502/319 1313/2025/319 1272/1947/319
f 1271/1945/319 1567/2502/319 1272/1947/319
f 1266/1936/319 1566/2501/319 1271/1945/319
f 1564/2498/320 1320/2036/320 1091/1647/320
f 1267/1938/319 1565/2500/319 1268/1939/319
f 1568/2503/319 1265/1935/319 1313/2025/319
f 1268/1939/319 1563/2497/319 1266/1936/319
f 1587/2528/320 1594/2538/320 1579/2516/320
f 1576/2512/318 1597/2541/318 1581/2518/318
f 1581/2518/316 1598/2542/316 1582/2519/316
f 1560/2494/321 1590/2533/321 1561/2495/321
f 1498/2403/320 1584/2522/320 1497/2402/320
f 1497/2402/320 1589/2531/320 1560/2494/320
f 1574/2510/316 1585/2524/316 1573/2509/316
f 1561/2495/318 1578/2514/318 1532/2453/318
f 1576/2512/319 1583/2521/319 1575/2511/319
f 1577/2513/322 1583/2521/322 1585/2525/322
f 1579/2516/319 1578/2515/319 1587/2528/319
f 1580/2517/319 1586/2527/319 1579/2516/319
f 1581/2518/319 1584/2523/319 1576/2512/319
f 1582/2519/322 1578/2515/322 1590/2534/322
f 1581/2518/319 1590/2534/319 1589/2532/319
f 1577/2513/319 1588/2530/319 1580/2517/319
f 1591/2535/319 1594/2538/319 1592/2536/319
f 1591/2535/319 1598/2542/319 1597/2541/319
f 1593/2537/319 1596/2540/319 1594/2538/319
f 1575/2511/318 1591/2535/318 1576/2512/318
f 1580/2517/321 1595/2539/321 1577/2513/321
f 1582/2519/320 1592/2536/320 1587/2528/320
f 1579/2516/320 1596/2540/320 1580/2517/320
f 1577/2513/318 1593/2537/318 1575/2511/318
f 1821/2911/321 1729/2748/321 1840/2950/321
f 1820/2910/321 1812/2896/321 1846/2956/321
f 1623/2581/321 1811/2895/321 1815/2899/321
f 1822/2912/321 1699/2708/321 1835/2936/321
f 1626/2586/321 1730/2749/321 1732/2751/321
f 1627/2587/321 2093/3425/321 2095/3428/321
f 1824/2915/321 2092/3424/321 2098/3431/321
f 1825/2916/321 1604/2552/321 1822/2912/321
f 1628/2588/321 1605/2555/321 1624/2583/321
f 2046/3359/321 1618/2571/321 2042/3353/321
f 1867/2994/321 1884/3017/321 1883/3016/321
f 2044/3355/321 1731/2750/321 2057/3374/321
f 2041/3351/321 1814/2898/321 2059/3376/321
f 1622/2579/321 1624/2583/321 1618/2571/321
f 1621/2576/321 2095/3428/321 2094/3427/321
f 1620/2574/321 1732/2751/321 1731/2750/321
f 1617/2569/321 1815/2899/321 1814/2898/321
f 1635/2599/321 1816/2900/321 1817/2901/321
f 1638/2604/321 1733/2752/321 1734/2753/321
f 1634/2597/319 2026/3328/319 2011/3307/319
f 1640/2607/321 1630/2591/321 1636/2601/321
f 1614/2565/321 1636/2601/321 1602/2549/321
f 2064/3384/321 1883/3016/321 2066/3386/321
f 1606/2556/321 1734/2753/321 1728/2747/321
f 1599/2543/321 1817/2901/321 1813/2897/321
f 1641/2609/321 1654/2633/321 1648/2622/321
f 1776/2823/318 1984/3245/318 1770/2813/318
f 1836/2939/317 1913/3074/317 1779/2830/317
f 1645/2615/317 1893/3028/317 1644/2613/317
f 1645/2616/321 1650/2624/321 1652/2628/321
f 1826/2918/321 1649/2623/321 1827/2920/321
f 1827/2920/321 1691/2695/321 1833/2930/321
f 1652/2628/321 1692/2696/321 1694/2698/321
f 2048/3363/321 1693/2697/321 2054/3371/321
f 1651/2625/321 1694/2698/321 1693/2697/321
f 1818/2903/317 2004/3294/317 1819/2905/317
f 1648/2622/321 1696/2703/321 1690/2694/321
f 1655/2635/321 1682/2681/321 1676/2672/321
f 1721/2737/320 1942/3148/320 1647/2621/320
f 1658/2638/321 1680/2676/321 1679/2675/321
f 2049/3365/321 1679/2675/321 2052/3369/321
f 1659/2641/321 1678/2674/321 1680/2676/321
f 1828/2922/321 1677/2673/321 1831/2928/321
f 1662/2648/321 1727/2745/321 1722/2739/321
f 1761/2799/320 1948/3160/320 1661/2647/320
f 1665/2651/317 2072/3396/317 2050/3367/317
f 1653/2630/319 2035/3341/319 2013/3311/319
f 1666/2654/321 1724/2741/321 1725/2742/321
f 1829/2923/321 1723/2740/321 1839/2948/321
f 1669/2661/321 1668/2659/321 1662/2648/321
f 1737/2757/320 1978/3231/320 1750/2781/320
f 1672/2664/321 1666/2654/321 1665/2652/321
f 2051/3368/321 1665/2652/321 2050/3366/321
f 1673/2665/321 1664/2650/321 1666/2654/321
f 1830/2926/321 1663/2649/321 1829/2923/321
f 1831/2928/321 1684/2684/321 1832/2929/321
f 1680/2676/321 1685/2685/321 1687/2687/321
f 2052/3369/321 1686/2686/321 2053/3370/321
f 1679/2675/321 1687/2687/321 1686/2686/321
f 1682/2681/321 1688/2690/321 1689/2692/321
f 1676/2672/321 1689/2692/321 1683/2683/321
f 1683/2683/321 1721/2738/321 1715/2730/321
f 1819/2906/318 1980/3236/318 1763/2804/318
f 1686/2686/321 1719/2734/321 1718/2733/321
f 2053/3370/321 1718/2733/321 2056/3373/321
f 1687/2687/321 1717/2732/321 1719/2734/321
f 1832/2929/321 1716/2731/321 1838/2945/321
f 1690/2694/321 1714/2729/321 1708/2723/321
f 1696/2703/321 1713/2728/321 1714/2729/321
f 1693/2697/321 1712/2727/321 1711/2726/321
f 2054/3371/321 1711/2726/321 2055/3372/321
f 1694/2698/321 1710/2725/321 1712/2727/321
f 1833/2930/321 1709/2724/321 1837/2942/321
f 1605/2554/317 1706/2720/317 1624/2584/317
f 1698/2706/320 1876/3007/320 1808/2887/320
f 1618/2572/317 2064/3383/317 2042/3352/317
f 1630/2592/317 1871/3000/317 1636/2602/317
f 1834/2933/321 1600/2545/321 1820/2910/321
f 1601/2547/320 1707/2721/320 1698/2706/320
f 1700/2709/320 1863/2986/320 1605/2553/320
f 1629/2589/319 2005/3298/319 2006/3299/319
f 1635/2600/319 1864/2988/319 1629/2589/319
f 1835/2936/321 1803/2877/321 1844/2954/321
f 1797/2866/320 2100/3434/320 2094/3426/320
f 1621/2575/317 2060/3378/317 2045/3357/317
f 1704/2716/321 2078/3403/321 2077/3402/321
f 1706/2719/321 1882/3015/321 1884/3017/321
f 1836/2940/321 2075/3399/321 2081/3408/321
f 1705/2718/321 2076/3400/321 2078/3403/321
f 1837/2942/321 1786/2849/321 1842/2952/321
f 1712/2727/321 1787/2850/321 1789/2852/321
f 2055/3372/321 1788/2851/321 2058/3375/321
f 1711/2726/321 1789/2852/321 1788/2851/321
f 1714/2729/321 1790/2853/321 1791/2854/321
f 1708/2723/321 1791/2854/321 1785/2848/321
f 1838/2945/321 1642/2610/321 1826/2918/321
f 1719/2734/321 1643/2611/321 1645/2616/321
f 2056/3373/321 1644/2612/321 2047/3361/321
f 1718/2733/321 1645/2616/321 1644/2612/321
f 1782/2839/318 1985/3246/318 1772/2815/318
f 1715/2730/321 1647/2620/321 1641/2609/321
f 1839/2948/321 1757/2794/321 1841/2951/321
f 1725/2742/321 1758/2795/321 1759/2796/321
f 1667/2658/318 1910/3067/318 1726/2744/318
f 1726/2744/318 1903/3051/318 1760/2798/318
f 1646/2618/318 1939/3142/318 1720/2735/318
f 1722/2739/321 1761/2800/321 1756/2793/321
f 1728/2747/321 1675/2670/321 1669/2661/321
f 1734/2753/321 1674/2668/321 1675/2670/321
f 1731/2750/321 1673/2665/321 1672/2664/321
f 2057/3374/321 1672/2664/321 2051/3368/321
f 1732/2751/321 1671/2663/321 1673/2665/321
f 1840/2950/321 1670/2662/321 1830/2926/321
f 1730/2749/321 1745/2770/321 1671/2663/321
f 1724/2741/321 1762/2802/321 1758/2795/321
f 1717/2732/321 1741/2763/321 1643/2611/321
f 1710/2725/321 1792/2855/321 1787/2850/321
f 1703/2715/321 2079/3405/321 2076/3400/321
f 1700/2710/321 1805/2882/321 1804/2878/321
f 1698/2707/321 1735/2754/321 1601/2548/321
f 1692/2696/321 1752/2784/321 1710/2725/321
f 1685/2685/321 1753/2786/321 1717/2732/321
f 1678/2674/321 1747/2774/321 1685/2685/321
f 1671/2663/321 1744/2768/321 1664/2650/321
f 1664/2650/321 1754/2788/321 1724/2741/321
f 1657/2637/321 1746/2772/321 1678/2674/321
f 1650/2624/321 1748/2776/321 1692/2696/321
f 1643/2611/321 1742/2765/321 1650/2624/321
f 1616/2568/321 1737/2758/321 1605/2555/321
f 1613/2564/321 2096/3429/321 2093/3425/321
f 1605/2555/321 1750/2780/321 1700/2710/321
f 1601/2548/321 1818/2904/321 1811/2895/321
f 1608/2558/321 1755/2791/321 1730/2749/321
f 1758/2795/321 1743/2767/321 1657/2637/321
f 1756/2793/321 1661/2646/321 1655/2635/321
f 1760/2798/318 1946/3156/318 1945/3154/318
f 1776/2823/318 1918/3088/318 1780/2833/318
f 1658/2639/319 1902/3048/319 1659/2640/319
f 1759/2796/321 1657/2637/321 1659/2641/321
f 1841/2951/321 1656/2636/321 1828/2922/321
f 1762/2802/321 1771/2814/321 1743/2767/321
f 1751/2783/320 1977/3228/320 1965/3203/320
f 1735/2755/320 2003/3293/320 1818/2902/320
f 1772/2815/318 1986/3249/318 1773/2818/318
f 1740/2761/320 1976/3226/320 1737/2757/320
f 1805/2881/317 2002/3288/317 1806/2883/317
f 1741/2764/320 1975/3224/320 1742/2766/320
f 1781/2838/318 1987/3250/318 1775/2820/318
f 1806/2884/318 1990/3258/318 1778/2829/318
f 1748/2777/320 1975/3224/320 1970/3214/320
f 1746/2772/321 1775/2821/321 1747/2774/321
f 1780/2833/318 1988/3253/318 1776/2823/318
f 1750/2781/320 2001/3287/320 1805/2880/320
f 1743/2767/321 1774/2819/321 1746/2772/321
f 1763/2804/318 1989/3255/318 1777/2826/318
f 1668/2660/320 1960/3192/320 1727/2746/320
f 1744/2769/320 1974/3223/320 1754/2789/320
f 1739/2760/321 2097/3430/321 2096/3429/321
f 1777/2826/318 1997/3273/318 1810/2892/318
f 1726/2744/318 1950/3165/318 1667/2658/318
f 1736/2756/321 1783/2843/321 1755/2791/321
f 1792/2855/321 1767/2810/321 1739/2760/321
f 1787/2850/321 1739/2760/321 1613/2564/321
f 1785/2848/321 1639/2605/321 1611/2561/321
f 1791/2854/321 1633/2595/321 1639/2605/321
f 1788/2851/321 1627/2587/321 1621/2576/321
f 2058/3375/321 1621/2576/321 2045/3356/321
f 1789/2852/321 1613/2564/321 1627/2587/321
f 1842/2952/321 1612/2563/321 1824/2915/321
f 1745/2771/320 1973/3220/320 1744/2769/320
f 1796/2864/321 1751/2782/321 1703/2715/321
f 1614/2566/319 1855/2974/319 1640/2608/319
f 1622/2580/320 2083/3411/320 2077/3401/320
f 1797/2865/321 1705/2718/321 1704/2716/321
f 1797/2866/320 1853/2971/320 1860/2981/320
f 1843/2953/321 1702/2714/321 1836/2940/321
f 1798/2867/321 1703/2715/321 1705/2718/321
f 1805/2882/321 1810/2893/321 1809/2890/321
f 1804/2878/321 1809/2890/321 1808/2888/321
f 1844/2954/321 1807/2886/321 1845/2955/321
f 1808/2887/320 1888/3021/320 1804/2879/320
f 1624/2584/317 1867/2995/317 1618/2572/317
f 1636/2602/317 1873/3003/317 1602/2550/317
f 1804/2879/320 1882/3014/320 1700/2709/320
f 1617/2570/319 1794/2861/319 1623/2582/319
f 1623/2582/319 1701/2712/319 1601/2546/319
f 1599/2544/319 1870/2998/319 1635/2600/319
f 1845/2955/321 1697/2705/321 1834/2933/321
f 1808/2888/321 1749/2778/321 1698/2707/321
f 1768/2811/318 2089/3421/318 2080/3406/318
f 1818/2904/321 1766/2809/321 1738/2759/321
f 1811/2895/321 1738/2759/321 1607/2557/321
f 1813/2897/321 1637/2603/321 1610/2560/321
f 1817/2901/321 1631/2593/321 1637/2603/321
f 1814/2898/321 1625/2585/321 1619/2573/321
f 2059/3376/321 1619/2573/321 2043/3354/321
f 1815/2899/321 1607/2557/321 1625/2585/321
f 1846/2956/321 1609/2559/321 1823/2914/321
f 1819/2907/321 1823/2914/321 1766/2809/321
f 1810/2893/321 1834/2933/321 1777/2824/321
f 1806/2885/321 1845/2955/321 1810/2893/321
f 1802/2876/321 1836/2940/321 1779/2831/321
f 1793/2859/321 1824/2915/321 1767/2810/321
f 1784/2846/321 1828/2922/321 1771/2814/321
f 1783/2843/321 1830/2926/321 1773/2816/321
f 1782/2840/321 1841/2951/321 1784/2846/321
f 1778/2827/319 1934/3126/319 1835/2935/319
f 1780/2834/321 1842/2952/321 1793/2859/321
f 1666/2655/317 1905/3056/317 1665/2651/317
f 1778/2828/321 1844/2954/321 1806/2885/321
f 1725/2743/320 1906/3059/320 1666/2653/320
f 1759/2797/320 1909/3065/320 1725/2743/320
f 1775/2821/321 1838/2945/321 1781/2836/321
f 1774/2819/321 1832/2929/321 1775/2821/321
f 1777/2826/318 1916/3083/318 1763/2804/318
f 1834/2934/317 1915/3080/317 1777/2825/317
f 1771/2814/321 1831/2928/321 1774/2819/321
f 1763/2805/319 1925/3105/319 1820/2908/319
f 1833/2931/320 1936/3132/320 1932/3122/320
f 1779/2832/318 2086/3415/318 2080/3406/318
f 1767/2810/321 2098/3431/321 2097/3430/321
f 1820/2909/320 1933/3124/320 1834/2932/320
f 1763/2806/321 1846/2956/321 1819/2907/321
f 1764/2807/321 1840/2950/321 1783/2843/321
f 2060/3377/321 2100/3433/321 2104/3438/321
f 1854/2972/321 2101/3435/321 2102/3436/321
f 1857/2977/321 2102/3436/321 2099/3432/321
f 1847/2957/321 2085/3413/321 2082/3409/321
f 1858/2979/321 2084/3412/321 2085/3413/321
f 2062/3381/321 2083/3410/321 2091/3423/321
f 1859/2980/321 1858/2979/321 1847/2957/321
f 1862/2984/321 1856/2976/321 1858/2979/321
f 2063/3382/321 1853/2970/321 2062/3381/321
f 1633/2596/317 1854/2973/317 1639/2606/317
f 1639/2606/317 1857/2978/317 1611/2562/317
f 1640/2608/319 1851/2965/319 1634/2597/319
f 1871/3001/321 1885/3018/321 1886/3019/321
f 1873/3004/321 1886/3019/321 1881/3013/321
f 1800/2870/321 1870/2999/321 1799/2868/321
f 1874/3005/321 1864/2989/321 1870/2999/321
f 1868/2996/321 1794/2862/321 1865/2990/321
f 2065/3385/321 1865/2990/321 2040/3349/321
f 1869/2997/321 1701/2713/321 1794/2862/321
f 1881/3013/321 1892/3026/321 1887/3020/321
f 1886/3019/321 1891/3025/321 1892/3026/321
f 1883/3016/321 1890/3024/321 1889/3023/321
f 2066/3386/321 1889/3023/321 2067/3387/321
f 1884/3017/321 1888/3022/321 1890/3024/321
f 1890/3024/321 1876/3008/321 1878/3010/321
f 2067/3387/321 1877/3009/321 2068/3388/321
f 1889/3023/321 1878/3010/321 1877/3009/321
f 1892/3026/321 1879/3011/321 1880/3012/321
f 1887/3020/321 1880/3012/321 1875/3006/321
f 1875/3006/321 1874/3005/321 1800/2870/321
f 1880/3012/321 1872/3002/321 1874/3005/321
f 1877/3009/321 1869/2997/321 1868/2996/321
f 2068/3388/321 1868/2996/321 2065/3385/321
f 1878/3010/321 1707/2722/321 1869/2997/321
f 1893/3027/321 1897/3037/321 1896/3035/321
f 2069/3390/321 1896/3035/321 2070/3392/321
f 1905/3057/321 1909/3066/321 1908/3064/321
f 2072/3395/321 1908/3064/321 2073/3397/321
f 2073/3397/321 1899/3043/321 2074/3398/321
f 1908/3064/321 1901/3046/321 1899/3043/321
f 1899/3043/321 1902/3049/321 1900/3044/321
f 2074/3398/321 1900/3044/321 2071/3394/321
f 1911/3069/321 1928/3112/321 1912/3072/321
f 1913/3076/321 2087/3417/321 2086/3414/321
f 1915/3081/321 1925/3107/321 1916/3082/321
f 1917/3085/321 1936/3133/321 1918/3087/321
f 1919/3090/321 1930/3116/321 1920/3093/321
f 1920/3093/321 1938/3138/321 1921/3095/321
f 1922/3098/321 1932/3121/321 1917/3085/321
f 1912/3072/321 1929/3114/321 1922/3098/321
f 1914/3077/321 1926/3108/321 1923/3100/321
f 1923/3100/321 1934/3127/321 1924/3102/321
f 1660/2644/319 2036/3342/319 2014/3313/319
f 1829/2924/320 1931/3119/320 1830/2925/320
f 1651/2626/319 1897/3038/319 1652/2627/319
f 1644/2613/317 2069/3389/317 2047/3360/317
f 1780/2835/319 1936/3134/319 1837/2941/319
f 1839/2949/320 1930/3117/320 1829/2924/320
f 1838/2946/317 1911/3070/317 1781/2837/317
f 1773/2818/318 1920/3094/318 1772/2815/318
f 1782/2841/319 1938/3140/319 1839/2947/319
f 1833/2931/320 1929/3115/320 1827/2921/320
f 1772/2815/318 1921/3097/318 1782/2839/318
f 1827/2921/320 1928/3113/320 1826/2919/320
f 1822/2913/320 1927/3110/320 1825/2917/320
f 1770/2813/318 1917/3086/318 1776/2823/318
f 1826/2919/320 1937/3137/320 1838/2944/320
f 1769/2812/318 1922/3099/318 1770/2813/318
f 1822/2913/320 1934/3128/320 1926/3109/320
f 1768/2811/318 1923/3101/318 1765/2808/318
f 1659/2642/320 1901/3047/320 1759/2797/320
f 1830/2927/317 1919/3092/317 1773/2817/317
f 1825/2917/320 2087/3416/320 2081/3407/320
f 1781/2838/318 1912/3073/318 1769/2812/318
f 1652/2629/320 1894/3031/320 1645/2614/320
f 1760/2798/318 1904/3055/318 1660/2643/318
f 1646/2618/318 1898/3042/318 1653/2631/318
f 1765/2808/318 1924/3104/318 1778/2829/318
f 1942/3147/321 1943/3149/321 1944/3151/321
f 1944/3151/321 1957/3183/321 1958/3186/321
f 1948/3159/321 1953/3171/321 1954/3174/321
f 1952/3169/321 1959/3189/321 1960/3191/321
f 1951/3166/321 1950/3164/321 1952/3169/321
f 1955/3177/321 1939/3141/321 1941/3145/321
f 1941/3145/321 1940/3143/321 1942/3147/321
f 1960/3191/321 1945/3153/321 1947/3157/321
f 1947/3157/321 1946/3155/321 1948/3159/321
f 1961/3193/321 1986/3248/321 1962/3196/321
f 1974/3222/321 1996/3270/321 1979/3233/321
f 1963/3198/321 1983/3242/321 1964/3200/321
f 1971/3215/321 2000/3282/321 1999/3279/321
f 1965/3202/321 2089/3420/321 2088/3419/321
f 1978/3232/321 2002/3290/321 2001/3285/321
f 1968/3209/321 1980/3237/321 1969/3211/321
f 1970/3213/321 1992/3261/321 1971/3215/321
f 1972/3217/321 1993/3263/321 1963/3198/321
f 1962/3196/321 1985/3247/321 1973/3221/321
f 1973/3221/321 1994/3265/321 1974/3222/321
f 1975/3225/321 1988/3254/321 1970/3213/321
f 1964/3200/321 1984/3244/321 1975/3225/321
f 1966/3204/321 1981/3238/321 1976/3227/321
f 1976/3227/321 1990/3257/321 1978/3232/321
f 1969/3211/321 2004/3296/321 2003/3291/321
f 1977/3229/321 1991/3259/321 1965/3202/321
f 1967/3206/321 1989/3256/321 1968/3209/321
f 1688/2689/319 1955/3178/319 1689/2691/319
f 1674/2667/319 1951/3167/319 1675/2669/319
f 1770/2813/318 1983/3243/318 1769/2812/318
f 1765/2808/318 1982/3240/318 1768/2811/318
f 1775/2822/319 1972/3218/319 1747/2773/319
f 1779/2832/318 1998/3277/318 1802/2874/318
f 1778/2829/318 1981/3239/318 1765/2808/318
f 1720/2735/318 1956/3182/318 1688/2688/318
f 1689/2693/320 1941/3146/320 1721/2737/320
f 1760/2798/318 1959/3190/318 1726/2744/318
f 1802/2875/319 1977/3230/319 1801/2871/319
f 1727/2746/320 1947/3158/320 1761/2799/320
f 1755/2792/320 1962/3197/320 1745/2771/320
f 1754/2789/320 1979/3234/320 1762/2801/320
f 1753/2787/320 1964/3201/320 1741/2764/320
f 1783/2844/319 1961/3195/319 1755/2790/319
f 1695/2700/318 1943/3150/318 1653/2631/318
f 1681/2678/318 1946/3156/318 1660/2643/318
f 1667/2658/318 1949/3163/318 1674/2666/318
f 1653/2631/318 1940/3144/318 1646/2618/318
f 1762/2803/317 1996/3271/317 1784/2845/317
f 1654/2634/320 1958/3187/320 1696/2702/320
f 1661/2647/320 1954/3175/320 1682/2680/320
f 2079/3404/320 1965/3203/320 2088/3418/320
f 1675/2671/320 1952/3170/320 1668/2660/320
f 1647/2621/320 1944/3152/320 1654/2634/320
f 1809/2891/320 1968/3210/320 1749/2779/320
f 1773/2818/318 1995/3269/318 1783/2842/318
f 1696/2704/317 1957/3185/317 1695/2699/317
f 1749/2779/320 1969/3212/320 1735/2755/320
f 1792/2856/320 1971/3216/320 1999/3280/320
f 1784/2847/318 1994/3266/318 1782/2839/318
f 1752/2785/320 1970/3214/320 1971/3216/320
f 1793/2860/318 1992/3262/318 1780/2833/318
f 1769/2812/318 1993/3264/318 1781/2838/318
f 1810/2894/319 1967/3208/319 1809/2889/319
f 1747/2775/320 1963/3199/320 1753/2787/320
f 1792/2857/317 2000/3284/317 1793/2858/317
f 1682/2682/317 1953/3173/317 1681/2677/317
f 1646/2619/317 2034/3338/317 1895/3032/317
f 2014/3313/319 2071/3393/319 2049/3364/319
f 1903/3052/321 2036/3343/321 1904/3053/321
f 1910/3068/321 2039/3347/321 1903/3052/321
f 1907/3062/321 2038/3346/321 1910/3068/321
f 1895/3034/321 2035/3340/321 1898/3040/321
f 1879/3011/321 2030/3334/321 1872/3002/321
f 1891/3025/321 2033/3337/321 1879/3011/321
f 1885/3018/321 2032/3336/321 1891/3025/321
f 1872/3002/321 2005/3297/321 1864/2989/321
f 1861/2983/321 2027/3330/321 1856/2976/321
f 1856/2976/321 2090/3422/321 2084/3412/321
f 1849/2960/321 2103/3437/321 2101/3435/321
f 1816/2900/321 2008/3303/321 1631/2593/321
f 1790/2853/321 2010/3305/321 1633/2595/321
f 1733/2752/321 2016/3317/321 1674/2668/321
f 1720/2736/321 2012/3310/321 1646/2617/321
f 1713/2728/321 2023/3324/321 1790/2853/321
f 2010/3306/317 1849/2961/317 1633/2596/317
f 2006/3299/319 2040/3348/319 2041/3350/319
f 2007/3301/317 1866/2992/317 1630/2592/317
f 1695/2701/321 2020/3321/321 1713/2728/321
f 1688/2690/321 2021/3322/321 1720/2736/321
f 1681/2679/321 2018/3319/321 1688/2690/321
f 1674/2668/321 2015/3315/321 1667/2656/321
f 2013/3311/319 2070/3391/319 2048/3362/319
f 2015/3316/317 1907/3063/317 1667/2657/317
f 1660/2645/321 2017/3318/321 1681/2679/321
f 1653/2632/321 2019/3320/321 1695/2701/321
f 1866/2993/321 2031/3335/321 1885/3018/321
f 2011/3307/319 2061/3379/319 2046/3358/319
f 1629/2590/321 2024/3325/321 1816/2900/321
f 1632/2594/321 2022/3323/321 1733/2752/321
f 1634/2598/321 2007/3302/321 1630/2591/321
f 2046/3358/319 1852/2968/319 1622/2578/319
f 2048/3362/319 1896/3036/319 1651/2626/319
f 2041/3350/319 1865/2991/319 1617/2570/319
f 2049/3364/319 1900/3045/319 1658/2639/319
f 2047/3360/317 2034/3338/317 2012/3309/317
f 2039/3347/321 2071/3394/321 2036/3343/321
f 2038/3346/321 2074/3398/321 2039/3347/321
f 2037/3344/321 2073/3397/321 2038/3346/321
f 2034/3339/321 2070/3392/321 2035/3340/321
f 2033/3337/321 2065/3385/321 2030/3334/321
f 2032/3336/321 2068/3388/321 2033/3337/321
f 2031/3335/321 2067/3387/321 2032/3336/321
f 2030/3334/321 2040/3349/321 2005/3297/321
f 2028/3331/320 2115/3452/320 2113/3448/320
f 2062/3381/318 2116/3454/318 2063/3382/318
f 2025/3326/321 2104/3438/321 2103/3437/321
f 2024/3325/321 2043/3354/321 2008/3303/321
f 2023/3324/321 2045/3356/321 2010/3305/321
f 2022/3323/321 2051/3368/321 2016/3317/321
f 2021/3322/321 2047/3361/321 2012/3310/321
f 2020/3321/321 2058/3375/321 2023/3324/321
f 2045/3357/317 2025/3327/317 2010/3306/317
f 2042/3352/317 2029/3332/317 2007/3301/317
f 2019/3320/321 2055/3372/321 2020/3321/321
f 2018/3319/321 2056/3373/321 2021/3322/321
f 2017/3318/321 2053/3370/321 2018/3319/321
f 2016/3317/321 2050/3366/321 2015/3315/321
f 2050/3367/317 2037/3345/317 2015/3316/317
f 2014/3314/321 2052/3369/321 2017/3318/321
f 2013/3312/321 2054/3371/321 2019/3320/321
f 2029/3333/321 2066/3386/321 2031/3335/321
f 2006/3300/321 2059/3376/321 2024/3325/321
f 2009/3304/321 2057/3374/321 2022/3323/321
f 2011/3308/321 2042/3353/321 2007/3302/321
f 2090/3422/321 2061/3380/321 2026/3329/321
f 2084/3412/321 2026/3329/321 1851/2966/321
f 2079/3404/320 1966/3205/320 1740/2761/320
f 2088/3419/321 1982/3241/321 1966/3204/321
f 2081/3407/320 1935/3131/320 1836/2938/320
f 2086/3414/321 1927/3111/321 1914/3077/321
f 2091/3423/321 1852/2969/321 2061/3380/321
f 2085/3413/321 1851/2966/321 1855/2975/321
f 2082/3409/321 1855/2975/321 1848/2958/321
f 1768/2811/318 2086/3415/318 1914/3078/318
f 2080/3406/318 1991/3260/318 1779/2832/318
f 2077/3401/320 1853/2971/320 1704/2717/320
f 2076/3400/321 1740/2762/321 1616/2568/321
f 2078/3403/321 1616/2568/321 1628/2588/321
f 2081/3408/321 1615/2567/321 1825/2916/321
f 2077/3402/321 1628/2588/321 1622/2579/321
f 2063/3382/318 2118/3457/318 2104/3438/318
f 2101/3435/321 2028/3331/321 1861/2983/321
f 2099/3432/321 1862/2984/321 1859/2980/321
f 2102/3436/321 1861/2983/321 1862/2984/321
f 2104/3438/321 1860/2982/321 2063/3382/321
f 2097/3430/321 1843/2953/321 1802/2876/321
f 2096/3429/321 1802/2876/321 1801/2873/321
f 2093/3425/321 1801/2873/321 1796/2864/321
f 1621/2577/320 2100/3434/320 1850/2962/320
f 2094/3427/321 1798/2867/321 1797/2865/321
f 2098/3431/321 1795/2863/321 1843/2953/321
f 2095/3428/321 1796/2864/321 1798/2867/321
f 2109/3444/320 2122/3464/320 2124/3466/320
f 2106/3440/318 2127/3469/318 2111/3446/318
f 2111/3446/319 2128/3470/319 2112/3447/319
f 2090/3422/317 2120/3461/317 2091/3423/317
f 2027/3330/320 2113/3448/320 2114/3450/320
f 2027/3330/320 2119/3459/320 2090/3422/320
f 2104/3438/319 2115/3452/319 2103/3437/319
f 2091/3423/318 2108/3442/318 2062/3381/318
f 2106/3440/321 2113/3449/321 2105/3439/321
f 2107/3441/321 2113/3449/321 2115/3453/321
f 2109/3444/321 2108/3443/321 2117/3456/321
f 2110/3445/321 2116/3455/321 2109/3444/321
f 2111/3446/321 2114/3451/321 2106/3440/321
f 2112/3447/321 2108/3443/321 2120/3462/321
f 2111/3446/321 2120/3462/321 2119/3460/321
f 2107/3441/321 2118/3458/321 2110/3445/321
f 2123/3465/321 2122/3464/321 2121/3463/321
f 2121/3463/321 2128/3470/321 2127/3469/321
f 2125/3467/321 2124/3466/321 2123/3465/321
f 2105/3439/318 2121/3463/318 2106/3440/318
f 2110/3445/317 2125/3467/317 2107/3441/317
f 2112/3447/320 2122/3464/320 2117/3456/320
f 2109/3444/320 2126/3468/320 2110/3445/320
f 2107/3441/318 2123/3465/318 2105/3439/318
f 2351/3839/317 2259/3676/317 2370/3878/317
f 2350/3838/317 2342/3824/317 2376/3884/317
f 2153/3509/317 2341/3823/317 2345/3827/317
f 2352/3840/317 2229/3636/317 2365/3864/317
f 2262/3679/317 2138/3486/317 2260/3677/317
f 2157/3515/317 2623/4353/317 2625/4356/317
f 2354/3843/317 2622/4352/317 2628/4359/317
f 2355/3844/317 2134/3480/317 2352/3840/317
f 2158/3516/317 2135/3483/317 2154/3511/317
f 2576/4287/317 2148/3499/317 2572/4281/317
f 2413/3944/317 2236/3647/317 2414/3945/317
f 2587/4302/317 2150/3502/317 2261/3678/317
f 2571/4279/317 2344/3826/317 2589/4304/317
f 2152/3507/317 2154/3511/317 2148/3499/317
f 2151/3505/317 2625/4356/317 2624/4355/317
f 2150/3502/317 2262/3679/317 2261/3678/317
f 2147/3497/317 2345/3827/317 2344/3826/317
f 2165/3527/317 2346/3828/317 2347/3829/317
f 2168/3532/317 2263/3680/317 2264/3681/317
f 2164/3525/321 2556/4256/321 2541/4235/321
f 2170/3535/317 2160/3519/317 2166/3529/317
f 2144/3493/317 2166/3529/317 2132/3477/317
f 2596/4314/317 2397/3922/317 2413/3944/317
f 2136/3484/317 2264/3681/317 2258/3675/317
f 2129/3471/317 2347/3829/317 2343/3825/317
f 2171/3537/317 2184/3561/317 2178/3550/317
f 2306/3751/318 2514/4173/318 2300/3741/318
f 2366/3867/316 2443/4002/316 2309/3758/316
f 2175/3543/316 2423/3956/316 2174/3541/316
f 2182/3556/317 2173/3539/317 2180/3552/317
f 2356/3846/317 2179/3551/317 2357/3848/317
f 2357/3848/317 2221/3623/317 2363/3858/317
f 2182/3556/317 2222/3624/317 2224/3626/317
f 2578/4291/317 2223/3625/317 2584/4299/317
f 2181/3553/317 2224/3626/317 2223/3625/317
f 2348/3831/316 2534/4222/316 2349/3833/316
f 2178/3550/317 2226/3631/317 2220/3622/317
f 2185/3563/317 2212/3609/317 2206/3600/317
f 2251/3665/320 2472/4076/320 2177/3549/320
f 2188/3566/317 2210/3604/317 2209/3603/317
f 2579/4293/317 2209/3603/317 2582/4297/317
f 2189/3569/317 2208/3602/317 2210/3604/317
f 2358/3850/317 2207/3601/317 2361/3856/317
f 2192/3576/317 2257/3673/317 2252/3667/317
f 2291/3727/320 2478/4088/320 2191/3575/320
f 2195/3579/316 2602/4324/316 2580/4295/316
f 2183/3558/321 2565/4268/321 2543/4239/321
f 2196/3582/317 2254/3669/317 2255/3670/317
f 2369/3876/317 2193/3577/317 2253/3668/317
f 2192/3576/317 2205/3598/317 2198/3587/317
f 2267/3685/320 2508/4159/320 2280/3709/320
f 2202/3592/317 2196/3582/317 2195/3580/317
f 2581/4296/317 2195/3580/317 2580/4294/317
f 2203/3593/317 2194/3578/317 2196/3582/317
f 2360/3854/317 2193/3577/317 2359/3851/317
f 2361/3856/317 2214/3612/317 2362/3857/317
f 2210/3604/317 2215/3613/317 2217/3615/317
f 2582/4297/317 2216/3614/317 2583/4298/317
f 2209/3603/317 2217/3615/317 2216/3614/317
f 2212/3609/317 2218/3618/317 2219/3620/317
f 2206/3600/317 2219/3620/317 2213/3611/317
f 2245/3658/317 2219/3620/317 2251/3666/317
f 2349/3834/318 2510/4164/318 2293/3732/318
f 2216/3614/317 2249/3662/317 2248/3661/317
f 2583/4298/317 2248/3661/317 2586/4301/317
f 2217/3615/317 2247/3660/317 2249/3662/317
f 2362/3857/317 2246/3659/317 2368/3873/317
f 2220/3622/317 2244/3657/317 2238/3651/317
f 2226/3631/317 2243/3656/317 2244/3657/317
f 2223/3625/317 2242/3655/317 2241/3654/317
f 2584/4299/317 2241/3654/317 2585/4300/317
f 2224/3626/317 2240/3653/317 2242/3655/317
f 2363/3858/317 2239/3652/317 2367/3870/317
f 2135/3482/316 2236/3648/316 2154/3512/316
f 2228/3634/320 2406/3935/320 2338/3815/320
f 2148/3500/316 2594/4311/316 2572/4280/316
f 2160/3520/316 2401/3928/316 2166/3530/316
f 2350/3838/317 2227/3633/317 2130/3473/317
f 2131/3475/320 2237/3649/320 2228/3634/320
f 2230/3637/320 2393/3914/320 2135/3481/320
f 2159/3517/321 2535/4226/321 2536/4227/321
f 2165/3528/321 2394/3916/321 2159/3517/321
f 2365/3864/317 2333/3805/317 2374/3882/317
f 2327/3793/320 2630/4362/320 2624/4354/320
f 2151/3504/316 2590/4306/316 2575/4285/316
f 2234/3644/317 2608/4331/317 2607/4330/317
f 2414/3945/317 2393/3915/317 2412/3943/317
f 2366/3868/317 2605/4327/317 2611/4336/317
f 2235/3646/317 2606/4328/317 2608/4331/317
f 2367/3870/317 2316/3777/317 2372/3880/317
f 2242/3655/317 2317/3778/317 2319/3780/317
f 2585/4300/317 2318/3779/317 2588/4303/317
f 2241/3654/317 2319/3780/317 2318/3779/317
f 2244/3657/317 2320/3781/317 2321/3782/317
f 2238/3651/317 2321/3782/317 2315/3776/317
f 2368/3873/317 2172/3538/317 2356/3846/317
f 2249/3662/317 2173/3539/317 2175/3544/317
f 2586/4301/317 2174/3540/317 2577/4289/317
f 2248/3661/317 2175/3544/317 2174/3540/317
f 2312/3767/318 2515/4174/318 2302/3743/318
f 2245/3658/317 2177/3548/317 2171/3537/317
f 2369/3876/317 2287/3722/317 2371/3879/317
f 2255/3670/317 2288/3723/317 2289/3724/317
f 2197/3586/318 2440/3995/318 2256/3672/318
f 2256/3672/318 2433/3979/318 2290/3726/318
f 2176/3546/318 2469/4070/318 2250/3663/318
f 2286/3721/317 2257/3673/317 2291/3728/317
f 2258/3675/317 2205/3598/317 2199/3589/317
f 2264/3681/317 2204/3596/317 2205/3598/317
f 2261/3678/317 2203/3593/317 2202/3592/317
f 2587/4302/317 2202/3592/317 2581/4296/317
f 2262/3679/317 2201/3591/317 2203/3593/317
f 2370/3878/317 2200/3590/317 2360/3854/317
f 2260/3677/317 2275/3698/317 2201/3591/317
f 2254/3669/317 2292/3730/317 2288/3723/317
f 2247/3660/317 2271/3691/317 2173/3539/317
f 2240/3653/317 2322/3784/317 2317/3778/317
f 2233/3643/317 2609/4333/317 2606/4328/317
f 2230/3638/317 2335/3810/317 2334/3806/317
f 2228/3635/317 2265/3682/317 2131/3476/317
f 2222/3624/317 2282/3712/317 2240/3653/317
f 2215/3613/317 2283/3714/317 2247/3660/317
f 2208/3602/317 2277/3702/317 2215/3613/317
f 2201/3591/317 2274/3696/317 2194/3578/317
f 2194/3578/317 2284/3716/317 2254/3669/317
f 2187/3565/317 2276/3700/317 2208/3602/317
f 2180/3552/317 2278/3704/317 2222/3624/317
f 2173/3539/317 2272/3693/317 2180/3552/317
f 2146/3496/317 2267/3686/317 2135/3483/317
f 2143/3492/317 2626/4357/317 2623/4353/317
f 2230/3638/317 2267/3686/317 2280/3708/317
f 2131/3476/317 2348/3832/317 2341/3823/317
f 2138/3486/317 2285/3719/317 2260/3677/317
f 2288/3723/317 2273/3695/317 2187/3565/317
f 2185/3563/317 2291/3728/317 2191/3574/317
f 2190/3571/318 2475/4082/318 2290/3726/318
f 2306/3751/318 2448/4016/318 2310/3761/318
f 2188/3567/321 2432/3976/321 2189/3568/321
f 2289/3724/317 2187/3565/317 2189/3569/317
f 2371/3879/317 2186/3564/317 2358/3850/317
f 2292/3730/317 2301/3742/317 2273/3695/317
f 2331/3800/320 2495/4131/320 2281/3711/320
f 2265/3683/320 2533/4221/320 2348/3830/320
f 2302/3743/318 2516/4177/318 2303/3746/318
f 2270/3689/320 2506/4154/320 2267/3685/320
f 2335/3809/316 2532/4216/316 2336/3811/316
f 2271/3692/320 2505/4152/320 2272/3694/320
f 2311/3766/318 2517/4178/318 2305/3748/318
f 2336/3812/318 2520/4186/318 2308/3757/318
f 2272/3694/320 2500/4142/320 2278/3705/320
f 2276/3700/317 2305/3749/317 2277/3702/317
f 2310/3761/318 2518/4181/318 2306/3751/318
f 2280/3709/320 2531/4215/320 2335/3808/320
f 2273/3695/317 2304/3747/317 2276/3700/317
f 2293/3732/318 2519/4183/318 2307/3754/318
f 2198/3588/320 2490/4120/320 2257/3674/320
f 2274/3697/320 2504/4151/320 2284/3717/320
f 2269/3688/317 2627/4358/317 2626/4357/317
f 2307/3754/318 2527/4201/318 2340/3820/318
f 2256/3672/318 2480/4093/318 2197/3586/318
f 2266/3684/317 2313/3771/317 2285/3719/317
f 2322/3784/317 2297/3738/317 2269/3688/317
f 2317/3778/317 2269/3688/317 2143/3492/317
f 2315/3776/317 2169/3533/317 2141/3489/317
f 2321/3782/317 2163/3523/317 2169/3533/317
f 2318/3779/317 2157/3515/317 2151/3505/317
f 2588/4303/317 2151/3505/317 2575/4284/317
f 2319/3780/317 2143/3492/317 2157/3515/317
f 2372/3880/317 2142/3491/317 2354/3843/317
f 2275/3699/320 2503/4148/320 2274/3697/320
f 2326/3792/317 2281/3710/317 2233/3643/317
f 2144/3494/321 2385/3902/321 2170/3536/321
f 2152/3508/320 2613/4339/320 2607/4329/320
f 2327/3794/317 2235/3646/317 2234/3644/317
f 2234/3645/320 2390/3909/320 2327/3793/320
f 2373/3881/317 2232/3642/317 2366/3868/317
f 2328/3795/317 2233/3643/317 2235/3646/317
f 2335/3810/317 2340/3821/317 2339/3818/317
f 2334/3806/317 2339/3818/317 2338/3816/317
f 2374/3882/317 2337/3814/317 2375/3883/317
f 2338/3815/320 2418/3949/320 2334/3807/320
f 2154/3512/316 2397/3923/316 2148/3500/316
f 2166/3530/316 2403/3931/316 2132/3478/316
f 2334/3807/320 2412/3942/320 2230/3637/320
f 2147/3498/321 2324/3789/321 2153/3510/321
f 2153/3510/321 2231/3640/321 2131/3474/321
f 2129/3472/321 2400/3926/321 2165/3528/321
f 2375/3883/317 2227/3633/317 2364/3861/317
f 2338/3816/317 2279/3706/317 2228/3635/317
f 2298/3739/318 2619/4349/318 2610/4334/318
f 2348/3832/317 2296/3737/317 2268/3687/317
f 2341/3823/317 2268/3687/317 2137/3485/317
f 2343/3825/317 2167/3531/317 2140/3488/317
f 2347/3829/317 2161/3521/317 2167/3531/317
f 2344/3826/317 2155/3513/317 2149/3501/317
f 2589/4304/317 2149/3501/317 2573/4282/317
f 2155/3513/317 2341/3823/317 2137/3485/317
f 2376/3884/317 2139/3487/317 2353/3842/317
f 2349/3835/317 2353/3842/317 2296/3737/317
f 2340/3821/317 2364/3861/317 2307/3752/317
f 2336/3813/317 2375/3883/317 2340/3821/317
f 2332/3804/317 2366/3868/317 2309/3759/317
f 2323/3787/317 2354/3843/317 2297/3738/317
f 2314/3774/317 2358/3850/317 2301/3742/317
f 2313/3771/317 2360/3854/317 2303/3744/317
f 2312/3768/317 2371/3879/317 2314/3774/317
f 2308/3755/321 2464/4054/321 2365/3863/321
f 2310/3762/317 2372/3880/317 2323/3787/317
f 2196/3583/316 2435/3984/316 2195/3579/316
f 2308/3756/317 2374/3882/317 2336/3813/317
f 2255/3671/320 2436/3987/320 2196/3581/320
f 2289/3725/320 2439/3993/320 2255/3671/320
f 2305/3749/317 2368/3873/317 2311/3764/317
f 2304/3747/317 2362/3857/317 2305/3749/317
f 2307/3754/318 2446/4010/318 2293/3732/318
f 2364/3862/316 2445/4008/316 2307/3753/316
f 2301/3742/317 2361/3856/317 2304/3747/317
f 2293/3733/321 2455/4034/321 2350/3836/321
f 2367/3871/320 2462/4050/320 2363/3859/320
f 2309/3760/318 2616/4343/318 2610/4334/318
f 2297/3738/317 2628/4359/317 2627/4358/317
f 2350/3837/320 2463/4052/320 2364/3860/320
f 2293/3734/317 2376/3884/317 2349/3835/317
f 2294/3735/317 2370/3878/317 2313/3771/317
f 2590/4305/317 2630/4361/317 2634/4366/317
f 2384/3900/317 2631/4363/317 2632/4364/317
f 2387/3905/317 2632/4364/317 2629/4360/317
f 2377/3885/317 2615/4341/317 2612/4337/317
f 2388/3907/317 2614/4340/317 2615/4341/317
f 2592/4309/317 2613/4338/317 2621/4351/317
f 2389/3908/317 2388/3907/317 2377/3885/317
f 2392/3912/317 2386/3904/317 2388/3907/317
f 2593/4310/317 2383/3898/317 2592/4309/317
f 2163/3524/316 2384/3901/316 2169/3534/316
f 2169/3534/316 2387/3906/316 2141/3490/316
f 2170/3536/321 2381/3893/321 2164/3525/321
f 2401/3929/317 2415/3946/317 2416/3947/317
f 2403/3932/317 2416/3947/317 2411/3941/317
f 2330/3798/317 2400/3927/317 2329/3796/317
f 2404/3933/317 2394/3917/317 2400/3927/317
f 2398/3924/317 2324/3790/317 2395/3918/317
f 2570/4277/317 2398/3924/317 2395/3918/317
f 2399/3925/317 2231/3641/317 2324/3790/317
f 2411/3941/317 2422/3954/317 2417/3948/317
f 2416/3947/317 2421/3953/317 2422/3954/317
f 2413/3944/317 2420/3952/317 2419/3951/317
f 2596/4314/317 2419/3951/317 2597/4315/317
f 2414/3945/317 2418/3950/317 2420/3952/317
f 2420/3952/317 2406/3936/317 2408/3938/317
f 2598/4316/317 2419/3951/317 2407/3937/317
f 2419/3951/317 2408/3938/317 2407/3937/317
f 2410/3940/317 2421/3953/317 2409/3939/317
f 2405/3934/317 2422/3954/317 2410/3940/317
f 2330/3798/317 2410/3940/317 2404/3933/317
f 2404/3933/317 2409/3939/317 2402/3930/317
f 2407/3937/317 2399/3925/317 2398/3924/317
f 2598/4316/317 2398/3924/317 2595/4313/317
f 2408/3938/317 2237/3650/317 2399/3925/317
f 2423/3955/317 2427/3965/317 2426/3963/317
f 2599/4318/317 2426/3963/317 2600/4319/317
f 2435/3985/317 2439/3994/317 2438/3992/317
f 2602/4323/317 2438/3992/317 2603/4325/317
f 2603/4325/317 2429/3971/317 2604/4326/317
f 2438/3992/317 2431/3974/317 2429/3971/317
f 2429/3971/317 2432/3977/317 2430/3972/317
f 2601/4321/317 2429/3971/317 2430/3972/317
f 2442/4000/317 2467/4063/317 2458/4040/317
f 2443/4004/317 2617/4345/317 2616/4342/317
f 2446/4012/317 2463/4053/317 2455/4033/317
f 2447/4013/317 2466/4061/317 2448/4015/317
f 2449/4018/317 2460/4044/317 2450/4021/317
f 2450/4021/317 2468/4066/317 2451/4023/317
f 2452/4026/317 2462/4049/317 2447/4013/317
f 2442/4000/317 2459/4042/317 2452/4026/317
f 2444/4005/317 2456/4036/317 2453/4028/317
f 2453/4028/317 2464/4055/317 2454/4030/317
f 2190/3572/321 2566/4270/321 2544/4241/321
f 2359/3852/320 2461/4047/320 2360/3853/320
f 2181/3554/321 2427/3966/321 2182/3555/321
f 2174/3541/316 2599/4317/316 2577/4288/316
f 2310/3763/321 2466/4062/321 2367/3869/321
f 2369/3877/320 2460/4045/320 2359/3852/320
f 2368/3874/316 2441/3998/316 2311/3765/316
f 2303/3746/318 2450/4022/318 2302/3743/318
f 2312/3769/321 2468/4068/321 2369/3875/321
f 2363/3859/320 2459/4043/320 2357/3849/320
f 2302/3743/318 2451/4025/318 2312/3767/318
f 2357/3849/320 2458/4041/320 2356/3847/320
f 2352/3841/320 2457/4039/320 2355/3845/320
f 2300/3741/318 2447/4014/318 2306/3751/318
f 2356/3847/320 2467/4065/320 2368/3872/320
f 2299/3740/318 2452/4027/318 2300/3741/318
f 2365/3865/320 2456/4037/320 2352/3841/320
f 2298/3739/318 2453/4029/318 2295/3736/318
f 2189/3570/320 2431/3975/320 2289/3725/320
f 2360/3855/316 2449/4020/316 2303/3745/316
f 2355/3845/320 2617/4344/320 2611/4335/320
f 2311/3766/318 2442/4001/318 2299/3740/318
f 2182/3557/320 2424/3959/320 2175/3542/320
f 2290/3726/318 2434/3983/318 2190/3571/318
f 2176/3546/318 2428/3970/318 2183/3559/318
f 2295/3736/318 2454/4032/318 2308/3757/318
f 2472/4075/317 2473/4077/317 2474/4079/317
f 2488/4114/317 2473/4077/317 2487/4111/317
f 2478/4087/317 2483/4099/317 2484/4102/317
f 2482/4097/317 2489/4117/317 2490/4119/317
f 2482/4097/317 2479/4089/317 2480/4092/317
f 2471/4073/317 2486/4108/317 2469/4069/317
f 2471/4073/317 2470/4071/317 2472/4075/317
f 2477/4085/317 2489/4117/317 2475/4081/317
f 2477/4085/317 2476/4083/317 2478/4087/317
f 2491/4121/317 2516/4176/317 2492/4124/317
f 2504/4150/317 2526/4198/317 2509/4161/317
f 2493/4126/317 2513/4170/317 2494/4128/317
f 2501/4143/317 2530/4210/317 2529/4207/317
f 2495/4130/317 2619/4348/317 2618/4347/317
f 2508/4160/317 2532/4218/317 2531/4213/317
f 2499/4139/317 2519/4184/317 2510/4165/317
f 2500/4141/317 2522/4189/317 2501/4143/317
f 2502/4145/317 2523/4191/317 2493/4126/317
f 2492/4124/317 2515/4175/317 2503/4149/317
f 2503/4149/317 2524/4193/317 2504/4150/317
f 2505/4153/317 2518/4182/317 2500/4141/317
f 2494/4128/317 2514/4172/317 2505/4153/317
f 2496/4132/317 2511/4166/317 2506/4155/317
f 2506/4155/317 2520/4185/317 2508/4160/317
f 2499/4139/317 2534/4224/317 2533/4219/317
f 2507/4157/317 2521/4187/317 2495/4130/317
f 2497/4134/317 2519/4184/317 2498/4137/317
f 2218/3617/321 2485/4106/321 2219/3619/321
f 2204/3595/321 2481/4095/321 2205/3597/321
f 2300/3741/318 2513/4171/318 2299/3740/318
f 2295/3736/318 2512/4168/318 2298/3739/318
f 2305/3750/321 2502/4146/321 2277/3701/321
f 2309/3760/318 2528/4205/318 2332/3802/318
f 2308/3757/318 2511/4167/318 2295/3736/318
f 2250/3663/318 2486/4110/318 2218/3616/318
f 2219/3621/320 2471/4074/320 2251/3665/320
f 2290/3726/318 2489/4118/318 2256/3672/318
f 2332/3803/321 2507/4158/321 2331/3799/321
f 2257/3674/320 2477/4086/320 2291/3727/320
f 2285/3720/320 2492/4125/320 2275/3699/320
f 2284/3717/320 2509/4162/320 2292/3729/320
f 2283/3715/320 2494/4129/320 2271/3692/320
f 2313/3772/321 2491/4123/321 2285/3718/321
f 2225/3628/318 2473/4078/318 2183/3559/318
f 2211/3606/318 2476/4084/318 2190/3571/318
f 2197/3586/318 2479/4091/318 2204/3594/318
f 2183/3559/318 2470/4072/318 2176/3546/318
f 2292/3731/316 2526/4199/316 2314/3773/316
f 2184/3562/320 2488/4115/320 2226/3630/320
f 2191/3575/320 2484/4103/320 2212/3608/320
f 2281/3711/320 2618/4346/320 2609/4332/320
f 2205/3599/320 2482/4098/320 2198/3588/320
f 2177/3549/320 2474/4080/320 2184/3562/320
f 2339/3819/320 2498/4138/320 2279/3707/320
f 2303/3746/318 2525/4197/318 2313/3770/318
f 2226/3632/316 2487/4113/316 2225/3627/316
f 2279/3707/320 2499/4140/320 2265/3683/320
f 2282/3713/320 2529/4208/320 2322/3783/320
f 2314/3775/318 2524/4194/318 2312/3767/318
f 2278/3705/320 2501/4144/320 2282/3713/320
f 2323/3788/318 2522/4190/318 2310/3761/318
f 2299/3740/318 2523/4192/318 2311/3766/318
f 2340/3822/321 2497/4136/321 2339/3817/321
f 2277/3703/320 2493/4127/320 2283/3715/320
f 2322/3785/316 2530/4212/316 2323/3786/316
f 2212/3610/316 2483/4101/316 2211/3605/316
f 2176/3547/316 2564/4266/316 2425/3960/316
f 2544/4241/321 2601/4322/321 2579/4292/321
f 2433/3980/317 2566/4271/317 2434/3981/317
f 2440/3996/317 2569/4275/317 2433/3980/317
f 2437/3990/317 2568/4274/317 2440/3996/317
f 2425/3962/317 2565/4269/317 2428/3968/317
f 2409/3939/317 2560/4262/317 2402/3930/317
f 2409/3939/317 2562/4264/317 2563/4265/317
f 2415/3946/317 2562/4264/317 2421/3953/317
f 2402/3930/317 2535/4225/317 2394/3917/317
f 2391/3911/317 2557/4258/317 2386/3904/317
f 2386/3904/317 2620/4350/317 2614/4340/317
f 2379/3888/317 2633/4365/317 2631/4363/317
f 2346/3828/317 2538/4231/317 2161/3521/317
f 2320/3781/317 2540/4233/317 2163/3523/317
f 2263/3680/317 2546/4245/317 2204/3596/317
f 2250/3664/317 2542/4238/317 2176/3545/317
f 2243/3656/317 2553/4252/317 2320/3781/317
f 2540/4234/316 2379/3889/316 2163/3524/316
f 2536/4227/321 2570/4276/321 2571/4278/321
f 2537/4229/316 2396/3920/316 2160/3520/316
f 2225/3629/317 2550/4249/317 2243/3656/317
f 2250/3664/317 2548/4247/317 2551/4250/317
f 2211/3607/317 2548/4247/317 2218/3618/317
f 2204/3596/317 2545/4243/317 2197/3584/317
f 2543/4239/321 2600/4320/321 2578/4290/321
f 2545/4244/316 2437/3991/316 2197/3585/316
f 2190/3573/317 2547/4246/317 2211/3607/317
f 2225/3629/317 2543/4240/317 2549/4248/317
f 2396/3921/317 2561/4263/317 2415/3946/317
f 2541/4235/321 2591/4307/321 2576/4286/321
f 2159/3518/317 2554/4253/317 2346/3828/317
f 2162/3522/317 2552/4251/317 2263/3680/317
f 2164/3526/317 2537/4230/317 2160/3519/317
f 2576/4286/321 2382/3897/321 2152/3506/321
f 2578/4290/321 2426/3964/321 2181/3554/321
f 2571/4278/321 2395/3919/321 2147/3498/321
f 2579/4292/321 2430/3973/321 2188/3567/321
f 2577/4288/316 2564/4266/316 2542/4237/316
f 2566/4271/317 2604/4326/317 2601/4321/317
f 2568/4274/317 2604/4326/317 2569/4275/317
f 2567/4272/317 2603/4325/317 2568/4274/317
f 2565/4269/317 2599/4318/317 2600/4319/317
f 2563/4265/317 2595/4313/317 2560/4262/317
f 2563/4265/317 2597/4315/317 2598/4316/317
f 2561/4263/317 2597/4315/317 2562/4264/317
f 2560/4262/317 2570/4277/317 2535/4225/317
f 2633/4365/320 2643/4376/320 2558/4259/320
f 2592/4309/318 2646/4382/318 2593/4310/318
f 2555/4254/317 2634/4366/317 2633/4365/317
f 2554/4253/317 2573/4282/317 2538/4231/317
f 2553/4252/317 2575/4284/317 2540/4233/317
f 2552/4251/317 2581/4296/317 2546/4245/317
f 2551/4250/317 2577/4289/317 2542/4238/317
f 2550/4249/317 2588/4303/317 2553/4252/317
f 2575/4285/316 2555/4255/316 2540/4234/316
f 2572/4280/316 2559/4260/316 2537/4229/316
f 2549/4248/317 2585/4300/317 2550/4249/317
f 2551/4250/317 2583/4298/317 2586/4301/317
f 2547/4246/317 2583/4298/317 2548/4247/317
f 2546/4245/317 2580/4294/317 2545/4243/317
f 2580/4295/316 2567/4273/316 2545/4244/316
f 2544/4242/317 2582/4297/317 2547/4246/317
f 2549/4248/317 2578/4291/317 2584/4299/317
f 2559/4261/317 2596/4314/317 2561/4263/317
f 2536/4228/317 2589/4304/317 2554/4253/317
f 2539/4232/317 2587/4302/317 2552/4251/317
f 2541/4236/317 2572/4281/317 2537/4230/317
f 2556/4257/317 2621/4351/317 2591/4308/317
f 2614/4340/317 2556/4257/317 2381/3894/317
f 2609/4332/320 2496/4133/320 2270/3689/320
f 2618/4347/317 2512/4169/317 2496/4132/317
f 2611/4335/320 2465/4059/320 2366/3866/320
f 2444/4005/317 2617/4345/317 2457/4038/317
f 2591/4308/317 2613/4338/317 2382/3895/317
f 2615/4341/317 2381/3894/317 2385/3903/317
f 2612/4337/317 2385/3903/317 2378/3886/317
f 2610/4334/318 2444/4006/318 2298/3739/318
f 2610/4334/318 2521/4188/318 2309/3760/318
f 2607/4329/320 2383/3899/320 2234/3645/320
f 2606/4328/317 2270/3690/317 2146/3496/317
f 2608/4331/317 2146/3496/317 2158/3516/317
f 2611/4336/317 2145/3495/317 2355/3844/317
f 2607/4330/317 2158/3516/317 2152/3507/317
f 2593/4310/318 2648/4385/318 2634/4366/318
f 2631/4363/317 2558/4259/317 2391/3911/317
f 2389/3908/317 2632/4364/317 2392/3912/317
f 2632/4364/317 2391/3911/317 2392/3912/317
f 2634/4366/317 2390/3910/317 2593/4310/317
f 2332/3804/317 2628/4359/317 2373/3881/317
f 2626/4357/317 2332/3804/317 2331/3801/317
f 2623/4353/317 2331/3801/317 2326/3792/317
f 2624/4354/320 2380/3892/320 2151/3503/320
f 2624/4355/317 2328/3795/317 2327/3794/317
f 2628/4359/317 2325/3791/317 2373/3881/317
f 2625/4356/317 2326/3792/317 2328/3795/317
f 2647/4384/320 2654/4394/320 2639/4372/320
f 2636/4368/318 2657/4397/318 2641/4374/318
f 2641/4374/321 2658/4398/321 2642/4375/321
f 2620/4350/316 2650/4389/316 2621/4351/316
f 2558/4259/320 2644/4378/320 2557/4258/320
f 2557/4258/320 2649/4387/320 2620/4350/320
f 2634/4366/321 2645/4380/321 2633/4365/321
f 2621/4351/318 2638/4370/318 2592/4309/318
f 2636/4368/317 2643/4377/317 2635/4367/317
f 2637/4369/317 2643/4377/317 2645/4381/317
f 2639/4372/317 2638/4371/317 2647/4384/317
f 2640/4373/317 2646/4383/317 2639/4372/317
f 2641/4374/317 2644/4379/317 2636/4368/317
f 2642/4375/317 2638/4371/317 2650/4390/317
f 2642/4375/317 2649/4388/317 2641/4374/317
f 2637/4369/317 2648/4386/317 2640/4373/317
f 2653/4393/317 2652/4392/317 2651/4391/317
f 2657/4397/317 2652/4392/317 2658/4398/317
f 2655/4395/317 2654/4394/317 2653/4393/317
f 2635/4367/318 2651/4391/318 2636/4368/318
f 2640/4373/316 2655/4395/316 2637/4369/316
f 2642/4375/320 2652/4392/320 2647/4384/320
f 2639/4372/320 2656/4396/320 2640/4373/320
f 2637/4369/318 2653/4393/318 2635/4367/318
f 2660/4401/319 2661/4405/319 2659/4399/319
f 2662/4407/321 2665/4415/321 2661/4403/321
f 2666/4418/317 2663/4410/317 2665/4415/317
f 2664/4413/316 2659/4399/316 2663/4409/316
f 2665/4416/320 2659/4400/320 2661/4404/320
f 2662/4408/318 2664/4414/318 2666/4417/318
f 2668/4421/319 2669/4425/319 2667/4419/319
f 2670/4427/321 2673/4435/321 2669/4423/321
f 2674/4438/317 2671/4430/317 2673/4435/317
f 2672/4433/316 2667/4419/316 2671/4429/316
f 2673/4436/320 2667/4420/320 2669/4424/320
f 2670/4428/318 2672/4434/318 2674/4437/318
f 761/1055/316 543/695/316 669/892/316
f 760/1054/316 540/689/316 752/1040/316
f 563/725/316 541/692/316 751/1039/316
f 762/1056/316 544/696/316 639/852/316
f 566/730/316 548/702/316 670/893/316
f 567/731/316 553/708/316 1033/1569/316
f 764/1059/316 552/707/316 1032/1568/316
f 765/1060/316 555/711/316 544/696/316
f 568/732/316 556/712/316 545/699/316
f 986/1503/316 562/723/316 558/715/316
f 807/1138/316 646/863/316 824/1161/316
f 984/1499/316 560/718/316 671/894/316
f 981/1495/316 557/713/316 754/1042/316
f 562/723/316 568/732/316 564/727/316
f 561/721/316 567/731/316 1035/1572/316
f 560/718/316 566/730/316 672/895/316
f 557/713/316 563/725/316 755/1043/316
f 575/743/316 569/734/316 756/1044/316
f 578/748/316 572/738/316 673/896/316
f 574/741/317 791/1109/317 966/1472/317
f 580/751/316 574/742/316 570/735/316
f 554/709/316 580/751/316 576/745/316
f 1004/1528/316 807/1138/316 823/1160/316
f 546/700/316 578/748/316 674/897/316
f 539/687/316 575/743/316 757/1045/316
f 581/753/316 587/764/316 594/777/316
f 716/967/318 928/1397/318 924/1389/318
f 776/1083/319 875/1273/319 853/1218/319
f 585/759/319 834/1173/319 833/1172/319
f 585/760/316 583/755/316 590/768/316
f 766/1062/316 582/754/316 589/767/316
f 767/1064/316 589/767/316 631/839/316
f 592/772/316 590/768/316 632/840/316
f 988/1507/316 591/769/316 633/841/316
f 591/769/316 592/772/316 634/842/316
f 758/1047/319 943/1436/319 944/1438/319
f 588/766/316 594/777/316 636/847/316
f 595/779/316 601/790/316 622/825/316
f 661/881/320 881/1290/320 882/1292/320
f 598/782/316 599/785/316 620/820/316
f 989/1509/316 598/782/316 619/819/316
f 599/785/316 597/781/316 618/818/316
f 768/1066/316 596/780/316 617/817/316
f 602/792/316 608/803/316 667/889/316
f 701/943/320 887/1302/320 888/1304/320
f 605/795/319 845/1200/319 1012/1540/319
f 593/774/317 838/1185/317 975/1485/317
f 606/798/316 604/794/316 664/885/316
f 769/1067/316 603/793/316 663/884/316
f 609/805/316 615/814/316 608/803/316
f 677/901/320 916/1370/320 918/1375/320
f 612/808/316 613/809/316 606/798/316
f 991/1512/316 612/808/316 605/796/316
f 613/809/316 611/807/316 604/794/316
f 770/1070/316 610/806/316 603/793/316
f 771/1072/316 617/817/316 624/828/316
f 620/820/316 618/818/316 625/829/316
f 992/1513/316 619/819/316 626/830/316
f 619/819/316 620/820/316 627/831/316
f 622/825/316 621/823/316 628/834/316
f 616/816/316 622/825/316 629/836/316
f 623/827/316 629/836/316 661/882/316
f 759/1050/318 944/1439/318 920/1380/318
f 626/830/316 627/831/316 659/878/316
f 993/1514/316 626/830/316 658/877/316
f 627/831/316 625/829/316 657/876/316
f 772/1073/316 624/828/316 656/875/316
f 630/838/316 636/847/316 654/873/316
f 636/847/316 635/845/316 653/872/316
f 633/841/316 634/842/316 652/871/316
f 994/1515/316 633/841/316 651/870/316
f 634/842/316 632/840/316 650/869/316
f 773/1074/316 631/839/316 649/868/316
f 545/698/319 803/1129/319 646/864/319
f 638/850/320 647/865/320 816/1151/320
f 558/716/319 807/1139/319 1004/1527/319
f 570/736/319 806/1136/319 811/1144/319
f 774/1077/316 637/849/316 540/689/316
f 541/691/320 641/855/320 647/865/320
f 640/853/320 822/1158/320 803/1130/320
f 569/733/317 804/1132/317 945/1442/317
f 575/744/317 810/1142/317 804/1132/317
f 775/1080/316 639/852/316 743/1021/316
f 737/1009/320 800/1125/320 1040/1578/320
f 561/720/319 790/1106/319 1000/1522/319
f 644/860/316 645/862/316 1018/1547/316
f 646/863/316 803/1131/316 822/1159/316
f 776/1084/316 642/858/316 1015/1543/316
f 645/862/316 643/859/316 1016/1544/316
f 777/1086/316 649/868/316 726/993/316
f 652/871/316 650/869/316 727/994/316
f 995/1516/316 651/870/316 728/995/316
f 651/870/316 652/871/316 729/996/316
f 654/873/316 653/872/316 730/997/316
f 648/867/316 654/873/316 731/998/316
f 778/1089/316 656/875/316 582/754/316
f 659/878/316 657/876/316 583/755/316
f 996/1517/316 658/877/316 584/756/316
f 658/877/316 659/878/316 585/760/316
f 722/983/318 934/1410/318 925/1390/318
f 655/874/316 661/882/316 587/764/316
f 779/1092/316 663/884/316 697/938/316
f 665/886/316 664/885/316 698/939/316
f 607/802/318 847/1205/318 850/1211/318
f 666/888/318 850/1211/318 843/1195/318
f 586/763/318 880/1288/318 879/1286/318
f 662/883/316 667/889/316 701/944/316
f 668/891/316 674/897/316 615/814/316
f 674/897/316 673/896/316 614/812/316
f 671/894/316 672/895/316 613/809/316
f 997/1518/316 671/894/316 612/808/316
f 672/895/316 670/893/316 611/807/316
f 780/1094/316 669/892/316 610/806/316
f 670/893/316 695/935/316 685/914/316
f 664/885/316 694/932/316 702/946/316
f 657/876/316 693/930/316 681/907/316
f 650/869/316 692/928/316 732/1000/316
f 643/859/316 691/926/316 1019/1549/316
f 640/854/316 690/924/316 745/1026/316
f 638/851/316 689/922/316 675/898/316
f 632/840/316 688/920/316 692/928/316
f 625/829/316 687/918/316 693/930/316
f 618/818/316 686/916/316 687/918/316
f 611/807/316 685/914/316 684/912/316
f 604/794/316 684/912/316 694/932/316
f 597/781/316 683/911/316 686/916/316
f 590/768/316 682/909/316 688/920/316
f 590/768/316 583/755/316 681/907/316
f 556/712/316 680/906/316 677/902/316
f 553/708/316 679/904/316 1036/1573/316
f 545/699/316 677/902/316 690/924/316
f 541/692/316 675/898/316 758/1048/316
f 548/702/316 676/900/316 695/935/316
f 698/939/316 702/946/316 683/911/316
f 696/937/316 701/944/316 601/790/316
f 600/787/318 886/1300/318 885/1298/318
f 716/967/318 857/1230/318 858/1232/318
f 598/783/317 840/1189/317 842/1192/317
f 699/940/316 698/939/316 597/781/316
f 781/1095/316 697/938/316 596/780/316
f 702/946/316 724/990/316 711/958/316
f 741/1016/320 917/1372/320 905/1347/320
f 675/899/320 909/1356/320 943/1437/320
f 712/959/318 925/1390/318 926/1393/318
f 680/905/320 906/1349/320 916/1370/320
f 745/1025/319 941/1430/319 942/1432/319
f 681/908/320 904/1345/320 915/1368/320
f 721/982/318 933/1408/318 927/1394/318
f 746/1028/318 942/1433/318 930/1402/318
f 682/910/320 915/1368/320 910/1358/320
f 686/916/316 714/963/316 715/965/316
f 720/977/318 932/1406/318 928/1397/318
f 690/925/320 918/1375/320 941/1431/320
f 683/911/316 711/958/316 714/963/316
f 703/948/318 920/1380/318 929/1399/318
f 608/804/320 892/1314/320 900/1336/320
f 684/913/320 913/1364/320 914/1367/320
f 679/904/316 707/954/316 1037/1574/316
f 717/970/318 929/1399/318 937/1417/318
f 666/888/318 899/1334/318 890/1309/318
f 676/900/316 704/951/316 723/987/316
f 732/1000/316 733/1003/316 707/954/316
f 727/994/316 732/1000/316 679/904/316
f 725/992/316 731/998/316 579/749/316
f 731/998/316 730/997/316 573/739/316
f 728/995/316 729/996/316 567/731/316
f 998/1519/316 728/995/316 561/721/316
f 729/996/316 727/994/316 553/708/316
f 782/1096/316 726/993/316 552/707/316
f 685/915/320 902/1341/320 913/1364/320
f 736/1008/316 741/1017/316 691/926/316
f 554/710/317 788/1103/317 795/1118/317
f 562/724/320 792/1111/320 1023/1555/320
f 737/1010/316 738/1011/316 645/862/316
f 644/861/320 793/1115/320 800/1125/320
f 783/1097/316 735/1007/316 642/858/316
f 738/1011/316 736/1008/316 643/859/316
f 745/1026/316 746/1029/316 750/1037/316
f 744/1022/316 745/1026/316 749/1034/316
f 784/1098/316 743/1021/316 747/1030/316
f 748/1031/320 816/1151/320 828/1165/320
f 564/728/319 646/864/319 807/1139/319
f 576/746/319 811/1144/319 813/1147/319
f 744/1023/320 828/1165/320 822/1158/320
f 557/714/317 805/1135/317 734/1005/317
f 563/726/317 734/1005/317 641/856/317
f 539/688/317 739/1013/317 810/1142/317
f 785/1099/316 747/1030/316 637/849/316
f 748/1032/316 749/1034/316 689/922/316
f 708/955/318 922/1384/318 1029/1565/318
f 758/1048/316 759/1051/316 706/953/316
f 751/1039/316 758/1048/316 678/903/316
f 753/1041/316 757/1045/316 577/747/316
f 757/1045/316 756/1044/316 571/737/316
f 754/1042/316 755/1043/316 565/729/316
f 999/1520/316 754/1042/316 559/717/316
f 755/1043/316 751/1039/316 547/701/316
f 786/1100/316 752/1040/316 549/703/316
f 759/1051/316 786/1100/316 763/1058/316
f 750/1037/316 785/1099/316 774/1077/316
f 746/1029/316 784/1098/316 785/1099/316
f 742/1020/316 783/1097/316 776/1084/316
f 733/1003/316 782/1096/316 764/1059/316
f 724/990/316 781/1095/316 768/1066/316
f 723/987/316 780/1094/316 770/1070/316
f 722/984/316 779/1092/316 781/1095/316
f 718/971/317 864/1247/317 874/1270/317
f 720/978/316 777/1086/316 782/1096/316
f 606/799/319 846/1202/319 845/1200/319
f 718/972/316 775/1080/316 784/1098/316
f 665/887/320 849/1209/320 846/1203/320
f 699/941/320 841/1191/320 849/1209/320
f 715/965/316 772/1073/316 778/1089/316
f 714/963/316 771/1072/316 772/1073/316
f 717/970/318 855/1223/318 856/1227/318
f 774/1078/319 873/1267/319 855/1224/319
f 711/958/316 768/1066/316 771/1072/316
f 703/949/317 856/1228/317 865/1249/317
f 777/1087/320 876/1276/320 872/1266/320
f 719/976/318 853/1219/318 1026/1559/318
f 707/954/316 764/1059/316 1038/1575/316
f 760/1053/320 865/1250/320 873/1268/320
f 703/950/316 760/1054/316 786/1100/316
f 704/951/316 761/1055/316 780/1094/316
f 1000/1521/316 790/1107/316 1040/1577/316
f 794/1116/316 789/1104/316 1041/1579/316
f 797/1121/316 794/1116/316 1042/1580/316
f 787/1101/316 798/1123/316 1025/1557/316
f 798/1123/316 796/1120/316 1024/1556/316
f 1002/1525/316 793/1114/316 1023/1554/316
f 799/1124/316 802/1128/316 798/1123/316
f 802/1128/316 801/1127/316 796/1120/316
f 1003/1526/316 800/1126/316 793/1114/316
f 573/740/319 789/1105/319 794/1117/319
f 579/750/319 794/1117/319 797/1122/319
f 580/752/317 795/1118/317 791/1109/317
f 811/1145/316 806/1137/316 825/1162/316
f 813/1148/316 811/1145/316 826/1163/316
f 740/1014/316 814/1149/316 810/1143/316
f 814/1149/316 812/1146/316 804/1133/316
f 808/1140/316 809/1141/316 734/1006/316
f 1005/1529/316 808/1140/316 805/1134/316
f 809/1141/316 647/866/316 641/857/316
f 821/1157/316 826/1163/316 832/1170/316
f 826/1163/316 825/1162/316 831/1169/316
f 823/1160/316 824/1161/316 830/1168/316
f 1006/1530/316 823/1160/316 829/1167/316
f 824/1161/316 822/1159/316 828/1166/316
f 830/1168/316 828/1166/316 816/1152/316
f 1007/1531/316 829/1167/316 817/1153/316
f 829/1167/316 830/1168/316 818/1154/316
f 832/1170/316 831/1169/316 819/1155/316
f 827/1164/316 832/1170/316 820/1156/316
f 815/1150/316 820/1156/316 814/1149/316
f 820/1156/316 819/1155/316 812/1146/316
f 817/1153/316 818/1154/316 809/1141/316
f 1008/1532/316 817/1153/316 808/1140/316
f 818/1154/316 816/1152/316 647/866/316
f 833/1171/316 834/1174/316 837/1181/316
f 1009/1534/316 833/1171/316 836/1179/316
f 845/1201/316 846/1204/316 849/1210/316
f 1012/1539/316 845/1201/316 848/1208/316
f 1013/1541/316 848/1208/316 839/1187/316
f 848/1208/316 849/1210/316 841/1190/316
f 839/1187/316 841/1190/316 842/1193/316
f 1014/1542/316 839/1187/316 840/1188/316
f 851/1213/316 877/1279/316 868/1256/316
f 853/1220/316 875/1274/316 1027/1561/316
f 855/1225/316 873/1269/316 865/1251/316
f 857/1229/316 872/1265/316 876/1277/316
f 859/1234/316 871/1262/316 870/1260/316
f 860/1237/316 870/1260/316 878/1282/316
f 862/1242/316 869/1258/316 872/1265/316
f 852/1216/316 868/1256/316 869/1258/316
f 854/1221/316 867/1255/316 866/1252/316
f 863/1244/316 866/1252/316 874/1271/316
f 600/788/317 844/1198/317 976/1486/317
f 769/1068/320 870/1261/320 871/1263/320
f 591/770/317 836/1180/317 837/1182/317
f 584/757/319 833/1172/319 1009/1533/319
f 720/979/317 858/1233/317 876/1278/317
f 779/1093/320 878/1283/320 870/1261/320
f 778/1090/319 877/1280/319 851/1214/319
f 713/962/318 859/1235/318 860/1238/318
f 722/985/317 861/1240/317 878/1284/317
f 773/1075/320 872/1266/320 869/1259/320
f 712/959/318 860/1238/318 861/1241/318
f 767/1065/320 869/1259/320 868/1257/320
f 762/1057/320 866/1253/320 867/1254/320
f 710/957/318 862/1243/318 857/1230/318
f 766/1063/320 868/1257/320 877/1281/320
f 709/956/318 852/1217/318 862/1243/318
f 775/1081/320 874/1272/320 866/1253/320
f 708/955/318 854/1222/318 863/1245/318
f 599/786/320 842/1194/320 841/1191/320
f 770/1071/319 871/1264/319 859/1236/319
f 765/1061/320 867/1254/320 1027/1560/320
f 721/982/318 851/1215/318 852/1217/318
f 592/773/320 837/1183/320 834/1175/320
f 700/942/318 843/1195/318 844/1199/318
f 586/763/318 835/1176/318 838/1186/318
f 705/952/318 863/1245/318 864/1248/318
f 882/1291/316 880/1287/316 883/1293/316
f 884/1295/316 883/1293/316 897/1327/316
f 888/1303/316 886/1299/316 893/1315/316
f 892/1313/316 890/1308/316 899/1333/316
f 891/1310/316 889/1305/316 890/1308/316
f 895/1321/316 896/1324/316 879/1285/316
f 881/1289/316 879/1285/316 880/1287/316
f 900/1335/316 899/1333/316 885/1297/316
f 887/1301/316 885/1297/316 886/1299/316
f 901/1337/316 935/1411/316 926/1392/316
f 914/1366/316 934/1409/316 936/1414/316
f 903/1342/316 933/1407/316 923/1386/316
f 911/1359/316 932/1405/316 940/1426/316
f 905/1346/316 931/1403/316 1029/1564/316
f 918/1376/316 930/1401/316 942/1434/316
f 908/1353/316 929/1400/316 920/1381/316
f 910/1357/316 928/1398/316 932/1405/316
f 912/1361/316 927/1395/316 933/1407/316
f 902/1340/316 926/1392/316 925/1391/316
f 913/1365/316 925/1391/316 934/1409/316
f 915/1369/316 924/1388/316 928/1398/316
f 904/1344/316 923/1386/316 924/1388/316
f 906/1348/316 922/1385/316 921/1382/316
f 916/1371/316 921/1382/316 930/1401/316
f 909/1355/316 920/1381/316 944/1440/316
f 917/1373/316 938/1420/316 931/1403/316
f 907/1350/316 937/1418/316 929/1400/316
f 628/833/317 896/1325/317 895/1322/317
f 614/811/317 889/1306/317 891/1311/317
f 710/957/318 924/1389/318 923/1387/318
f 705/952/318 921/1383/318 922/1384/318
f 715/966/317 927/1396/317 912/1362/317
f 719/976/318 931/1404/318 938/1421/318
f 718/973/318 930/1402/318 921/1383/318
f 660/879/318 879/1286/318 896/1326/318
f 629/837/320 895/1323/320 881/1290/320
f 700/942/318 885/1298/318 899/1334/318
f 742/1019/317 938/1422/317 917/1374/317
f 667/890/320 900/1336/320 887/1302/320
f 695/936/320 901/1338/320 902/1341/320
f 694/933/320 914/1367/320 919/1378/320
f 693/931/320 903/1343/320 904/1345/320
f 723/988/317 935/1412/317 901/1339/317
f 635/844/318 897/1328/318 883/1294/318
f 621/822/318 893/1316/318 886/1300/318
f 607/802/318 890/1309/318 889/1307/318
f 593/775/318 883/1294/318 880/1288/318
f 702/947/319 919/1379/319 936/1415/319
f 594/778/320 884/1296/320 898/1331/320
f 601/791/320 888/1304/320 894/1319/320
f 691/927/320 905/1347/320 1028/1562/320
f 615/815/320 891/1312/320 892/1314/320
f 587/765/320 882/1292/320 884/1296/320
f 749/1035/320 907/1351/320 908/1354/320
f 713/962/318 926/1393/318 935/1413/318
f 636/848/319 898/1332/319 897/1329/319
f 689/923/320 908/1354/320 909/1356/320
f 692/929/320 911/1360/320 939/1424/320
f 724/991/318 936/1416/318 934/1410/318
f 688/921/320 910/1358/320 911/1360/320
f 733/1004/318 940/1427/318 932/1406/318
f 709/956/318 923/1387/318 933/1408/318
f 750/1038/317 937/1419/317 907/1352/317
f 687/919/320 912/1363/320 903/1343/320
f 732/1001/319 939/1425/319 940/1428/319
f 622/826/319 894/1320/319 893/1317/319
f 952/1453/319 974/1482/319 835/1177/319
f 954/1457/317 976/1486/317 1011/1537/317
f 843/1196/316 979/1491/316 976/1487/316
f 850/1212/316 978/1490/316 979/1491/316
f 847/1206/316 977/1488/316 978/1490/316
f 835/1178/316 974/1483/316 975/1484/316
f 819/1155/316 973/1481/316 970/1478/316
f 831/1169/316 972/1480/316 973/1481/316
f 825/1162/316 971/1479/316 972/1480/316
f 812/1146/316 970/1478/316 945/1441/316
f 801/1127/316 968/1475/316 967/1474/316
f 796/1120/316 967/1474/316 1030/1566/316
f 789/1104/316 965/1470/316 1043/1581/316
f 756/1044/316 964/1469/316 948/1447/316
f 730/997/316 963/1468/316 950/1449/316
f 673/896/316 962/1467/316 956/1461/316
f 660/880/316 961/1466/316 952/1454/316
f 653/872/316 960/1465/316 963/1468/316
f 950/1450/319 965/1471/319 789/1105/319
f 946/1443/317 945/1442/317 980/1492/317
f 947/1445/319 969/1476/319 806/1136/319
f 635/845/316 959/1464/316 960/1465/316
f 628/834/316 958/1463/316 961/1466/316
f 621/823/316 957/1462/316 958/1463/316
f 614/812/316 956/1461/316 955/1459/316
f 953/1455/317 975/1485/317 1010/1535/317
f 955/1460/319 977/1489/319 847/1207/319
f 600/789/316 954/1458/316 957/1462/316
f 593/776/316 953/1456/316 959/1464/316
f 806/1137/316 969/1477/316 971/1479/316
f 951/1451/317 966/1472/317 1001/1523/317
f 569/734/316 946/1444/316 964/1469/316
f 572/738/316 949/1448/316 962/1467/316
f 574/742/316 951/1452/316 947/1446/316
f 986/1502/317 1001/1523/317 792/1112/317
f 988/1506/317 1010/1535/317 836/1180/317
f 981/1494/317 980/1492/317 805/1135/317
f 989/1508/317 1011/1537/317 840/1189/317
f 987/1504/319 1009/1533/319 974/1482/319
f 979/1491/316 1014/1542/316 1011/1538/316
f 978/1490/316 1013/1541/316 1014/1542/316
f 977/1488/316 1012/1539/316 1013/1541/316
f 974/1483/316 1009/1534/316 1010/1536/316
f 973/1481/316 1008/1532/316 1005/1529/316
f 972/1480/316 1007/1531/316 1008/1532/316
f 971/1479/316 1006/1530/316 1007/1531/316
f 970/1478/316 1005/1529/316 980/1493/316
f 1043/1581/320 1055/1596/320 1053/1592/320
f 1002/1525/318 1048/1586/318 1056/1598/318
f 965/1470/316 1000/1521/316 1044/1582/316
f 964/1469/316 999/1520/316 983/1498/316
f 963/1468/316 998/1519/316 985/1500/316
f 962/1467/316 997/1518/316 991/1512/316
f 961/1466/316 996/1517/316 987/1505/316
f 960/1465/316 995/1516/316 998/1519/316
f 985/1501/319 1000/1522/319 965/1471/319
f 982/1496/319 1004/1527/319 969/1476/319
f 959/1464/316 994/1515/316 995/1516/316
f 958/1463/316 993/1514/316 996/1517/316
f 957/1462/316 992/1513/316 993/1514/316
f 956/1461/316 991/1512/316 990/1510/316
f 990/1511/319 1012/1540/319 977/1489/319
f 954/1458/316 989/1509/316 992/1513/316
f 953/1456/316 988/1507/316 994/1515/316
f 969/1477/316 1004/1528/316 1006/1530/316
f 946/1444/316 981/1495/316 999/1520/316
f 949/1448/316 984/1499/316 997/1518/316
f 951/1452/316 986/1503/316 982/1497/316
f 1030/1566/316 1031/1567/316 1001/1524/316
f 1024/1556/316 1030/1566/316 966/1473/316
f 1019/1548/320 1028/1562/320 906/1349/320
f 1028/1563/316 1029/1564/316 922/1385/316
f 1021/1551/320 1027/1560/320 875/1275/320
f 1026/1558/316 1027/1561/316 867/1255/316
f 1031/1567/316 1023/1554/316 792/1113/316
f 1025/1557/316 1024/1556/316 791/1110/316
f 1022/1553/316 1025/1557/316 795/1119/316
f 1020/1550/318 1026/1559/318 854/1222/318
f 1020/1550/318 1029/1565/318 931/1404/318
f 1017/1545/320 1023/1555/320 793/1115/320
f 1016/1544/316 1019/1549/316 680/906/316
f 1018/1547/316 1016/1544/316 556/712/316
f 1021/1552/316 1015/1543/316 555/711/316
f 1017/1546/316 1018/1547/316 568/732/316
f 1003/1526/318 1056/1598/318 1058/1601/318
f 1041/1579/316 1043/1581/316 968/1475/316
f 1039/1576/316 1042/1580/316 802/1128/316
f 1042/1580/316 1041/1579/316 801/1127/316
f 1044/1582/316 1040/1577/316 800/1126/316
f 1037/1574/316 1038/1575/316 783/1097/316
f 1036/1573/316 1037/1574/316 742/1020/316
f 1033/1569/316 1036/1573/316 741/1017/316
f 1034/1570/320 1040/1578/320 790/1108/320
f 1034/1571/316 1035/1572/316 738/1011/316
f 1038/1575/316 1032/1568/316 735/1007/316
f 1035/1572/316 1033/1569/316 736/1008/316
f 1057/1600/320 1062/1608/320 1064/1610/320
f 1046/1584/318 1061/1607/318 1067/1613/318
f 1051/1590/317 1067/1613/317 1068/1614/317
f 1030/1566/319 1059/1603/319 1060/1605/319
f 968/1475/320 1053/1592/320 1054/1594/320
f 967/1474/320 1054/1594/320 1059/1603/320
f 1044/1582/317 1058/1601/317 1055/1596/317
f 1031/1567/318 1060/1605/318 1048/1586/318
f 1046/1584/316 1054/1595/316 1053/1593/316
f 1047/1585/316 1045/1583/316 1053/1593/316
f 1049/1588/316 1056/1599/316 1048/1587/316
f 1050/1589/316 1058/1602/316 1056/1599/316
f 1051/1590/316 1059/1604/316 1054/1595/316
f 1052/1591/316 1057/1600/316 1048/1587/316
f 1051/1590/316 1052/1591/316 1060/1606/316
f 1047/1585/316 1055/1597/316 1058/1602/316
f 1063/1609/316 1064/1610/316 1062/1608/316
f 1061/1607/316 1062/1608/316 1068/1614/316
f 1065/1611/316 1066/1612/316 1064/1610/316
f 1045/1583/318 1063/1609/318 1061/1607/318
f 1050/1589/319 1066/1612/319 1065/1611/319
f 1052/1591/320 1068/1614/320 1062/1608/320
f 1049/1588/320 1064/1610/320 1066/1612/320
f 1047/1585/318 1065/1611/318 1063/1609/318
f 1291/1983/319 1073/1623/319 1199/1820/319
f 1290/1982/319 1070/1617/319 1282/1968/319
f 1093/1653/319 1071/1620/319 1281/1967/319
f 1292/1984/319 1074/1624/319 1169/1780/319
f 1096/1658/319 1078/1630/319 1200/1821/319
f 1097/1659/319 1083/1636/319 1563/2497/319
f 1294/1987/319 1082/1635/319 1562/2496/319
f 1295/1988/319 1085/1639/319 1074/1624/319
f 1094/1655/319 1098/1660/319 1086/1640/319
f 1516/2431/319 1092/1651/319 1088/1643/319
f 1337/2066/319 1176/1791/319 1354/2089/319
f 1514/2427/319 1090/1646/319 1201/1822/319
f 1511/2423/319 1087/1641/319 1284/1970/319
f 1092/1651/319 1098/1660/319 1094/1655/319
f 1564/2499/319 1091/1649/319 1097/1659/319
f 1090/1646/319 1096/1658/319 1202/1823/319
f 1087/1641/319 1093/1653/319 1285/1971/319
f 1105/1671/319 1099/1662/319 1286/1972/319
f 1108/1676/319 1102/1666/319 1203/1824/319
f 1104/1669/316 1321/2037/316 1496/2400/316
f 1110/1679/319 1104/1670/319 1100/1663/319
f 1084/1637/319 1110/1679/319 1106/1673/319
f 1534/2456/319 1337/2066/319 1353/2088/319
f 1076/1628/319 1108/1676/319 1204/1825/319
f 1069/1615/319 1105/1671/319 1287/1973/319
f 1111/1681/319 1117/1692/319 1124/1705/319
f 1246/1895/318 1458/2325/318 1454/2317/318
f 1306/2011/321 1405/2201/321 1383/2146/321
f 1115/1687/321 1364/2101/321 1363/2100/321
f 1115/1688/319 1113/1683/319 1120/1696/319
f 1296/1990/319 1112/1682/319 1119/1695/319
f 1297/1992/319 1119/1695/319 1161/1767/319
f 1122/1700/319 1120/1696/319 1162/1768/319
f 1518/2435/319 1121/1697/319 1163/1769/319
f 1163/1769/319 1121/1697/319 1122/1700/319
f 1288/1975/321 1473/2364/321 1474/2366/321
f 1160/1766/319 1118/1694/319 1124/1705/319
f 1125/1707/319 1131/1718/319 1152/1753/319
f 1191/1809/320 1411/2218/320 1412/2220/320
f 1128/1710/319 1129/1713/319 1150/1748/319
f 1519/2437/319 1128/1710/319 1149/1747/319
f 1129/1713/319 1127/1709/319 1148/1746/319
f 1298/1994/319 1126/1708/319 1147/1745/319
f 1132/1720/319 1138/1731/319 1197/1817/319
f 1231/1871/320 1417/2230/320 1418/2232/320
f 1135/1723/321 1375/2128/321 1542/2468/321
f 1123/1702/316 1368/2112/316 1505/2413/316
f 1136/1726/319 1134/1722/319 1194/1813/319
f 1299/1995/319 1133/1721/319 1193/1812/319
f 1139/1733/319 1145/1742/319 1138/1731/319
f 1207/1829/320 1446/2298/320 1448/2303/320
f 1142/1736/319 1143/1737/319 1136/1726/319
f 1521/2440/319 1142/1736/319 1135/1724/319
f 1143/1737/319 1141/1735/319 1134/1722/319
f 1300/1998/319 1140/1734/319 1133/1721/319
f 1301/2000/319 1147/1745/319 1154/1756/319
f 1150/1748/319 1148/1746/319 1155/1757/319
f 1522/2441/319 1149/1747/319 1156/1758/319
f 1149/1747/319 1150/1748/319 1157/1759/319
f 1152/1753/319 1151/1751/319 1158/1762/319
f 1146/1744/319 1152/1753/319 1159/1764/319
f 1153/1755/319 1159/1764/319 1191/1810/319
f 1289/1978/318 1474/2367/318 1450/2308/318
f 1156/1758/319 1157/1759/319 1189/1806/319
f 1523/2442/319 1156/1758/319 1188/1805/319
f 1157/1759/319 1155/1757/319 1187/1804/319
f 1302/2001/319 1154/1756/319 1186/1803/319
f 1160/1766/319 1166/1775/319 1184/1801/319
f 1166/1775/319 1165/1773/319 1183/1800/319
f 1181/1798/319 1163/1769/319 1164/1770/319
f 1524/2443/319 1163/1769/319 1181/1798/319
f 1164/1770/319 1162/1768/319 1180/1797/319
f 1303/2002/319 1161/1767/319 1179/1796/319
f 1075/1626/321 1333/2057/321 1176/1792/321
f 1168/1778/320 1177/1793/320 1346/2079/320
f 1088/1644/321 1337/2067/321 1534/2455/321
f 1100/1664/321 1336/2064/321 1341/2072/321
f 1304/2005/319 1167/1777/319 1070/1617/319
f 1071/1619/320 1171/1783/320 1177/1793/320
f 1170/1781/320 1352/2086/320 1333/2058/320
f 1099/1661/316 1334/2060/316 1475/2370/316
f 1105/1672/316 1340/2070/316 1334/2060/316
f 1305/2008/319 1169/1780/319 1273/1949/319
f 1267/1937/320 1330/2053/320 1570/2506/320
f 1091/1648/321 1320/2034/321 1530/2450/321
f 1174/1788/319 1175/1790/319 1548/2475/319
f 1176/1791/319 1333/2059/319 1352/2087/319
f 1551/2480/319 1306/2012/319 1172/1786/319
f 1548/2475/319 1175/1790/319 1173/1787/319
f 1307/2014/319 1179/1796/319 1256/1921/319
f 1182/1799/319 1180/1797/319 1257/1922/319
f 1525/2444/319 1181/1798/319 1258/1923/319
f 1258/1923/319 1181/1798/319 1182/1799/319
f 1184/1801/319 1183/1800/319 1260/1925/319
f 1178/1795/319 1184/1801/319 1261/1926/319
f 1308/2017/319 1186/1803/319 1112/1682/319
f 1115/1688/319 1189/1806/319 1187/1804/319
f 1526/2445/319 1188/1805/319 1114/1684/319
f 1188/1805/319 1189/1806/319 1115/1688/319
f 1252/1911/318 1464/2338/318 1455/2318/318
f 1185/1802/319 1191/1810/319 1117/1692/319
f 1309/2020/319 1193/1812/319 1227/1866/319
f 1195/1814/319 1194/1813/319 1228/1867/319
f 1137/1730/318 1377/2133/318 1380/2139/318
f 1196/1816/318 1380/2139/318 1373/2123/318
f 1116/1690/318 1410/2216/318 1409/2214/318
f 1192/1811/319 1197/1817/319 1231/1872/319
f 1198/1819/319 1204/1825/319 1145/1742/319
f 1204/1825/319 1203/1824/319 1144/1740/319
f 1201/1822/319 1202/1823/319 1143/1737/319
f 1527/2446/319 1201/1822/319 1142/1736/319
f 1202/1823/319 1200/1821/319 1141/1735/319
f 1310/2022/319 1199/1820/319 1140/1734/319
f 1200/1821/319 1225/1863/319 1215/1842/319
f 1194/1813/319 1224/1860/319 1232/1874/319
f 1187/1804/319 1223/1858/319 1211/1835/319
f 1180/1797/319 1222/1856/319 1262/1928/319
f 1546/2472/319 1173/1787/319 1221/1854/319
f 1170/1782/319 1220/1852/319 1275/1954/319
f 1168/1779/319 1219/1850/319 1205/1826/319
f 1162/1768/319 1218/1848/319 1222/1856/319
f 1155/1757/319 1217/1846/319 1223/1858/319
f 1148/1746/319 1216/1844/319 1217/1846/319
f 1141/1735/319 1215/1842/319 1214/1840/319
f 1194/1813/319 1134/1722/319 1214/1840/319
f 1127/1709/319 1213/1839/319 1216/1844/319
f 1120/1696/319 1212/1837/319 1218/1848/319
f 1120/1696/319 1113/1683/319 1211/1835/319
f 1075/1627/319 1086/1640/319 1210/1834/319
f 1083/1636/319 1209/1832/319 1566/2501/319
f 1075/1627/319 1207/1830/319 1220/1852/319
f 1071/1620/319 1205/1826/319 1288/1976/319
f 1078/1630/319 1206/1828/319 1225/1863/319
f 1228/1867/319 1232/1874/319 1213/1839/319
f 1226/1865/319 1231/1872/319 1131/1718/319
f 1130/1715/318 1416/2228/318 1415/2226/318
f 1246/1895/318 1387/2158/318 1388/2160/318
f 1128/1711/316 1370/2117/316 1372/2120/316
f 1229/1868/319 1228/1867/319 1127/1709/319
f 1311/2023/319 1227/1866/319 1126/1708/319
f 1232/1874/319 1254/1918/319 1241/1886/319
f 1271/1944/320 1447/2300/320 1435/2275/320
f 1205/1827/320 1439/2284/320 1473/2365/320
f 1242/1887/318 1455/2318/318 1456/2321/318
f 1210/1833/320 1436/2277/320 1446/2298/320
f 1275/1953/321 1471/2358/321 1472/2360/321
f 1211/1836/320 1434/2273/320 1445/2296/320
f 1251/1910/318 1463/2336/318 1457/2322/318
f 1276/1956/318 1472/2361/318 1460/2330/318
f 1212/1838/320 1445/2296/320 1440/2286/320
f 1216/1844/319 1244/1891/319 1245/1893/319
f 1250/1905/318 1462/2334/318 1458/2325/318
f 1220/1853/320 1448/2303/320 1471/2359/320
f 1213/1839/319 1241/1886/319 1244/1891/319
f 1233/1876/318 1450/2308/318 1459/2327/318
f 1138/1732/320 1422/2242/320 1430/2264/320
f 1214/1841/320 1443/2292/320 1444/2295/320
f 1209/1832/319 1237/1882/319 1567/2502/319
f 1247/1897/318 1459/2327/318 1467/2345/318
f 1196/1816/318 1429/2262/318 1420/2237/318
f 1206/1828/319 1234/1879/319 1253/1915/319
f 1262/1928/319 1263/1931/319 1237/1882/319
f 1257/1922/319 1262/1928/319 1209/1832/319
f 1255/1920/319 1261/1926/319 1109/1677/319
f 1261/1926/319 1260/1925/319 1103/1667/319
f 1258/1923/319 1259/1924/319 1097/1659/319
f 1528/2447/319 1258/1923/319 1091/1649/319
f 1259/1924/319 1257/1922/319 1083/1636/319
f 1312/2024/319 1256/1921/319 1082/1635/319
f 1215/1843/320 1432/2269/320 1443/2292/320
f 1266/1936/319 1271/1945/319 1221/1854/319
f 1084/1638/316 1318/2031/316 1325/2046/316
f 1092/1652/320 1322/2039/320 1553/2483/320
f 1174/1788/319 1267/1938/319 1268/1939/319
f 1174/1789/320 1323/2043/320 1330/2053/320
f 1313/2025/319 1265/1935/319 1172/1786/319
f 1268/1939/319 1266/1936/319 1173/1787/319
f 1275/1954/319 1276/1957/319 1280/1965/319
f 1274/1950/319 1275/1954/319 1279/1962/319
f 1314/2026/319 1273/1949/319 1277/1958/319
f 1278/1959/320 1346/2079/320 1358/2093/320
f 1094/1656/321 1176/1792/321 1337/2067/321
f 1072/1622/321 1106/1674/321 1341/2072/321
f 1274/1951/320 1358/2093/320 1352/2086/320
f 1087/1642/316 1335/2063/316 1264/1933/316
f 1093/1654/316 1264/1933/316 1171/1784/316
f 1069/1616/316 1269/1941/316 1340/2070/316
f 1315/2027/319 1277/1958/319 1167/1777/319
f 1278/1960/319 1279/1962/319 1219/1850/319
f 1238/1883/318 1452/2312/318 1559/2493/318
f 1288/1976/319 1289/1979/319 1236/1881/319
f 1281/1967/319 1288/1976/319 1208/1831/319
f 1283/1969/319 1287/1973/319 1107/1675/319
f 1287/1973/319 1286/1972/319 1101/1665/319
f 1284/1970/319 1285/1971/319 1095/1657/319
f 1529/2448/319 1284/1970/319 1089/1645/319
f 1285/1971/319 1281/1967/319 1077/1629/319
f 1316/2028/319 1282/1968/319 1079/1631/319
f 1289/1979/319 1316/2028/319 1293/1986/319
f 1280/1965/319 1315/2027/319 1304/2005/319
f 1276/1957/319 1314/2026/319 1315/2027/319
f 1272/1947/319 1313/2025/319 1306/2012/319
f 1263/1931/319 1312/2024/319 1294/1987/319
f 1241/1886/319 1254/1918/319 1311/2023/319
f 1253/1915/319 1310/2022/319 1300/1998/319
f 1254/1918/319 1252/1912/319 1309/2020/319
f 1248/1899/316 1394/2175/316 1404/2198/316
f 1250/1906/319 1307/2014/319 1312/2024/319
f 1136/1727/321 1376/2130/321 1375/2128/321
f 1248/1900/319 1305/2008/319 1314/2026/319
f 1195/1815/320 1379/2137/320 1376/2131/320
f 1229/1869/320 1371/2119/320 1379/2137/320
f 1251/1908/319 1245/1893/319 1302/2001/319
f 1245/1893/319 1244/1891/319 1301/2000/319
f 1247/1897/318 1385/2152/318 1386/2155/318
f 1247/1898/321 1304/2006/321 1403/2195/321
f 1244/1891/319 1241/1886/319 1298/1994/319
f 1233/1877/316 1386/2156/316 1395/2177/316
f 1307/2015/320 1406/2204/320 1402/2194/320
f 1249/1904/318 1383/2147/318 1556/2487/318
f 1237/1882/319 1294/1987/319 1568/2503/319
f 1290/1981/320 1395/2178/320 1403/2196/320
f 1233/1878/319 1290/1982/319 1316/2028/319
f 1234/1879/319 1291/1983/319 1310/2022/319
f 1530/2449/319 1320/2035/319 1570/2505/319
f 1572/2508/319 1324/2044/319 1319/2032/319
f 1569/2504/319 1327/2049/319 1324/2044/319
f 1317/2029/319 1328/2051/319 1555/2485/319
f 1328/2051/319 1326/2048/319 1554/2484/319
f 1532/2453/319 1323/2042/319 1553/2482/319
f 1329/2052/319 1332/2056/319 1328/2051/319
f 1332/2056/319 1331/2055/319 1326/2048/319
f 1533/2454/319 1330/2054/319 1323/2042/319
f 1103/1668/321 1319/2033/321 1324/2045/321
f 1109/1678/321 1324/2045/321 1327/2050/321
f 1110/1680/316 1325/2046/316 1321/2037/316
f 1341/2073/319 1336/2065/319 1355/2090/319
f 1351/2085/319 1343/2076/319 1341/2073/319
f 1270/1942/319 1344/2077/319 1340/2071/319
f 1344/2077/319 1342/2074/319 1334/2061/319
f 1338/2068/319 1339/2069/319 1264/1934/319
f 1535/2457/319 1338/2068/319 1335/2062/319
f 1339/2069/319 1177/1794/319 1171/1785/319
f 1351/2085/319 1356/2091/319 1362/2098/319
f 1356/2091/319 1355/2090/319 1361/2097/319
f 1353/2088/319 1354/2089/319 1360/2096/319
f 1536/2458/319 1353/2088/319 1359/2095/319
f 1354/2089/319 1352/2087/319 1358/2094/319
f 1348/2082/319 1360/2096/319 1358/2094/319
f 1537/2459/319 1359/2095/319 1347/2081/319
f 1359/2095/319 1360/2096/319 1348/2082/319
f 1362/2098/319 1361/2097/319 1349/2083/319
f 1357/2092/319 1362/2098/319 1350/2084/319
f 1345/2078/319 1350/2084/319 1344/2077/319
f 1350/2084/319 1349/2083/319 1342/2074/319
f 1347/2081/319 1348/2082/319 1339/2069/319
f 1538/2460/319 1347/2081/319 1338/2068/319
f 1348/2082/319 1346/2080/319 1177/1794/319
f 1363/2099/319 1364/2102/319 1367/2109/319
f 1540/2464/319 1539/2462/319 1363/2099/319
f 1375/2129/319 1376/2132/319 1379/2138/319
f 1542/2467/319 1375/2129/319 1378/2136/319
f 1543/2469/319 1378/2136/319 1369/2115/319
f 1378/2136/319 1379/2138/319 1371/2118/319
f 1369/2115/319 1371/2118/319 1372/2121/319
f 1541/2466/319 1544/2470/319 1369/2115/319
f 1381/2142/319 1407/2207/319 1398/2184/319
f 1383/2148/319 1405/2202/319 1557/2489/319
f 1385/2153/319 1403/2197/319 1395/2179/319
f 1387/2157/319 1402/2193/319 1406/2205/319
f 1389/2163/319 1401/2190/319 1400/2188/319
f 1390/2165/319 1400/2188/319 1408/2210/319
f 1392/2170/319 1399/2186/319 1402/2193/319
f 1382/2144/319 1398/2184/319 1399/2186/319
f 1393/2172/319 1384/2149/319 1397/2183/319
f 1393/2172/319 1396/2180/319 1404/2199/319
f 1130/1716/316 1374/2125/316 1506/2415/316
f 1299/1996/320 1400/2189/320 1401/2191/320
f 1121/1698/316 1366/2108/316 1367/2110/316
f 1114/1685/321 1363/2100/321 1539/2461/321
f 1250/1907/316 1388/2161/316 1406/2206/316
f 1309/2021/320 1408/2211/320 1400/2189/320
f 1251/1909/321 1308/2018/321 1407/2208/321
f 1243/1890/318 1389/2164/318 1390/2166/318
f 1252/1913/316 1391/2168/316 1408/2212/316
f 1303/2003/320 1402/2194/320 1399/2187/320
f 1242/1887/318 1390/2166/318 1391/2169/318
f 1297/1993/320 1399/2187/320 1398/2185/320
f 1292/1985/320 1396/2181/320 1397/2182/320
f 1240/1885/318 1392/2171/318 1387/2158/318
f 1296/1991/320 1398/2185/320 1407/2209/320
f 1239/1884/318 1382/2145/318 1392/2171/318
f 1305/2009/320 1404/2200/320 1396/2181/320
f 1238/1883/318 1384/2150/318 1393/2173/318
f 1129/1714/320 1372/2122/320 1371/2119/320
f 1243/1889/321 1300/1999/321 1401/2192/321
f 1295/1989/320 1397/2182/320 1557/2488/320
f 1251/1910/318 1381/2143/318 1382/2145/318
f 1122/1701/320 1367/2111/320 1364/2103/320
f 1230/1870/318 1373/2123/318 1374/2126/318
f 1116/1690/318 1365/2104/318 1368/2113/318
f 1235/1880/318 1393/2173/318 1394/2176/318
f 1412/2219/319 1410/2215/319 1413/2221/319
f 1414/2223/319 1413/2221/319 1427/2255/319
f 1418/2231/319 1416/2227/319 1423/2243/319
f 1422/2241/319 1420/2236/319 1429/2261/319
f 1421/2238/319 1419/2233/319 1420/2236/319
f 1425/2249/319 1426/2252/319 1409/2213/319
f 1411/2217/319 1409/2213/319 1410/2215/319
f 1430/2263/319 1429/2261/319 1415/2225/319
f 1417/2229/319 1415/2225/319 1416/2227/319
f 1431/2265/319 1465/2339/319 1456/2320/319
f 1444/2294/319 1464/2337/319 1466/2342/319
f 1433/2270/319 1463/2335/319 1453/2314/319
f 1469/2351/319 1441/2287/319 1462/2333/319
f 1558/2491/319 1435/2274/319 1461/2331/319
f 1448/2304/319 1460/2329/319 1472/2362/319
f 1438/2281/319 1459/2328/319 1450/2309/319
f 1441/2287/319 1440/2285/319 1458/2326/319
f 1442/2289/319 1457/2323/319 1463/2335/319
f 1432/2268/319 1456/2320/319 1455/2319/319
f 1443/2293/319 1455/2319/319 1464/2337/319
f 1440/2285/319 1445/2297/319 1454/2316/319
f 1434/2272/319 1453/2314/319 1454/2316/319
f 1436/2276/319 1452/2313/319 1451/2310/319
f 1446/2299/319 1451/2310/319 1460/2329/319
f 1439/2283/319 1450/2309/319 1474/2368/319
f 1435/2274/319 1447/2301/319 1468/2348/319
f 1437/2278/319 1467/2346/319 1459/2328/319
f 1158/1761/316 1426/2253/316 1425/2250/316
f 1144/1739/316 1419/2234/316 1421/2239/316
f 1240/1885/318 1454/2317/318 1453/2315/318
f 1235/1880/318 1451/2311/318 1452/2312/318
f 1245/1894/316 1457/2324/316 1442/2290/316
f 1249/1904/318 1461/2332/318 1468/2349/318
f 1248/1901/318 1460/2330/318 1451/2311/318
f 1190/1807/318 1409/2214/318 1426/2254/318
f 1159/1765/320 1425/2251/320 1411/2218/320
f 1230/1870/318 1415/2226/318 1429/2262/318
f 1272/1948/316 1468/2350/316 1447/2302/316
f 1197/1818/320 1430/2264/320 1417/2230/320
f 1225/1864/320 1431/2266/320 1432/2269/320
f 1224/1861/320 1444/2295/320 1449/2306/320
f 1223/1859/320 1433/2271/320 1434/2273/320
f 1253/1916/316 1465/2340/316 1431/2267/316
f 1165/1772/318 1427/2256/318 1413/2222/318
f 1151/1750/318 1423/2244/318 1416/2228/318
f 1137/1730/318 1420/2237/318 1419/2235/318
f 1123/1703/318 1413/2222/318 1410/2216/318
f 1232/1875/321 1449/2307/321 1466/2343/321
f 1124/1706/320 1414/2224/320 1428/2259/320
f 1131/1719/320 1418/2232/320 1424/2247/320
f 1221/1855/320 1435/2275/320 1558/2490/320
f 1145/1743/320 1421/2240/320 1422/2242/320
f 1117/1693/320 1412/2220/320 1414/2224/320
f 1279/1963/320 1437/2279/320 1438/2282/320
f 1243/1890/318 1456/2321/318 1465/2341/318
f 1166/1776/321 1428/2260/321 1427/2257/321
f 1219/1851/320 1438/2282/320 1439/2284/320
f 1222/1857/320 1441/2288/320 1469/2352/320
f 1254/1919/318 1466/2344/318 1464/2338/318
f 1218/1849/320 1440/2286/320 1441/2288/320
f 1263/1932/318 1470/2355/318 1462/2334/318
f 1239/1884/318 1453/2315/318 1463/2336/318
f 1280/1966/316 1467/2347/316 1437/2280/316
f 1217/1847/320 1442/2291/320 1433/2271/320
f 1262/1929/321 1469/2353/321 1470/2356/321
f 1152/1754/321 1424/2248/321 1423/2245/321
f 1482/2382/321 1504/2410/321 1365/2105/321
f 1484/2385/316 1506/2415/316 1541/2465/316
f 1374/2127/319 1373/2124/319 1509/2419/319
f 1380/2140/319 1508/2418/319 1509/2419/319
f 1380/2140/319 1377/2134/319 1507/2416/319
f 1368/2114/319 1365/2106/319 1504/2411/319
f 1342/2074/319 1349/2083/319 1503/2409/319
f 1349/2083/319 1361/2097/319 1502/2408/319
f 1355/2090/319 1501/2407/319 1502/2408/319
f 1342/2074/319 1500/2406/319 1475/2369/319
f 1326/2048/319 1331/2055/319 1498/2403/319
f 1554/2484/319 1326/2048/319 1497/2402/319
f 1319/2032/319 1495/2398/319 1573/2509/319
f 1286/1972/319 1494/2397/319 1478/2375/319
f 1260/1925/319 1493/2396/319 1480/2377/319
f 1203/1824/319 1492/2395/319 1486/2389/319
f 1116/1691/319 1190/1808/319 1491/2394/319
f 1183/1800/319 1490/2393/319 1493/2396/319
f 1480/2378/321 1495/2399/321 1319/2033/321
f 1476/2371/316 1475/2370/316 1510/2420/316
f 1477/2373/321 1499/2404/321 1336/2064/321
f 1165/1773/319 1489/2392/319 1490/2393/319
f 1158/1762/319 1488/2391/319 1491/2394/319
f 1158/1762/319 1151/1751/319 1487/2390/319
f 1144/1740/319 1486/2389/319 1485/2387/319
f 1483/2383/316 1505/2413/316 1540/2463/316
f 1485/2388/321 1507/2417/321 1377/2135/321
f 1151/1751/319 1130/1717/319 1484/2386/319
f 1123/1704/319 1483/2384/319 1489/2392/319
f 1336/2065/319 1499/2405/319 1501/2407/319
f 1481/2379/316 1496/2400/316 1531/2451/316
f 1099/1662/319 1476/2372/319 1494/2397/319
f 1102/1666/319 1479/2376/319 1492/2395/319
f 1104/1670/319 1481/2380/319 1477/2374/319
f 1516/2430/316 1531/2451/316 1322/2040/316
f 1518/2434/316 1540/2463/316 1366/2108/316
f 1511/2422/316 1510/2420/316 1335/2063/316
f 1519/2436/316 1541/2465/316 1370/2117/316
f 1517/2432/321 1539/2461/321 1504/2410/321
f 1509/2419/319 1544/2470/319 1541/2466/319
f 1509/2419/319 1508/2418/319 1543/2469/319
f 1507/2416/319 1542/2467/319 1543/2469/319
f 1504/2411/319 1539/2462/319 1540/2464/319
f 1500/2406/319 1503/2409/319 1538/2460/319
f 1502/2408/319 1537/2459/319 1538/2460/319
f 1501/2407/319 1536/2458/319 1537/2459/319
f 1500/2406/319 1535/2457/319 1510/2421/319
f 1573/2509/320 1585/2524/320 1583/2520/320
f 1532/2453/318 1578/2514/318 1586/2526/318
f 1495/2398/319 1530/2449/319 1574/2510/319
f 1494/2397/319 1529/2448/319 1513/2426/319
f 1493/2396/319 1528/2447/319 1515/2428/319
f 1492/2395/319 1527/2446/319 1521/2440/319
f 1491/2394/319 1526/2445/319 1517/2433/319
f 1490/2393/319 1525/2444/319 1528/2447/319
f 1515/2429/321 1530/2450/321 1495/2399/321
f 1512/2424/321 1534/2455/321 1499/2404/321
f 1490/2393/319 1489/2392/319 1524/2443/319
f 1488/2391/319 1523/2442/319 1526/2445/319
f 1488/2391/319 1487/2390/319 1522/2441/319
f 1486/2389/319 1521/2440/319 1520/2438/319
f 1520/2439/321 1542/2468/321 1507/2417/321
f 1484/2386/319 1519/2437/319 1522/2441/319
f 1483/2384/319 1518/2435/319 1524/2443/319
f 1499/2405/319 1534/2456/319 1536/2458/319
f 1476/2372/319 1511/2423/319 1529/2448/319
f 1479/2376/319 1514/2427/319 1527/2446/319
f 1481/2380/319 1516/2431/319 1512/2425/319
f 1560/2494/319 1561/2495/319 1531/2452/319
f 1554/2484/319 1560/2494/319 1496/2401/319
f 1549/2476/320 1558/2490/320 1436/2277/320
f 1558/2491/319 1559/2492/319 1452/2313/319
f 1551/2479/320 1557/2488/320 1405/2203/320
f 1556/2486/319 1557/2489/319 1397/2183/319
f 1561/2495/319 1553/2482/319 1322/2041/319
f 1555/2485/319 1554/2484/319 1321/2038/319
f 1552/2481/319 1555/2485/319 1325/2047/319
f 1550/2478/318 1556/2487/318 1384/2150/318
f 1550/2478/318 1559/2493/318 1461/2332/318
f 1547/2473/320 1553/2483/320 1323/2043/320
f 1546/2472/319 1549/2477/319 1210/1834/319
f 1548/2475/319 1546/2472/319 1086/1640/319
f 1551/2480/319 1545/2471/319 1085/1639/319
f 1547/2474/319 1548/2475/319 1098/1660/319
f 1533/2454/318 1586/2526/318 1588/2529/318
f 1571/2507/319 1573/2509/319 1498/2403/319
f 1569/2504/319 1572/2508/319 1332/2056/319
f 1572/2508/319 1571/2507/319 1331/2055/319
f 1574/2510/319 1570/2505/319 1330/2054/319
f 1567/2502/319 1568/2503/319 1313/2025/319
f 1271/1945/319 1566/2501/319 1567/2502/319
f 1266/1936/319 1563/2497/319 1566/2501/319
f 1564/2498/320 1570/2506/320 1320/2036/320
f 1267/1938/319 1564/2499/319 1565/2500/319
f 1568/2503/319 1562/2496/319 1265/1935/319
f 1268/1939/319 1565/2500/319 1563/2497/319
f 1587/2528/320 1592/2536/320 1594/2538/320
f 1576/2512/318 1591/2535/318 1597/2541/318
f 1581/2518/316 1597/2541/316 1598/2542/316
f 1560/2494/321 1589/2531/321 1590/2533/321
f 1498/2403/320 1583/2520/320 1584/2522/320
f 1497/2402/320 1584/2522/320 1589/2531/320
f 1574/2510/316 1588/2529/316 1585/2524/316
f 1561/2495/318 1590/2533/318 1578/2514/318
f 1576/2512/319 1584/2523/319 1583/2521/319
f 1577/2513/319 1575/2511/319 1583/2521/319
f 1579/2516/319 1586/2527/319 1578/2515/319
f 1580/2517/323 1588/2530/323 1586/2527/323
f 1581/2518/323 1589/2532/323 1584/2523/323
f 1582/2519/319 1587/2528/319 1578/2515/319
f 1581/2518/319 1582/2519/319 1590/2534/319
f 1577/2513/319 1585/2525/319 1588/2530/319
f 1591/2535/319 1593/2537/319 1594/2538/319
f 1591/2535/319 1592/2536/319 1598/2542/319
f 1593/2537/319 1595/2539/319 1596/2540/319
f 1575/2511/318 1593/2537/318 1591/2535/318
f 1580/2517/321 1596/2540/321 1595/2539/321
f 1582/2519/320 1598/2542/320 1592/2536/320
f 1579/2516/320 1594/2538/320 1596/2540/320
f 1577/2513/318 1595/2539/318 1593/2537/318
f 1821/2911/321 1603/2551/321 1729/2748/321
f 1820/2910/321 1600/2545/321 1812/2896/321
f 1623/2581/321 1601/2548/321 1811/2895/321
f 1822/2912/321 1604/2552/321 1699/2708/321
f 1626/2586/321 1608/2558/321 1730/2749/321
f 1627/2587/321 1613/2564/321 2093/3425/321
f 1824/2915/321 1612/2563/321 2092/3424/321
f 1825/2916/321 1615/2567/321 1604/2552/321
f 1628/2588/321 1616/2568/321 1605/2555/321
f 2046/3359/321 1622/2579/321 1618/2571/321
f 1867/2994/321 1706/2719/321 1884/3017/321
f 2044/3355/321 1620/2574/321 1731/2750/321
f 2041/3351/321 1617/2569/321 1814/2898/321
f 1622/2579/321 1628/2588/321 1624/2583/321
f 1621/2576/321 1627/2587/321 2095/3428/321
f 1620/2574/321 1626/2586/321 1732/2751/321
f 1617/2569/321 1623/2581/321 1815/2899/321
f 1635/2599/321 1629/2590/321 1816/2900/321
f 1638/2604/321 1632/2594/321 1733/2752/321
f 1634/2597/319 1851/2965/319 2026/3328/319
f 1640/2607/321 1634/2598/321 1630/2591/321
f 1614/2565/321 1640/2607/321 1636/2601/321
f 2064/3384/321 1867/2994/321 1883/3016/321
f 1606/2556/321 1638/2604/321 1734/2753/321
f 1599/2543/321 1635/2599/321 1817/2901/321
f 1641/2609/321 1647/2620/321 1654/2633/321
f 1776/2823/318 1988/3253/318 1984/3245/318
f 1836/2939/317 1935/3129/317 1913/3074/317
f 1645/2615/317 1894/3029/317 1893/3028/317
f 1645/2616/321 1643/2611/321 1650/2624/321
f 1826/2918/321 1642/2610/321 1649/2623/321
f 1827/2920/321 1649/2623/321 1691/2695/321
f 1652/2628/321 1650/2624/321 1692/2696/321
f 2048/3363/321 1651/2625/321 1693/2697/321
f 1651/2625/321 1652/2628/321 1694/2698/321
f 1818/2903/317 2003/3292/317 2004/3294/317
f 1648/2622/321 1654/2633/321 1696/2703/321
f 1655/2635/321 1661/2646/321 1682/2681/321
f 1721/2737/320 1941/3146/320 1942/3148/320
f 1658/2638/321 1659/2641/321 1680/2676/321
f 2049/3365/321 1658/2638/321 1679/2675/321
f 1659/2641/321 1657/2637/321 1678/2674/321
f 1828/2922/321 1656/2636/321 1677/2673/321
f 1662/2648/321 1668/2659/321 1727/2745/321
f 1761/2799/320 1947/3158/320 1948/3160/320
f 1665/2651/317 1905/3056/317 2072/3396/317
f 1653/2630/319 1898/3041/319 2035/3341/319
f 1666/2654/321 1664/2650/321 1724/2741/321
f 1829/2923/321 1663/2649/321 1723/2740/321
f 1669/2661/321 1675/2670/321 1668/2659/321
f 1737/2757/320 1976/3226/320 1978/3231/320
f 1672/2664/321 1673/2665/321 1666/2654/321
f 2051/3368/321 1672/2664/321 1665/2652/321
f 1673/2665/321 1671/2663/321 1664/2650/321
f 1830/2926/321 1670/2662/321 1663/2649/321
f 1831/2928/321 1677/2673/321 1684/2684/321
f 1680/2676/321 1678/2674/321 1685/2685/321
f 2052/3369/321 1679/2675/321 1686/2686/321
f 1679/2675/321 1680/2676/321 1687/2687/321
f 1682/2681/321 1681/2679/321 1688/2690/321
f 1676/2672/321 1682/2681/321 1689/2692/321
f 1683/2683/321 1689/2692/321 1721/2738/321
f 1819/2906/318 2004/3295/318 1980/3236/318
f 1686/2686/321 1687/2687/321 1719/2734/321
f 2053/3370/321 1686/2686/321 1718/2733/321
f 1687/2687/321 1685/2685/321 1717/2732/321
f 1832/2929/321 1684/2684/321 1716/2731/321
f 1690/2694/321 1696/2703/321 1714/2729/321
f 1696/2703/321 1695/2701/321 1713/2728/321
f 1693/2697/321 1694/2698/321 1712/2727/321
f 2054/3371/321 1693/2697/321 1711/2726/321
f 1694/2698/321 1692/2696/321 1710/2725/321
f 1833/2930/321 1691/2695/321 1709/2724/321
f 1605/2554/317 1863/2985/317 1706/2720/317
f 1698/2706/320 1707/2721/320 1876/3007/320
f 1618/2572/317 1867/2995/317 2064/3383/317
f 1630/2592/317 1866/2992/317 1871/3000/317
f 1834/2933/321 1697/2705/321 1600/2545/321
f 1601/2547/320 1701/2711/320 1707/2721/320
f 1700/2709/320 1882/3014/320 1863/2986/320
f 1629/2589/319 1864/2988/319 2005/3298/319
f 1635/2600/319 1870/2998/319 1864/2988/319
f 1835/2936/321 1699/2708/321 1803/2877/321
f 1797/2866/320 1860/2981/320 2100/3434/320
f 1621/2575/317 1850/2963/317 2060/3378/317
f 1704/2716/321 1705/2718/321 2078/3403/321
f 1706/2719/321 1863/2987/321 1882/3015/321
f 1836/2940/321 1702/2714/321 2075/3399/321
f 1705/2718/321 1703/2715/321 2076/3400/321
f 1837/2942/321 1709/2724/321 1786/2849/321
f 1712/2727/321 1710/2725/321 1787/2850/321
f 2055/3372/321 1711/2726/321 1788/2851/321
f 1711/2726/321 1712/2727/321 1789/2852/321
f 1714/2729/321 1713/2728/321 1790/2853/321
f 1708/2723/321 1714/2729/321 1791/2854/321
f 1838/2945/321 1716/2731/321 1642/2610/321
f 1719/2734/321 1717/2732/321 1643/2611/321
f 2056/3373/321 1718/2733/321 1644/2612/321
f 1718/2733/321 1719/2734/321 1645/2616/321
f 1782/2839/318 1994/3266/318 1985/3246/318
f 1715/2730/321 1721/2738/321 1647/2620/321
f 1839/2948/321 1723/2740/321 1757/2794/321
f 1725/2742/321 1724/2741/321 1758/2795/321
f 1667/2658/318 1907/3061/318 1910/3067/318
f 1726/2744/318 1910/3067/318 1903/3051/318
f 1646/2618/318 1940/3144/318 1939/3142/318
f 1722/2739/321 1727/2745/321 1761/2800/321
f 1728/2747/321 1734/2753/321 1675/2670/321
f 1734/2753/321 1733/2752/321 1674/2668/321
f 1731/2750/321 1732/2751/321 1673/2665/321
f 2057/3374/321 1731/2750/321 1672/2664/321
f 1732/2751/321 1730/2749/321 1671/2663/321
f 1840/2950/321 1729/2748/321 1670/2662/321
f 1730/2749/321 1755/2791/321 1745/2770/321
f 1724/2741/321 1754/2788/321 1762/2802/321
f 1717/2732/321 1753/2786/321 1741/2763/321
f 1710/2725/321 1752/2784/321 1792/2855/321
f 1703/2715/321 1751/2782/321 2079/3405/321
f 1700/2710/321 1750/2780/321 1805/2882/321
f 1698/2707/321 1749/2778/321 1735/2754/321
f 1692/2696/321 1748/2776/321 1752/2784/321
f 1685/2685/321 1747/2774/321 1753/2786/321
f 1678/2674/321 1746/2772/321 1747/2774/321
f 1671/2663/321 1745/2770/321 1744/2768/321
f 1664/2650/321 1744/2768/321 1754/2788/321
f 1657/2637/321 1743/2767/321 1746/2772/321
f 1650/2624/321 1742/2765/321 1748/2776/321
f 1643/2611/321 1741/2763/321 1742/2765/321
f 1616/2568/321 1740/2762/321 1737/2758/321
f 1613/2564/321 1739/2760/321 2096/3429/321
f 1605/2555/321 1737/2758/321 1750/2780/321
f 1601/2548/321 1735/2754/321 1818/2904/321
f 1608/2558/321 1736/2756/321 1755/2791/321
f 1758/2795/321 1762/2802/321 1743/2767/321
f 1756/2793/321 1761/2800/321 1661/2646/321
f 1760/2798/318 1660/2643/318 1946/3156/318
f 1776/2823/318 1917/3086/318 1918/3088/318
f 1658/2639/319 1900/3045/319 1902/3048/319
f 1759/2796/321 1758/2795/321 1657/2637/321
f 1841/2951/321 1757/2794/321 1656/2636/321
f 1762/2802/321 1784/2846/321 1771/2814/321
f 1751/2783/320 1801/2872/320 1977/3228/320
f 1735/2755/320 1969/3212/320 2003/3293/320
f 1772/2815/318 1985/3246/318 1986/3249/318
f 1740/2761/320 1966/3205/320 1976/3226/320
f 1805/2881/317 2001/3286/317 2002/3288/317
f 1741/2764/320 1964/3201/320 1975/3224/320
f 1781/2838/318 1993/3264/318 1987/3250/318
f 1806/2884/318 2002/3289/318 1990/3258/318
f 1748/2777/320 1742/2766/320 1975/3224/320
f 1746/2772/321 1774/2819/321 1775/2821/321
f 1780/2833/318 1992/3262/318 1988/3253/318
f 1750/2781/320 1978/3231/320 2001/3287/320
f 1743/2767/321 1771/2814/321 1774/2819/321
f 1763/2804/318 1980/3236/318 1989/3255/318
f 1668/2660/320 1952/3170/320 1960/3192/320
f 1744/2769/320 1973/3220/320 1974/3223/320
f 1739/2760/321 1767/2810/321 2097/3430/321
f 1777/2826/318 1989/3255/318 1997/3273/318
f 1726/2744/318 1959/3190/318 1950/3165/318
f 1736/2756/321 1764/2807/321 1783/2843/321
f 1792/2855/321 1793/2859/321 1767/2810/321
f 1787/2850/321 1792/2855/321 1739/2760/321
f 1785/2848/321 1791/2854/321 1639/2605/321
f 1791/2854/321 1790/2853/321 1633/2595/321
f 1788/2851/321 1789/2852/321 1627/2587/321
f 2058/3375/321 1788/2851/321 1621/2576/321
f 1789/2852/321 1787/2850/321 1613/2564/321
f 1842/2952/321 1786/2849/321 1612/2563/321
f 1745/2771/320 1962/3197/320 1973/3220/320
f 1796/2864/321 1801/2873/321 1751/2782/321
f 1614/2566/319 1848/2959/319 1855/2974/319
f 1622/2580/320 1852/2967/320 2083/3411/320
f 1797/2865/321 1798/2867/321 1705/2718/321
f 1797/2866/320 1704/2717/320 1853/2971/320
f 1843/2953/321 1795/2863/321 1702/2714/321
f 1798/2867/321 1796/2864/321 1703/2715/321
f 1805/2882/321 1806/2885/321 1810/2893/321
f 1804/2878/321 1805/2882/321 1809/2890/321
f 1844/2954/321 1803/2877/321 1807/2886/321
f 1808/2887/320 1876/3007/320 1888/3021/320
f 1624/2584/317 1706/2720/317 1867/2995/317
f 1636/2602/317 1871/3000/317 1873/3003/317
f 1804/2879/320 1888/3021/320 1882/3014/320
f 1617/2570/319 1865/2991/319 1794/2861/319
f 1623/2582/319 1794/2861/319 1701/2712/319
f 1599/2544/319 1799/2869/319 1870/2998/319
f 1845/2955/321 1807/2886/321 1697/2705/321
f 1808/2888/321 1809/2890/321 1749/2778/321
f 1768/2811/318 1982/3240/318 2089/3421/318
f 1818/2904/321 1819/2907/321 1766/2809/321
f 1811/2895/321 1818/2904/321 1738/2759/321
f 1813/2897/321 1817/2901/321 1637/2603/321
f 1817/2901/321 1816/2900/321 1631/2593/321
f 1814/2898/321 1815/2899/321 1625/2585/321
f 2059/3376/321 1814/2898/321 1619/2573/321
f 1815/2899/321 1811/2895/321 1607/2557/321
f 1846/2956/321 1812/2896/321 1609/2559/321
f 1819/2907/321 1846/2956/321 1823/2914/321
f 1810/2893/321 1845/2955/321 1834/2933/321
f 1806/2885/321 1844/2954/321 1845/2955/321
f 1802/2876/321 1843/2953/321 1836/2940/321
f 1793/2859/321 1842/2952/321 1824/2915/321
f 1784/2846/321 1841/2951/321 1828/2922/321
f 1783/2843/321 1840/2950/321 1830/2926/321
f 1782/2840/321 1839/2948/321 1841/2951/321
f 1778/2827/319 1924/3103/319 1934/3126/319
f 1780/2834/321 1837/2942/321 1842/2952/321
f 1666/2655/317 1906/3058/317 1905/3056/317
f 1778/2828/321 1835/2936/321 1844/2954/321
f 1725/2743/320 1909/3065/320 1906/3059/320
f 1759/2797/320 1901/3047/320 1909/3065/320
f 1775/2821/321 1832/2929/321 1838/2945/321
f 1774/2819/321 1831/2928/321 1832/2929/321
f 1777/2826/318 1915/3079/318 1916/3083/318
f 1834/2934/317 1933/3123/317 1915/3080/317
f 1771/2814/321 1828/2922/321 1831/2928/321
f 1763/2805/319 1916/3084/319 1925/3105/319
f 1833/2931/320 1837/2943/320 1936/3132/320
f 1779/2832/318 1913/3075/318 2086/3415/318
f 1767/2810/321 1824/2915/321 2098/3431/321
f 1820/2909/320 1925/3106/320 1933/3124/320
f 1763/2806/321 1820/2910/321 1846/2956/321
f 1764/2807/321 1821/2911/321 1840/2950/321
f 2060/3377/321 1850/2964/321 2100/3433/321
f 1854/2972/321 1849/2960/321 2101/3435/321
f 1857/2977/321 1854/2972/321 2102/3436/321
f 1847/2957/321 1858/2979/321 2085/3413/321
f 1858/2979/321 1856/2976/321 2084/3412/321
f 2062/3381/321 1853/2970/321 2083/3410/321
f 1859/2980/321 1862/2984/321 1858/2979/321
f 1862/2984/321 1861/2983/321 1856/2976/321
f 2063/3382/321 1860/2982/321 1853/2970/321
f 1633/2596/317 1849/2961/317 1854/2973/317
f 1639/2606/317 1854/2973/317 1857/2978/317
f 1640/2608/319 1855/2974/319 1851/2965/319
f 1871/3001/321 1866/2993/321 1885/3018/321
f 1873/3004/321 1871/3001/321 1886/3019/321
f 1800/2870/321 1874/3005/321 1870/2999/321
f 1874/3005/321 1872/3002/321 1864/2989/321
f 1868/2996/321 1869/2997/321 1794/2862/321
f 2065/3385/321 1868/2996/321 1865/2990/321
f 1869/2997/321 1707/2722/321 1701/2713/321
f 1881/3013/321 1886/3019/321 1892/3026/321
f 1886/3019/321 1885/3018/321 1891/3025/321
f 1883/3016/321 1884/3017/321 1890/3024/321
f 2066/3386/321 1883/3016/321 1889/3023/321
f 1884/3017/321 1882/3015/321 1888/3022/321
f 1890/3024/321 1888/3022/321 1876/3008/321
f 2067/3387/321 1889/3023/321 1877/3009/321
f 1889/3023/321 1890/3024/321 1878/3010/321
f 1892/3026/321 1891/3025/321 1879/3011/321
f 1887/3020/321 1892/3026/321 1880/3012/321
f 1875/3006/321 1880/3012/321 1874/3005/321
f 1880/3012/321 1879/3011/321 1872/3002/321
f 1877/3009/321 1878/3010/321 1869/2997/321
f 2068/3388/321 1877/3009/321 1868/2996/321
f 1878/3010/321 1876/3008/321 1707/2722/321
f 1893/3027/321 1894/3030/321 1897/3037/321
f 2069/3390/321 1893/3027/321 1896/3035/321
f 1905/3057/321 1906/3060/321 1909/3066/321
f 2072/3395/321 1905/3057/321 1908/3064/321
f 2073/3397/321 1908/3064/321 1899/3043/321
f 1908/3064/321 1909/3066/321 1901/3046/321
f 1899/3043/321 1901/3046/321 1902/3049/321
f 2074/3398/321 1899/3043/321 1900/3044/321
f 1911/3069/321 1937/3135/321 1928/3112/321
f 1913/3076/321 1935/3130/321 2087/3417/321
f 1915/3081/321 1933/3125/321 1925/3107/321
f 1917/3085/321 1932/3121/321 1936/3133/321
f 1919/3090/321 1931/3118/321 1930/3116/321
f 1920/3093/321 1930/3116/321 1938/3138/321
f 1922/3098/321 1929/3114/321 1932/3121/321
f 1912/3072/321 1928/3112/321 1929/3114/321
f 1914/3077/321 1927/3111/321 1926/3108/321
f 1923/3100/321 1926/3108/321 1934/3127/321
f 1660/2644/319 1904/3054/319 2036/3342/319
f 1829/2924/320 1930/3117/320 1931/3119/320
f 1651/2626/319 1896/3036/319 1897/3038/319
f 1644/2613/317 1893/3028/317 2069/3389/317
f 1780/2835/319 1918/3089/319 1936/3134/319
f 1839/2949/320 1938/3139/320 1930/3117/320
f 1838/2946/317 1937/3136/317 1911/3070/317
f 1773/2818/318 1919/3091/318 1920/3094/318
f 1782/2841/319 1921/3096/319 1938/3140/319
f 1833/2931/320 1932/3122/320 1929/3115/320
f 1772/2815/318 1920/3094/318 1921/3097/318
f 1827/2921/320 1929/3115/320 1928/3113/320
f 1822/2913/320 1926/3109/320 1927/3110/320
f 1770/2813/318 1922/3099/318 1917/3086/318
f 1826/2919/320 1928/3113/320 1937/3137/320
f 1769/2812/318 1912/3073/318 1922/3099/318
f 1822/2913/320 1835/2937/320 1934/3128/320
f 1768/2811/318 1914/3078/318 1923/3101/318
f 1659/2642/320 1902/3050/320 1901/3047/320
f 1830/2927/317 1931/3120/317 1919/3092/317
f 1825/2917/320 1927/3110/320 2087/3416/320
f 1781/2838/318 1911/3071/318 1912/3073/318
f 1652/2629/320 1897/3039/320 1894/3031/320
f 1760/2798/318 1903/3051/318 1904/3055/318
f 1646/2618/318 1895/3033/318 1898/3042/318
f 1765/2808/318 1923/3101/318 1924/3104/318
f 1942/3147/321 1940/3143/321 1943/3149/321
f 1944/3151/321 1943/3149/321 1957/3183/321
f 1948/3159/321 1946/3155/321 1953/3171/321
f 1952/3169/321 1950/3164/321 1959/3189/321
f 1951/3166/321 1949/3161/321 1950/3164/321
f 1955/3177/321 1956/3180/321 1939/3141/321
f 1941/3145/321 1939/3141/321 1940/3143/321
f 1960/3191/321 1959/3189/321 1945/3153/321
f 1947/3157/321 1945/3153/321 1946/3155/321
f 1961/3193/321 1995/3267/321 1986/3248/321
f 1974/3222/321 1994/3265/321 1996/3270/321
f 1963/3198/321 1993/3263/321 1983/3242/321
f 1971/3215/321 1992/3261/321 2000/3282/321
f 1965/3202/321 1991/3259/321 2089/3420/321
f 1978/3232/321 1990/3257/321 2002/3290/321
f 1968/3209/321 1989/3256/321 1980/3237/321
f 1970/3213/321 1988/3254/321 1992/3261/321
f 1972/3217/321 1987/3251/321 1993/3263/321
f 1962/3196/321 1986/3248/321 1985/3247/321
f 1973/3221/321 1985/3247/321 1994/3265/321
f 1975/3225/321 1984/3244/321 1988/3254/321
f 1964/3200/321 1983/3242/321 1984/3244/321
f 1966/3204/321 1982/3241/321 1981/3238/321
f 1976/3227/321 1981/3238/321 1990/3257/321
f 1969/3211/321 1980/3237/321 2004/3296/321
f 1977/3229/321 1998/3276/321 1991/3259/321
f 1967/3206/321 1997/3274/321 1989/3256/321
f 1688/2689/319 1956/3181/319 1955/3178/319
f 1674/2667/319 1949/3162/319 1951/3167/319
f 1770/2813/318 1984/3245/318 1983/3243/318
f 1765/2808/318 1981/3239/318 1982/3240/318
f 1775/2822/319 1987/3252/319 1972/3218/319
f 1779/2832/318 1991/3260/318 1998/3277/318
f 1778/2829/318 1990/3258/318 1981/3239/318
f 1720/2735/318 1939/3142/318 1956/3182/318
f 1689/2693/320 1955/3179/320 1941/3146/320
f 1760/2798/318 1945/3154/318 1959/3190/318
f 1802/2875/319 1998/3278/319 1977/3230/319
f 1727/2746/320 1960/3192/320 1947/3158/320
f 1755/2792/320 1961/3194/320 1962/3197/320
f 1754/2789/320 1974/3223/320 1979/3234/320
f 1753/2787/320 1963/3199/320 1964/3201/320
f 1783/2844/319 1995/3268/319 1961/3195/319
f 1695/2700/318 1957/3184/318 1943/3150/318
f 1681/2678/318 1953/3172/318 1946/3156/318
f 1667/2658/318 1950/3165/318 1949/3163/318
f 1653/2631/318 1943/3150/318 1940/3144/318
f 1762/2803/317 1979/3235/317 1996/3271/317
f 1654/2634/320 1944/3152/320 1958/3187/320
f 1661/2647/320 1948/3160/320 1954/3175/320
f 2079/3404/320 1751/2783/320 1965/3203/320
f 1675/2671/320 1951/3168/320 1952/3170/320
f 1647/2621/320 1942/3148/320 1944/3152/320
f 1809/2891/320 1967/3207/320 1968/3210/320
f 1773/2818/318 1986/3249/318 1995/3269/318
f 1696/2704/317 1958/3188/317 1957/3185/317
f 1749/2779/320 1968/3210/320 1969/3212/320
f 1792/2856/320 1752/2785/320 1971/3216/320
f 1784/2847/318 1996/3272/318 1994/3266/318
f 1752/2785/320 1748/2777/320 1970/3214/320
f 1793/2860/318 2000/3283/318 1992/3262/318
f 1769/2812/318 1983/3243/318 1993/3264/318
f 1810/2894/319 1997/3275/319 1967/3208/319
f 1747/2775/320 1972/3219/320 1963/3199/320
f 1792/2857/317 1999/3281/317 2000/3284/317
f 1682/2682/317 1954/3176/317 1953/3173/317
f 1646/2619/317 2012/3309/317 2034/3338/317
f 2014/3313/319 2036/3342/319 2071/3393/319
f 1903/3052/321 2039/3347/321 2036/3343/321
f 1910/3068/321 2038/3346/321 2039/3347/321
f 1907/3062/321 2037/3344/321 2038/3346/321
f 1895/3034/321 2034/3339/321 2035/3340/321
f 1879/3011/321 2033/3337/321 2030/3334/321
f 1891/3025/321 2032/3336/321 2033/3337/321
f 1885/3018/321 2031/3335/321 2032/3336/321
f 1872/3002/321 2030/3334/321 2005/3297/321
f 1861/2983/321 2028/3331/321 2027/3330/321
f 1856/2976/321 2027/3330/321 2090/3422/321
f 1849/2960/321 2025/3326/321 2103/3437/321
f 1816/2900/321 2024/3325/321 2008/3303/321
f 1790/2853/321 2023/3324/321 2010/3305/321
f 1733/2752/321 2022/3323/321 2016/3317/321
f 1720/2736/321 2021/3322/321 2012/3310/321
f 1713/2728/321 2020/3321/321 2023/3324/321
f 2010/3306/317 2025/3327/317 1849/2961/317
f 2006/3299/319 2005/3298/319 2040/3348/319
f 2007/3301/317 2029/3332/317 1866/2992/317
f 1695/2701/321 2019/3320/321 2020/3321/321
f 1688/2690/321 2018/3319/321 2021/3322/321
f 1681/2679/321 2017/3318/321 2018/3319/321
f 1674/2668/321 2016/3317/321 2015/3315/321
f 2013/3311/319 2035/3341/319 2070/3391/319
f 2015/3316/317 2037/3345/317 1907/3063/317
f 1660/2645/321 2014/3314/321 2017/3318/321
f 1653/2632/321 2013/3312/321 2019/3320/321
f 1866/2993/321 2029/3333/321 2031/3335/321
f 2011/3307/319 2026/3328/319 2061/3379/319
f 1629/2590/321 2006/3300/321 2024/3325/321
f 1632/2594/321 2009/3304/321 2022/3323/321
f 1634/2598/321 2011/3308/321 2007/3302/321
f 2046/3358/319 2061/3379/319 1852/2968/319
f 2048/3362/319 2070/3391/319 1896/3036/319
f 2041/3350/319 2040/3348/319 1865/2991/319
f 2049/3364/319 2071/3393/319 1900/3045/319
f 2047/3360/317 2069/3389/317 2034/3338/317
f 2039/3347/321 2074/3398/321 2071/3394/321
f 2038/3346/321 2073/3397/321 2074/3398/321
f 2037/3344/321 2072/3395/321 2073/3397/321
f 2034/3339/321 2069/3390/321 2070/3392/321
f 2033/3337/321 2068/3388/321 2065/3385/321
f 2032/3336/321 2067/3387/321 2068/3388/321
f 2031/3335/321 2066/3386/321 2067/3387/321
f 2030/3334/321 2065/3385/321 2040/3349/321
f 2028/3331/320 2103/3437/320 2115/3452/320
f 2062/3381/318 2108/3442/318 2116/3454/318
f 2025/3326/321 2060/3377/321 2104/3438/321
f 2024/3325/321 2059/3376/321 2043/3354/321
f 2023/3324/321 2058/3375/321 2045/3356/321
f 2022/3323/321 2057/3374/321 2051/3368/321
f 2021/3322/321 2056/3373/321 2047/3361/321
f 2020/3321/321 2055/3372/321 2058/3375/321
f 2045/3357/317 2060/3378/317 2025/3327/317
f 2042/3352/317 2064/3383/317 2029/3332/317
f 2019/3320/321 2054/3371/321 2055/3372/321
f 2018/3319/321 2053/3370/321 2056/3373/321
f 2017/3318/321 2052/3369/321 2053/3370/321
f 2016/3317/321 2051/3368/321 2050/3366/321
f 2050/3367/317 2072/3396/317 2037/3345/317
f 2014/3314/321 2049/3365/321 2052/3369/321
f 2013/3312/321 2048/3363/321 2054/3371/321
f 2029/3333/321 2064/3384/321 2066/3386/321
f 2006/3300/321 2041/3351/321 2059/3376/321
f 2009/3304/321 2044/3355/321 2057/3374/321
f 2011/3308/321 2046/3359/321 2042/3353/321
f 2090/3422/321 2091/3423/321 2061/3380/321
f 2084/3412/321 2090/3422/321 2026/3329/321
f 2079/3404/320 2088/3418/320 1966/3205/320
f 2088/3419/321 2089/3420/321 1982/3241/321
f 2081/3407/320 2087/3416/320 1935/3131/320
f 2086/3414/321 2087/3417/321 1927/3111/321
f 2091/3423/321 2083/3410/321 1852/2969/321
f 2085/3413/321 2084/3412/321 1851/2966/321
f 2082/3409/321 2085/3413/321 1855/2975/321
f 1768/2811/318 2080/3406/318 2086/3415/318
f 2080/3406/318 2089/3421/318 1991/3260/318
f 2077/3401/320 2083/3411/320 1853/2971/320
f 2076/3400/321 2079/3405/321 1740/2762/321
f 2078/3403/321 2076/3400/321 1616/2568/321
f 2081/3408/321 2075/3399/321 1615/2567/321
f 2077/3402/321 2078/3403/321 1628/2588/321
f 2063/3382/318 2116/3454/318 2118/3457/318
f 2101/3435/321 2103/3437/321 2028/3331/321
f 2099/3432/321 2102/3436/321 1862/2984/321
f 2102/3436/321 2101/3435/321 1861/2983/321
f 2104/3438/321 2100/3433/321 1860/2982/321
f 2097/3430/321 2098/3431/321 1843/2953/321
f 2096/3429/321 2097/3430/321 1802/2876/321
f 2093/3425/321 2096/3429/321 1801/2873/321
f 1621/2577/320 2094/3426/320 2100/3434/320
f 2094/3427/321 2095/3428/321 1798/2867/321
f 2098/3431/321 2092/3424/321 1795/2863/321
f 2095/3428/321 2093/3425/321 1796/2864/321
f 2109/3444/320 2117/3456/320 2122/3464/320
f 2106/3440/318 2121/3463/318 2127/3469/318
f 2111/3446/319 2127/3469/319 2128/3470/319
f 2090/3422/317 2119/3459/317 2120/3461/317
f 2027/3330/320 2028/3331/320 2113/3448/320
f 2027/3330/320 2114/3450/320 2119/3459/320
f 2104/3438/319 2118/3457/319 2115/3452/319
f 2091/3423/318 2120/3461/318 2108/3442/318
f 2106/3440/321 2114/3451/321 2113/3449/321
f 2107/3441/321 2105/3439/321 2113/3449/321
f 2109/3444/321 2116/3455/321 2108/3443/321
f 2110/3445/321 2118/3458/321 2116/3455/321
f 2111/3446/321 2119/3460/321 2114/3451/321
f 2112/3447/321 2117/3456/321 2108/3443/321
f 2111/3446/321 2112/3447/321 2120/3462/321
f 2107/3441/321 2115/3453/321 2118/3458/321
f 2123/3465/321 2124/3466/321 2122/3464/321
f 2121/3463/321 2122/3464/321 2128/3470/321
f 2125/3467/321 2126/3468/321 2124/3466/321
f 2105/3439/318 2123/3465/318 2121/3463/318
f 2110/3445/317 2126/3468/317 2125/3467/317
f 2112/3447/320 2128/3470/320 2122/3464/320
f 2109/3444/320 2124/3466/320 2126/3468/320
f 2107/3441/318 2125/3467/318 2123/3465/318
f 2351/3839/317 2133/3479/317 2259/3676/317
f 2350/3838/317 2130/3473/317 2342/3824/317
f 2153/3509/317 2131/3476/317 2341/3823/317
f 2352/3840/317 2134/3480/317 2229/3636/317
f 2262/3679/317 2156/3514/317 2138/3486/317
f 2157/3515/317 2143/3492/317 2623/4353/317
f 2354/3843/317 2142/3491/317 2622/4352/317
f 2355/3844/317 2145/3495/317 2134/3480/317
f 2158/3516/317 2146/3496/317 2135/3483/317
f 2576/4287/317 2152/3507/317 2148/3499/317
f 2413/3944/317 2397/3922/317 2236/3647/317
f 2587/4302/317 2574/4283/317 2150/3502/317
f 2571/4279/317 2147/3497/317 2344/3826/317
f 2152/3507/317 2158/3516/317 2154/3511/317
f 2151/3505/317 2157/3515/317 2625/4356/317
f 2150/3502/317 2156/3514/317 2262/3679/317
f 2147/3497/317 2153/3509/317 2345/3827/317
f 2165/3527/317 2159/3518/317 2346/3828/317
f 2168/3532/317 2162/3522/317 2263/3680/317
f 2164/3525/321 2381/3893/321 2556/4256/321
f 2170/3535/317 2164/3526/317 2160/3519/317
f 2144/3493/317 2170/3535/317 2166/3529/317
f 2596/4314/317 2594/4312/317 2397/3922/317
f 2136/3484/317 2168/3532/317 2264/3681/317
f 2129/3471/317 2165/3527/317 2347/3829/317
f 2171/3537/317 2177/3548/317 2184/3561/317
f 2306/3751/318 2518/4181/318 2514/4173/318
f 2366/3867/316 2465/4057/316 2443/4002/316
f 2175/3543/316 2424/3957/316 2423/3956/316
f 2182/3556/317 2175/3544/317 2173/3539/317
f 2356/3846/317 2172/3538/317 2179/3551/317
f 2357/3848/317 2179/3551/317 2221/3623/317
f 2182/3556/317 2180/3552/317 2222/3624/317
f 2578/4291/317 2181/3553/317 2223/3625/317
f 2181/3553/317 2182/3556/317 2224/3626/317
f 2348/3831/316 2533/4220/316 2534/4222/316
f 2178/3550/317 2184/3561/317 2226/3631/317
f 2185/3563/317 2191/3574/317 2212/3609/317
f 2251/3665/320 2471/4074/320 2472/4076/320
f 2188/3566/317 2189/3569/317 2210/3604/317
f 2579/4293/317 2188/3566/317 2209/3603/317
f 2189/3569/317 2187/3565/317 2208/3602/317
f 2358/3850/317 2186/3564/317 2207/3601/317
f 2192/3576/317 2198/3587/317 2257/3673/317
f 2291/3727/320 2477/4086/320 2478/4088/320
f 2195/3579/316 2435/3984/316 2602/4324/316
f 2183/3558/321 2428/3969/321 2565/4268/321
f 2196/3582/317 2194/3578/317 2254/3669/317
f 2369/3876/317 2359/3851/317 2193/3577/317
f 2192/3576/317 2199/3589/317 2205/3598/317
f 2267/3685/320 2506/4154/320 2508/4159/320
f 2202/3592/317 2203/3593/317 2196/3582/317
f 2581/4296/317 2202/3592/317 2195/3580/317
f 2203/3593/317 2201/3591/317 2194/3578/317
f 2360/3854/317 2200/3590/317 2193/3577/317
f 2361/3856/317 2207/3601/317 2214/3612/317
f 2210/3604/317 2208/3602/317 2215/3613/317
f 2582/4297/317 2209/3603/317 2216/3614/317
f 2209/3603/317 2210/3604/317 2217/3615/317
f 2212/3609/317 2211/3607/317 2218/3618/317
f 2206/3600/317 2212/3609/317 2219/3620/317
f 2245/3658/317 2213/3611/317 2219/3620/317
f 2349/3834/318 2534/4223/318 2510/4164/318
f 2216/3614/317 2217/3615/317 2249/3662/317
f 2583/4298/317 2216/3614/317 2248/3661/317
f 2217/3615/317 2215/3613/317 2247/3660/317
f 2362/3857/317 2214/3612/317 2246/3659/317
f 2220/3622/317 2226/3631/317 2244/3657/317
f 2226/3631/317 2225/3629/317 2243/3656/317
f 2223/3625/317 2224/3626/317 2242/3655/317
f 2584/4299/317 2223/3625/317 2241/3654/317
f 2224/3626/317 2222/3624/317 2240/3653/317
f 2363/3858/317 2221/3623/317 2239/3652/317
f 2135/3482/316 2393/3913/316 2236/3648/316
f 2228/3634/320 2237/3649/320 2406/3935/320
f 2148/3500/316 2397/3923/316 2594/4311/316
f 2160/3520/316 2396/3920/316 2401/3928/316
f 2350/3838/317 2364/3861/317 2227/3633/317
f 2131/3475/320 2231/3639/320 2237/3649/320
f 2230/3637/320 2412/3942/320 2393/3914/320
f 2159/3517/321 2394/3916/321 2535/4226/321
f 2165/3528/321 2400/3926/321 2394/3916/321
f 2365/3864/317 2229/3636/317 2333/3805/317
f 2327/3793/320 2390/3909/320 2630/4362/320
f 2151/3504/316 2380/3890/316 2590/4306/316
f 2234/3644/317 2235/3646/317 2608/4331/317
f 2414/3945/317 2236/3647/317 2393/3915/317
f 2366/3868/317 2232/3642/317 2605/4327/317
f 2235/3646/317 2233/3643/317 2606/4328/317
f 2367/3870/317 2239/3652/317 2316/3777/317
f 2242/3655/317 2240/3653/317 2317/3778/317
f 2585/4300/317 2241/3654/317 2318/3779/317
f 2241/3654/317 2242/3655/317 2319/3780/317
f 2244/3657/317 2243/3656/317 2320/3781/317
f 2238/3651/317 2244/3657/317 2321/3782/317
f 2368/3873/317 2246/3659/317 2172/3538/317
f 2249/3662/317 2247/3660/317 2173/3539/317
f 2586/4301/317 2248/3661/317 2174/3540/317
f 2248/3661/317 2249/3662/317 2175/3544/317
f 2312/3767/318 2524/4194/318 2515/4174/318
f 2245/3658/317 2251/3666/317 2177/3548/317
f 2369/3876/317 2253/3668/317 2287/3722/317
f 2255/3670/317 2254/3669/317 2288/3723/317
f 2197/3586/318 2437/3989/318 2440/3995/318
f 2256/3672/318 2440/3995/318 2433/3979/318
f 2176/3546/318 2470/4072/318 2469/4070/318
f 2286/3721/317 2252/3667/317 2257/3673/317
f 2258/3675/317 2264/3681/317 2205/3598/317
f 2264/3681/317 2263/3680/317 2204/3596/317
f 2261/3678/317 2262/3679/317 2203/3593/317
f 2587/4302/317 2261/3678/317 2202/3592/317
f 2262/3679/317 2260/3677/317 2201/3591/317
f 2370/3878/317 2259/3676/317 2200/3590/317
f 2260/3677/317 2285/3719/317 2275/3698/317
f 2254/3669/317 2284/3716/317 2292/3730/317
f 2247/3660/317 2283/3714/317 2271/3691/317
f 2240/3653/317 2282/3712/317 2322/3784/317
f 2233/3643/317 2281/3710/317 2609/4333/317
f 2230/3638/317 2280/3708/317 2335/3810/317
f 2228/3635/317 2279/3706/317 2265/3682/317
f 2222/3624/317 2278/3704/317 2282/3712/317
f 2215/3613/317 2277/3702/317 2283/3714/317
f 2208/3602/317 2276/3700/317 2277/3702/317
f 2201/3591/317 2275/3698/317 2274/3696/317
f 2194/3578/317 2274/3696/317 2284/3716/317
f 2187/3565/317 2273/3695/317 2276/3700/317
f 2180/3552/317 2272/3693/317 2278/3704/317
f 2173/3539/317 2271/3691/317 2272/3693/317
f 2146/3496/317 2270/3690/317 2267/3686/317
f 2143/3492/317 2269/3688/317 2626/4357/317
f 2230/3638/317 2135/3483/317 2267/3686/317
f 2131/3476/317 2265/3682/317 2348/3832/317
f 2138/3486/317 2266/3684/317 2285/3719/317
f 2288/3723/317 2292/3730/317 2273/3695/317
f 2185/3563/317 2286/3721/317 2291/3728/317
f 2190/3571/318 2476/4084/318 2475/4082/318
f 2306/3751/318 2447/4014/318 2448/4016/318
f 2188/3567/321 2430/3973/321 2432/3976/321
f 2289/3724/317 2288/3723/317 2187/3565/317
f 2371/3879/317 2287/3722/317 2186/3564/317
f 2292/3730/317 2314/3774/317 2301/3742/317
f 2331/3800/320 2507/4156/320 2495/4131/320
f 2265/3683/320 2499/4140/320 2533/4221/320
f 2302/3743/318 2515/4174/318 2516/4177/318
f 2270/3689/320 2496/4133/320 2506/4154/320
f 2335/3809/316 2531/4214/316 2532/4216/316
f 2271/3692/320 2494/4129/320 2505/4152/320
f 2311/3766/318 2523/4192/318 2517/4178/318
f 2336/3812/318 2532/4217/318 2520/4186/318
f 2272/3694/320 2505/4152/320 2500/4142/320
f 2276/3700/317 2304/3747/317 2305/3749/317
f 2310/3761/318 2522/4190/318 2518/4181/318
f 2280/3709/320 2508/4159/320 2531/4215/320
f 2273/3695/317 2301/3742/317 2304/3747/317
f 2293/3732/318 2510/4164/318 2519/4183/318
f 2198/3588/320 2482/4098/320 2490/4120/320
f 2274/3697/320 2503/4148/320 2504/4151/320
f 2269/3688/317 2297/3738/317 2627/4358/317
f 2307/3754/318 2519/4183/318 2527/4201/318
f 2256/3672/318 2489/4118/318 2480/4093/318
f 2266/3684/317 2294/3735/317 2313/3771/317
f 2322/3784/317 2323/3787/317 2297/3738/317
f 2317/3778/317 2322/3784/317 2269/3688/317
f 2315/3776/317 2321/3782/317 2169/3533/317
f 2321/3782/317 2320/3781/317 2163/3523/317
f 2318/3779/317 2319/3780/317 2157/3515/317
f 2588/4303/317 2318/3779/317 2151/3505/317
f 2319/3780/317 2317/3778/317 2143/3492/317
f 2372/3880/317 2316/3777/317 2142/3491/317
f 2275/3699/320 2492/4125/320 2503/4148/320
f 2326/3792/317 2331/3801/317 2281/3710/317
f 2144/3494/321 2378/3887/321 2385/3902/321
f 2152/3508/320 2382/3896/320 2613/4339/320
f 2327/3794/317 2328/3795/317 2235/3646/317
f 2234/3645/320 2383/3899/320 2390/3909/320
f 2373/3881/317 2325/3791/317 2232/3642/317
f 2328/3795/317 2326/3792/317 2233/3643/317
f 2335/3810/317 2336/3813/317 2340/3821/317
f 2334/3806/317 2335/3810/317 2339/3818/317
f 2374/3882/317 2333/3805/317 2337/3814/317
f 2338/3815/320 2406/3935/320 2418/3949/320
f 2154/3512/316 2236/3648/316 2397/3923/316
f 2166/3530/316 2401/3928/316 2403/3931/316
f 2334/3807/320 2418/3949/320 2412/3942/320
f 2147/3498/321 2395/3919/321 2324/3789/321
f 2153/3510/321 2324/3789/321 2231/3640/321
f 2129/3472/321 2329/3797/321 2400/3926/321
f 2375/3883/317 2337/3814/317 2227/3633/317
f 2338/3816/317 2339/3818/317 2279/3706/317
f 2298/3739/318 2512/4168/318 2619/4349/318
f 2348/3832/317 2349/3835/317 2296/3737/317
f 2341/3823/317 2348/3832/317 2268/3687/317
f 2343/3825/317 2347/3829/317 2167/3531/317
f 2347/3829/317 2346/3828/317 2161/3521/317
f 2344/3826/317 2345/3827/317 2155/3513/317
f 2589/4304/317 2344/3826/317 2149/3501/317
f 2155/3513/317 2345/3827/317 2341/3823/317
f 2376/3884/317 2342/3824/317 2139/3487/317
f 2349/3835/317 2376/3884/317 2353/3842/317
f 2340/3821/317 2375/3883/317 2364/3861/317
f 2336/3813/317 2374/3882/317 2375/3883/317
f 2332/3804/317 2373/3881/317 2366/3868/317
f 2323/3787/317 2372/3880/317 2354/3843/317
f 2314/3774/317 2371/3879/317 2358/3850/317
f 2313/3771/317 2370/3878/317 2360/3854/317
f 2312/3768/317 2369/3876/317 2371/3879/317
f 2308/3755/321 2454/4031/321 2464/4054/321
f 2310/3762/317 2367/3870/317 2372/3880/317
f 2196/3583/316 2436/3986/316 2435/3984/316
f 2308/3756/317 2365/3864/317 2374/3882/317
f 2255/3671/320 2439/3993/320 2436/3987/320
f 2289/3725/320 2431/3975/320 2439/3993/320
f 2305/3749/317 2362/3857/317 2368/3873/317
f 2304/3747/317 2361/3856/317 2362/3857/317
f 2307/3754/318 2445/4007/318 2446/4010/318
f 2364/3862/316 2463/4051/316 2445/4008/316
f 2301/3742/317 2358/3850/317 2361/3856/317
f 2293/3733/321 2446/4011/321 2455/4034/321
f 2367/3871/320 2466/4060/320 2462/4050/320
f 2309/3760/318 2443/4003/318 2616/4343/318
f 2297/3738/317 2354/3843/317 2628/4359/317
f 2350/3837/320 2455/4035/320 2463/4052/320
f 2293/3734/317 2350/3838/317 2376/3884/317
f 2294/3735/317 2351/3839/317 2370/3878/317
f 2590/4305/317 2380/3891/317 2630/4361/317
f 2384/3900/317 2379/3888/317 2631/4363/317
f 2387/3905/317 2384/3900/317 2632/4364/317
f 2377/3885/317 2388/3907/317 2615/4341/317
f 2388/3907/317 2386/3904/317 2614/4340/317
f 2592/4309/317 2383/3898/317 2613/4338/317
f 2389/3908/317 2392/3912/317 2388/3907/317
f 2392/3912/317 2391/3911/317 2386/3904/317
f 2593/4310/317 2390/3910/317 2383/3898/317
f 2163/3524/316 2379/3889/316 2384/3901/316
f 2169/3534/316 2384/3901/316 2387/3906/316
f 2170/3536/321 2385/3902/321 2381/3893/321
f 2401/3929/317 2396/3921/317 2415/3946/317
f 2403/3932/317 2401/3929/317 2416/3947/317
f 2330/3798/317 2404/3933/317 2400/3927/317
f 2404/3933/317 2402/3930/317 2394/3917/317
f 2398/3924/317 2399/3925/317 2324/3790/317
f 2570/4277/317 2595/4313/317 2398/3924/317
f 2399/3925/317 2237/3650/317 2231/3641/317
f 2411/3941/317 2416/3947/317 2422/3954/317
f 2416/3947/317 2415/3946/317 2421/3953/317
f 2413/3944/317 2414/3945/317 2420/3952/317
f 2596/4314/317 2413/3944/317 2419/3951/317
f 2414/3945/317 2412/3943/317 2418/3950/317
f 2420/3952/317 2418/3950/317 2406/3936/317
f 2598/4316/317 2597/4315/317 2419/3951/317
f 2419/3951/317 2420/3952/317 2408/3938/317
f 2410/3940/317 2422/3954/317 2421/3953/317
f 2405/3934/317 2417/3948/317 2422/3954/317
f 2330/3798/317 2405/3934/317 2410/3940/317
f 2404/3933/317 2410/3940/317 2409/3939/317
f 2407/3937/317 2408/3938/317 2399/3925/317
f 2598/4316/317 2407/3937/317 2398/3924/317
f 2408/3938/317 2406/3936/317 2237/3650/317
f 2423/3955/317 2424/3958/317 2427/3965/317
f 2599/4318/317 2423/3955/317 2426/3963/317
f 2435/3985/317 2436/3988/317 2439/3994/317
f 2602/4323/317 2435/3985/317 2438/3992/317
f 2603/4325/317 2438/3992/317 2429/3971/317
f 2438/3992/317 2439/3994/317 2431/3974/317
f 2429/3971/317 2431/3974/317 2432/3977/317
f 2601/4321/317 2604/4326/317 2429/3971/317
f 2442/4000/317 2441/3997/317 2467/4063/317
f 2443/4004/317 2465/4058/317 2617/4345/317
f 2446/4012/317 2445/4009/317 2463/4053/317
f 2447/4013/317 2462/4049/317 2466/4061/317
f 2449/4018/317 2461/4046/317 2460/4044/317
f 2450/4021/317 2460/4044/317 2468/4066/317
f 2452/4026/317 2459/4042/317 2462/4049/317
f 2442/4000/317 2458/4040/317 2459/4042/317
f 2444/4005/317 2457/4038/317 2456/4036/317
f 2453/4028/317 2456/4036/317 2464/4055/317
f 2190/3572/321 2434/3982/321 2566/4270/321
f 2359/3852/320 2460/4045/320 2461/4047/320
f 2181/3554/321 2426/3964/321 2427/3966/321
f 2174/3541/316 2423/3956/316 2599/4317/316
f 2310/3763/321 2448/4017/321 2466/4062/321
f 2369/3877/320 2468/4067/320 2460/4045/320
f 2368/3874/316 2467/4064/316 2441/3998/316
f 2303/3746/318 2449/4019/318 2450/4022/318
f 2312/3769/321 2451/4024/321 2468/4068/321
f 2363/3859/320 2462/4050/320 2459/4043/320
f 2302/3743/318 2450/4022/318 2451/4025/318
f 2357/3849/320 2459/4043/320 2458/4041/320
f 2352/3841/320 2456/4037/320 2457/4039/320
f 2300/3741/318 2452/4027/318 2447/4014/318
f 2356/3847/320 2458/4041/320 2467/4065/320
f 2299/3740/318 2442/4001/318 2452/4027/318
f 2365/3865/320 2464/4056/320 2456/4037/320
f 2298/3739/318 2444/4006/318 2453/4029/318
f 2189/3570/320 2432/3978/320 2431/3975/320
f 2360/3855/316 2461/4048/316 2449/4020/316
f 2355/3845/320 2457/4039/320 2617/4344/320
f 2311/3766/318 2441/3999/318 2442/4001/318
f 2182/3557/320 2427/3967/320 2424/3959/320
f 2290/3726/318 2433/3979/318 2434/3983/318
f 2176/3546/318 2425/3961/318 2428/3970/318
f 2295/3736/318 2453/4029/318 2454/4032/318
f 2472/4075/317 2470/4071/317 2473/4077/317
f 2488/4114/317 2474/4079/317 2473/4077/317
f 2478/4087/317 2476/4083/317 2483/4099/317
f 2482/4097/317 2480/4092/317 2489/4117/317
f 2482/4097/317 2481/4094/317 2479/4089/317
f 2471/4073/317 2485/4105/317 2486/4108/317
f 2471/4073/317 2469/4069/317 2470/4071/317
f 2477/4085/317 2490/4119/317 2489/4117/317
f 2477/4085/317 2475/4081/317 2476/4083/317
f 2491/4121/317 2525/4195/317 2516/4176/317
f 2504/4150/317 2524/4193/317 2526/4198/317
f 2493/4126/317 2523/4191/317 2513/4170/317
f 2501/4143/317 2522/4189/317 2530/4210/317
f 2495/4130/317 2521/4187/317 2619/4348/317
f 2508/4160/317 2520/4185/317 2532/4218/317
f 2499/4139/317 2498/4137/317 2519/4184/317
f 2500/4141/317 2518/4182/317 2522/4189/317
f 2502/4145/317 2517/4179/317 2523/4191/317
f 2492/4124/317 2516/4176/317 2515/4175/317
f 2503/4149/317 2515/4175/317 2524/4193/317
f 2505/4153/317 2514/4172/317 2518/4182/317
f 2494/4128/317 2513/4170/317 2514/4172/317
f 2496/4132/317 2512/4169/317 2511/4166/317
f 2506/4155/317 2511/4166/317 2520/4185/317
f 2499/4139/317 2510/4165/317 2534/4224/317
f 2507/4157/317 2528/4204/317 2521/4187/317
f 2497/4134/317 2527/4202/317 2519/4184/317
f 2218/3617/321 2486/4109/321 2485/4106/321
f 2204/3595/321 2479/4090/321 2481/4095/321
f 2300/3741/318 2514/4173/318 2513/4171/318
f 2295/3736/318 2511/4167/318 2512/4168/318
f 2305/3750/321 2517/4180/321 2502/4146/321
f 2309/3760/318 2521/4188/318 2528/4205/318
f 2308/3757/318 2520/4186/318 2511/4167/318
f 2250/3663/318 2469/4070/318 2486/4110/318
f 2219/3621/320 2485/4107/320 2471/4074/320
f 2290/3726/318 2475/4082/318 2489/4118/318
f 2332/3803/321 2528/4206/321 2507/4158/321
f 2257/3674/320 2490/4120/320 2477/4086/320
f 2285/3720/320 2491/4122/320 2492/4125/320
f 2284/3717/320 2504/4151/320 2509/4162/320
f 2283/3715/320 2493/4127/320 2494/4129/320
f 2313/3772/321 2525/4196/321 2491/4123/321
f 2225/3628/318 2487/4112/318 2473/4078/318
f 2211/3606/318 2483/4100/318 2476/4084/318
f 2197/3586/318 2480/4093/318 2479/4091/318
f 2183/3559/318 2473/4078/318 2470/4072/318
f 2292/3731/316 2509/4163/316 2526/4199/316
f 2184/3562/320 2474/4080/320 2488/4115/320
f 2191/3575/320 2478/4088/320 2484/4103/320
f 2281/3711/320 2495/4131/320 2618/4346/320
f 2205/3599/320 2481/4096/320 2482/4098/320
f 2177/3549/320 2472/4076/320 2474/4080/320
f 2339/3819/320 2497/4135/320 2498/4138/320
f 2303/3746/318 2516/4177/318 2525/4197/318
f 2226/3632/316 2488/4116/316 2487/4113/316
f 2279/3707/320 2498/4138/320 2499/4140/320
f 2282/3713/320 2501/4144/320 2529/4208/320
f 2314/3775/318 2526/4200/318 2524/4194/318
f 2278/3705/320 2500/4142/320 2501/4144/320
f 2323/3788/318 2530/4211/318 2522/4190/318
f 2299/3740/318 2513/4171/318 2523/4192/318
f 2340/3822/321 2527/4203/321 2497/4136/321
f 2277/3703/320 2502/4147/320 2493/4127/320
f 2322/3785/316 2529/4209/316 2530/4212/316
f 2212/3610/316 2484/4104/316 2483/4101/316
f 2176/3547/316 2542/4237/316 2564/4266/316
f 2544/4241/321 2566/4270/321 2601/4322/321
f 2433/3980/317 2569/4275/317 2566/4271/317
f 2440/3996/317 2568/4274/317 2569/4275/317
f 2437/3990/317 2567/4272/317 2568/4274/317
f 2425/3962/317 2564/4267/317 2565/4269/317
f 2409/3939/317 2563/4265/317 2560/4262/317
f 2409/3939/317 2421/3953/317 2562/4264/317
f 2415/3946/317 2561/4263/317 2562/4264/317
f 2402/3930/317 2560/4262/317 2535/4225/317
f 2391/3911/317 2558/4259/317 2557/4258/317
f 2386/3904/317 2557/4258/317 2620/4350/317
f 2379/3888/317 2555/4254/317 2633/4365/317
f 2346/3828/317 2554/4253/317 2538/4231/317
f 2320/3781/317 2553/4252/317 2540/4233/317
f 2263/3680/317 2552/4251/317 2546/4245/317
f 2250/3664/317 2551/4250/317 2542/4238/317
f 2243/3656/317 2550/4249/317 2553/4252/317
f 2540/4234/316 2555/4255/316 2379/3889/316
f 2536/4227/321 2535/4226/321 2570/4276/321
f 2537/4229/316 2559/4260/316 2396/3920/316
f 2225/3629/317 2549/4248/317 2550/4249/317
f 2250/3664/317 2218/3618/317 2548/4247/317
f 2211/3607/317 2547/4246/317 2548/4247/317
f 2204/3596/317 2546/4245/317 2545/4243/317
f 2543/4239/321 2565/4268/321 2600/4320/321
f 2545/4244/316 2567/4273/316 2437/3991/316
f 2190/3573/317 2544/4242/317 2547/4246/317
f 2225/3629/317 2183/3560/317 2543/4240/317
f 2396/3921/317 2559/4261/317 2561/4263/317
f 2541/4235/321 2556/4256/321 2591/4307/321
f 2159/3518/317 2536/4228/317 2554/4253/317
f 2162/3522/317 2539/4232/317 2552/4251/317
f 2164/3526/317 2541/4236/317 2537/4230/317
f 2576/4286/321 2591/4307/321 2382/3897/321
f 2578/4290/321 2600/4320/321 2426/3964/321
f 2571/4278/321 2570/4276/321 2395/3919/321
f 2579/4292/321 2601/4322/321 2430/3973/321
f 2577/4288/316 2599/4317/316 2564/4266/316
f 2566/4271/317 2569/4275/317 2604/4326/317
f 2568/4274/317 2603/4325/317 2604/4326/317
f 2567/4272/317 2602/4323/317 2603/4325/317
f 2565/4269/317 2564/4267/317 2599/4318/317
f 2563/4265/317 2598/4316/317 2595/4313/317
f 2563/4265/317 2562/4264/317 2597/4315/317
f 2561/4263/317 2596/4314/317 2597/4315/317
f 2560/4262/317 2595/4313/317 2570/4277/317
f 2633/4365/320 2645/4380/320 2643/4376/320
f 2592/4309/318 2638/4370/318 2646/4382/318
f 2555/4254/317 2590/4305/317 2634/4366/317
f 2554/4253/317 2589/4304/317 2573/4282/317
f 2553/4252/317 2588/4303/317 2575/4284/317
f 2552/4251/317 2587/4302/317 2581/4296/317
f 2551/4250/317 2586/4301/317 2577/4289/317
f 2550/4249/317 2585/4300/317 2588/4303/317
f 2575/4285/316 2590/4306/316 2555/4255/316
f 2572/4280/316 2594/4311/316 2559/4260/316
f 2549/4248/317 2584/4299/317 2585/4300/317
f 2551/4250/317 2548/4247/317 2583/4298/317
f 2547/4246/317 2582/4297/317 2583/4298/317
f 2546/4245/317 2581/4296/317 2580/4294/317
f 2580/4295/316 2602/4324/316 2567/4273/316
f 2544/4242/317 2579/4293/317 2582/4297/317
f 2549/4248/317 2543/4240/317 2578/4291/317
f 2559/4261/317 2594/4312/317 2596/4314/317
f 2536/4228/317 2571/4279/317 2589/4304/317
f 2539/4232/317 2574/4283/317 2587/4302/317
f 2541/4236/317 2576/4287/317 2572/4281/317
f 2556/4257/317 2620/4350/317 2621/4351/317
f 2614/4340/317 2620/4350/317 2556/4257/317
f 2609/4332/320 2618/4346/320 2496/4133/320
f 2618/4347/317 2619/4348/317 2512/4169/317
f 2611/4335/320 2617/4344/320 2465/4059/320
f 2444/4005/317 2616/4342/317 2617/4345/317
f 2591/4308/317 2621/4351/317 2613/4338/317
f 2615/4341/317 2614/4340/317 2381/3894/317
f 2612/4337/317 2615/4341/317 2385/3903/317
f 2610/4334/318 2616/4343/318 2444/4006/318
f 2610/4334/318 2619/4349/318 2521/4188/318
f 2607/4329/320 2613/4339/320 2383/3899/320
f 2606/4328/317 2609/4333/317 2270/3690/317
f 2608/4331/317 2606/4328/317 2146/3496/317
f 2611/4336/317 2605/4327/317 2145/3495/317
f 2607/4330/317 2608/4331/317 2158/3516/317
f 2593/4310/318 2646/4382/318 2648/4385/318
f 2631/4363/317 2633/4365/317 2558/4259/317
f 2389/3908/317 2629/4360/317 2632/4364/317
f 2632/4364/317 2631/4363/317 2391/3911/317
f 2634/4366/317 2630/4361/317 2390/3910/317
f 2332/3804/317 2627/4358/317 2628/4359/317
f 2626/4357/317 2627/4358/317 2332/3804/317
f 2623/4353/317 2626/4357/317 2331/3801/317
f 2624/4354/320 2630/4362/320 2380/3892/320
f 2624/4355/317 2625/4356/317 2328/3795/317
f 2628/4359/317 2622/4352/317 2325/3791/317
f 2625/4356/317 2623/4353/317 2326/3792/317
f 2647/4384/320 2652/4392/320 2654/4394/320
f 2636/4368/318 2651/4391/318 2657/4397/318
f 2641/4374/321 2657/4397/321 2658/4398/321
f 2620/4350/316 2649/4387/316 2650/4389/316
f 2558/4259/320 2643/4376/320 2644/4378/320
f 2557/4258/320 2644/4378/320 2649/4387/320
f 2634/4366/321 2648/4385/321 2645/4380/321
f 2621/4351/318 2650/4389/318 2638/4370/318
f 2636/4368/317 2644/4379/317 2643/4377/317
f 2637/4369/317 2635/4367/317 2643/4377/317
f 2639/4372/317 2646/4383/317 2638/4371/317
f 2640/4373/317 2648/4386/317 2646/4383/317
f 2641/4374/317 2649/4388/317 2644/4379/317
f 2642/4375/317 2647/4384/317 2638/4371/317
f 2642/4375/317 2650/4390/317 2649/4388/317
f 2637/4369/317 2645/4381/317 2648/4386/317
f 2653/4393/317 2654/4394/317 2652/4392/317
f 2657/4397/317 2651/4391/317 2652/4392/317
f 2655/4395/317 2656/4396/317 2654/4394/317
f 2635/4367/318 2653/4393/318 2651/4391/318
f 2640/4373/316 2656/4396/316 2655/4395/316
f 2642/4375/320 2658/4398/320 2652/4392/320
f 2639/4372/320 2654/4394/320 2656/4396/320
f 2637/4369/318 2655/4395/318 2653/4393/318
f 2660/4401/319 2662/4406/319 2661/4405/319
f 2662/4407/321 2666/4418/321 2665/4415/321
f 2666/4418/317 2664/4412/317 2663/4410/317
f 2664/4413/316 2660/4401/316 2659/4399/316
f 2665/4416/320 2663/4411/320 2659/4400/320
f 2662/4408/318 2660/4402/318 2664/4414/318
f 2668/4421/319 2670/4426/319 2669/4425/319
f 2670/4427/321 2674/4438/321 2673/4435/321
f 2674/4438/317 2672/4432/317 2671/4430/317
f 2672/4433/316 2668/4421/316 2667/4419/316
f 2673/4436/320 2671/4431/320 2667/4420/320
f 2670/4428/318 2668/4422/318 2672/4434/318
o building2
v -3.428340 -0.553772 -10.399776
v -3.428340 1.942318 -10.399776
v -3.428340 0.401804 -10.399776
v -2.365948 -0.553772 -10.399776
v 0.016536 1.942318 -10.399776
v -2.365948 1.942318 -10.399776
v -2.365948 0.401804 -10.399776
v 0.016536 -0.553772 -10.399776
v -3.657593 0.401804 -10.399776
v 0.016536 0.401804 -10.399776
v -3.657593 1.942318 -10.399776
v -3.657593 -0.553772 -10.399776
v -1.857014 -0.553772 -10.399776
v -1.857014 1.942318 -10.399776
v -1.857014 0.401804 -10.399776
v -2.212150 -0.553772 -10.399776
v -2.212150 1.942318 -10.399776
v -2.212150 0.401804 -10.399776
v -3.428340 0.217395 -10.399776
v -2.365948 0.217395 -10.399776
v -3.657593 0.217395 -10.399776
v 0.016536 0.217395 -10.399776
v -1.857014 0.217395 -10.399776
v -2.212150 0.217395 -10.399776
v -3.428340 0.270363 -10.399776
v -2.365948 0.270363 -10.399776
v -3.657593 0.270363 -10.399776
v 0.016536 0.270364 -10.399776
v -1.857014 0.270364 -10.399776
v -2.212150 0.270364 -10.399776
v -3.428340 -0.212979 -10.399776
v -2.365948 -0.212979 -10.399776
v -3.657593 -0.212979 -10.399776
v 0.016536 -0.212979 -10.399776
v -1.857014 -0.212979 -10.399776
v -2.212150 -0.212979 -10.399776
v -3.428340 -0.252150 -10.399776
v -2.365948 -0.252150 -10.399776
v -3.657593 -0.252150 -10.399776
v 0.016536 -0.252150 -10.399776
v -1.857014 -0.252150 -10.399776
v -2.212150 -0.252150 -10.399776
v -1.116534 -0.553772 -10.399776
v -1.116534 1.942318 -10.399776
v -1.116534 0.401804 -10.399776
v -1.116534 0.217395 -10.399776
v -1.116534 0.270364 -10.399776
v -1.116534 -0.212979 -10.399776
v -1.116534 -0.252150 -10.399776
v -1.648510 -0.553772 -10.399776
v -1.648510 1.942318 -10.399776
v -1.648510 0.401804 -10.399776
v -1.648510 0.217395 -10.399776
v -1.648510 0.270364 -10.399776
v -1.648510 -0.212979 -10.399776
v -1.648510 -0.252150 -10.399776
v -0.984601 -0.553772 -10.399776
v -0.984601 1.942318 -10.399776
v -0.984601 0.401804 -10.399776
v -0.984601 0.217395 -10.399776
v -0.984601 0.270364 -10.399776
v -0.984601 -0.212979 -10.399776
v -0.984601 -0.252150 -10.399776
v -0.237629 -0.553772 -10.399776
v -0.237629 1.942318 -10.399776
v -0.237629 0.401804 -10.399776
v -0.237629 0.217395 -10.399776
v -0.237629 0.270364 -10.399776
v -0.237629 -0.212979 -10.399776
v -0.237629 -0.252150 -10.399776
v -0.202328 -0.553772 -10.399776
v -0.202328 1.942318 -10.399776
v -0.202328 0.401804 -10.399776
v -0.202328 0.217395 -10.399776
v -0.202328 0.270364 -10.399776
v -0.202328 -0.212979 -10.399776
v -0.202328 -0.252150 -10.399776
v -1.012873 -0.553772 -10.399776
v -1.012873 1.942318 -10.399776
v -1.012873 0.401804 -10.399776
v -1.012873 0.217395 -10.399776
v -1.012873 0.270364 -10.399776
v -1.012873 -0.212979 -10.399776
v -1.012873 -0.252150 -10.399776
v -1.078839 -0.553772 -10.399776
v -1.078839 1.942318 -10.399776
v -1.078839 0.401804 -10.399776
v -1.078839 0.217395 -10.399776
v -1.078839 0.270364 -10.399776
v -1.078839 -0.212979 -10.399776
v -1.078839 -0.252150 -10.399776
v -1.686420 -0.553772 -10.399776
v -1.686420 1.942318 -10.399776
v -1.686420 0.401804 -10.399776
v -1.686420 0.217395 -10.399776
v -1.686420 0.270364 -10.399776
v -1.686420 -0.212979 -10.399776
v -1.686420 -0.252150 -10.399776
v -2.864527 1.942318 -10.399776
v -2.864527 0.401804 -10.399776
v -2.516493 1.942318 -10.399776
v -2.516493 0.401804 -10.399776
v -3.428340 0.401804 -10.477646
v -1.990597 1.942318 -10.399776
v -1.990597 0.401804 -10.399776
v -1.990597 0.217395 -10.399776
v -1.990597 0.270364 -10.399776
v -2.365948 0.270363 -10.477646
v -2.864527 0.401804 -10.477646
v -1.719227 -0.553772 -10.399776
v -1.719227 1.942318 -10.399776
v -1.719227 0.401804 -10.399776
v -1.719227 0.217395 -10.399776
v -1.719227 0.270364 -10.399776
v -1.719227 -0.212979 -10.399776
v -1.719227 -0.252150 -10.399776
v -1.097687 -0.553772 -10.399776
v -1.097687 1.942318 -10.399776
v -1.097687 0.401804 -10.399776
v -1.097687 0.217395 -10.399776
v -1.097687 0.270364 -10.399776
v -1.097687 -0.212979 -10.399776
v -1.097687 -0.252150 -10.399776
v -0.792199 -0.553772 -10.399776
v -0.792199 1.942318 -10.399776
v -0.792199 0.401804 -10.399776
v -0.792199 0.270364 -10.399776
v -0.792199 -0.212979 -10.399776
v -0.792199 -0.252150 -10.399776
v -0.177829 -0.553772 -10.399776
v -0.177829 1.942318 -10.399776
v -0.177829 0.401804 -10.399776
v -0.177829 0.217395 -10.399776
v -0.177829 0.270364 -10.399776
v -0.177829 -0.212979 -10.399776
v -0.177829 -0.252150 -10.399776
v -3.428340 0.950370 -10.399776
v 0.016536 0.950370 -10.399776
v -2.365948 0.950370 -10.399776
v -3.657593 0.950370 -10.399776
v -1.857014 0.950370 -10.399776
v -2.212150 0.950370 -10.399776
v -1.116534 0.950370 -10.399776
v -1.648510 0.950370 -10.399776
v -0.984601 0.950370 -10.399776
v -0.237629 0.950370 -10.399776
v -0.202328 0.950370 -10.399776
v -1.012873 0.950370 -10.399776
v -1.078839 0.950370 -10.399776
v -1.686420 0.950370 -10.399776
v -2.864527 0.950370 -10.399776
v -2.516493 0.950370 -10.399776
v -1.990597 0.950370 -10.399776
v -1.719227 0.950370 -10.399776
v -1.097687 0.950370 -10.399776
v -0.792199 0.950370 -10.399776
v -0.177829 0.950370 -10.399776
v -0.819918 -0.553772 -10.399776
v -0.819918 1.942318 -10.399776
v -0.819918 0.401804 -10.399776
v -0.819918 0.270364 -10.399776
v -0.819918 -0.212979 -10.399776
v -0.819918 -0.252150 -10.399776
v -0.819918 0.950370 -10.399776
v -3.428340 0.987649 -10.399776
v 0.016536 0.987649 -10.399776
v -2.365948 0.987649 -10.399776
v -3.657593 0.987649 -10.399776
v -1.857014 0.987649 -10.399776
v -2.212150 0.987649 -10.399776
v -1.116534 0.987649 -10.399776
v -1.648510 0.987649 -10.399776
v -0.984601 0.987649 -10.399776
v -0.237629 0.987649 -10.399776
v -0.202328 0.987649 -10.399776
v -1.012873 0.987649 -10.399776
v -1.078839 0.987649 -10.399776
v -1.686420 0.987649 -10.399776
v -2.864527 0.987649 -10.399776
v -2.516493 0.987649 -10.399776
v -1.990597 0.987649 -10.399776
v -1.719227 0.987649 -10.399776
v -1.097687 0.987649 -10.399776
v -0.792199 0.987649 -10.399776
v -0.177829 0.987649 -10.399776
v -0.819918 0.987649 -10.399776
v -1.739556 -0.553772 -10.399776
v -1.739556 1.942318 -10.399776
v -1.739556 0.401804 -10.399776
v -1.739556 0.217395 -10.399776
v -1.739556 0.270364 -10.399776
v -1.739556 -0.212979 -10.399776
v -1.739556 -0.252150 -10.399776
v -1.739556 0.950370 -10.399776
v -1.739556 0.987649 -10.399776
v -3.428340 0.270363 -10.477646
v -1.970220 1.942318 -10.399776
v -1.970220 0.401804 -10.399776
v -1.970220 0.217395 -10.399776
v -1.970220 0.270364 -10.399776
v -3.428340 -0.553772 -10.477646
v -2.864527 -0.553772 -10.477646
v -1.970220 0.950370 -10.399776
v -1.970220 0.987649 -10.399776
v -2.544560 1.942318 -10.399776
v -2.544560 0.401804 -10.399776
v -2.544560 0.950370 -10.399776
v -2.544560 0.987649 -10.399776
v -2.840868 1.942318 -10.399776
v -2.840868 0.401804 -10.399776
v -2.840868 0.950370 -10.399776
v -2.840868 0.987649 -10.399776
v -3.445197 0.401804 -10.399776
v -3.445197 1.942318 -10.399776
v -3.445197 -0.553772 -10.399776
v -3.445197 0.217395 -10.399776
v -3.445197 0.270363 -10.399776
v -3.445197 -0.212979 -10.399776
v -3.445197 -0.252150 -10.399776
v -3.445197 0.950370 -10.399776
v -3.445197 0.987649 -10.399776
v -3.428340 1.505731 -10.399776
v 0.016536 1.505731 -10.399776
v -2.365948 1.505731 -10.399776
v -3.657593 1.505731 -10.399776
v -1.857014 1.505731 -10.399776
v -2.212150 1.505731 -10.399776
v -1.116534 1.505731 -10.399776
v -1.648510 1.505731 -10.399776
v -0.984601 1.505731 -10.399776
v -0.237629 1.505731 -10.399776
v -0.202328 1.505731 -10.399776
v -1.012873 1.505731 -10.399776
v -1.078839 1.505731 -10.399776
v -1.686420 1.505731 -10.399776
v -2.864527 1.505731 -10.399776
v -2.516493 1.505731 -10.399776
v -1.990597 1.505731 -10.399776
v -1.719227 1.505731 -10.399776
v -1.097687 1.505731 -10.399776
v -0.792199 1.505731 -10.399776
v -0.177829 1.505731 -10.399776
v -0.819918 1.505731 -10.399776
v -1.739556 1.505731 -10.399776
v -1.970220 1.505731 -10.399776
v -2.544560 1.505731 -10.399776
v -2.840868 1.505731 -10.399776
v -3.445197 1.505731 -10.399776
v -1.990597 -0.553772 -10.428985
v -2.212150 -0.553772 -10.428985
v -1.857014 -0.212979 -10.428985
v -1.857014 0.217395 -10.428985
v -2.212150 -0.212979 -10.428985
v -2.212150 0.217395 -10.428985
v -1.990597 0.217395 -10.428985
v -1.857014 -0.252150 -10.428985
v -2.212150 -0.252150 -10.428985
v -1.990597 -0.212979 -10.428985
v -1.857014 -0.553772 -10.428985
v -1.990597 -0.252150 -10.428985
v -1.970220 -0.553772 -10.428985
v -1.970220 0.217395 -10.428985
v -1.970220 -0.212979 -10.428985
v -1.970220 -0.252150 -10.428985
v -2.365948 0.401804 -10.477646
v -3.428340 -0.212979 -10.477646
v -3.428340 0.217395 -10.477646
v -2.365948 -0.212979 -10.477646
v -2.365948 0.217395 -10.477646
v -2.864527 0.217395 -10.477646
v -2.864527 0.270363 -10.477646
v -3.428340 -0.252150 -10.477646
v -2.365948 -0.252150 -10.477646
v -2.864527 -0.212979 -10.477646
v -2.365948 -0.553772 -10.477646
v -2.864527 -0.252150 -10.477646
v -2.840868 -0.553772 -10.477646
v -2.840868 0.401804 -10.477646
v -2.840868 0.217395 -10.477646
v -2.840868 0.270363 -10.477646
v -2.840868 -0.212979 -10.477646
v -2.840868 -0.252150 -10.477646
v -2.516493 -0.553772 -10.477646
v -2.516493 0.401804 -10.477646
v -2.516493 0.217395 -10.477646
v -2.516493 0.270363 -10.477646
v -2.516493 -0.212979 -10.477646
v -2.516493 -0.252150 -10.477646
v -2.544560 -0.553772 -10.477646
v -2.544560 0.401804 -10.477646
v -2.544560 0.217395 -10.477646
v -2.544560 0.270363 -10.477646
v -2.544560 -0.212979 -10.477646
v -2.544560 -0.252150 -10.477646
v -1.116534 0.217395 -10.418256
v -1.116534 0.270364 -10.418256
v -1.116534 -0.212979 -10.418256
v -1.648510 0.217395 -10.418256
v -1.648510 0.270364 -10.418256
v -1.648510 -0.212979 -10.418256
v -0.819918 0.217395 -10.418256
v -0.984601 0.217395 -10.418256
v -0.819918 0.270364 -10.418256
v -0.984601 0.270364 -10.418256
v -0.819918 -0.212979 -10.418256
v -0.984601 -0.212979 -10.418256
v -0.237629 0.217395 -10.418256
v -0.237629 0.270364 -10.418256
v -0.237629 -0.212979 -10.418256
v -0.792199 0.217395 -10.418256
v -0.792199 0.270364 -10.418256
v -0.792199 -0.212979 -10.418256
v -1.097687 0.987649 -10.418256
v -1.116534 0.987649 -10.418256
v -1.990597 0.987649 -10.418256
v -2.212150 0.987649 -10.418256
v -2.864527 0.987649 -10.418256
v -3.428340 0.987649 -10.418256
v -1.686420 0.987649 -10.418256
v -1.719227 0.987649 -10.418256
v -0.202328 0.987649 -10.418256
v -0.237629 0.987649 -10.418256
v -0.792199 0.987649 -10.418256
v -1.648510 0.987649 -10.418256
v -2.365948 0.987649 -10.418256
v -2.516493 0.987649 -10.418256
v -3.428340 1.505731 -10.418256
v -2.365948 1.505731 -10.418256
v -2.212150 1.505731 -10.418256
v -1.116534 1.505731 -10.418256
v -1.648510 1.505731 -10.418256
v -0.237629 1.505731 -10.418256
v -0.202328 1.505731 -10.418256
v -1.686420 1.505731 -10.418256
v -2.864527 1.505731 -10.418256
v -2.516493 1.505731 -10.418256
v -1.990597 1.505731 -10.418256
v -1.719227 1.505731 -10.418256
v -1.097687 1.505731 -10.418256
v -0.792199 1.505731 -10.418256
v -1.097687 -0.212979 -10.369927
v -1.116534 -0.212979 -10.369927
v -1.097687 -0.252150 -10.369927
v -1.116534 -0.252150 -10.369927
v -1.648510 -0.212979 -10.369927
v -1.648510 -0.252150 -10.369927
v -0.819918 -0.212979 -10.369927
v -0.984601 -0.212979 -10.369927
v -0.819918 -0.252150 -10.369927
v -0.984601 -0.252150 -10.369927
v -0.202328 -0.212979 -10.369927
v -0.237629 -0.212979 -10.369927
v -0.202328 -0.252150 -10.369927
v -0.237629 -0.252150 -10.369927
v -1.012873 -0.212979 -10.369927
v -1.012873 -0.252150 -10.369927
v -1.078839 -0.252150 -10.369927
v -1.078839 -0.212979 -10.369927
v -1.686420 -0.212979 -10.369927
v -1.686420 -0.252150 -10.369927
v -0.792199 -0.212979 -10.369927
v -0.792199 -0.252150 -10.369927
v -0.177829 0.950370 -10.369927
v -0.202328 0.950370 -10.369927
v -1.097687 0.950370 -10.369927
v -1.116534 0.950370 -10.369927
v -1.990597 0.950370 -10.369927
v -2.212150 0.950370 -10.369927
v -2.840868 0.950370 -10.369927
v -2.864527 0.950370 -10.369927
v -3.428340 0.950370 -10.369927
v -1.686420 0.950370 -10.369927
v -1.719227 0.950370 -10.369927
v -1.078839 0.950370 -10.369927
v -0.237629 0.950370 -10.369927
v -0.792199 0.950370 -10.369927
v -1.648510 0.950370 -10.369927
v -2.365948 0.950370 -10.369927
v -1.970220 0.950370 -10.369927
v -2.516493 0.950370 -10.369927
v -0.819918 0.950370 -10.369927
v -3.428340 0.987649 -10.369927
v -2.365948 0.987649 -10.369927
v -2.212150 0.987649 -10.369927
v -1.116534 0.987649 -10.369927
v -1.648510 0.987649 -10.369927
v -0.237629 0.987649 -10.369927
v -0.202328 0.987649 -10.369927
v -1.078839 0.987649 -10.369927
v -1.686420 0.987649 -10.369927
v -2.864527 0.987649 -10.369927
v -2.516493 0.987649 -10.369927
v -1.990597 0.987649 -10.369927
v -1.719227 0.987649 -10.369927
v -1.097687 0.987649 -10.369927
v -0.792199 0.987649 -10.369927
v -0.177829 0.987649 -10.369927
v -0.819918 0.987649 -10.369927
v -2.840868 0.987649 -10.369927
v -1.970220 0.987649 -10.369927
v -1.739556 0.950370 -10.369927
v -1.739556 0.987649 -10.369927
v -2.544560 0.950370 -10.369927
v -2.544560 0.987649 -10.369927
v -3.445197 0.950370 -10.369927
v -3.445197 0.987649 -10.369927
v -3.428340 -0.068368 -10.477646
v -3.428340 -0.068368 -10.399776
v -2.365948 -0.068368 -10.399776
v -3.657593 -0.068368 -10.399776
v 0.016536 -0.068368 -10.399776
v -1.857014 -0.068368 -10.399776
v -2.212150 -0.068368 -10.399776
v -1.116534 -0.068368 -10.399776
v -1.648510 -0.068368 -10.399776
v -0.984601 -0.068368 -10.399776
v -0.237629 -0.068368 -10.399776
v -0.202328 -0.068368 -10.399776
v -1.012873 -0.068368 -10.399776
v -1.078839 -0.068368 -10.399776
v -1.686420 -0.068368 -10.399776
v -1.719227 -0.068368 -10.399776
v -1.097687 -0.068368 -10.399776
v -0.177829 -0.068368 -10.399776
v -1.739556 -0.068368 -10.399776
v -3.445197 -0.068368 -10.399776
v -1.857014 -0.068368 -10.428985
v -2.212150 -0.068368 -10.428985
v -1.990597 -0.068368 -10.428985
v -1.970220 -0.068368 -10.428985
v -2.365948 -0.068368 -10.477646
v -2.864527 -0.068368 -10.477646
v -2.516493 -0.068368 -10.477646
v -2.544560 -0.068368 -10.477646
v -2.840868 -0.068368 -10.477646
v -1.116534 -0.068368 -10.418256
v -1.648510 -0.068368 -10.418256
v -0.984601 -0.068368 -10.418256
v -0.237629 -0.068368 -10.418256
v -0.792199 -0.068368 -10.418256
v -0.819918 -0.068368 -10.418256
v -3.428340 0.174852 -10.477646
v -3.428340 0.174852 -10.399776
v -2.365948 0.174852 -10.399776
v -3.657593 0.174852 -10.399776
v 0.016536 0.174852 -10.399776
v -1.857014 0.174852 -10.399776
v -2.212150 0.174852 -10.399776
v -1.116534 0.174852 -10.399776
v -1.648510 0.174852 -10.399776
v -0.984601 0.174852 -10.399776
v -0.237629 0.174852 -10.399776
v -0.202328 0.174852 -10.399776
v -1.012873 0.174852 -10.399776
v -1.078839 0.174852 -10.399776
v -1.686420 0.174852 -10.399776
v -1.719227 0.174852 -10.399776
v -1.097687 0.174852 -10.399776
v -0.177829 0.174852 -10.399776
v -1.739556 0.174852 -10.399776
v -3.445197 0.174852 -10.399776
v -1.857014 0.174852 -10.428985
v -2.212150 0.174852 -10.428985
v -1.990597 0.174852 -10.428985
v -1.970220 0.174852 -10.428985
v -2.365948 0.174852 -10.477646
v -2.864527 0.174852 -10.477646
v -2.516493 0.174852 -10.477646
v -2.544560 0.174852 -10.477646
v -2.840868 0.174852 -10.477646
v -1.116534 0.174852 -10.418256
v -1.648510 0.174852 -10.418256
v -0.984601 0.174852 -10.418256
v -0.237629 0.174852 -10.418256
v -0.792199 0.174852 -10.418256
v -0.819918 0.174852 -10.418256
v -2.167187 1.942318 -10.399776
v -2.167187 0.401804 -10.399776
v -2.167187 0.217395 -10.399776
v -2.167187 0.270364 -10.399776
v -2.167187 0.950370 -10.399776
v -2.167187 0.987649 -10.399776
v -2.167187 1.505731 -10.399776
v -2.167187 -0.553772 -10.428985
v -2.167187 0.217395 -10.428985
v -2.167187 -0.212979 -10.428985
v -2.167187 -0.252150 -10.428985
v -2.167187 0.987649 -10.418256
v -2.167187 1.505731 -10.418256
v -2.167187 0.950370 -10.369927
v -2.167187 0.987649 -10.369927
v -2.167187 -0.068368 -10.428985
v -2.167187 0.174852 -10.428985
v -1.895400 1.942318 -10.399776
v -1.895400 0.401804 -10.399776
v -1.895400 0.217395 -10.399776
v -1.895400 0.270364 -10.399776
v -1.895400 0.950370 -10.399776
v -1.895400 0.987649 -10.399776
v -1.895400 1.505731 -10.399776
v -1.895400 -0.553772 -10.428985
v -1.895400 0.217395 -10.428985
v -1.895400 -0.212979 -10.428985
v -1.895400 -0.252150 -10.428985
v -1.895400 -0.068368 -10.428985
v -1.895400 0.174852 -10.428985
v -1.970220 -0.058857 -10.418174
v -1.990597 -0.058857 -10.418174
v -1.904911 -0.058857 -10.418174
v -1.990597 0.174852 -10.418174
v -1.970220 0.165341 -10.418174
v -1.904911 0.165341 -10.418174
v -2.157676 -0.058857 -10.418174
v -2.157676 0.165341 -10.418174
v -1.970220 -0.068368 -10.418174
v -1.990597 -0.068368 -10.418174
v -1.895400 -0.068368 -10.418174
v -1.970220 0.174852 -10.418174
v -1.990597 0.165341 -10.418174
v -1.895400 0.174852 -10.418174
v -2.167187 -0.068368 -10.418174
v -2.167187 0.174852 -10.418174
v -1.990597 -0.058857 -10.426188
v -1.990597 0.165341 -10.426188
v -1.970220 -0.058857 -10.426188
v -1.970220 0.165341 -10.426188
v -1.904911 -0.058857 -10.426188
v -1.904911 0.165341 -10.426188
v -2.157676 -0.058857 -10.426188
v -2.157676 0.165341 -10.426188
v -3.657558 -0.553773 -13.844668
v -3.657558 1.942318 -13.844668
v -3.657558 0.401804 -13.844668
v -3.657558 -0.553773 -12.782276
v -3.657558 1.942318 -10.399793
v -3.657558 1.942318 -12.782276
v -3.657558 0.401804 -12.782276
v -3.657558 -0.553772 -10.399793
v -3.657558 0.401804 -14.073921
v -3.657558 0.401804 -10.399793
v -3.657558 1.942318 -14.073921
v -3.657558 -0.553773 -14.073921
v -3.657558 -0.553773 -12.273342
v -3.657558 1.942318 -12.273342
v -3.657558 0.401804 -12.273342
v -3.657558 -0.553773 -12.628477
v -3.657558 1.942318 -12.628478
v -3.657558 0.401804 -12.628478
v -3.657558 0.217394 -13.844668
v -3.657558 0.217395 -12.782276
v -3.657558 0.217394 -14.073921
v -3.657558 0.217395 -10.399793
v -3.657558 0.217395 -12.273342
v -3.657558 0.217395 -12.628478
v -3.657558 0.270363 -13.844668
v -3.657558 0.270363 -12.782276
v -3.657558 0.270363 -14.073921
v -3.657558 0.270364 -10.399793
v -3.657558 0.270363 -12.273342
v -3.657558 0.270363 -12.628478
v -3.657558 -0.212979 -13.844668
v -3.657558 -0.212979 -12.782276
v -3.657558 -0.212979 -14.073921
v -3.657558 -0.212979 -10.399793
v -3.657558 -0.212979 -12.273342
v -3.657558 -0.212979 -12.628478
v -3.657558 -0.252151 -13.844668
v -3.657558 -0.252151 -12.782276
v -3.657558 -0.252151 -14.073921
v -3.657558 -0.252150 -10.399793
v -3.657558 -0.252151 -12.273342
v -3.657558 -0.252151 -12.628478
v -3.657558 -0.553773 -11.532863
v -3.657558 1.942318 -11.532863
v -3.657558 0.401804 -11.532863
v -3.657558 0.217395 -11.532863
v -3.657558 0.270363 -11.532863
v -3.657558 -0.212979 -11.532863
v -3.657558 -0.252151 -11.532863
v -3.657558 -0.553773 -12.064838
v -3.657558 1.942318 -12.064838
v -3.657558 0.401804 -12.064838
v -3.657558 0.217395 -12.064838
v -3.657558 0.270363 -12.064838
v -3.657558 -0.212979 -12.064838
v -3.657558 -0.252151 -12.064838
v -3.657558 -0.553773 -11.400929
v -3.657558 1.942318 -11.400929
v -3.657558 0.401804 -11.400929
v -3.657558 0.217395 -11.400929
v -3.657558 0.270363 -11.400929
v -3.657558 -0.212979 -11.400929
v -3.657558 -0.252151 -11.400929
v -3.657558 -0.553772 -10.653957
v -3.657558 1.942318 -10.653957
v -3.657558 0.401804 -10.653957
v -3.657558 0.217395 -10.653957
v -3.657558 0.270363 -10.653957
v -3.657558 -0.212979 -10.653957
v -3.657558 -0.252150 -10.653957
v -3.657558 -0.553772 -10.618656
v -3.657558 1.942318 -10.618656
v -3.657558 0.401804 -10.618656
v -3.657558 0.217395 -10.618656
v -3.657558 0.270363 -10.618656
v -3.657558 -0.212979 -10.618656
v -3.657558 -0.252150 -10.618656
v -3.657558 -0.553773 -11.429201
v -3.657558 1.942318 -11.429201
v -3.657558 0.401804 -11.429201
v -3.657558 0.217395 -11.429201
v -3.657558 0.270363 -11.429201
v -3.657558 -0.212979 -11.429201
v -3.657558 -0.252151 -11.429201
v -3.657558 -0.553773 -11.495167
v -3.657558 1.942318 -11.495168
v -3.657558 0.401804 -11.495168
v -3.657558 0.217395 -11.495168
v -3.657558 0.270363 -11.495168
v -3.657558 -0.212979 -11.495167
v -3.657558 -0.252151 -11.495167
v -3.657558 -0.553773 -12.102748
v -3.657558 1.942318 -12.102749
v -3.657558 0.401804 -12.102748
v -3.657558 0.217395 -12.102748
v -3.657558 0.270363 -12.102748
v -3.657558 -0.212979 -12.102748
v -3.657558 -0.252151 -12.102748
v -3.657558 1.942318 -13.280855
v -3.657558 0.401804 -13.280855
v -3.657558 1.942318 -12.932821
v -3.657558 0.401804 -12.932821
v -3.579689 0.401804 -13.844668
v -3.657558 1.942318 -12.406925
v -3.657558 0.401804 -12.406925
v -3.657558 0.217395 -12.406925
v -3.657558 0.270363 -12.406925
v -3.579689 0.270363 -12.782276
v -3.579689 0.401804 -13.280855
v -3.657558 -0.553773 -12.135554
v -3.657558 1.942318 -12.135555
v -3.657558 0.401804 -12.135554
v -3.657558 0.217395 -12.135554
v -3.657558 0.270363 -12.135554
v -3.657558 -0.212979 -12.135554
v -3.657558 -0.252151 -12.135554
v -3.657558 -0.553773 -11.514014
v -3.657558 1.942318 -11.514015
v -3.657558 0.401804 -11.514015
v -3.657558 0.217395 -11.514015
v -3.657558 0.270363 -11.514015
v -3.657558 -0.212979 -11.514014
v -3.657558 -0.252151 -11.514014
v -3.657558 -0.553773 -11.208528
v -3.657558 1.942318 -11.208528
v -3.657558 0.401804 -11.208528
v -3.657558 0.270363 -11.208528
v -3.657558 -0.212979 -11.208528
v -3.657558 -0.252150 -11.208528
v -3.657558 -0.553772 -10.594156
v -3.657558 1.942318 -10.594157
v -3.657558 0.401804 -10.594156
v -3.657558 0.217395 -10.594156
v -3.657558 0.270363 -10.594156
v -3.657558 -0.212979 -10.594156
v -3.657558 -0.252150 -10.594156
v -3.657558 0.950369 -13.844668
v -3.657558 0.950370 -10.399793
v -3.657558 0.950369 -12.782276
v -3.657558 0.950369 -14.073921
v -3.657558 0.950369 -12.273342
v -3.657558 0.950369 -12.628478
v -3.657558 0.950369 -11.532863
v -3.657558 0.950369 -12.064838
v -3.657558 0.950369 -11.400929
v -3.657558 0.950370 -10.653957
v -3.657558 0.950370 -10.618656
v -3.657558 0.950369 -11.429201
v -3.657558 0.950369 -11.495168
v -3.657558 0.950369 -12.102749
v -3.657558 0.950369 -13.280855
v -3.657558 0.950369 -12.932821
v -3.657558 0.950369 -12.406925
v -3.657558 0.950369 -12.135555
v -3.657558 0.950369 -11.514015
v -3.657558 0.950369 -11.208528
v -3.657558 0.950370 -10.594157
v -3.657558 -0.553773 -11.236246
v -3.657558 1.942318 -11.236247
v -3.657558 0.401804 -11.236246
v -3.657558 0.270363 -11.236246
v -3.657558 -0.212979 -11.236246
v -3.657558 -0.252151 -11.236246
v -3.657558 0.950369 -11.236246
v -3.657558 0.987648 -13.844668
v -3.657558 0.987649 -10.399793
v -3.657558 0.987649 -12.782276
v -3.657558 0.987648 -14.073921
v -3.657558 0.987649 -12.273342
v -3.657558 0.987649 -12.628478
v -3.657558 0.987649 -11.532863
v -3.657558 0.987649 -12.064838
v -3.657558 0.987649 -11.400929
v -3.657558 0.987649 -10.653957
v -3.657558 0.987649 -10.618656
v -3.657558 0.987649 -11.429201
v -3.657558 0.987649 -11.495168
v -3.657558 0.987649 -12.102749
v -3.657558 0.987649 -13.280855
v -3.657558 0.987649 -12.932821
v -3.657558 0.987649 -12.406925
v -3.657558 0.987649 -12.135555
v -3.657558 0.987649 -11.514015
v -3.657558 0.987649 -11.208528
v -3.657558 0.987649 -10.594157
v -3.657558 0.987649 -11.236246
v -3.657558 -0.553773 -12.155884
v -3.657558 1.942318 -12.155885
v -3.657558 0.401804 -12.155884
v -3.657558 0.217395 -12.155884
v -3.657558 0.270363 -12.155884
v -3.657558 -0.212979 -12.155884
v -3.657558 -0.252151 -12.155884
v -3.657558 0.950369 -12.155884
v -3.657558 0.987649 -12.155884
v -3.579689 0.270363 -13.844668
v -3.657558 1.942318 -12.386548
v -3.657558 0.401804 -12.386548
v -3.657558 0.217395 -12.386548
v -3.657558 0.270363 -12.386548
v -3.579689 -0.553773 -13.844668
v -3.579689 -0.553773 -13.280855
v -3.657558 0.950369 -12.386548
v -3.657558 0.987649 -12.386548
v -3.657558 1.942318 -12.960889
v -3.657558 0.401804 -12.960889
v -3.657558 0.950369 -12.960889
v -3.657558 0.987649 -12.960889
v -3.657558 1.942318 -13.257196
v -3.657558 0.401804 -13.257195
v -3.657558 0.950369 -13.257195
v -3.657558 0.987649 -13.257195
v -3.657558 0.401804 -13.861526
v -3.657558 1.942318 -13.861526
v -3.657558 -0.553773 -13.861526
v -3.657558 0.217394 -13.861526
v -3.657558 0.270363 -13.861526
v -3.657558 -0.212979 -13.861526
v -3.657558 -0.252151 -13.861526
v -3.657558 0.950369 -13.861526
v -3.657558 0.987648 -13.861526
v -3.657558 1.505731 -13.844668
v -3.657558 1.505731 -10.399793
v -3.657558 1.505731 -12.782276
v -3.657558 1.505731 -14.073921
v -3.657558 1.505731 -12.273342
v -3.657558 1.505731 -12.628478
v -3.657558 1.505731 -11.532863
v -3.657558 1.505731 -12.064838
v -3.657558 1.505731 -11.400929
v -3.657558 1.505731 -10.653957
v -3.657558 1.505731 -10.618656
v -3.657558 1.505731 -11.429201
v -3.657558 1.505731 -11.495168
v -3.657558 1.505731 -12.102749
v -3.657558 1.505731 -13.280855
v -3.657558 1.505731 -12.932821
v -3.657558 1.505731 -12.406925
v -3.657558 1.505731 -12.135555
v -3.657558 1.505731 -11.514015
v -3.657558 1.505731 -11.208528
v -3.657558 1.505731 -10.594157
v -3.657558 1.505731 -11.236247
v -3.657558 1.505731 -12.155884
v -3.657558 1.505731 -12.386548
v -3.657558 1.505731 -12.960889
v -3.657558 1.505731 -13.257196
v -3.657558 1.505731 -13.861526
v -3.628349 -0.553773 -12.406925
v -3.628349 -0.553773 -12.628477
v -3.628349 -0.212979 -12.273342
v -3.628349 0.217395 -12.273342
v -3.628349 -0.212979 -12.628478
v -3.628349 0.217395 -12.628478
v -3.628349 0.217395 -12.406925
v -3.628349 -0.252151 -12.273342
v -3.628349 -0.252151 -12.628478
v -3.628349 -0.212979 -12.406925
v -3.628349 -0.553773 -12.273342
v -3.628349 -0.252151 -12.406925
v -3.628349 -0.553773 -12.386548
v -3.628349 0.217395 -12.386548
v -3.628349 -0.212979 -12.386548
v -3.628349 -0.252151 -12.386548
v -3.579689 0.401804 -12.782276
v -3.579689 -0.212979 -13.844668
v -3.579689 0.217394 -13.844668
v -3.579689 -0.212979 -12.782276
v -3.579689 0.217395 -12.782276
v -3.579689 0.217394 -13.280855
v -3.579689 0.270363 -13.280855
v -3.579689 -0.252151 -13.844668
v -3.579689 -0.252151 -12.782276
v -3.579689 -0.212979 -13.280855
v -3.579689 -0.553773 -12.782276
v -3.579689 -0.252151 -13.280855
v -3.579689 -0.553773 -13.257195
v -3.579689 0.401804 -13.257195
v -3.579689 0.217394 -13.257195
v -3.579689 0.270363 -13.257195
v -3.579689 -0.212979 -13.257195
v -3.579689 -0.252151 -13.257195
v -3.579689 -0.553773 -12.932821
v -3.579689 0.401804 -12.932821
v -3.579689 0.217394 -12.932821
v -3.579689 0.270363 -12.932821
v -3.579689 -0.212979 -12.932821
v -3.579689 -0.252151 -12.932821
v -3.579689 -0.553773 -12.960889
v -3.579689 0.401804 -12.960889
v -3.579689 0.217394 -12.960889
v -3.579689 0.270363 -12.960889
v -3.579689 -0.212979 -12.960889
v -3.579689 -0.252151 -12.960889
v -3.639078 0.217395 -11.532863
v -3.639078 0.270363 -11.532863
v -3.639078 -0.212979 -11.532863
v -3.639078 0.217395 -12.064838
v -3.639078 0.270363 -12.064838
v -3.639078 -0.212979 -12.064838
v -3.639078 0.217395 -11.236246
v -3.639078 0.217395 -11.400929
v -3.639078 0.270363 -11.236246
v -3.639078 0.270363 -11.400929
v -3.639078 -0.212979 -11.236246
v -3.639078 -0.212979 -11.400929
v -3.639078 0.217395 -10.653957
v -3.639078 0.270363 -10.653957
v -3.639078 -0.212979 -10.653957
v -3.639078 0.217395 -11.208528
v -3.639078 0.270363 -11.208528
v -3.639078 -0.212979 -11.208528
v -3.639078 0.987649 -11.514015
v -3.639078 0.987649 -11.532863
v -3.639078 0.987649 -12.406925
v -3.639078 0.987649 -12.628478
v -3.639078 0.987649 -13.280855
v -3.639078 0.987648 -13.844668
v -3.639078 0.987649 -12.102749
v -3.639078 0.987649 -12.135555
v -3.639078 0.987649 -10.618656
v -3.639078 0.987649 -10.653957
v -3.639078 0.987649 -11.208528
v -3.639078 0.987649 -12.064838
v -3.639078 0.987649 -12.782276
v -3.639078 0.987649 -12.932821
v -3.639078 1.505731 -13.844668
v -3.639078 1.505731 -12.782276
v -3.639078 1.505731 -12.628478
v -3.639078 1.505731 -11.532863
v -3.639078 1.505731 -12.064838
v -3.639079 1.505731 -10.653957
v -3.639079 1.505731 -10.618656
v -3.639078 1.505731 -12.102749
v -3.639078 1.505731 -13.280855
v -3.639078 1.505731 -12.932821
v -3.639078 1.505731 -12.406925
v -3.639078 1.505731 -12.135555
v -3.639078 1.505731 -11.514015
v -3.639078 1.505731 -11.208528
v -3.687407 -0.212979 -11.514014
v -3.687407 -0.212979 -11.532863
v -3.687407 -0.252151 -11.514014
v -3.687407 -0.252151 -11.532863
v -3.687407 -0.212979 -12.064838
v -3.687407 -0.252151 -12.064838
v -3.687407 -0.212979 -11.236246
v -3.687407 -0.212979 -11.400929
v -3.687407 -0.252151 -11.236246
v -3.687407 -0.252151 -11.400929
v -3.687407 -0.212979 -10.618656
v -3.687407 -0.212979 -10.653957
v -3.687407 -0.252150 -10.618656
v -3.687407 -0.252150 -10.653957
v -3.687407 -0.212979 -11.429201
v -3.687407 -0.252151 -11.429201
v -3.687407 -0.252151 -11.495167
v -3.687407 -0.212979 -11.495167
v -3.687407 -0.212979 -12.102748
v -3.687407 -0.252151 -12.102748
v -3.687407 -0.212979 -11.208528
v -3.687407 -0.252150 -11.208528
v -3.687407 0.950370 -10.594157
v -3.687407 0.950370 -10.618656
v -3.687407 0.950369 -11.514015
v -3.687407 0.950369 -11.532863
v -3.687407 0.950369 -12.406925
v -3.687407 0.950369 -12.628478
v -3.687407 0.950369 -13.257195
v -3.687407 0.950369 -13.280855
v -3.687407 0.950369 -13.844668
v -3.687407 0.950369 -12.102749
v -3.687407 0.950369 -12.135555
v -3.687407 0.950369 -11.495168
v -3.687407 0.950370 -10.653957
v -3.687407 0.950369 -11.208528
v -3.687407 0.950369 -12.064838
v -3.687407 0.950369 -12.782276
v -3.687407 0.950369 -12.386548
v -3.687407 0.950369 -12.932821
v -3.687407 0.950369 -11.236246
v -3.687407 0.987648 -13.844668
v -3.687407 0.987649 -12.782276
v -3.687407 0.987649 -12.628478
v -3.687407 0.987649 -11.532863
v -3.687407 0.987649 -12.064838
v -3.687407 0.987649 -10.653957
v -3.687407 0.987649 -10.618656
v -3.687407 0.987649 -11.495168
v -3.687407 0.987649 -12.102749
v -3.687407 0.987649 -13.280855
v -3.687407 0.987649 -12.932821
v -3.687407 0.987649 -12.406925
v -3.687407 0.987649 -12.135555
v -3.687407 0.987649 -11.514015
v -3.687407 0.987649 -11.208528
v -3.687407 0.987649 -10.594157
v -3.687407 0.987649 -11.236246
v -3.687407 0.987649 -13.257195
v -3.687407 0.987649 -12.386548
v -3.687407 0.950369 -12.155884
v -3.687407 0.987649 -12.155884
v -3.687407 0.950369 -12.960889
v -3.687407 0.987649 -12.960889
v -3.687407 0.950369 -13.861526
v -3.687407 0.987648 -13.861526
v -3.579689 -0.068369 -13.844668
v -3.657558 -0.068369 -13.844668
v -3.657558 -0.068369 -12.782276
v -3.657558 -0.068369 -14.073921
v -3.657558 -0.068368 -10.399793
v -3.657558 -0.068369 -12.273342
v -3.657558 -0.068369 -12.628478
v -3.657558 -0.068369 -11.532863
v -3.657558 -0.068369 -12.064838
v -3.657558 -0.068368 -11.400929
v -3.657558 -0.068368 -10.653957
v -3.657558 -0.068368 -10.618656
v -3.657558 -0.068368 -11.429201
v -3.657558 -0.068368 -11.495167
v -3.657558 -0.068369 -12.102748
v -3.657558 -0.068369 -12.135554
v -3.657558 -0.068369 -11.514015
v -3.657558 -0.068368 -10.594156
v -3.657558 -0.068369 -12.155884
v -3.657558 -0.068369 -13.861526
v -3.628349 -0.068369 -12.273342
v -3.628349 -0.068369 -12.628478
v -3.628349 -0.068369 -12.406925
v -3.628349 -0.068369 -12.386548
v -3.579689 -0.068369 -12.782276
v -3.579689 -0.068369 -13.280855
v -3.579689 -0.068369 -12.932821
v -3.579689 -0.068369 -12.960889
v -3.579689 -0.068369 -13.257195
v -3.639078 -0.068369 -11.532863
v -3.639078 -0.068369 -12.064838
v -3.639078 -0.068368 -11.400929
v -3.639078 -0.068368 -10.653957
v -3.639078 -0.068368 -11.208528
v -3.639078 -0.068368 -11.236246
v -3.579689 0.174851 -13.844668
v -3.657558 0.174851 -13.844668
v -3.657558 0.174852 -12.782276
v -3.657558 0.174851 -14.073921
v -3.657558 0.174852 -10.399793
v -3.657558 0.174852 -12.273342
v -3.657558 0.174852 -12.628478
v -3.657558 0.174852 -11.532863
v -3.657558 0.174852 -12.064838
v -3.657558 0.174852 -11.400929
v -3.657558 0.174852 -10.653957
v -3.657558 0.174852 -10.618656
v -3.657558 0.174852 -11.429201
v -3.657558 0.174852 -11.495168
v -3.657558 0.174852 -12.102748
v -3.657558 0.174852 -12.135554
v -3.657558 0.174852 -11.514015
v -3.657558 0.174852 -10.594156
v -3.657558 0.174852 -12.155884
v -3.657558 0.174851 -13.861526
v -3.628349 0.174852 -12.273342
v -3.628349 0.174852 -12.628478
v -3.628349 0.174852 -12.406925
v -3.628349 0.174852 -12.386548
v -3.579689 0.174852 -12.782276
v -3.579689 0.174852 -13.280855
v -3.579689 0.174852 -12.932821
v -3.579689 0.174852 -12.960889
v -3.579689 0.174852 -13.257195
v -3.639078 0.174852 -11.532863
v -3.639078 0.174852 -12.064838
v -3.639078 0.174852 -11.400929
v -3.639078 0.174852 -10.653957
v -3.639078 0.174852 -11.208528
v -3.639078 0.174852 -11.236246
v -3.657558 1.942318 -12.583516
v -3.657558 0.401804 -12.583515
v -3.657558 0.217395 -12.583515
v -3.657558 0.270363 -12.583515
v -3.657558 0.950369 -12.583515
v -3.657558 0.987649 -12.583515
v -3.657558 1.505731 -12.583515
v -3.628349 -0.553773 -12.583515
v -3.628349 0.217395 -12.583515
v -3.628349 -0.212979 -12.583515
v -3.628349 -0.252151 -12.583515
v -3.639078 0.987649 -12.583515
v -3.639078 1.505731 -12.583515
v -3.687407 0.950369 -12.583515
v -3.687407 0.987649 -12.583515
v -3.628349 -0.068369 -12.583515
v -3.628349 0.174852 -12.583515
v -3.657558 1.942318 -12.311728
v -3.657558 0.401804 -12.311728
v -3.657558 0.217395 -12.311728
v -3.657558 0.270363 -12.311728
v -3.657558 0.950369 -12.311728
v -3.657558 0.987649 -12.311728
v -3.657558 1.505731 -12.311728
v -3.628349 -0.553773 -12.311728
v -3.628349 0.217395 -12.311728
v -3.628349 -0.212979 -12.311728
v -3.628349 -0.252151 -12.311728
v -3.628349 -0.068369 -12.311728
v -3.628349 0.174852 -12.311728
v -3.639160 -0.058857 -12.386548
v -3.639160 -0.058857 -12.406925
v -3.639160 -0.058857 -12.321239
v -3.639160 0.174852 -12.406925
v -3.639160 0.165340 -12.386548
v -3.639160 0.165340 -12.321239
v -3.639160 -0.058857 -12.574004
v -3.639160 0.165340 -12.574004
v -3.639160 -0.068369 -12.386548
v -3.639160 -0.068369 -12.406925
v -3.639160 -0.068369 -12.311728
v -3.639160 0.174852 -12.386548
v -3.639160 0.165340 -12.406925
v -3.639160 0.174852 -12.311728
v -3.639160 -0.068369 -12.583515
v -3.639160 0.174852 -12.583515
v -3.631146 -0.058857 -12.406925
v -3.631146 0.165340 -12.406925
v -3.631146 -0.058857 -12.386548
v -3.631146 0.165340 -12.386548
v -3.631146 -0.058857 -12.321239
v -3.631146 0.165340 -12.321239
v -3.631146 -0.058857 -12.574004
v -3.631146 0.165340 -12.574004
v -0.212683 -0.553773 -14.073910
v -0.212683 1.942318 -14.073910
v -0.212683 0.401804 -14.073910
v -1.275075 -0.553773 -14.073910
v -3.657559 1.942318 -14.073912
v -1.275075 1.942318 -14.073911
v -1.275075 0.401804 -14.073910
v -3.657559 -0.553773 -14.073911
v 0.016570 0.401804 -14.073910
v -3.657559 0.401804 -14.073911
v 0.016570 1.942318 -14.073910
v 0.016570 -0.553773 -14.073910
v -1.784009 -0.553773 -14.073910
v -1.784009 1.942318 -14.073911
v -1.784009 0.401804 -14.073910
v -1.428874 -0.553773 -14.073910
v -1.428874 1.942318 -14.073911
v -1.428874 0.401804 -14.073910
v -0.212683 0.217394 -14.073910
v -1.275075 0.217394 -14.073910
v 0.016570 0.217394 -14.073910
v -3.657559 0.217394 -14.073911
v -1.784009 0.217394 -14.073910
v -1.428874 0.217394 -14.073910
v -0.212683 0.270363 -14.073910
v -1.275075 0.270363 -14.073910
v 0.016570 0.270363 -14.073910
v -3.657559 0.270363 -14.073911
v -1.784009 0.270363 -14.073910
v -1.428874 0.270363 -14.073910
v -0.212683 -0.212979 -14.073910
v -1.275075 -0.212979 -14.073910
v 0.016570 -0.212979 -14.073910
v -3.657559 -0.212979 -14.073911
v -1.784009 -0.212979 -14.073910
v -1.428874 -0.212979 -14.073910
v -0.212683 -0.252151 -14.073910
v -1.275075 -0.252151 -14.073910
v 0.016570 -0.252151 -14.073910
v -3.657559 -0.252151 -14.073911
v -1.784009 -0.252151 -14.073910
v -1.428874 -0.252151 -14.073910
v -2.524489 -0.553773 -14.073910
v -2.524489 1.942318 -14.073911
v -2.524489 0.401804 -14.073911
v -2.524489 0.217394 -14.073911
v -2.524489 0.270363 -14.073911
v -2.524489 -0.212979 -14.073911
v -2.524489 -0.252151 -14.073911
v -1.992513 -0.553773 -14.073910
v -1.992513 1.942318 -14.073911
v -1.992513 0.401804 -14.073910
v -1.992513 0.217394 -14.073910
v -1.992513 0.270363 -14.073910
v -1.992513 -0.212979 -14.073910
v -1.992513 -0.252151 -14.073910
v -2.656422 -0.553773 -14.073911
v -2.656422 1.942318 -14.073911
v -2.656422 0.401804 -14.073911
v -2.656422 0.217394 -14.073911
v -2.656422 0.270363 -14.073911
v -2.656422 -0.212979 -14.073911
v -2.656422 -0.252151 -14.073911
v -3.403394 -0.553773 -14.073911
v -3.403394 1.942318 -14.073911
v -3.403394 0.401804 -14.073911
v -3.403394 0.217394 -14.073911
v -3.403394 0.270363 -14.073911
v -3.403394 -0.212979 -14.073911
v -3.403394 -0.252151 -14.073911
v -3.438695 -0.553773 -14.073911
v -3.438695 1.942318 -14.073912
v -3.438695 0.401804 -14.073911
v -3.438695 0.217394 -14.073911
v -3.438695 0.270363 -14.073911
v -3.438695 -0.212979 -14.073911
v -3.438695 -0.252151 -14.073911
v -2.628150 -0.553773 -14.073911
v -2.628150 1.942318 -14.073911
v -2.628150 0.401804 -14.073911
v -2.628150 0.217394 -14.073911
v -2.628150 0.270363 -14.073911
v -2.628150 -0.212979 -14.073911
v -2.628150 -0.252151 -14.073911
v -2.562184 -0.553773 -14.073911
v -2.562184 1.942318 -14.073911
v -2.562184 0.401804 -14.073911
v -2.562184 0.217394 -14.073911
v -2.562184 0.270363 -14.073911
v -2.562184 -0.212979 -14.073911
v -2.562184 -0.252151 -14.073911
v -1.954603 -0.553773 -14.073910
v -1.954603 1.942318 -14.073911
v -1.954603 0.401804 -14.073910
v -1.954603 0.217394 -14.073910
v -1.954603 0.270363 -14.073910
v -1.954603 -0.212979 -14.073910
v -1.954603 -0.252151 -14.073910
v -0.776496 1.942318 -14.073910
v -0.776496 0.401804 -14.073910
v -1.124530 1.942318 -14.073911
v -1.124530 0.401804 -14.073910
v -0.212683 0.401804 -13.996040
v -1.650426 1.942318 -14.073911
v -1.650426 0.401804 -14.073910
v -1.650426 0.217394 -14.073910
v -1.650426 0.270363 -14.073910
v -1.275075 0.270363 -13.996040
v -0.776496 0.401804 -13.996040
v -1.921797 -0.553773 -14.073910
v -1.921797 1.942318 -14.073911
v -1.921797 0.401804 -14.073910
v -1.921797 0.217394 -14.073910
v -1.921797 0.270363 -14.073910
v -1.921797 -0.212979 -14.073910
v -1.921797 -0.252151 -14.073910
v -2.543337 -0.553773 -14.073911
v -2.543337 1.942318 -14.073911
v -2.543337 0.401804 -14.073911
v -2.543337 0.217394 -14.073911
v -2.543337 0.270363 -14.073911
v -2.543337 -0.212979 -14.073911
v -2.543337 -0.252151 -14.073911
v -2.848824 -0.553773 -14.073911
v -2.848824 1.942318 -14.073911
v -2.848824 0.401804 -14.073911
v -2.848824 0.270363 -14.073911
v -2.848824 -0.212979 -14.073911
v -2.848824 -0.252151 -14.073911
v -3.463195 -0.553773 -14.073911
v -3.463195 1.942318 -14.073912
v -3.463195 0.401804 -14.073911
v -3.463195 0.217394 -14.073911
v -3.463195 0.270363 -14.073911
v -3.463195 -0.212979 -14.073911
v -3.463195 -0.252151 -14.073911
v -0.212683 0.950369 -14.073910
v -3.657559 0.950369 -14.073911
v -1.275075 0.950369 -14.073910
v 0.016570 0.950369 -14.073910
v -1.784009 0.950369 -14.073911
v -1.428874 0.950369 -14.073911
v -2.524489 0.950369 -14.073911
v -1.992513 0.950369 -14.073911
v -2.656422 0.950369 -14.073911
v -3.403394 0.950369 -14.073911
v -3.438695 0.950369 -14.073911
v -2.628150 0.950369 -14.073911
v -2.562184 0.950369 -14.073911
v -1.954603 0.950369 -14.073911
v -0.776496 0.950369 -14.073910
v -1.124530 0.950369 -14.073910
v -1.650426 0.950369 -14.073911
v -1.921797 0.950369 -14.073911
v -2.543337 0.950369 -14.073911
v -2.848824 0.950369 -14.073911
v -3.463195 0.950369 -14.073911
v -2.821105 -0.553773 -14.073911
v -2.821105 1.942318 -14.073911
v -2.821105 0.401804 -14.073911
v -2.821105 0.270363 -14.073911
v -2.821105 -0.212979 -14.073911
v -2.821105 -0.252151 -14.073911
v -2.821105 0.950369 -14.073911
v -0.212683 0.987648 -14.073910
v -3.657559 0.987648 -14.073911
v -1.275075 0.987648 -14.073910
v 0.016570 0.987648 -14.073910
v -1.784009 0.987648 -14.073911
v -1.428874 0.987648 -14.073911
v -2.524489 0.987648 -14.073911
v -1.992513 0.987648 -14.073911
v -2.656422 0.987648 -14.073911
v -3.403394 0.987648 -14.073911
v -3.438695 0.987648 -14.073911
v -2.628150 0.987648 -14.073911
v -2.562184 0.987648 -14.073911
v -1.954603 0.987648 -14.073911
v -0.776496 0.987648 -14.073910
v -1.124530 0.987648 -14.073910
v -1.650426 0.987648 -14.073911
v -1.921797 0.987648 -14.073911
v -2.543337 0.987648 -14.073911
v -2.848824 0.987648 -14.073911
v -3.463195 0.987648 -14.073911
v -2.821105 0.987648 -14.073911
v -1.901467 -0.553773 -14.073910
v -1.901467 1.942318 -14.073911
v -1.901467 0.401804 -14.073910
v -1.901467 0.217394 -14.073910
v -1.901467 0.270363 -14.073910
v -1.901467 -0.212979 -14.073910
v -1.901467 -0.252151 -14.073910
v -1.901467 0.950369 -14.073911
v -1.901467 0.987648 -14.073911
v -0.212683 0.270363 -13.996040
v -1.670803 1.942318 -14.073911
v -1.670803 0.401804 -14.073910
v -1.670803 0.217394 -14.073910
v -1.670803 0.270363 -14.073910
v -0.212683 -0.553773 -13.996040
v -0.776496 -0.553773 -13.996040
v -1.670803 0.950369 -14.073911
v -1.670803 0.987648 -14.073911
v -1.096463 1.942318 -14.073911
v -1.096463 0.401804 -14.073910
v -1.096463 0.950369 -14.073910
v -1.096463 0.987648 -14.073910
v -0.800156 1.942318 -14.073910
v -0.800156 0.401804 -14.073910
v -0.800156 0.950369 -14.073910
v -0.800156 0.987648 -14.073910
v -0.195826 0.401804 -14.073910
v -0.195826 1.942318 -14.073910
v -0.195826 -0.553773 -14.073910
v -0.195826 0.217394 -14.073910
v -0.195826 0.270363 -14.073910
v -0.195826 -0.212979 -14.073910
v -0.195826 -0.252151 -14.073910
v -0.195826 0.950369 -14.073910
v -0.195826 0.987648 -14.073910
v -0.212683 1.505731 -14.073910
v -3.657559 1.505731 -14.073912
v -1.275075 1.505731 -14.073911
v 0.016570 1.505731 -14.073910
v -1.784009 1.505731 -14.073911
v -1.428874 1.505731 -14.073911
v -2.524489 1.505731 -14.073911
v -1.992513 1.505731 -14.073911
v -2.656422 1.505731 -14.073911
v -3.403394 1.505731 -14.073911
v -3.438695 1.505731 -14.073911
v -2.628150 1.505731 -14.073911
v -2.562184 1.505731 -14.073911
v -1.954603 1.505731 -14.073911
v -0.776496 1.505731 -14.073910
v -1.124530 1.505731 -14.073910
v -1.650426 1.505731 -14.073911
v -1.921797 1.505731 -14.073911
v -2.543337 1.505731 -14.073911
v -2.848824 1.505731 -14.073911
v -3.463195 1.505731 -14.073911
v -2.821105 1.505731 -14.073911
v -1.901467 1.505731 -14.073911
v -1.670803 1.505731 -14.073911
v -1.096463 1.505731 -14.073910
v -0.800156 1.505731 -14.073910
v -0.195826 1.505731 -14.073910
v -1.650426 -0.553773 -14.044702
v -1.428874 -0.553773 -14.044702
v -1.784009 -0.212979 -14.044702
v -1.784009 0.217394 -14.044702
v -1.428874 -0.212979 -14.044702
v -1.428874 0.217394 -14.044702
v -1.650426 0.217394 -14.044702
v -1.784009 -0.252151 -14.044702
v -1.428874 -0.252151 -14.044702
v -1.650426 -0.212979 -14.044702
v -1.784009 -0.553773 -14.044702
v -1.650426 -0.252151 -14.044702
v -1.670803 -0.553773 -14.044702
v -1.670803 0.217394 -14.044702
v -1.670803 -0.212979 -14.044702
v -1.670803 -0.252151 -14.044702
v -1.275075 0.401804 -13.996040
v -0.212683 -0.212979 -13.996040
v -0.212683 0.217394 -13.996040
v -1.275075 -0.212979 -13.996040
v -1.275075 0.217394 -13.996040
v -0.776496 0.217394 -13.996040
v -0.776496 0.270363 -13.996040
v -0.212683 -0.252151 -13.996040
v -1.275075 -0.252151 -13.996040
v -0.776496 -0.212979 -13.996040
v -1.275075 -0.553773 -13.996040
v -0.776496 -0.252151 -13.996040
v -0.800156 -0.553773 -13.996040
v -0.800156 0.401804 -13.996040
v -0.800156 0.217394 -13.996040
v -0.800156 0.270363 -13.996040
v -0.800156 -0.212979 -13.996040
v -0.800156 -0.252151 -13.996040
v -1.124530 -0.553773 -13.996040
v -1.124530 0.401804 -13.996040
v -1.124530 0.217394 -13.996040
v -1.124530 0.270363 -13.996040
v -1.124530 -0.212979 -13.996040
v -1.124530 -0.252151 -13.996040
v -1.096463 -0.553773 -13.996040
v -1.096463 0.401804 -13.996040
v -1.096463 0.217394 -13.996040
v -1.096463 0.270363 -13.996040
v -1.096463 -0.212979 -13.996040
v -1.096463 -0.252151 -13.996040
v -2.524489 0.217394 -14.055430
v -2.524489 0.270363 -14.055430
v -2.524489 -0.212979 -14.055430
v -1.992513 0.217394 -14.055430
v -1.992513 0.270363 -14.055430
v -1.992513 -0.212979 -14.055430
v -2.821105 0.217394 -14.055430
v -2.656422 0.217394 -14.055430
v -2.821105 0.270363 -14.055430
v -2.656422 0.270363 -14.055430
v -2.821105 -0.212979 -14.055430
v -2.656422 -0.212979 -14.055430
v -3.403394 0.217394 -14.055430
v -3.403394 0.270363 -14.055430
v -3.403394 -0.212979 -14.055430
v -2.848824 0.217394 -14.055430
v -2.848824 0.270363 -14.055430
v -2.848824 -0.212979 -14.055430
v -2.543337 0.987648 -14.055430
v -2.524489 0.987648 -14.055430
v -1.650426 0.987648 -14.055430
v -1.428874 0.987648 -14.055430
v -0.776496 0.987648 -14.055430
v -0.212683 0.987648 -14.055429
v -1.954603 0.987648 -14.055430
v -1.921797 0.987648 -14.055430
v -3.438695 0.987648 -14.055431
v -3.403394 0.987648 -14.055431
v -2.848824 0.987648 -14.055430
v -1.992513 0.987648 -14.055430
v -1.275075 0.987648 -14.055430
v -1.124530 0.987648 -14.055430
v -0.212683 1.505731 -14.055429
v -1.275075 1.505731 -14.055430
v -1.428874 1.505731 -14.055430
v -2.524489 1.505731 -14.055430
v -1.992513 1.505731 -14.055430
v -3.403394 1.505731 -14.055431
v -3.438695 1.505731 -14.055431
v -1.954603 1.505731 -14.055430
v -0.776496 1.505731 -14.055430
v -1.124530 1.505731 -14.055430
v -1.650426 1.505731 -14.055430
v -1.921797 1.505731 -14.055430
v -2.543337 1.505731 -14.055430
v -2.848824 1.505731 -14.055430
v -2.543337 -0.212979 -14.103759
v -2.524489 -0.212979 -14.103759
v -2.543337 -0.252151 -14.103759
v -2.524489 -0.252151 -14.103759
v -1.992513 -0.212979 -14.103759
v -1.992513 -0.252151 -14.103759
v -2.821105 -0.212979 -14.103760
v -2.656422 -0.212979 -14.103759
v -2.821105 -0.252151 -14.103760
v -2.656422 -0.252151 -14.103759
v -3.438695 -0.212979 -14.103760
v -3.403394 -0.212979 -14.103760
v -3.438695 -0.252151 -14.103760
v -3.403394 -0.252151 -14.103760
v -2.628150 -0.212979 -14.103759
v -2.628150 -0.252151 -14.103759
v -2.562184 -0.252151 -14.103759
v -2.562184 -0.212979 -14.103759
v -1.954603 -0.212979 -14.103759
v -1.954603 -0.252151 -14.103759
v -2.848824 -0.212979 -14.103760
v -2.848824 -0.252151 -14.103760
v -3.463195 0.950369 -14.103760
v -3.438695 0.950369 -14.103760
v -2.543337 0.950369 -14.103760
v -2.524489 0.950369 -14.103760
v -1.650426 0.950369 -14.103759
v -1.428874 0.950369 -14.103759
v -0.800156 0.950369 -14.103759
v -0.776496 0.950369 -14.103759
v -0.212683 0.950369 -14.103759
v -1.954603 0.950369 -14.103760
v -1.921797 0.950369 -14.103760
v -2.562184 0.950369 -14.103760
v -3.403394 0.950369 -14.103760
v -2.848824 0.950369 -14.103760
v -1.992513 0.950369 -14.103760
v -1.275075 0.950369 -14.103759
v -1.670803 0.950369 -14.103759
v -1.124530 0.950369 -14.103759
v -2.821105 0.950369 -14.103760
v -0.212683 0.987648 -14.103759
v -1.275075 0.987648 -14.103759
v -1.428874 0.987648 -14.103759
v -2.524489 0.987648 -14.103760
v -1.992513 0.987648 -14.103760
v -3.403394 0.987648 -14.103760
v -3.438695 0.987648 -14.103760
v -2.562184 0.987648 -14.103760
v -1.954603 0.987648 -14.103760
v -0.776496 0.987648 -14.103759
v -1.124530 0.987648 -14.103759
v -1.650426 0.987648 -14.103759
v -1.921797 0.987648 -14.103760
v -2.543337 0.987648 -14.103760
v -2.848824 0.987648 -14.103760
v -3.463195 0.987648 -14.103760
v -2.821105 0.987648 -14.103760
v -0.800156 0.987648 -14.103759
v -1.670803 0.987648 -14.103759
v -1.901467 0.950369 -14.103760
v -1.901467 0.987648 -14.103760
v -1.096463 0.950369 -14.103759
v -1.096463 0.987648 -14.103759
v -0.195826 0.950369 -14.103759
v -0.195826 0.987648 -14.103759
v -0.212683 -0.068369 -13.996040
v -0.212683 -0.068369 -14.073910
v -1.275075 -0.068369 -14.073910
v 0.016570 -0.068369 -14.073910
v -3.657559 -0.068369 -14.073911
v -1.784009 -0.068369 -14.073910
v -1.428874 -0.068369 -14.073910
v -2.524489 -0.068369 -14.073911
v -1.992513 -0.068369 -14.073910
v -2.656422 -0.068369 -14.073911
v -3.403394 -0.068369 -14.073911
v -3.438695 -0.068369 -14.073911
v -2.628150 -0.068369 -14.073911
v -2.562184 -0.068369 -14.073911
v -1.954603 -0.068369 -14.073910
v -1.921797 -0.068369 -14.073910
v -2.543337 -0.068369 -14.073911
v -3.463195 -0.068369 -14.073911
v -1.901467 -0.068369 -14.073910
v -0.195826 -0.068369 -14.073910
v -1.784009 -0.068369 -14.044702
v -1.428874 -0.068369 -14.044702
v -1.650426 -0.068369 -14.044702
v -1.670803 -0.068369 -14.044702
v -1.275075 -0.068369 -13.996040
v -0.776496 -0.068369 -13.996040
v -1.124530 -0.068369 -13.996040
v -1.096463 -0.068369 -13.996040
v -0.800156 -0.068369 -13.996040
v -2.524489 -0.068369 -14.055430
v -1.992513 -0.068369 -14.055430
v -2.656422 -0.068369 -14.055430
v -3.403394 -0.068369 -14.055430
v -2.848824 -0.068369 -14.055430
v -2.821105 -0.068369 -14.055430
v -0.212683 0.174851 -13.996040
v -0.212683 0.174851 -14.073910
v -1.275075 0.174851 -14.073910
v 0.016570 0.174851 -14.073910
v -3.657559 0.174852 -14.073911
v -1.784009 0.174851 -14.073910
v -1.428874 0.174851 -14.073910
v -2.524489 0.174851 -14.073911
v -1.992513 0.174851 -14.073910
v -2.656422 0.174851 -14.073911
v -3.403394 0.174852 -14.073911
v -3.438695 0.174852 -14.073911
v -2.628150 0.174851 -14.073911
v -2.562184 0.174851 -14.073911
v -1.954603 0.174851 -14.073910
v -1.921797 0.174851 -14.073910
v -2.543337 0.174851 -14.073911
v -3.463195 0.174852 -14.073911
v -1.901467 0.174851 -14.073910
v -0.195826 0.174851 -14.073910
v -1.784009 0.174851 -14.044702
v -1.428874 0.174851 -14.044702
v -1.650426 0.174851 -14.044702
v -1.670803 0.174851 -14.044702
v -1.275075 0.174851 -13.996040
v -0.776496 0.174851 -13.996040
v -1.124530 0.174851 -13.996040
v -1.096463 0.174851 -13.996040
v -0.800156 0.174851 -13.996040
v -2.524489 0.174851 -14.055430
v -1.992513 0.174851 -14.055430
v -2.656422 0.174851 -14.055430
v -3.403394 0.174852 -14.055430
v -2.848824 0.174851 -14.055430
v -2.821105 0.174851 -14.055430
v -1.473836 1.942318 -14.073911
v -1.473836 0.401804 -14.073910
v -1.473836 0.217394 -14.073910
v -1.473836 0.270363 -14.073910
v -1.473836 0.950369 -14.073911
v -1.473836 0.987648 -14.073911
v -1.473836 1.505731 -14.073911
v -1.473836 -0.553773 -14.044702
v -1.473836 0.217394 -14.044702
v -1.473836 -0.212979 -14.044702
v -1.473836 -0.252151 -14.044702
v -1.473836 0.987648 -14.055430
v -1.473836 1.505731 -14.055430
v -1.473836 0.950369 -14.103759
v -1.473836 0.987648 -14.103759
v -1.473836 -0.068369 -14.044702
v -1.473836 0.174851 -14.044702
v -1.745623 1.942318 -14.073911
v -1.745623 0.401804 -14.073910
v -1.745623 0.217394 -14.073910
v -1.745623 0.270363 -14.073910
v -1.745623 0.950369 -14.073911
v -1.745623 0.987648 -14.073911
v -1.745623 1.505731 -14.073911
v -1.745623 -0.553773 -14.044702
v -1.745623 0.217394 -14.044702
v -1.745623 -0.212979 -14.044702
v -1.745623 -0.252151 -14.044702
v -1.745623 -0.068369 -14.044702
v -1.745623 0.174851 -14.044702
v -1.670803 -0.058858 -14.055512
v -1.650426 -0.058858 -14.055512
v -1.736112 -0.058858 -14.055512
v -1.650426 0.174851 -14.055512
v -1.670803 0.165340 -14.055512
v -1.736112 0.165340 -14.055512
v -1.483347 -0.058858 -14.055511
v -1.483347 0.165340 -14.055511
v -1.670803 -0.068369 -14.055512
v -1.650426 -0.068369 -14.055512
v -1.745623 -0.068369 -14.055512
v -1.670803 0.174851 -14.055512
v -1.650426 0.165340 -14.055512
v -1.745623 0.174851 -14.055512
v -1.473836 -0.068369 -14.055511
v -1.473836 0.174851 -14.055511
v -1.650426 -0.058858 -14.047498
v -1.650426 0.165340 -14.047498
v -1.670803 -0.058858 -14.047498
v -1.670803 0.165340 -14.047498
v -1.736112 -0.058858 -14.047498
v -1.736112 0.165340 -14.047498
v -1.483347 -0.058858 -14.047498
v -1.483347 0.165340 -14.047498
v 0.016535 -0.553772 -10.629017
v 0.016535 1.942318 -10.629018
v 0.016535 0.401804 -10.629017
v 0.016535 -0.553773 -11.691409
v 0.016535 1.942318 -14.073894
v 0.016535 1.942318 -11.691409
v 0.016535 0.401804 -11.691409
v 0.016535 -0.553773 -14.073894
v 0.016535 0.401804 -10.399764
v 0.016535 0.401804 -14.073894
v 0.016535 1.942318 -10.399764
v 0.016535 -0.553772 -10.399764
v 0.016535 -0.553773 -12.200344
v 0.016535 1.942318 -12.200344
v 0.016535 0.401804 -12.200344
v 0.016535 -0.553773 -11.845208
v 0.016535 1.942318 -11.845208
v 0.016535 0.401804 -11.845208
v 0.016535 0.217395 -10.629017
v 0.016535 0.217395 -11.691409
v 0.016535 0.217395 -10.399764
v 0.016535 0.217394 -14.073894
v 0.016535 0.217395 -12.200344
v 0.016535 0.217395 -11.845208
v 0.016535 0.270363 -10.629017
v 0.016535 0.270363 -11.691409
v 0.016535 0.270363 -10.399764
v 0.016535 0.270363 -14.073894
v 0.016535 0.270363 -12.200344
v 0.016535 0.270363 -11.845208
v 0.016535 -0.212979 -10.629017
v 0.016535 -0.212979 -11.691409
v 0.016535 -0.212979 -10.399764
v 0.016535 -0.212979 -14.073894
v 0.016535 -0.212979 -12.200344
v 0.016535 -0.212979 -11.845208
v 0.016535 -0.252150 -10.629017
v 0.016535 -0.252151 -11.691409
v 0.016535 -0.252150 -10.399764
v 0.016535 -0.252151 -14.073894
v 0.016535 -0.252151 -12.200344
v 0.016535 -0.252151 -11.845208
v 0.016535 -0.553773 -12.940824
v 0.016535 1.942318 -12.940824
v 0.016535 0.401804 -12.940824
v 0.016535 0.217395 -12.940824
v 0.016535 0.270363 -12.940824
v 0.016535 -0.212979 -12.940824
v 0.016535 -0.252151 -12.940824
v 0.016535 -0.553773 -12.408847
v 0.016535 1.942318 -12.408848
v 0.016535 0.401804 -12.408847
v 0.016535 0.217395 -12.408847
v 0.016535 0.270363 -12.408847
v 0.016535 -0.212979 -12.408847
v 0.016535 -0.252151 -12.408847
v 0.016535 -0.553773 -13.072756
v 0.016535 1.942318 -13.072757
v 0.016535 0.401804 -13.072757
v 0.016535 0.217395 -13.072757
v 0.016535 0.270363 -13.072757
v 0.016535 -0.212979 -13.072756
v 0.016535 -0.252151 -13.072756
v 0.016535 -0.553773 -13.819729
v 0.016535 1.942318 -13.819729
v 0.016535 0.401804 -13.819729
v 0.016535 0.217395 -13.819729
v 0.016535 0.270363 -13.819729
v 0.016535 -0.212979 -13.819729
v 0.016535 -0.252151 -13.819729
v 0.016535 -0.553773 -13.855029
v 0.016535 1.942318 -13.855029
v 0.016535 0.401804 -13.855029
v 0.016535 0.217395 -13.855029
v 0.016535 0.270363 -13.855029
v 0.016535 -0.212979 -13.855029
v 0.016535 -0.252151 -13.855029
v 0.016535 -0.553773 -13.044485
v 0.016535 1.942318 -13.044485
v 0.016535 0.401804 -13.044485
v 0.016535 0.217395 -13.044485
v 0.016535 0.270363 -13.044485
v 0.016535 -0.212979 -13.044485
v 0.016535 -0.252151 -13.044485
v 0.016535 -0.553773 -12.978518
v 0.016535 1.942318 -12.978518
v 0.016535 0.401804 -12.978518
v 0.016535 0.217395 -12.978518
v 0.016535 0.270363 -12.978518
v 0.016535 -0.212979 -12.978518
v 0.016535 -0.252151 -12.978518
v 0.016535 -0.553773 -12.370937
v 0.016535 1.942318 -12.370937
v 0.016535 0.401804 -12.370937
v 0.016535 0.217395 -12.370937
v 0.016535 0.270363 -12.370937
v 0.016535 -0.212979 -12.370937
v 0.016535 -0.252151 -12.370937
v 0.016535 1.942318 -11.192831
v 0.016535 0.401804 -11.192831
v 0.016535 1.942318 -11.540865
v 0.016535 0.401804 -11.540865
v -0.061335 0.401804 -10.629017
v 0.016535 1.942318 -12.066761
v 0.016535 0.401804 -12.066761
v 0.016535 0.217395 -12.066761
v 0.016535 0.270363 -12.066761
v -0.061335 0.270363 -11.691409
v -0.061335 0.401804 -11.192831
v 0.016535 -0.553773 -12.338131
v 0.016535 1.942318 -12.338131
v 0.016535 0.401804 -12.338131
v 0.016535 0.217395 -12.338131
v 0.016535 0.270363 -12.338131
v 0.016535 -0.212979 -12.338131
v 0.016535 -0.252151 -12.338131
v 0.016535 -0.553773 -12.959671
v 0.016535 1.942318 -12.959671
v 0.016535 0.401804 -12.959671
v 0.016535 0.217395 -12.959671
v 0.016535 0.270363 -12.959671
v 0.016535 -0.212979 -12.959671
v 0.016535 -0.252151 -12.959671
v 0.016535 -0.553773 -13.265158
v 0.016535 1.942318 -13.265159
v 0.016535 0.401804 -13.265159
v 0.016535 0.270363 -13.265159
v 0.016535 -0.212979 -13.265158
v 0.016535 -0.252151 -13.265158
v 0.016535 -0.553773 -13.879529
v 0.016535 1.942318 -13.879529
v 0.016535 0.401804 -13.879529
v 0.016535 0.217395 -13.879529
v 0.016535 0.270363 -13.879529
v 0.016535 -0.212979 -13.879529
v 0.016535 -0.252151 -13.879529
v 0.016535 0.950370 -10.629018
v 0.016535 0.950369 -14.073894
v 0.016535 0.950369 -11.691409
v 0.016535 0.950370 -10.399764
v 0.016535 0.950369 -12.200344
v 0.016535 0.950369 -11.845208
v 0.016535 0.950369 -12.940824
v 0.016535 0.950369 -12.408848
v 0.016535 0.950369 -13.072757
v 0.016535 0.950369 -13.819729
v 0.016535 0.950369 -13.855029
v 0.016535 0.950369 -13.044485
v 0.016535 0.950369 -12.978518
v 0.016535 0.950369 -12.370937
v 0.016535 0.950369 -11.192831
v 0.016535 0.950369 -11.540865
v 0.016535 0.950369 -12.066761
v 0.016535 0.950369 -12.338131
v 0.016535 0.950369 -12.959671
v 0.016535 0.950369 -13.265159
v 0.016535 0.950369 -13.879529
v 0.016535 -0.553773 -13.237439
v 0.016535 1.942318 -13.237439
v 0.016535 0.401804 -13.237439
v 0.016535 0.270363 -13.237439
v 0.016535 -0.212979 -13.237439
v 0.016535 -0.252151 -13.237439
v 0.016535 0.950369 -13.237439
v 0.016535 0.987649 -10.629018
v 0.016535 0.987648 -14.073894
v 0.016535 0.987649 -11.691409
v 0.016535 0.987649 -10.399764
v 0.016535 0.987649 -12.200344
v 0.016535 0.987649 -11.845208
v 0.016535 0.987649 -12.940824
v 0.016535 0.987649 -12.408848
v 0.016535 0.987649 -13.072757
v 0.016535 0.987648 -13.819729
v 0.016535 0.987648 -13.855029
v 0.016535 0.987649 -13.044485
v 0.016535 0.987649 -12.978518
v 0.016535 0.987649 -12.370937
v 0.016535 0.987649 -11.192831
v 0.016535 0.987649 -11.540865
v 0.016535 0.987649 -12.066761
v 0.016535 0.987649 -12.338131
v 0.016535 0.987649 -12.959671
v 0.016535 0.987649 -13.265159
v 0.016535 0.987648 -13.879529
v 0.016535 0.987649 -13.237439
v 0.016535 -0.553773 -12.317801
v 0.016535 1.942318 -12.317801
v 0.016535 0.401804 -12.317801
v 0.016535 0.217395 -12.317801
v 0.016535 0.270363 -12.317801
v 0.016535 -0.212979 -12.317801
v 0.016535 -0.252151 -12.317801
v 0.016535 0.950369 -12.317801
v 0.016535 0.987649 -12.317801
v -0.061335 0.270363 -10.629017
v 0.016535 1.942318 -12.087138
v 0.016535 0.401804 -12.087137
v 0.016535 0.217395 -12.087137
v 0.016535 0.270363 -12.087137
v -0.061335 -0.553772 -10.629017
v -0.061335 -0.553773 -11.192831
v 0.016535 0.950369 -12.087138
v 0.016535 0.987649 -12.087138
v 0.016535 1.942318 -11.512797
v 0.016535 0.401804 -11.512797
v 0.016535 0.950369 -11.512797
v 0.016535 0.987649 -11.512797
v 0.016535 1.942318 -11.216490
v 0.016535 0.401804 -11.216490
v 0.016535 0.950369 -11.216490
v 0.016535 0.987649 -11.216490
v 0.016535 0.401804 -10.612161
v 0.016535 1.942318 -10.612161
v 0.016535 -0.553772 -10.612161
v 0.016535 0.217395 -10.612161
v 0.016535 0.270363 -10.612161
v 0.016535 -0.212979 -10.612161
v 0.016535 -0.252150 -10.612161
v 0.016535 0.950370 -10.612161
v 0.016535 0.987649 -10.612161
v 0.016535 1.505731 -10.629018
v 0.016535 1.505731 -14.073894
v 0.016535 1.505731 -11.691409
v 0.016535 1.505731 -10.399764
v 0.016535 1.505731 -12.200344
v 0.016535 1.505731 -11.845208
v 0.016535 1.505731 -12.940824
v 0.016535 1.505731 -12.408848
v 0.016535 1.505731 -13.072757
v 0.016535 1.505731 -13.819729
v 0.016535 1.505731 -13.855029
v 0.016535 1.505731 -13.044485
v 0.016535 1.505731 -12.978518
v 0.016535 1.505731 -12.370937
v 0.016535 1.505731 -11.192831
v 0.016535 1.505731 -11.540865
v 0.016535 1.505731 -12.066761
v 0.016535 1.505731 -12.338131
v 0.016535 1.505731 -12.959671
v 0.016535 1.505731 -13.265159
v 0.016535 1.505731 -13.879529
v 0.016535 1.505731 -13.237439
v 0.016535 1.505731 -12.317801
v 0.016535 1.505731 -12.087138
v 0.016535 1.505731 -11.512797
v 0.016535 1.505731 -11.216490
v 0.016535 1.505731 -10.612161
v -0.012674 -0.553773 -12.066761
v -0.012674 -0.553773 -11.845208
v -0.012674 -0.212979 -12.200344
v -0.012674 0.217395 -12.200344
v -0.012674 -0.212979 -11.845208
v -0.012674 0.217395 -11.845208
v -0.012674 0.217395 -12.066761
v -0.012674 -0.252151 -12.200344
v -0.012674 -0.252151 -11.845208
v -0.012674 -0.212979 -12.066761
v -0.012674 -0.553773 -12.200344
v -0.012674 -0.252151 -12.066761
v -0.012674 -0.553773 -12.087137
v -0.012674 0.217395 -12.087137
v -0.012674 -0.212979 -12.087137
v -0.012674 -0.252151 -12.087137
v -0.061335 0.401804 -11.691409
v -0.061335 -0.212979 -10.629017
v -0.061335 0.217395 -10.629017
v -0.061335 -0.212979 -11.691409
v -0.061335 0.217395 -11.691409
v -0.061335 0.217395 -11.192831
v -0.061335 0.270363 -11.192831
v -0.061335 -0.252150 -10.629017
v -0.061335 -0.252151 -11.691409
v -0.061335 -0.212979 -11.192831
v -0.061335 -0.553773 -11.691409
v -0.061335 -0.252151 -11.192831
v -0.061335 -0.553773 -11.216490
v -0.061335 0.401804 -11.216490
v -0.061335 0.217395 -11.216490
v -0.061335 0.270363 -11.216490
v -0.061335 -0.212979 -11.216490
v -0.061335 -0.252151 -11.216490
v -0.061335 -0.553773 -11.540864
v -0.061335 0.401804 -11.540865
v -0.061335 0.217395 -11.540865
v -0.061335 0.270363 -11.540865
v -0.061335 -0.212979 -11.540865
v -0.061335 -0.252151 -11.540865
v -0.061335 -0.553773 -11.512797
v -0.061335 0.401804 -11.512797
v -0.061335 0.217395 -11.512797
v -0.061335 0.270363 -11.512797
v -0.061335 -0.212979 -11.512797
v -0.061335 -0.252151 -11.512797
v -0.001945 0.217395 -12.940824
v -0.001945 0.270363 -12.940824
v -0.001945 -0.212979 -12.940824
v -0.001945 0.217395 -12.408847
v -0.001945 0.270363 -12.408847
v -0.001945 -0.212979 -12.408847
v -0.001945 0.217395 -13.237439
v -0.001945 0.217395 -13.072757
v -0.001945 0.270363 -13.237439
v -0.001945 0.270363 -13.072757
v -0.001945 -0.212979 -13.237439
v -0.001945 -0.212979 -13.072756
v -0.001945 0.217395 -13.819729
v -0.001945 0.270363 -13.819729
v -0.001945 -0.212979 -13.819729
v -0.001945 0.217395 -13.265159
v -0.001945 0.270363 -13.265159
v -0.001945 -0.212979 -13.265158
v -0.001945 0.987649 -12.959671
v -0.001945 0.987649 -12.940824
v -0.001945 0.987649 -12.066761
v -0.001945 0.987649 -11.845208
v -0.001945 0.987649 -11.192831
v -0.001945 0.987649 -10.629018
v -0.001945 0.987649 -12.370937
v -0.001945 0.987649 -12.338131
v -0.001945 0.987648 -13.855029
v -0.001945 0.987648 -13.819729
v -0.001945 0.987649 -13.265159
v -0.001945 0.987649 -12.408848
v -0.001945 0.987649 -11.691409
v -0.001945 0.987649 -11.540865
v -0.001945 1.505731 -10.629018
v -0.001945 1.505731 -11.691409
v -0.001945 1.505731 -11.845208
v -0.001945 1.505731 -12.940824
v -0.001945 1.505731 -12.408848
v -0.001945 1.505731 -13.819729
v -0.001945 1.505731 -13.855029
v -0.001945 1.505731 -12.370937
v -0.001945 1.505731 -11.192831
v -0.001945 1.505731 -11.540865
v -0.001945 1.505731 -12.066761
v -0.001945 1.505731 -12.338131
v -0.001945 1.505731 -12.959671
v -0.001945 1.505731 -13.265159
v 0.046384 -0.212979 -12.959671
v 0.046384 -0.212979 -12.940824
v 0.046384 -0.252151 -12.959671
v 0.046384 -0.252151 -12.940824
v 0.046384 -0.212979 -12.408847
v 0.046384 -0.252151 -12.408847
v 0.046384 -0.212979 -13.237439
v 0.046384 -0.212979 -13.072756
v 0.046384 -0.252151 -13.237439
v 0.046384 -0.252151 -13.072756
v 0.046384 -0.212979 -13.855029
v 0.046384 -0.212979 -13.819729
v 0.046384 -0.252151 -13.855029
v 0.046384 -0.252151 -13.819729
v 0.046384 -0.212979 -13.044485
v 0.046384 -0.252151 -13.044485
v 0.046384 -0.252151 -12.978518
v 0.046384 -0.212979 -12.978518
v 0.046384 -0.212979 -12.370937
v 0.046384 -0.252151 -12.370937
v 0.046384 -0.212979 -13.265158
v 0.046384 -0.252151 -13.265158
v 0.046384 0.950369 -13.879529
v 0.046384 0.950369 -13.855029
v 0.046384 0.950369 -12.959671
v 0.046384 0.950369 -12.940824
v 0.046384 0.950369 -12.066761
v 0.046384 0.950369 -11.845208
v 0.046384 0.950369 -11.216490
v 0.046384 0.950369 -11.192831
v 0.046384 0.950370 -10.629018
v 0.046384 0.950369 -12.370937
v 0.046384 0.950369 -12.338131
v 0.046384 0.950369 -12.978518
v 0.046384 0.950369 -13.819729
v 0.046384 0.950369 -13.265159
v 0.046384 0.950369 -12.408848
v 0.046384 0.950369 -11.691409
v 0.046384 0.950369 -12.087138
v 0.046384 0.950369 -11.540865
v 0.046384 0.950369 -13.237439
v 0.046384 0.987649 -10.629018
v 0.046384 0.987649 -11.691409
v 0.046384 0.987649 -11.845208
v 0.046384 0.987649 -12.940824
v 0.046384 0.987649 -12.408848
v 0.046384 0.987648 -13.819729
v 0.046384 0.987648 -13.855029
v 0.046384 0.987649 -12.978518
v 0.046384 0.987649 -12.370937
v 0.046384 0.987649 -11.192831
v 0.046384 0.987649 -11.540865
v 0.046384 0.987649 -12.066761
v 0.046384 0.987649 -12.338131
v 0.046384 0.987649 -12.959671
v 0.046384 0.987649 -13.265159
v 0.046384 0.987648 -13.879529
v 0.046384 0.987649 -13.237439
v 0.046384 0.987649 -11.216490
v 0.046384 0.987649 -12.087138
v 0.046384 0.950369 -12.317801
v 0.046384 0.987649 -12.317801
v 0.046384 0.950369 -11.512797
v 0.046384 0.987649 -11.512797
v 0.046384 0.950370 -10.612161
v 0.046384 0.987649 -10.612161
v -0.061335 -0.068368 -10.629017
v 0.016535 -0.068368 -10.629017
v 0.016535 -0.068369 -11.691409
v 0.016535 -0.068368 -10.399764
v 0.016535 -0.068369 -14.073894
v 0.016535 -0.068369 -12.200344
v 0.016535 -0.068369 -11.845208
v 0.016535 -0.068369 -12.940824
v 0.016535 -0.068369 -12.408847
v 0.016535 -0.068369 -13.072756
v 0.016535 -0.068369 -13.819729
v 0.016535 -0.068369 -13.855029
v 0.016535 -0.068369 -13.044485
v 0.016535 -0.068369 -12.978518
v 0.016535 -0.068369 -12.370937
v 0.016535 -0.068369 -12.338131
v 0.016535 -0.068369 -12.959671
v 0.016535 -0.068369 -13.879529
v 0.016535 -0.068369 -12.317801
v 0.016535 -0.068368 -10.612161
v -0.012674 -0.068369 -12.200344
v -0.012674 -0.068369 -11.845208
v -0.012674 -0.068369 -12.066761
v -0.012674 -0.068369 -12.087137
v -0.061335 -0.068369 -11.691409
v -0.061335 -0.068369 -11.192831
v -0.061335 -0.068369 -11.540865
v -0.061335 -0.068369 -11.512797
v -0.061335 -0.068369 -11.216490
v -0.001945 -0.068369 -12.940824
v -0.001945 -0.068369 -12.408847
v -0.001945 -0.068369 -13.072756
v -0.001945 -0.068369 -13.819729
v -0.001945 -0.068369 -13.265158
v -0.001945 -0.068369 -13.237439
v -0.061335 0.174852 -10.629017
v 0.016535 0.174852 -10.629017
v 0.016535 0.174852 -11.691409
v 0.016535 0.174852 -10.399764
v 0.016535 0.174852 -14.073894
v 0.016535 0.174852 -12.200344
v 0.016535 0.174852 -11.845208
v 0.016535 0.174852 -12.940824
v 0.016535 0.174852 -12.408847
v 0.016535 0.174852 -13.072757
v 0.016535 0.174852 -13.819729
v 0.016535 0.174852 -13.855029
v 0.016535 0.174852 -13.044485
v 0.016535 0.174852 -12.978518
v 0.016535 0.174852 -12.370937
v 0.016535 0.174852 -12.338131
v 0.016535 0.174852 -12.959671
v 0.016535 0.174852 -13.879529
v 0.016535 0.174852 -12.317801
v 0.016535 0.174852 -10.612161
v -0.012674 0.174852 -12.200344
v -0.012674 0.174852 -11.845208
v -0.012674 0.174852 -12.066761
v -0.012674 0.174852 -12.087137
v -0.061335 0.174852 -11.691409
v -0.061335 0.174852 -11.192831
v -0.061335 0.174852 -11.540865
v -0.061335 0.174852 -11.512797
v -0.061335 0.174852 -11.216490
v -0.001945 0.174852 -12.940824
v -0.001945 0.174852 -12.408847
v -0.001945 0.174852 -13.072757
v -0.001945 0.174852 -13.819729
v -0.001945 0.174852 -13.265159
v -0.001945 0.174852 -13.237439
v 0.016535 1.942318 -11.890170
v 0.016535 0.401804 -11.890170
v 0.016535 0.217395 -11.890170
v 0.016535 0.270363 -11.890170
v 0.016535 0.950369 -11.890170
v 0.016535 0.987649 -11.890170
v 0.016535 1.505731 -11.890170
v -0.012674 -0.553773 -11.890170
v -0.012674 0.217395 -11.890170
v -0.012674 -0.212979 -11.890170
v -0.012674 -0.252151 -11.890170
v -0.001945 0.987649 -11.890170
v -0.001945 1.505731 -11.890170
v 0.046384 0.950369 -11.890170
v 0.046384 0.987649 -11.890170
v -0.012674 -0.068369 -11.890170
v -0.012674 0.174852 -11.890170
v 0.016535 1.942318 -12.161958
v 0.016535 0.401804 -12.161958
v 0.016535 0.217395 -12.161958
v 0.016535 0.270363 -12.161958
v 0.016535 0.950369 -12.161958
v 0.016535 0.987649 -12.161958
v 0.016535 1.505731 -12.161958
v -0.012674 -0.553773 -12.161958
v -0.012674 0.217395 -12.161958
v -0.012674 -0.212979 -12.161958
v -0.012674 -0.252151 -12.161958
v -0.012674 -0.068369 -12.161958
v -0.012674 0.174852 -12.161958
v -0.001863 -0.058857 -12.087137
v -0.001863 -0.058857 -12.066761
v -0.001863 -0.058857 -12.152447
v -0.001863 0.174852 -12.066761
v -0.001863 0.165340 -12.087137
v -0.001863 0.165340 -12.152447
v -0.001863 -0.058857 -11.899682
v -0.001863 0.165340 -11.899682
v -0.001863 -0.068369 -12.087137
v -0.001863 -0.068369 -12.066761
v -0.001863 -0.068369 -12.161958
v -0.001863 0.174852 -12.087137
v -0.001863 0.165340 -12.066761
v -0.001863 0.174852 -12.161958
v -0.001863 -0.068369 -11.890170
v -0.001863 0.174852 -11.890170
v -0.009877 -0.058857 -12.066761
v -0.009877 0.165340 -12.066761
v -0.009877 -0.058857 -12.087137
v -0.009877 0.165340 -12.087137
v -0.009877 -0.058857 -12.152447
v -0.009877 0.165340 -12.152447
v -0.009877 -0.058857 -11.899682
v -0.009877 0.165340 -11.899682
v -3.687444 0.589654 -10.369910
v -3.687444 0.721627 -10.369910
v -3.687444 0.589654 -14.103776
v -3.687444 0.721627 -14.103776
v 0.046422 0.589654 -10.369910
v 0.046422 0.721627 -10.369910
v 0.046422 0.589654 -14.103776
v 0.046422 0.721627 -14.103776
v -3.669130 1.915475 -10.388225
v -3.669130 1.946696 -10.388225
v -3.669130 1.915475 -14.085463
v -3.669130 1.946695 -14.085463
v 0.028107 1.915475 -10.388225
v 0.028107 1.946696 -10.388225
v 0.028107 1.915475 -14.085463
v 0.028107 1.946695 -14.085463
vn -0.0000 -0.0000 1.0000
vn 1.0000 -0.0000 -0.0000
vn -0.0000 1.0000 -0.0000
vn -1.0000 -0.0000 -0.0000
vn -0.0000 -1.0000 -0.0000
vn 0.0002 -0.0000 1.0000
vn 0.0001 -0.0000 1.0000
vn -0.0000 -0.0000 -1.0000
vn -1.0000 0.0001 -0.0000
vn 0.0002 -0.0000 -1.0000
vn 0.0001 -0.0000 -1.0000
vn -0.0001 -0.0000 1.0000
vn -0.0002 -0.0000 1.0000
vn -1.0000 -0.0001 -0.0000
vn -0.0002 -0.0000 -1.0000
vt 0.124419 0.226351
vt 0.105806 0.471086
vt 0.124419 0.808559
vt 0.105806 0.242146
vt 0.105806 0.483881
vt 0.124419 0.449237
vt 0.372219 0.226351
vt 0.105806 0.471086
vt 0.927928 0.808559
vt 0.372219 0.808559
vt 0.105806 0.229351
vt 0.105806 0.242146
vt 0.372219 0.449237
vt 0.927928 0.226351
vt 0.070946 0.449237
vt 0.927928 0.449237
vt 0.070946 0.808559
vt 0.070946 0.226351
vt 0.490927 0.226351
vt 0.293200 0.733131
vt 0.490927 0.808559
vt 0.490927 0.449237
vt 0.408092 0.226351
vt 0.293200 0.733131
vt 0.408092 0.808559
vt 0.408092 0.449237
vt 0.124419 0.406224
vt 0.105806 0.286328
vt 0.372219 0.406224
vt 0.105806 0.286328
vt 0.070946 0.406224
vt 0.927928 0.406224
vt 0.486027 0.733131
vt 0.481267 0.733131
vt 0.490927 0.406224
vt 0.481267 0.733131
vt 0.408092 0.406224
vt 0.399420 0.733131
vt 0.124419 0.418579
vt 0.105806 0.273637
vt 0.372219 0.418579
vt 0.105806 0.273637
vt 0.070946 0.418579
vt 0.927928 0.418579
vt 0.490927 0.418579
vt 0.408092 0.418579
vt 0.105806 0.389438
vt 0.124419 0.305841
vt 0.372219 0.305841
vt 0.105806 0.389438
vt 0.070946 0.305841
vt 0.927928 0.305841
vt 0.490927 0.305841
vt 0.376310 0.733131
vt 0.376310 0.733131
vt 0.408092 0.305841
vt 0.124419 0.296704
vt 0.105806 0.398822
vt 0.372219 0.296704
vt 0.105806 0.398822
vt 0.070946 0.296704
vt 0.927928 0.296704
vt 0.490927 0.296704
vt 0.366758 0.733131
vt 0.408092 0.296704
vt 0.366758 0.733131
vt 0.663642 0.226351
vt 0.663642 0.808559
vt 0.663642 0.449237
vt 0.663642 0.406224
vt 0.481267 0.733131
vt 0.666610 0.733131
vt 0.494184 0.733131
vt 0.663642 0.418579
vt 0.376310 0.733131
vt 0.663642 0.305841
vt 0.666610 0.733131
vt 0.663642 0.296704
vt 0.666610 0.733131
vt 0.539560 0.226351
vt 0.539560 0.808559
vt 0.539560 0.449237
vt 0.539560 0.406224
vt 0.481267 0.733131
vt 0.494184 0.733131
vt 0.539560 0.418579
vt 0.536875 0.733131
vt 0.376310 0.733131
vt 0.536875 0.733131
vt 0.539560 0.305841
vt 0.539560 0.296704
vt 0.536875 0.733131
vt 0.694415 0.226351
vt 0.694415 0.808559
vt 0.694415 0.449237
vt 0.694415 0.406224
vt 0.481267 0.733131
vt 0.494184 0.733131
vt 0.694415 0.418579
vt 0.698784 0.733131
vt 0.698784 0.733131
vt 0.376310 0.733131
vt 0.694415 0.305841
vt 0.694415 0.296704
vt 0.698784 0.733131
vt 0.868645 0.226351
vt 0.868645 0.808559
vt 0.868645 0.449237
vt 0.481267 0.733131
vt 0.868645 0.406224
vt 0.880950 0.733131
vt 0.868645 0.418579
vt 0.494184 0.733131
vt 0.868645 0.305841
vt 0.376310 0.733131
vt 0.880950 0.733131
vt 0.868645 0.296704
vt 0.880950 0.733131
vt 0.876878 0.226351
vt 0.876878 0.808559
vt 0.876878 0.449237
vt 0.876878 0.406224
vt 0.876878 0.418579
vt 0.889559 0.733131
vt 0.376310 0.733131
vt 0.876878 0.305841
vt 0.366758 0.733131
vt 0.876878 0.296704
vt 0.889559 0.733131
vt 0.687821 0.226351
vt 0.687821 0.808559
vt 0.687821 0.449237
vt 0.687821 0.406224
vt 0.687821 0.418579
vt 0.376310 0.733131
vt 0.691890 0.733131
vt 0.687821 0.305841
vt 0.691890 0.733131
vt 0.687821 0.296704
vt 0.366758 0.733131
vt 0.672434 0.226351
vt 0.672434 0.808559
vt 0.672434 0.449237
vt 0.672434 0.406224
vt 0.672435 0.418579
vt 0.675803 0.733131
vt 0.376310 0.733131
vt 0.672434 0.305841
vt 0.366758 0.733131
vt 0.672434 0.296704
vt 0.675803 0.733131
vt 0.530717 0.226351
vt 0.530717 0.808559
vt 0.530717 0.449237
vt 0.530717 0.406224
vt 0.530718 0.418579
vt 0.376310 0.733131
vt 0.527630 0.733131
vt 0.530717 0.305841
vt 0.527630 0.733131
vt 0.530717 0.296704
vt 0.366758 0.733131
vt 0.255927 0.808559
vt 0.105806 0.348802
vt 0.255927 0.449237
vt 0.337105 0.808559
vt 0.105806 0.265419
vt 0.337105 0.449237
vt 0.087150 0.483881
vt 0.087150 0.242146
vt 0.127387 0.449237
vt 0.459769 0.808559
vt 0.459769 0.449237
vt 0.459769 0.406224
vt 0.453450 0.733131
vt 0.459769 0.418579
vt 0.369251 0.418579
vt 0.087150 0.273637
vt 0.087150 0.348802
vt 0.255745 0.449237
vt 0.523065 0.226351
vt 0.523065 0.808559
vt 0.523065 0.449237
vt 0.523065 0.406224
vt 0.523066 0.418579
vt 0.523065 0.305841
vt 0.523065 0.296704
vt 0.668038 0.226351
vt 0.668038 0.808559
vt 0.668038 0.449237
vt 0.668038 0.406224
vt 0.668038 0.418579
vt 0.671206 0.733131
vt 0.668038 0.305841
vt 0.671206 0.733131
vt 0.668038 0.296704
vt 0.739292 0.226351
vt 0.739292 0.808559
vt 0.739292 0.449237
vt 0.739293 0.418579
vt 0.745706 0.733131
vt 0.745706 0.733131
vt 0.739292 0.296704
vt 0.745706 0.733131
vt 0.882593 0.226351
vt 0.882593 0.808559
vt 0.882593 0.449237
vt 0.882593 0.406224
vt 0.882593 0.418579
vt 0.882593 0.305841
vt 0.882593 0.296704
vt 0.124419 0.577189
vt 0.102824 0.733131
vt 0.927928 0.577189
vt 0.361912 0.733131
vt 0.372219 0.577189
vt 0.070946 0.577189
vt 0.490927 0.577189
vt 0.399420 0.733131
vt 0.408092 0.577189
vt 0.663642 0.577189
vt 0.666610 0.733131
vt 0.539560 0.577189
vt 0.536875 0.733131
vt 0.694415 0.577189
vt 0.868645 0.577189
vt 0.880950 0.733131
vt 0.876878 0.577189
vt 0.889559 0.733131
vt 0.687821 0.577189
vt 0.660019 0.733131
vt 0.672434 0.577189
vt 0.675803 0.733131
vt 0.530717 0.577189
vt 0.527630 0.733131
vt 0.255927 0.577189
vt 0.240323 0.733131
vt 0.337105 0.577189
vt 0.325199 0.733131
vt 0.459769 0.577189
vt 0.453450 0.733131
vt 0.523065 0.577189
vt 0.519630 0.733131
vt 0.668038 0.577189
vt 0.671206 0.733131
vt 0.739292 0.577189
vt 0.745706 0.733131
vt 0.660019 0.733131
vt 0.882593 0.577189
vt 0.895534 0.733131
vt 0.732827 0.226351
vt 0.732827 0.808559
vt 0.732827 0.449237
vt 0.732827 0.418579
vt 0.738946 0.733131
vt 0.738946 0.733131
vt 0.738946 0.733131
vt 0.732827 0.296704
vt 0.738946 0.733131
vt 0.732827 0.577189
vt 0.660019 0.733131
vt 0.102824 0.733131
vt 0.669110 0.733131
vt 0.124419 0.585884
vt 0.927928 0.585884
vt 0.361912 0.733131
vt 0.070946 0.585884
vt 0.490927 0.585884
vt 0.399420 0.733131
vt 0.666610 0.733131
vt 0.536875 0.733131
vt 0.694415 0.585884
vt 0.880950 0.733131
vt 0.876878 0.585884
vt 0.669110 0.733131
vt 0.889559 0.733131
vt 0.687821 0.585884
vt 0.675803 0.733131
vt 0.672434 0.585884
vt 0.669110 0.733131
vt 0.527630 0.733131
vt 0.255927 0.585884
vt 0.669110 0.733131
vt 0.240323 0.733131
vt 0.669110 0.733131
vt 0.337105 0.585884
vt 0.325199 0.733131
vt 0.669110 0.733131
vt 0.459769 0.585884
vt 0.453450 0.733131
vt 0.519630 0.733131
vt 0.523065 0.585884
vt 0.669110 0.733131
vt 0.668038 0.585884
vt 0.669110 0.733131
vt 0.671206 0.733131
vt 0.745706 0.733131
vt 0.739292 0.585884
vt 0.669110 0.733131
vt 0.895534 0.733131
vt 0.882593 0.585884
vt 0.669110 0.733131
vt 0.669110 0.733131
vt 0.732827 0.585884
vt 0.738946 0.733131
vt 0.518324 0.226351
vt 0.518324 0.808559
vt 0.518324 0.449237
vt 0.518324 0.406224
vt 0.518324 0.418579
vt 0.518324 0.305841
vt 0.518324 0.296704
vt 0.514672 0.733131
vt 0.518324 0.577189
vt 0.660019 0.733131
vt 0.669110 0.733131
vt 0.518324 0.585884
vt 0.514672 0.733131
vt 0.087150 0.273637
vt 0.127387 0.418579
vt 0.464522 0.808559
vt 0.464522 0.449237
vt 0.458419 0.733131
vt 0.464522 0.406224
vt 0.464522 0.418579
vt 0.127387 0.226351
vt 0.087150 0.471086
vt 0.255745 0.226351
vt 0.660019 0.733131
vt 0.458419 0.733131
vt 0.464522 0.577189
vt 0.458419 0.733131
vt 0.669110 0.733131
vt 0.464522 0.585884
vt 0.330558 0.808559
vt 0.330558 0.449237
vt 0.105806 0.272143
vt 0.318354 0.733131
vt 0.660019 0.733131
vt 0.330558 0.577189
vt 0.669110 0.733131
vt 0.318354 0.733131
vt 0.330558 0.585884
vt 0.261445 0.808559
vt 0.105806 0.343133
vt 0.261445 0.449237
vt 0.660019 0.733131
vt 0.261445 0.577189
vt 0.246093 0.733131
vt 0.246093 0.733131
vt 0.261445 0.585884
vt 0.669110 0.733131
vt 0.120487 0.449237
vt 0.120487 0.808559
vt 0.120487 0.226351
vt 0.120487 0.406224
vt 0.120487 0.418579
vt 0.120487 0.305841
vt 0.120487 0.296704
vt 0.098713 0.733131
vt 0.660019 0.733131
vt 0.120487 0.577189
vt 0.669110 0.733131
vt 0.098713 0.733131
vt 0.120487 0.585884
vt 0.795456 0.733131
vt 0.102824 0.733131
vt 0.124419 0.706726
vt 0.927928 0.706726
vt 0.372219 0.706726
vt 0.361912 0.733131
vt 0.070946 0.706726
vt 0.490927 0.706726
vt 0.408092 0.706726
vt 0.399420 0.733131
vt 0.663642 0.706726
vt 0.666610 0.733131
vt 0.539560 0.706726
vt 0.536875 0.733131
vt 0.694415 0.706726
vt 0.868645 0.706726
vt 0.880950 0.733131
vt 0.889559 0.733131
vt 0.876878 0.706726
vt 0.795456 0.733131
vt 0.687821 0.706726
vt 0.672434 0.706726
vt 0.530717 0.706726
vt 0.527630 0.733131
vt 0.240323 0.733131
vt 0.255927 0.706726
vt 0.795456 0.733131
vt 0.795456 0.733131
vt 0.337105 0.706726
vt 0.325199 0.733131
vt 0.453450 0.733131
vt 0.795456 0.733131
vt 0.459769 0.706726
vt 0.795456 0.733131
vt 0.523065 0.706726
vt 0.519630 0.733131
vt 0.671206 0.733131
vt 0.668038 0.706726
vt 0.795456 0.733131
vt 0.795456 0.733131
vt 0.739292 0.706726
vt 0.745706 0.733131
vt 0.882593 0.706726
vt 0.732827 0.706726
vt 0.518324 0.706726
vt 0.464522 0.706726
vt 0.330558 0.706726
vt 0.261445 0.706726
vt 0.120487 0.706726
vt 0.459769 0.226351
vt 0.414733 0.226351
vt 0.293200 0.726008
vt 0.485390 0.305841
vt 0.376310 0.726008
vt 0.481267 0.726008
vt 0.485390 0.398656
vt 0.486027 0.726008
vt 0.376310 0.726008
vt 0.414733 0.305841
vt 0.399420 0.726008
vt 0.481267 0.726008
vt 0.414733 0.398656
vt 0.459769 0.398656
vt 0.453450 0.726008
vt 0.485390 0.296704
vt 0.366758 0.726008
vt 0.366758 0.726008
vt 0.414733 0.296704
vt 0.459769 0.305841
vt 0.485390 0.226351
vt 0.293200 0.726008
vt 0.459769 0.296704
vt 0.464522 0.226351
vt 0.458419 0.726008
vt 0.464522 0.398656
vt 0.464522 0.305841
vt 0.464522 0.296704
vt 0.087150 0.242146
vt 0.087150 0.229351
vt 0.369251 0.449237
vt 0.087150 0.389438
vt 0.127387 0.305841
vt 0.127387 0.406224
vt 0.087150 0.286328
vt 0.087150 0.389438
vt 0.369251 0.305841
vt 0.369251 0.406224
vt 0.087150 0.286328
vt 0.255745 0.406224
vt 0.255745 0.418579
vt 0.087150 0.398822
vt 0.127387 0.296704
vt 0.087150 0.398822
vt 0.369251 0.296704
vt 0.255745 0.305841
vt 0.087150 0.471086
vt 0.369251 0.226351
vt 0.255745 0.296704
vt 0.261131 0.226351
vt 0.087150 0.343133
vt 0.261131 0.449237
vt 0.261131 0.406224
vt 0.261131 0.418579
vt 0.261131 0.305841
vt 0.261131 0.296704
vt 0.334978 0.226351
vt 0.087150 0.265419
vt 0.334978 0.449237
vt 0.334978 0.406224
vt 0.334978 0.418579
vt 0.334978 0.305841
vt 0.334978 0.296704
vt 0.328588 0.226351
vt 0.087150 0.272143
vt 0.328588 0.449237
vt 0.328588 0.406224
vt 0.328588 0.418579
vt 0.328588 0.305841
vt 0.328588 0.296704
vt 0.660914 0.404289
vt 0.481267 0.728624
vt 0.494184 0.728624
vt 0.660914 0.416100
vt 0.666610 0.728624
vt 0.666610 0.728624
vt 0.376310 0.728624
vt 0.660914 0.308319
vt 0.542288 0.404289
vt 0.481267 0.728624
vt 0.542288 0.416101
vt 0.494184 0.728624
vt 0.536875 0.728624
vt 0.542288 0.308319
vt 0.376310 0.728624
vt 0.536875 0.728624
vt 0.734189 0.404642
vt 0.696851 0.404642
vt 0.481267 0.728624
vt 0.734189 0.416553
vt 0.738946 0.728624
vt 0.494184 0.728624
vt 0.696851 0.416553
vt 0.698784 0.728624
vt 0.738946 0.728624
vt 0.734189 0.307867
vt 0.696851 0.307867
vt 0.376310 0.728624
vt 0.698784 0.728624
vt 0.481267 0.728624
vt 0.866208 0.404642
vt 0.494184 0.728624
vt 0.880950 0.728624
vt 0.866209 0.416553
vt 0.880950 0.728624
vt 0.866208 0.307867
vt 0.376310 0.728624
vt 0.740474 0.404642
vt 0.745706 0.728624
vt 0.740474 0.416553
vt 0.745706 0.728624
vt 0.740474 0.307867
vt 0.665818 0.587735
vt 0.669110 0.728624
vt 0.671206 0.728624
vt 0.661556 0.587735
vt 0.666610 0.728624
vt 0.669110 0.728624
vt 0.453450 0.728624
vt 0.458202 0.587428
vt 0.407846 0.587428
vt 0.399420 0.728624
vt 0.240323 0.728624
vt 0.669110 0.728624
vt 0.254683 0.587051
vt 0.128348 0.587051
vt 0.102824 0.728624
vt 0.669110 0.728624
vt 0.532704 0.587735
vt 0.527630 0.728624
vt 0.525286 0.587735
vt 0.519630 0.728624
vt 0.669110 0.728624
vt 0.874632 0.587857
vt 0.889559 0.728624
vt 0.669110 0.728624
vt 0.866668 0.587857
vt 0.880950 0.728624
vt 0.741538 0.587857
vt 0.669110 0.728624
vt 0.745706 0.728624
vt 0.541275 0.587735
vt 0.536875 0.728624
vt 0.372889 0.587428
vt 0.361912 0.728624
vt 0.338672 0.587428
vt 0.669110 0.728624
vt 0.325199 0.728624
vt 0.795456 0.728624
vt 0.102824 0.728624
vt 0.128348 0.705559
vt 0.372889 0.705182
vt 0.361912 0.728624
vt 0.399420 0.728624
vt 0.407846 0.705182
vt 0.661556 0.704875
vt 0.666610 0.728624
vt 0.541275 0.704875
vt 0.536875 0.728624
vt 0.866668 0.704753
vt 0.880950 0.728624
vt 0.874632 0.704753
vt 0.889559 0.728624
vt 0.795456 0.728624
vt 0.532704 0.704875
vt 0.527630 0.728624
vt 0.795456 0.728624
vt 0.240323 0.728624
vt 0.254683 0.705559
vt 0.795456 0.728624
vt 0.338672 0.705182
vt 0.325199 0.728624
vt 0.795456 0.728624
vt 0.458202 0.705182
vt 0.453450 0.728624
vt 0.519630 0.728624
vt 0.525286 0.704875
vt 0.795456 0.728624
vt 0.665818 0.704875
vt 0.795456 0.728624
vt 0.671206 0.728624
vt 0.741538 0.704753
vt 0.745706 0.728624
vt 0.795456 0.728624
vt 0.668038 0.305841
vt 0.671206 0.740411
vt 0.663642 0.305841
vt 0.666610 0.740411
vt 0.668038 0.296704
vt 0.671206 0.740411
vt 0.663642 0.296704
vt 0.666610 0.740411
vt 0.539560 0.305841
vt 0.536875 0.740411
vt 0.539560 0.296704
vt 0.536875 0.740411
vt 0.732827 0.305841
vt 0.738946 0.740411
vt 0.694415 0.305841
vt 0.698784 0.740411
vt 0.732827 0.296704
vt 0.738946 0.740411
vt 0.694415 0.296704
vt 0.698784 0.740411
vt 0.876878 0.305841
vt 0.376310 0.740411
vt 0.889559 0.740411
vt 0.868645 0.305841
vt 0.880950 0.740411
vt 0.876878 0.296704
vt 0.366758 0.740411
vt 0.889559 0.740411
vt 0.868645 0.296704
vt 0.880950 0.740411
vt 0.687821 0.305841
vt 0.691890 0.740411
vt 0.376310 0.740411
vt 0.687821 0.296704
vt 0.691890 0.740411
vt 0.366758 0.740411
vt 0.672434 0.296704
vt 0.366758 0.740411
vt 0.675803 0.740411
vt 0.672434 0.305841
vt 0.376310 0.740411
vt 0.675803 0.740411
vt 0.530717 0.305841
vt 0.527630 0.740411
vt 0.376310 0.740411
vt 0.530717 0.296704
vt 0.527630 0.740411
vt 0.366758 0.740411
vt 0.739292 0.305841
vt 0.745706 0.740411
vt 0.739292 0.296704
vt 0.745706 0.740411
vt 0.882593 0.578530
vt 0.895534 0.740411
vt 0.660019 0.740411
vt 0.876878 0.578530
vt 0.889559 0.740411
vt 0.668038 0.578530
vt 0.671206 0.740411
vt 0.663642 0.578530
vt 0.666610 0.740411
vt 0.459769 0.578530
vt 0.453450 0.740411
vt 0.408092 0.578531
vt 0.399420 0.740411
vt 0.261445 0.578530
vt 0.246093 0.740411
vt 0.660019 0.740411
vt 0.255927 0.578530
vt 0.240323 0.740411
vt 0.124419 0.578530
vt 0.102824 0.740411
vt 0.530717 0.578530
vt 0.527630 0.740411
vt 0.523065 0.578530
vt 0.519630 0.740411
vt 0.672434 0.578530
vt 0.660019 0.740411
vt 0.675803 0.740411
vt 0.880950 0.740411
vt 0.868645 0.578530
vt 0.739292 0.578530
vt 0.745706 0.740411
vt 0.536875 0.740411
vt 0.539560 0.578530
vt 0.361912 0.740411
vt 0.372219 0.578530
vt 0.458419 0.740411
vt 0.464522 0.578530
vt 0.660019 0.740411
vt 0.325199 0.740411
vt 0.337105 0.578530
vt 0.732827 0.578530
vt 0.738946 0.740411
vt 0.660019 0.740411
vt 0.102824 0.740411
vt 0.124419 0.584543
vt 0.372219 0.584543
vt 0.361912 0.740411
vt 0.399420 0.740411
vt 0.408092 0.584543
vt 0.663642 0.584543
vt 0.666610 0.740411
vt 0.539560 0.584543
vt 0.536875 0.740411
vt 0.880950 0.740411
vt 0.868645 0.584543
vt 0.876878 0.584543
vt 0.889559 0.740411
vt 0.675803 0.740411
vt 0.672434 0.584543
vt 0.669110 0.740411
vt 0.527630 0.740411
vt 0.530717 0.584543
vt 0.240323 0.740411
vt 0.255927 0.584543
vt 0.337105 0.584543
vt 0.325199 0.740411
vt 0.459769 0.584543
vt 0.453450 0.740411
vt 0.523065 0.584543
vt 0.519630 0.740411
vt 0.668038 0.584543
vt 0.671206 0.740411
vt 0.739292 0.584543
vt 0.745706 0.740411
vt 0.882593 0.584543
vt 0.669110 0.740411
vt 0.895534 0.740411
vt 0.732827 0.584543
vt 0.669110 0.740411
vt 0.738946 0.740411
vt 0.246093 0.740411
vt 0.261445 0.584543
vt 0.669110 0.740411
vt 0.464522 0.584543
vt 0.458419 0.740411
vt 0.669110 0.740411
vt 0.518324 0.578530
vt 0.514672 0.740411
vt 0.660019 0.740411
vt 0.518324 0.584543
vt 0.514672 0.740411
vt 0.669110 0.740411
vt 0.330558 0.578530
vt 0.660019 0.740411
vt 0.318354 0.740411
vt 0.669110 0.740411
vt 0.318354 0.740411
vt 0.330558 0.584543
vt 0.120487 0.578530
vt 0.660019 0.740411
vt 0.098713 0.740411
vt 0.669110 0.740411
vt 0.098713 0.740411
vt 0.120487 0.584543
vt 0.125903 0.339571
vt 0.087150 0.354791
vt 0.105806 0.354791
vt 0.124419 0.339571
vt 0.105806 0.354791
vt 0.372219 0.339571
vt 0.070946 0.339571
vt 0.927928 0.339571
vt 0.490927 0.339571
vt 0.411577 0.733131
vt 0.411577 0.733131
vt 0.408092 0.339571
vt 0.411577 0.733131
vt 0.663642 0.339571
vt 0.411577 0.733131
vt 0.539560 0.339571
vt 0.411577 0.733131
vt 0.694415 0.339571
vt 0.868645 0.339571
vt 0.411577 0.733131
vt 0.876878 0.339571
vt 0.687821 0.339571
vt 0.672434 0.339571
vt 0.530717 0.339571
vt 0.523065 0.339571
vt 0.668038 0.339571
vt 0.882593 0.339571
vt 0.518324 0.339571
vt 0.120487 0.339571
vt 0.485390 0.337028
vt 0.411577 0.726008
vt 0.411577 0.726008
vt 0.414733 0.337028
vt 0.459769 0.337028
vt 0.464522 0.337028
vt 0.087150 0.354791
vt 0.370735 0.339571
vt 0.255745 0.339571
vt 0.334978 0.339571
vt 0.328588 0.339571
vt 0.261131 0.339571
vt 0.411577 0.728624
vt 0.662733 0.339903
vt 0.540469 0.339903
vt 0.411577 0.728624
vt 0.411577 0.728624
vt 0.695227 0.339842
vt 0.867833 0.339842
vt 0.411577 0.728624
vt 0.740474 0.340385
vt 0.734189 0.340385
vt 0.087150 0.296520
vt 0.125903 0.396301
vt 0.105806 0.296520
vt 0.124419 0.396301
vt 0.105806 0.296520
vt 0.372219 0.396301
vt 0.070946 0.396301
vt 0.927928 0.396301
vt 0.490927 0.396301
vt 0.470892 0.733131
vt 0.470892 0.733131
vt 0.408092 0.396301
vt 0.470892 0.733131
vt 0.663698 0.396281
vt 0.470892 0.733131
vt 0.539504 0.396281
vt 0.470892 0.733131
vt 0.694365 0.396284
vt 0.868695 0.396284
vt 0.470892 0.733131
vt 0.876878 0.396301
vt 0.687821 0.396301
vt 0.672434 0.396301
vt 0.530717 0.396301
vt 0.523065 0.396301
vt 0.668038 0.396301
vt 0.882593 0.396301
vt 0.518324 0.396301
vt 0.120487 0.396301
vt 0.485390 0.389481
vt 0.470892 0.726008
vt 0.470892 0.726008
vt 0.414733 0.389481
vt 0.459769 0.389481
vt 0.464522 0.389481
vt 0.087150 0.296520
vt 0.370735 0.396301
vt 0.255745 0.396301
vt 0.334978 0.396301
vt 0.328588 0.396301
vt 0.261131 0.396301
vt 0.470892 0.728624
vt 0.662658 0.395829
vt 0.470892 0.728624
vt 0.540544 0.395829
vt 0.470892 0.728624
vt 0.695294 0.395915
vt 0.867766 0.395915
vt 0.470892 0.728624
vt 0.740474 0.395076
vt 0.734189 0.395076
vt 0.418580 0.808559
vt 0.418580 0.449237
vt 0.410385 0.733131
vt 0.418580 0.406224
vt 0.418580 0.418579
vt 0.410385 0.733131
vt 0.418580 0.577189
vt 0.410385 0.733131
vt 0.410385 0.733131
vt 0.418580 0.706726
vt 0.423873 0.226351
vt 0.423873 0.398656
vt 0.410385 0.726008
vt 0.423873 0.305841
vt 0.423873 0.296704
vt 0.418408 0.585504
vt 0.410385 0.728624
vt 0.410385 0.728624
vt 0.418408 0.706211
vt 0.410385 0.740411
vt 0.418580 0.577860
vt 0.418580 0.584543
vt 0.410385 0.740411
vt 0.423873 0.337028
vt 0.423873 0.389481
vt 0.481973 0.808559
vt 0.481973 0.449237
vt 0.476666 0.733131
vt 0.481973 0.406224
vt 0.481973 0.418579
vt 0.481973 0.577189
vt 0.481973 0.585884
vt 0.481973 0.706726
vt 0.478314 0.226351
vt 0.478314 0.398656
vt 0.476666 0.726008
vt 0.478314 0.305841
vt 0.478314 0.296704
vt 0.478314 0.337028
vt 0.478314 0.389481
vt 0.464522 0.339552
vt 0.459769 0.339552
vt 0.476561 0.339552
vt 0.459769 0.389481
vt 0.459769 0.388968
vt 0.464522 0.386957
vt 0.476561 0.386957
vt 0.425806 0.339552
vt 0.425806 0.386957
vt 0.464522 0.337028
vt 0.464522 0.337540
vt 0.459769 0.337028
vt 0.459769 0.337540
vt 0.478314 0.337028
vt 0.478314 0.337540
vt 0.464522 0.389481
vt 0.464522 0.388968
vt 0.459769 0.386957
vt 0.478314 0.389481
vt 0.478314 0.388968
vt 0.423873 0.337028
vt 0.423873 0.337540
vt 0.423873 0.389481
vt 0.423873 0.388968
vt 0.459769 0.339552
vt 0.459769 0.386957
vt 0.464522 0.339552
vt 0.464522 0.386957
vt 0.476561 0.339552
vt 0.476561 0.386957
vt 0.425806 0.339552
vt 0.425806 0.386957
vt 0.124419 0.226351
vt 0.105806 0.471086
vt 0.124419 0.808559
vt 0.105806 0.242146
vt 0.105806 0.483881
vt 0.124419 0.449237
vt 0.372219 0.226351
vt 0.105806 0.471086
vt 0.927928 0.808559
vt 0.372219 0.808559
vt 0.105806 0.229351
vt 0.105806 0.242146
vt 0.372219 0.449237
vt 0.927928 0.226351
vt 0.070946 0.449237
vt 0.927928 0.449237
vt 0.070946 0.808559
vt 0.070946 0.226351
vt 0.490927 0.226351
vt 0.293200 0.733131
vt 0.490927 0.808559
vt 0.490927 0.449237
vt 0.408092 0.226351
vt 0.293200 0.733131
vt 0.408092 0.808559
vt 0.408092 0.449237
vt 0.124419 0.406224
vt 0.105806 0.286328
vt 0.372219 0.406224
vt 0.105806 0.286328
vt 0.070946 0.406224
vt 0.927928 0.406224
vt 0.486027 0.733131
vt 0.481267 0.733131
vt 0.490927 0.406224
vt 0.481267 0.733131
vt 0.408092 0.406224
vt 0.399420 0.733131
vt 0.124419 0.418579
vt 0.105806 0.273637
vt 0.372219 0.418579
vt 0.105806 0.273637
vt 0.070946 0.418579
vt 0.927928 0.418579
vt 0.490927 0.418579
vt 0.408092 0.418579
vt 0.105806 0.389438
vt 0.124419 0.305841
vt 0.372219 0.305841
vt 0.105806 0.389438
vt 0.070946 0.305841
vt 0.927928 0.305841
vt 0.490927 0.305841
vt 0.376310 0.733131
vt 0.376310 0.733131
vt 0.408092 0.305841
vt 0.124419 0.296704
vt 0.105806 0.398822
vt 0.372219 0.296704
vt 0.105806 0.398822
vt 0.070946 0.296704
vt 0.927928 0.296704
vt 0.490927 0.296704
vt 0.366758 0.733131
vt 0.408092 0.296704
vt 0.366758 0.733131
vt 0.663642 0.226351
vt 0.663642 0.808559
vt 0.663642 0.449237
vt 0.663642 0.406224
vt 0.481267 0.733131
vt 0.666610 0.733131
vt 0.494184 0.733131
vt 0.663642 0.418579
vt 0.376310 0.733131
vt 0.666610 0.733131
vt 0.663642 0.305841
vt 0.663642 0.296704
vt 0.666610 0.733131
vt 0.539560 0.226351
vt 0.539560 0.808559
vt 0.539560 0.449237
vt 0.539560 0.406224
vt 0.481267 0.733131
vt 0.494184 0.733131
vt 0.539560 0.418579
vt 0.536875 0.733131
vt 0.376310 0.733131
vt 0.536875 0.733131
vt 0.539560 0.305841
vt 0.539560 0.296704
vt 0.536875 0.733131
vt 0.694415 0.226351
vt 0.694415 0.808559
vt 0.694415 0.449237
vt 0.694415 0.406224
vt 0.481267 0.733131
vt 0.494184 0.733131
vt 0.694415 0.418579
vt 0.698784 0.733131
vt 0.698784 0.733131
vt 0.376310 0.733131
vt 0.694415 0.305841
vt 0.694415 0.296704
vt 0.698784 0.733131
vt 0.868645 0.226351
vt 0.868645 0.808559
vt 0.868645 0.449237
vt 0.481267 0.733131
vt 0.868645 0.406224
vt 0.880950 0.733131
vt 0.868645 0.418579
vt 0.494184 0.733131
vt 0.868645 0.305841
vt 0.376310 0.733131
vt 0.880950 0.733131
vt 0.868645 0.296704
vt 0.880950 0.733131
vt 0.876878 0.226351
vt 0.876878 0.808559
vt 0.876878 0.449237
vt 0.876878 0.406224
vt 0.876878 0.418579
vt 0.889559 0.733131
vt 0.376310 0.733131
vt 0.876878 0.305841
vt 0.366758 0.733131
vt 0.876878 0.296704
vt 0.889559 0.733131
vt 0.687821 0.226351
vt 0.687821 0.808559
vt 0.687821 0.449237
vt 0.687821 0.406224
vt 0.687821 0.418579
vt 0.376310 0.733131
vt 0.691890 0.733131
vt 0.687821 0.305841
vt 0.691890 0.733131
vt 0.687821 0.296704
vt 0.366758 0.733131
vt 0.672434 0.226351
vt 0.672434 0.808559
vt 0.672434 0.449237
vt 0.672434 0.406224
vt 0.672435 0.418579
vt 0.675803 0.733131
vt 0.376310 0.733131
vt 0.672434 0.305841
vt 0.366758 0.733131
vt 0.672434 0.296704
vt 0.675803 0.733131
vt 0.530717 0.226351
vt 0.530717 0.808559
vt 0.530717 0.449237
vt 0.530717 0.406224
vt 0.530718 0.418579
vt 0.376310 0.733131
vt 0.527630 0.733131
vt 0.530717 0.305841
vt 0.527630 0.733131
vt 0.530717 0.296704
vt 0.366758 0.733131
vt 0.255927 0.808559
vt 0.105806 0.348802
vt 0.255927 0.449237
vt 0.337105 0.808559
vt 0.105806 0.265419
vt 0.337105 0.449237
vt 0.087150 0.483881
vt 0.087150 0.242146
vt 0.127387 0.449237
vt 0.459769 0.808559
vt 0.459769 0.449237
vt 0.459769 0.406224
vt 0.453450 0.733131
vt 0.459769 0.418579
vt 0.369251 0.418579
vt 0.087150 0.273637
vt 0.087150 0.348802
vt 0.255745 0.449237
vt 0.523065 0.226351
vt 0.523065 0.808559
vt 0.523065 0.449237
vt 0.523065 0.406224
vt 0.523066 0.418579
vt 0.523065 0.305841
vt 0.523065 0.296704
vt 0.668038 0.226351
vt 0.668038 0.808559
vt 0.668038 0.449237
vt 0.668038 0.406224
vt 0.668038 0.418579
vt 0.671206 0.733131
vt 0.668038 0.305841
vt 0.671206 0.733131
vt 0.668038 0.296704
vt 0.739292 0.226351
vt 0.739292 0.808559
vt 0.739292 0.449237
vt 0.739293 0.418579
vt 0.745706 0.733131
vt 0.745706 0.733131
vt 0.739292 0.296704
vt 0.745706 0.733131
vt 0.882593 0.226351
vt 0.882593 0.808559
vt 0.882593 0.449237
vt 0.882593 0.406224
vt 0.882593 0.418579
vt 0.882593 0.305841
vt 0.882593 0.296704
vt 0.124419 0.577189
vt 0.102824 0.733131
vt 0.927928 0.577189
vt 0.361912 0.733131
vt 0.372219 0.577189
vt 0.070946 0.577189
vt 0.490927 0.577189
vt 0.399420 0.733131
vt 0.408092 0.577189
vt 0.663642 0.577189
vt 0.666610 0.733131
vt 0.539560 0.577189
vt 0.536875 0.733131
vt 0.694415 0.577189
vt 0.868645 0.577189
vt 0.880950 0.733131
vt 0.876878 0.577189
vt 0.889559 0.733131
vt 0.687821 0.577189
vt 0.660019 0.733131
vt 0.672434 0.577189
vt 0.675803 0.733131
vt 0.530717 0.577189
vt 0.527630 0.733131
vt 0.255927 0.577189
vt 0.240323 0.733131
vt 0.337105 0.577189
vt 0.325199 0.733131
vt 0.459769 0.577189
vt 0.453450 0.733131
vt 0.523065 0.577189
vt 0.519630 0.733131
vt 0.668038 0.577189
vt 0.671206 0.733131
vt 0.739292 0.577189
vt 0.745706 0.733131
vt 0.660019 0.733131
vt 0.882593 0.577189
vt 0.895534 0.733131
vt 0.732827 0.226351
vt 0.732827 0.808559
vt 0.732827 0.449237
vt 0.732827 0.418579
vt 0.738946 0.733131
vt 0.738946 0.733131
vt 0.738946 0.733131
vt 0.732827 0.296704
vt 0.738946 0.733131
vt 0.732827 0.577189
vt 0.660019 0.733131
vt 0.102824 0.733131
vt 0.669110 0.733131
vt 0.124419 0.585884
vt 0.927928 0.585884
vt 0.361912 0.733131
vt 0.070946 0.585884
vt 0.490927 0.585884
vt 0.399420 0.733131
vt 0.666610 0.733131
vt 0.536875 0.733131
vt 0.694415 0.585884
vt 0.880950 0.733131
vt 0.876878 0.585884
vt 0.669110 0.733131
vt 0.889559 0.733131
vt 0.687821 0.585884
vt 0.675803 0.733131
vt 0.672434 0.585884
vt 0.669110 0.733131
vt 0.527630 0.733131
vt 0.255927 0.585884
vt 0.240323 0.733131
vt 0.669110 0.733131
vt 0.669110 0.733131
vt 0.337105 0.585884
vt 0.325199 0.733131
vt 0.669110 0.733131
vt 0.459769 0.585884
vt 0.453450 0.733131
vt 0.519630 0.733131
vt 0.523065 0.585884
vt 0.669110 0.733131
vt 0.668038 0.585884
vt 0.669110 0.733131
vt 0.671206 0.733131
vt 0.745706 0.733131
vt 0.739292 0.585884
vt 0.669110 0.733131
vt 0.895534 0.733131
vt 0.882593 0.585884
vt 0.669110 0.733131
vt 0.669110 0.733131
vt 0.732827 0.585884
vt 0.738946 0.733131
vt 0.518324 0.226351
vt 0.518324 0.808559
vt 0.518324 0.449237
vt 0.518324 0.406224
vt 0.518324 0.418579
vt 0.518324 0.305841
vt 0.518324 0.296704
vt 0.514672 0.733131
vt 0.518324 0.577189
vt 0.660019 0.733131
vt 0.669110 0.733131
vt 0.518324 0.585884
vt 0.514672 0.733131
vt 0.087150 0.273637
vt 0.127387 0.418579
vt 0.464522 0.808559
vt 0.464522 0.449237
vt 0.458419 0.733131
vt 0.464522 0.406224
vt 0.464522 0.418579
vt 0.127387 0.226351
vt 0.087150 0.471086
vt 0.255745 0.226351
vt 0.660019 0.733131
vt 0.458419 0.733131
vt 0.464522 0.577189
vt 0.458419 0.733131
vt 0.464522 0.585884
vt 0.669110 0.733131
vt 0.330558 0.808559
vt 0.330558 0.449237
vt 0.105806 0.272143
vt 0.318354 0.733131
vt 0.660019 0.733131
vt 0.330558 0.577189
vt 0.669110 0.733131
vt 0.318354 0.733131
vt 0.330558 0.585884
vt 0.261445 0.808559
vt 0.105806 0.343133
vt 0.261445 0.449237
vt 0.660019 0.733131
vt 0.261445 0.577189
vt 0.246093 0.733131
vt 0.246093 0.733131
vt 0.261445 0.585884
vt 0.669110 0.733131
vt 0.120487 0.449237
vt 0.120487 0.808559
vt 0.120487 0.226351
vt 0.120487 0.406224
vt 0.120487 0.418579
vt 0.120487 0.305841
vt 0.120487 0.296704
vt 0.098713 0.733131
vt 0.660019 0.733131
vt 0.120487 0.577189
vt 0.669110 0.733131
vt 0.098713 0.733131
vt 0.120487 0.585884
vt 0.795456 0.733131
vt 0.102824 0.733131
vt 0.124419 0.706726
vt 0.927928 0.706726
vt 0.372219 0.706726
vt 0.361912 0.733131
vt 0.070946 0.706726
vt 0.490927 0.706726
vt 0.408092 0.706726
vt 0.399420 0.733131
vt 0.663642 0.706726
vt 0.666610 0.733131
vt 0.539560 0.706726
vt 0.536875 0.733131
vt 0.694415 0.706726
vt 0.868645 0.706726
vt 0.880950 0.733131
vt 0.889559 0.733131
vt 0.876878 0.706726
vt 0.795456 0.733131
vt 0.687821 0.706726
vt 0.672434 0.706726
vt 0.530717 0.706726
vt 0.527630 0.733131
vt 0.240323 0.733131
vt 0.255927 0.706726
vt 0.795456 0.733131
vt 0.795456 0.733131
vt 0.337105 0.706726
vt 0.325199 0.733131
vt 0.453450 0.733131
vt 0.795456 0.733131
vt 0.459769 0.706726
vt 0.795456 0.733131
vt 0.523065 0.706726
vt 0.519630 0.733131
vt 0.671206 0.733131
vt 0.668038 0.706726
vt 0.795456 0.733131
vt 0.795456 0.733131
vt 0.739292 0.706726
vt 0.745706 0.733131
vt 0.882593 0.706726
vt 0.732827 0.706726
vt 0.518324 0.706726
vt 0.464522 0.706726
vt 0.330558 0.706726
vt 0.261445 0.706726
vt 0.120487 0.706726
vt 0.459769 0.226351
vt 0.414733 0.226351
vt 0.293200 0.726008
vt 0.485390 0.305841
vt 0.376310 0.726008
vt 0.481267 0.726008
vt 0.485390 0.398656
vt 0.486027 0.726008
vt 0.376310 0.726008
vt 0.414733 0.305841
vt 0.399420 0.726008
vt 0.481267 0.726008
vt 0.414733 0.398656
vt 0.459769 0.398656
vt 0.453450 0.726008
vt 0.485390 0.296704
vt 0.366758 0.726008
vt 0.366758 0.726008
vt 0.414733 0.296704
vt 0.459769 0.305841
vt 0.485390 0.226351
vt 0.293200 0.726008
vt 0.459769 0.296704
vt 0.464522 0.226351
vt 0.458419 0.726008
vt 0.464522 0.398656
vt 0.464522 0.305841
vt 0.464522 0.296704
vt 0.087150 0.242146
vt 0.087150 0.229351
vt 0.369251 0.449237
vt 0.087150 0.389438
vt 0.127387 0.305841
vt 0.127387 0.406224
vt 0.087150 0.286328
vt 0.087150 0.389438
vt 0.369251 0.305841
vt 0.369251 0.406224
vt 0.087150 0.286328
vt 0.255745 0.406224
vt 0.255745 0.418579
vt 0.087150 0.398822
vt 0.127387 0.296704
vt 0.087150 0.398822
vt 0.369251 0.296704
vt 0.255745 0.305841
vt 0.087150 0.471086
vt 0.369251 0.226351
vt 0.255745 0.296704
vt 0.261131 0.226351
vt 0.087150 0.343133
vt 0.261131 0.449237
vt 0.261131 0.406224
vt 0.261131 0.418579
vt 0.261131 0.305841
vt 0.261131 0.296704
vt 0.334978 0.226351
vt 0.087150 0.265419
vt 0.334978 0.449237
vt 0.334978 0.406224
vt 0.334978 0.418579
vt 0.334978 0.305841
vt 0.334978 0.296704
vt 0.328588 0.226351
vt 0.087150 0.272143
vt 0.328588 0.449237
vt 0.328588 0.406224
vt 0.328588 0.418579
vt 0.328588 0.305841
vt 0.328588 0.296704
vt 0.660914 0.404289
vt 0.481267 0.728624
vt 0.494184 0.728624
vt 0.660914 0.416100
vt 0.666610 0.728624
vt 0.666610 0.728624
vt 0.376310 0.728624
vt 0.660914 0.308319
vt 0.542288 0.404289
vt 0.481267 0.728624
vt 0.542288 0.416101
vt 0.494184 0.728624
vt 0.536875 0.728624
vt 0.376310 0.728624
vt 0.536875 0.728624
vt 0.542288 0.308319
vt 0.734189 0.404642
vt 0.696851 0.404642
vt 0.481267 0.728624
vt 0.734189 0.416553
vt 0.738946 0.728624
vt 0.494184 0.728624
vt 0.696851 0.416553
vt 0.698784 0.728624
vt 0.738946 0.728624
vt 0.734189 0.307867
vt 0.376310 0.728624
vt 0.698784 0.728624
vt 0.696851 0.307867
vt 0.481267 0.728624
vt 0.866208 0.404642
vt 0.494184 0.728624
vt 0.880950 0.728624
vt 0.866209 0.416553
vt 0.880950 0.728624
vt 0.866208 0.307867
vt 0.376310 0.728624
vt 0.740474 0.404642
vt 0.745706 0.728624
vt 0.740474 0.416553
vt 0.745706 0.728624
vt 0.740474 0.307867
vt 0.669110 0.728624
vt 0.665818 0.587735
vt 0.671206 0.728624
vt 0.661556 0.587735
vt 0.666610 0.728624
vt 0.669110 0.728624
vt 0.453450 0.728624
vt 0.458202 0.587428
vt 0.407846 0.587428
vt 0.399420 0.728624
vt 0.669110 0.728624
vt 0.240323 0.728624
vt 0.254683 0.587051
vt 0.128348 0.587051
vt 0.102824 0.728624
vt 0.669110 0.728624
vt 0.532704 0.587735
vt 0.527630 0.728624
vt 0.525286 0.587735
vt 0.519630 0.728624
vt 0.669110 0.728624
vt 0.669110 0.728624
vt 0.874632 0.587857
vt 0.889559 0.728624
vt 0.866668 0.587857
vt 0.880950 0.728624
vt 0.741538 0.587857
vt 0.669110 0.728624
vt 0.745706 0.728624
vt 0.541275 0.587735
vt 0.536875 0.728624
vt 0.372889 0.587428
vt 0.361912 0.728624
vt 0.338672 0.587428
vt 0.669110 0.728624
vt 0.325199 0.728624
vt 0.795456 0.728624
vt 0.102824 0.728624
vt 0.128348 0.705559
vt 0.372889 0.705182
vt 0.361912 0.728624
vt 0.399420 0.728624
vt 0.407846 0.705182
vt 0.661556 0.704875
vt 0.666610 0.728624
vt 0.541275 0.704875
vt 0.536875 0.728624
vt 0.866668 0.704753
vt 0.880950 0.728624
vt 0.874632 0.704753
vt 0.889559 0.728624
vt 0.795456 0.728624
vt 0.532704 0.704875
vt 0.527630 0.728624
vt 0.795456 0.728624
vt 0.240323 0.728624
vt 0.254683 0.705559
vt 0.795456 0.728624
vt 0.338672 0.705182
vt 0.325199 0.728624
vt 0.795456 0.728624
vt 0.458202 0.705182
vt 0.453450 0.728624
vt 0.519630 0.728624
vt 0.525286 0.704875
vt 0.795456 0.728624
vt 0.665818 0.704875
vt 0.795456 0.728624
vt 0.671206 0.728624
vt 0.741538 0.704753
vt 0.745706 0.728624
vt 0.795456 0.728624
vt 0.668038 0.305841
vt 0.671206 0.740411
vt 0.663642 0.305841
vt 0.666610 0.740411
vt 0.668038 0.296704
vt 0.671206 0.740411
vt 0.663642 0.296704
vt 0.666610 0.740411
vt 0.539560 0.305841
vt 0.536875 0.740411
vt 0.539560 0.296704
vt 0.536875 0.740411
vt 0.732827 0.305841
vt 0.738946 0.740411
vt 0.694415 0.305841
vt 0.698784 0.740411
vt 0.732827 0.296704
vt 0.738946 0.740411
vt 0.694415 0.296704
vt 0.698784 0.740411
vt 0.876878 0.305841
vt 0.376310 0.740411
vt 0.889559 0.740411
vt 0.868645 0.305841
vt 0.880950 0.740411
vt 0.876878 0.296704
vt 0.366758 0.740411
vt 0.889559 0.740411
vt 0.868645 0.296704
vt 0.880950 0.740411
vt 0.687821 0.305841
vt 0.691890 0.740411
vt 0.376310 0.740411
vt 0.687821 0.296704
vt 0.691890 0.740411
vt 0.366758 0.740411
vt 0.672434 0.296704
vt 0.366758 0.740411
vt 0.675803 0.740411
vt 0.672434 0.305841
vt 0.376310 0.740411
vt 0.675803 0.740411
vt 0.530717 0.305841
vt 0.527630 0.740411
vt 0.376310 0.740411
vt 0.530717 0.296704
vt 0.527630 0.740411
vt 0.366758 0.740411
vt 0.739292 0.305841
vt 0.745706 0.740411
vt 0.739292 0.296704
vt 0.745706 0.740411
vt 0.882593 0.578530
vt 0.895534 0.740411
vt 0.660019 0.740411
vt 0.876878 0.578530
vt 0.889559 0.740411
vt 0.668038 0.578530
vt 0.671206 0.740411
vt 0.663642 0.578530
vt 0.666610 0.740411
vt 0.459769 0.578530
vt 0.453450 0.740411
vt 0.408092 0.578531
vt 0.399420 0.740411
vt 0.261445 0.578530
vt 0.246093 0.740411
vt 0.660019 0.740411
vt 0.255927 0.578530
vt 0.240323 0.740411
vt 0.124419 0.578530
vt 0.102824 0.740411
vt 0.530717 0.578530
vt 0.527630 0.740411
vt 0.523065 0.578530
vt 0.519630 0.740411
vt 0.672434 0.578530
vt 0.660019 0.740411
vt 0.675803 0.740411
vt 0.880950 0.740411
vt 0.868645 0.578530
vt 0.739292 0.578530
vt 0.745706 0.740411
vt 0.536875 0.740411
vt 0.539560 0.578530
vt 0.361912 0.740411
vt 0.372219 0.578530
vt 0.458419 0.740411
vt 0.464522 0.578530
vt 0.660019 0.740411
vt 0.325199 0.740411
vt 0.337105 0.578530
vt 0.732827 0.578530
vt 0.738946 0.740411
vt 0.660019 0.740411
vt 0.102824 0.740411
vt 0.124419 0.584543
vt 0.372219 0.584543
vt 0.361912 0.740411
vt 0.399420 0.740411
vt 0.408092 0.584543
vt 0.663642 0.584543
vt 0.666610 0.740411
vt 0.539560 0.584543
vt 0.536875 0.740411
vt 0.880950 0.740411
vt 0.868645 0.584543
vt 0.876878 0.584543
vt 0.889559 0.740411
vt 0.675803 0.740411
vt 0.672434 0.584543
vt 0.669110 0.740411
vt 0.527630 0.740411
vt 0.530717 0.584543
vt 0.240323 0.740411
vt 0.255927 0.584543
vt 0.337105 0.584543
vt 0.325199 0.740411
vt 0.459769 0.584543
vt 0.453450 0.740411
vt 0.523065 0.584543
vt 0.519630 0.740411
vt 0.668038 0.584543
vt 0.671206 0.740411
vt 0.739292 0.584543
vt 0.745706 0.740411
vt 0.882593 0.584543
vt 0.669110 0.740411
vt 0.895534 0.740411
vt 0.732827 0.584543
vt 0.669110 0.740411
vt 0.738946 0.740411
vt 0.246093 0.740411
vt 0.261445 0.584543
vt 0.669110 0.740411
vt 0.464522 0.584543
vt 0.458419 0.740411
vt 0.669110 0.740411
vt 0.518324 0.578530
vt 0.514672 0.740411
vt 0.660019 0.740411
vt 0.518324 0.584543
vt 0.514672 0.740411
vt 0.669110 0.740411
vt 0.330558 0.578530
vt 0.660019 0.740411
vt 0.318354 0.740411
vt 0.669110 0.740411
vt 0.318354 0.740411
vt 0.330558 0.584543
vt 0.120487 0.578530
vt 0.660019 0.740411
vt 0.098713 0.740411
vt 0.669110 0.740411
vt 0.098713 0.740411
vt 0.120487 0.584543
vt 0.125903 0.339571
vt 0.087150 0.354791
vt 0.105806 0.354791
vt 0.124419 0.339571
vt 0.105806 0.354791
vt 0.372219 0.339571
vt 0.070946 0.339571
vt 0.927928 0.339571
vt 0.490927 0.339571
vt 0.411577 0.733131
vt 0.411577 0.733131
vt 0.408092 0.339571
vt 0.663642 0.339571
vt 0.411577 0.733131
vt 0.411577 0.733131
vt 0.539560 0.339571
vt 0.411577 0.733131
vt 0.694415 0.339571
vt 0.868645 0.339571
vt 0.411577 0.733131
vt 0.876878 0.339571
vt 0.687821 0.339571
vt 0.672434 0.339571
vt 0.530717 0.339571
vt 0.523065 0.339571
vt 0.668038 0.339571
vt 0.882593 0.339571
vt 0.518324 0.339571
vt 0.120487 0.339571
vt 0.485390 0.337028
vt 0.411577 0.726008
vt 0.411577 0.726008
vt 0.414733 0.337028
vt 0.459769 0.337028
vt 0.464522 0.337028
vt 0.087150 0.354791
vt 0.370735 0.339571
vt 0.255745 0.339571
vt 0.334978 0.339571
vt 0.328588 0.339571
vt 0.261131 0.339571
vt 0.411577 0.728624
vt 0.662733 0.339903
vt 0.540469 0.339903
vt 0.411577 0.728624
vt 0.695227 0.339842
vt 0.411577 0.728624
vt 0.867833 0.339842
vt 0.411577 0.728624
vt 0.740474 0.340385
vt 0.734189 0.340385
vt 0.087150 0.296520
vt 0.125903 0.396301
vt 0.105806 0.296520
vt 0.124419 0.396301
vt 0.105806 0.296520
vt 0.372219 0.396301
vt 0.070946 0.396301
vt 0.927928 0.396301
vt 0.490927 0.396301
vt 0.470892 0.733131
vt 0.470892 0.733131
vt 0.408092 0.396301
vt 0.470892 0.733131
vt 0.663698 0.396281
vt 0.470892 0.733131
vt 0.539504 0.396281
vt 0.470892 0.733131
vt 0.694365 0.396284
vt 0.868695 0.396284
vt 0.470892 0.733131
vt 0.876878 0.396301
vt 0.687821 0.396301
vt 0.672434 0.396301
vt 0.530717 0.396301
vt 0.523065 0.396301
vt 0.668038 0.396301
vt 0.882593 0.396301
vt 0.518324 0.396301
vt 0.120487 0.396301
vt 0.485390 0.389481
vt 0.470892 0.726008
vt 0.470892 0.726008
vt 0.414733 0.389481
vt 0.459769 0.389481
vt 0.464522 0.389481
vt 0.087150 0.296520
vt 0.370735 0.396301
vt 0.255745 0.396301
vt 0.334978 0.396301
vt 0.328588 0.396301
vt 0.261131 0.396301
vt 0.470892 0.728624
vt 0.662658 0.395829
vt 0.470892 0.728624
vt 0.540544 0.395829
vt 0.470892 0.728624
vt 0.695294 0.395915
vt 0.867766 0.395915
vt 0.470892 0.728624
vt 0.740474 0.395076
vt 0.734189 0.395076
vt 0.418580 0.808559
vt 0.418580 0.449237
vt 0.410385 0.733131
vt 0.418580 0.406224
vt 0.418580 0.418579
vt 0.410385 0.733131
vt 0.418580 0.577189
vt 0.410385 0.733131
vt 0.410385 0.733131
vt 0.418580 0.706726
vt 0.423873 0.226351
vt 0.423873 0.398656
vt 0.410385 0.726008
vt 0.423873 0.305841
vt 0.423873 0.296704
vt 0.418408 0.585504
vt 0.410385 0.728624
vt 0.410385 0.728624
vt 0.418408 0.706211
vt 0.410385 0.740411
vt 0.418580 0.577860
vt 0.418580 0.584543
vt 0.410385 0.740411
vt 0.423873 0.337028
vt 0.423873 0.389481
vt 0.481973 0.808559
vt 0.481973 0.449237
vt 0.476666 0.733131
vt 0.481973 0.406224
vt 0.481973 0.418579
vt 0.481973 0.577189
vt 0.481973 0.585884
vt 0.481973 0.706726
vt 0.478314 0.226351
vt 0.478314 0.398656
vt 0.476666 0.726008
vt 0.478314 0.305841
vt 0.478314 0.296704
vt 0.478314 0.337028
vt 0.478314 0.389481
vt 0.464522 0.339552
vt 0.459769 0.339552
vt 0.476561 0.339552
vt 0.459769 0.389481
vt 0.459769 0.388968
vt 0.464522 0.386957
vt 0.476561 0.386957
vt 0.425806 0.339552
vt 0.425806 0.386957
vt 0.464522 0.337028
vt 0.464522 0.337540
vt 0.459769 0.337028
vt 0.459769 0.337540
vt 0.478314 0.337028
vt 0.478314 0.337540
vt 0.464522 0.389481
vt 0.464522 0.388968
vt 0.459769 0.386957
vt 0.478314 0.389481
vt 0.478314 0.388968
vt 0.423873 0.337028
vt 0.423873 0.337540
vt 0.423873 0.389481
vt 0.423873 0.388968
vt 0.459769 0.339552
vt 0.459769 0.386957
vt 0.464522 0.339552
vt 0.464522 0.386957
vt 0.476561 0.339552
vt 0.476561 0.386957
vt 0.425806 0.339552
vt 0.425806 0.386957
vt 0.124419 0.226351
vt 0.105806 0.471086
vt 0.124419 0.808559
vt 0.105806 0.242146
vt 0.105806 0.483881
vt 0.124419 0.449237
vt 0.372219 0.226351
vt 0.105806 0.471086
vt 0.927928 0.808559
vt 0.372219 0.808559
vt 0.105806 0.229351
vt 0.105806 0.242146
vt 0.372219 0.449237
vt 0.927928 0.226351
vt 0.070946 0.449237
vt 0.927928 0.449237
vt 0.070946 0.808559
vt 0.070946 0.226351
vt 0.490927 0.226351
vt 0.293200 0.733131
vt 0.490927 0.808559
vt 0.490927 0.449237
vt 0.408092 0.226351
vt 0.293200 0.733131
vt 0.408092 0.808559
vt 0.408092 0.449237
vt 0.124419 0.406224
vt 0.105806 0.286328
vt 0.372219 0.406224
vt 0.105806 0.286328
vt 0.070946 0.406224
vt 0.927928 0.406224
vt 0.481267 0.733131
vt 0.490927 0.406224
vt 0.486027 0.733131
vt 0.481267 0.733131
vt 0.408092 0.406224
vt 0.399420 0.733131
vt 0.124419 0.418579
vt 0.105806 0.273637
vt 0.372219 0.418579
vt 0.105806 0.273637
vt 0.070946 0.418579
vt 0.927928 0.418579
vt 0.490927 0.418579
vt 0.408092 0.418579
vt 0.105806 0.389438
vt 0.124419 0.305841
vt 0.372219 0.305841
vt 0.105806 0.389438
vt 0.070946 0.305841
vt 0.927928 0.305841
vt 0.490927 0.305841
vt 0.376310 0.733131
vt 0.376310 0.733131
vt 0.408092 0.305841
vt 0.124419 0.296704
vt 0.105806 0.398822
vt 0.372219 0.296704
vt 0.105806 0.398822
vt 0.070946 0.296704
vt 0.927928 0.296704
vt 0.490927 0.296704
vt 0.366758 0.733131
vt 0.408092 0.296704
vt 0.366758 0.733131
vt 0.663642 0.226351
vt 0.663642 0.808559
vt 0.663642 0.449237
vt 0.663642 0.406224
vt 0.481267 0.733131
vt 0.666610 0.733131
vt 0.494184 0.733131
vt 0.663642 0.418579
vt 0.663642 0.305841
vt 0.666610 0.733131
vt 0.376310 0.733131
vt 0.663642 0.296704
vt 0.666610 0.733131
vt 0.539560 0.226351
vt 0.539560 0.808559
vt 0.539560 0.449237
vt 0.539560 0.406224
vt 0.481267 0.733131
vt 0.494184 0.733131
vt 0.539560 0.418579
vt 0.536875 0.733131
vt 0.376310 0.733131
vt 0.536875 0.733131
vt 0.539560 0.305841
vt 0.539560 0.296704
vt 0.536875 0.733131
vt 0.694415 0.226351
vt 0.694415 0.808559
vt 0.694415 0.449237
vt 0.694415 0.406224
vt 0.481267 0.733131
vt 0.494184 0.733131
vt 0.694415 0.418579
vt 0.698784 0.733131
vt 0.698784 0.733131
vt 0.376310 0.733131
vt 0.694415 0.305841
vt 0.694415 0.296704
vt 0.698784 0.733131
vt 0.868645 0.226351
vt 0.868645 0.808559
vt 0.868645 0.449237
vt 0.481267 0.733131
vt 0.868645 0.406224
vt 0.880950 0.733131
vt 0.868645 0.418579
vt 0.494184 0.733131
vt 0.868645 0.305841
vt 0.376310 0.733131
vt 0.880950 0.733131
vt 0.868645 0.296704
vt 0.880950 0.733131
vt 0.876878 0.226351
vt 0.876878 0.808559
vt 0.876878 0.449237
vt 0.876878 0.406224
vt 0.876878 0.418579
vt 0.889559 0.733131
vt 0.376310 0.733131
vt 0.876878 0.305841
vt 0.366758 0.733131
vt 0.876878 0.296704
vt 0.889559 0.733131
vt 0.687821 0.226351
vt 0.687821 0.808559
vt 0.687821 0.449237
vt 0.687821 0.406224
vt 0.687821 0.418579
vt 0.376310 0.733131
vt 0.691890 0.733131
vt 0.687821 0.305841
vt 0.691890 0.733131
vt 0.687821 0.296704
vt 0.366758 0.733131
vt 0.672434 0.226351
vt 0.672434 0.808559
vt 0.672434 0.449237
vt 0.672434 0.406224
vt 0.672435 0.418579
vt 0.675803 0.733131
vt 0.376310 0.733131
vt 0.672434 0.305841
vt 0.366758 0.733131
vt 0.672434 0.296704
vt 0.675803 0.733131
vt 0.530717 0.226351
vt 0.530717 0.808559
vt 0.530717 0.449237
vt 0.530717 0.406224
vt 0.530718 0.418579
vt 0.376310 0.733131
vt 0.527630 0.733131
vt 0.530717 0.305841
vt 0.527630 0.733131
vt 0.530717 0.296704
vt 0.366758 0.733131
vt 0.255927 0.808559
vt 0.105806 0.348802
vt 0.255927 0.449237
vt 0.337105 0.808559
vt 0.105806 0.265419
vt 0.337105 0.449237
vt 0.087150 0.483881
vt 0.087150 0.242146
vt 0.127387 0.449237
vt 0.459769 0.808559
vt 0.459769 0.449237
vt 0.459769 0.406224
vt 0.453450 0.733131
vt 0.459769 0.418579
vt 0.369251 0.418579
vt 0.087150 0.273637
vt 0.087150 0.348802
vt 0.255745 0.449237
vt 0.523065 0.226351
vt 0.523065 0.808559
vt 0.523065 0.449237
vt 0.523065 0.406224
vt 0.523066 0.418579
vt 0.523065 0.305841
vt 0.523065 0.296704
vt 0.668038 0.226351
vt 0.668038 0.808559
vt 0.668038 0.449237
vt 0.668038 0.406224
vt 0.668038 0.418579
vt 0.671206 0.733131
vt 0.668038 0.305841
vt 0.671206 0.733131
vt 0.668038 0.296704
vt 0.739292 0.226351
vt 0.739292 0.808559
vt 0.739292 0.449237
vt 0.739293 0.418579
vt 0.745706 0.733131
vt 0.745706 0.733131
vt 0.739292 0.296704
vt 0.745706 0.733131
vt 0.882593 0.226351
vt 0.882593 0.808559
vt 0.882593 0.449237
vt 0.882593 0.406224
vt 0.882593 0.418579
vt 0.882593 0.305841
vt 0.882593 0.296704
vt 0.124419 0.577189
vt 0.102824 0.733131
vt 0.927928 0.577189
vt 0.361912 0.733131
vt 0.372219 0.577189
vt 0.070946 0.577189
vt 0.490927 0.577189
vt 0.399420 0.733131
vt 0.408092 0.577189
vt 0.663642 0.577189
vt 0.666610 0.733131
vt 0.539560 0.577189
vt 0.536875 0.733131
vt 0.694415 0.577189
vt 0.868645 0.577189
vt 0.880950 0.733131
vt 0.876878 0.577189
vt 0.889559 0.733131
vt 0.687821 0.577189
vt 0.660019 0.733131
vt 0.672434 0.577189
vt 0.675803 0.733131
vt 0.530717 0.577189
vt 0.527630 0.733131
vt 0.255927 0.577189
vt 0.240323 0.733131
vt 0.337105 0.577189
vt 0.325199 0.733131
vt 0.459769 0.577189
vt 0.453450 0.733131
vt 0.523065 0.577189
vt 0.519630 0.733131
vt 0.668038 0.577189
vt 0.671206 0.733131
vt 0.739292 0.577189
vt 0.745706 0.733131
vt 0.660019 0.733131
vt 0.882593 0.577189
vt 0.895534 0.733131
vt 0.732827 0.226351
vt 0.732827 0.808559
vt 0.732827 0.449237
vt 0.732827 0.418579
vt 0.738946 0.733131
vt 0.738946 0.733131
vt 0.738946 0.733131
vt 0.732827 0.296704
vt 0.738946 0.733131
vt 0.732827 0.577189
vt 0.660019 0.733131
vt 0.102824 0.733131
vt 0.669110 0.733131
vt 0.124419 0.585884
vt 0.927928 0.585884
vt 0.361912 0.733131
vt 0.070946 0.585884
vt 0.490927 0.585884
vt 0.399420 0.733131
vt 0.666610 0.733131
vt 0.536875 0.733131
vt 0.694415 0.585884
vt 0.880950 0.733131
vt 0.876878 0.585884
vt 0.669110 0.733131
vt 0.889559 0.733131
vt 0.687821 0.585884
vt 0.675803 0.733131
vt 0.672434 0.585884
vt 0.669110 0.733131
vt 0.527630 0.733131
vt 0.255927 0.585884
vt 0.669110 0.733131
vt 0.240323 0.733131
vt 0.669110 0.733131
vt 0.337105 0.585884
vt 0.325199 0.733131
vt 0.669110 0.733131
vt 0.459769 0.585884
vt 0.453450 0.733131
vt 0.519630 0.733131
vt 0.523065 0.585884
vt 0.669110 0.733131
vt 0.668038 0.585884
vt 0.669110 0.733131
vt 0.671206 0.733131
vt 0.745706 0.733131
vt 0.739292 0.585884
vt 0.669110 0.733131
vt 0.895534 0.733131
vt 0.882593 0.585884
vt 0.669110 0.733131
vt 0.669110 0.733131
vt 0.732827 0.585884
vt 0.738946 0.733131
vt 0.518324 0.226351
vt 0.518324 0.808559
vt 0.518324 0.449237
vt 0.518324 0.406224
vt 0.518324 0.418579
vt 0.518324 0.305841
vt 0.518324 0.296704
vt 0.518324 0.577189
vt 0.514672 0.733131
vt 0.660019 0.733131
vt 0.669110 0.733131
vt 0.518324 0.585884
vt 0.514672 0.733131
vt 0.087150 0.273637
vt 0.127387 0.418579
vt 0.464522 0.808559
vt 0.464522 0.449237
vt 0.464522 0.406224
vt 0.458419 0.733131
vt 0.464522 0.418579
vt 0.127387 0.226351
vt 0.087150 0.471086
vt 0.255745 0.226351
vt 0.660019 0.733131
vt 0.458419 0.733131
vt 0.464522 0.577189
vt 0.458419 0.733131
vt 0.669110 0.733131
vt 0.464522 0.585884
vt 0.330558 0.808559
vt 0.330558 0.449237
vt 0.105806 0.272143
vt 0.318354 0.733131
vt 0.660019 0.733131
vt 0.330558 0.577189
vt 0.669110 0.733131
vt 0.318354 0.733131
vt 0.330558 0.585884
vt 0.261445 0.808559
vt 0.105806 0.343133
vt 0.261445 0.449237
vt 0.660019 0.733131
vt 0.261445 0.577189
vt 0.246093 0.733131
vt 0.246093 0.733131
vt 0.261445 0.585884
vt 0.669110 0.733131
vt 0.120487 0.449237
vt 0.120487 0.808559
vt 0.120487 0.226351
vt 0.120487 0.406224
vt 0.120487 0.418579
vt 0.120487 0.305841
vt 0.120487 0.296704
vt 0.098713 0.733131
vt 0.660019 0.733131
vt 0.120487 0.577189
vt 0.669110 0.733131
vt 0.098713 0.733131
vt 0.120487 0.585884
vt 0.795456 0.733131
vt 0.102824 0.733131
vt 0.124419 0.706726
vt 0.927928 0.706726
vt 0.372219 0.706726
vt 0.361912 0.733131
vt 0.070946 0.706726
vt 0.490927 0.706726
vt 0.408092 0.706726
vt 0.399420 0.733131
vt 0.663642 0.706726
vt 0.666610 0.733131
vt 0.539560 0.706726
vt 0.536875 0.733131
vt 0.694415 0.706726
vt 0.868645 0.706726
vt 0.880950 0.733131
vt 0.889559 0.733131
vt 0.876878 0.706726
vt 0.795456 0.733131
vt 0.687821 0.706726
vt 0.672434 0.706726
vt 0.530717 0.706726
vt 0.527630 0.733131
vt 0.240323 0.733131
vt 0.255927 0.706726
vt 0.795456 0.733131
vt 0.795456 0.733131
vt 0.337105 0.706726
vt 0.325199 0.733131
vt 0.453450 0.733131
vt 0.795456 0.733131
vt 0.459769 0.706726
vt 0.795456 0.733131
vt 0.523065 0.706726
vt 0.519630 0.733131
vt 0.671206 0.733131
vt 0.668038 0.706726
vt 0.795456 0.733131
vt 0.795456 0.733131
vt 0.739292 0.706726
vt 0.745706 0.733131
vt 0.882593 0.706726
vt 0.732827 0.706726
vt 0.518324 0.706726
vt 0.464522 0.706726
vt 0.330558 0.706726
vt 0.261445 0.706726
vt 0.120487 0.706726
vt 0.459769 0.226351
vt 0.414733 0.226351
vt 0.293200 0.726008
vt 0.485390 0.305841
vt 0.376310 0.726008
vt 0.486027 0.726008
vt 0.481267 0.726008
vt 0.485390 0.398656
vt 0.376310 0.726008
vt 0.414733 0.305841
vt 0.399420 0.726008
vt 0.481267 0.726008
vt 0.414733 0.398656
vt 0.459769 0.398656
vt 0.453450 0.726008
vt 0.485390 0.296704
vt 0.366758 0.726008
vt 0.366758 0.726008
vt 0.414733 0.296704
vt 0.459769 0.305841
vt 0.485390 0.226351
vt 0.293200 0.726008
vt 0.459769 0.296704
vt 0.464522 0.226351
vt 0.458419 0.726008
vt 0.464522 0.398656
vt 0.464522 0.305841
vt 0.464522 0.296704
vt 0.087150 0.242146
vt 0.087150 0.229351
vt 0.369251 0.449237
vt 0.087150 0.389438
vt 0.127387 0.305841
vt 0.127387 0.406224
vt 0.087150 0.286328
vt 0.087150 0.389438
vt 0.369251 0.305841
vt 0.369251 0.406224
vt 0.087150 0.286328
vt 0.255745 0.406224
vt 0.255745 0.418579
vt 0.087150 0.398822
vt 0.127387 0.296704
vt 0.087150 0.398822
vt 0.369251 0.296704
vt 0.255745 0.305841
vt 0.087150 0.471086
vt 0.369251 0.226351
vt 0.255745 0.296704
vt 0.261131 0.226351
vt 0.087150 0.343133
vt 0.261131 0.449237
vt 0.261131 0.406224
vt 0.261131 0.418579
vt 0.261131 0.305841
vt 0.261131 0.296704
vt 0.334978 0.226351
vt 0.087150 0.265419
vt 0.334978 0.449237
vt 0.334978 0.406224
vt 0.334978 0.418579
vt 0.334978 0.305841
vt 0.334978 0.296704
vt 0.328588 0.226351
vt 0.087150 0.272143
vt 0.328588 0.449237
vt 0.328588 0.406224
vt 0.328588 0.418579
vt 0.328588 0.305841
vt 0.328588 0.296704
vt 0.660914 0.404289
vt 0.481267 0.728624
vt 0.494184 0.728624
vt 0.660914 0.416100
vt 0.666610 0.728624
vt 0.376310 0.728624
vt 0.666610 0.728624
vt 0.660914 0.308319
vt 0.542288 0.404289
vt 0.481267 0.728624
vt 0.542288 0.416101
vt 0.494184 0.728624
vt 0.536875 0.728624
vt 0.542288 0.308319
vt 0.376310 0.728624
vt 0.536875 0.728624
vt 0.734189 0.404642
vt 0.696851 0.404642
vt 0.481267 0.728624
vt 0.734189 0.416553
vt 0.738946 0.728624
vt 0.494184 0.728624
vt 0.696851 0.416553
vt 0.698784 0.728624
vt 0.738946 0.728624
vt 0.734189 0.307867
vt 0.696851 0.307867
vt 0.376310 0.728624
vt 0.698784 0.728624
vt 0.481267 0.728624
vt 0.866208 0.404642
vt 0.494184 0.728624
vt 0.880950 0.728624
vt 0.866209 0.416553
vt 0.880950 0.728624
vt 0.866208 0.307867
vt 0.376310 0.728624
vt 0.740474 0.404642
vt 0.745706 0.728624
vt 0.740474 0.416553
vt 0.745706 0.728624
vt 0.740474 0.307867
vt 0.665818 0.587735
vt 0.669110 0.728624
vt 0.671206 0.728624
vt 0.661556 0.587735
vt 0.666610 0.728624
vt 0.669110 0.728624
vt 0.453450 0.728624
vt 0.458202 0.587428
vt 0.407846 0.587428
vt 0.399420 0.728624
vt 0.240323 0.728624
vt 0.669110 0.728624
vt 0.254683 0.587051
vt 0.128348 0.587051
vt 0.102824 0.728624
vt 0.669110 0.728624
vt 0.532704 0.587735
vt 0.527630 0.728624
vt 0.525286 0.587735
vt 0.519630 0.728624
vt 0.669110 0.728624
vt 0.874632 0.587857
vt 0.889559 0.728624
vt 0.669110 0.728624
vt 0.866668 0.587857
vt 0.880950 0.728624
vt 0.741538 0.587857
vt 0.669110 0.728624
vt 0.745706 0.728624
vt 0.541275 0.587735
vt 0.536875 0.728624
vt 0.372889 0.587428
vt 0.361912 0.728624
vt 0.338672 0.587428
vt 0.669110 0.728624
vt 0.325199 0.728624
vt 0.795456 0.728624
vt 0.102824 0.728624
vt 0.128348 0.705559
vt 0.372889 0.705182
vt 0.361912 0.728624
vt 0.399420 0.728624
vt 0.407846 0.705182
vt 0.661556 0.704875
vt 0.666610 0.728624
vt 0.541275 0.704875
vt 0.536875 0.728624
vt 0.866668 0.704753
vt 0.880950 0.728624
vt 0.874632 0.704753
vt 0.889559 0.728624
vt 0.795456 0.728624
vt 0.532704 0.704875
vt 0.527630 0.728624
vt 0.795456 0.728624
vt 0.240323 0.728624
vt 0.254683 0.705559
vt 0.795456 0.728624
vt 0.338672 0.705182
vt 0.325199 0.728624
vt 0.795456 0.728624
vt 0.458202 0.705182
vt 0.453450 0.728624
vt 0.519630 0.728624
vt 0.525286 0.704875
vt 0.795456 0.728624
vt 0.665818 0.704875
vt 0.795456 0.728624
vt 0.671206 0.728624
vt 0.741538 0.704753
vt 0.745706 0.728624
vt 0.795456 0.728624
vt 0.668038 0.305841
vt 0.671206 0.740411
vt 0.663642 0.305841
vt 0.666610 0.740411
vt 0.668038 0.296704
vt 0.671206 0.740411
vt 0.663642 0.296704
vt 0.666610 0.740411
vt 0.539560 0.305841
vt 0.536875 0.740411
vt 0.539560 0.296704
vt 0.536875 0.740411
vt 0.732827 0.305841
vt 0.738946 0.740411
vt 0.694415 0.305841
vt 0.698784 0.740411
vt 0.732827 0.296704
vt 0.738946 0.740411
vt 0.694415 0.296704
vt 0.698784 0.740411
vt 0.876878 0.305841
vt 0.376310 0.740411
vt 0.889559 0.740411
vt 0.868645 0.305841
vt 0.880950 0.740411
vt 0.876878 0.296704
vt 0.366758 0.740411
vt 0.889559 0.740411
vt 0.868645 0.296704
vt 0.880950 0.740411
vt 0.687821 0.305841
vt 0.691890 0.740411
vt 0.376310 0.740411
vt 0.687821 0.296704
vt 0.691890 0.740411
vt 0.366758 0.740411
vt 0.672434 0.296704
vt 0.366758 0.740411
vt 0.675803 0.740411
vt 0.672434 0.305841
vt 0.376310 0.740411
vt 0.675803 0.740411
vt 0.530717 0.305841
vt 0.527630 0.740411
vt 0.376310 0.740411
vt 0.530717 0.296704
vt 0.527630 0.740411
vt 0.366758 0.740411
vt 0.739292 0.305841
vt 0.745706 0.740411
vt 0.739292 0.296704
vt 0.745706 0.740411
vt 0.882593 0.578530
vt 0.895534 0.740411
vt 0.660019 0.740411
vt 0.876878 0.578530
vt 0.889559 0.740411
vt 0.668038 0.578530
vt 0.671206 0.740411
vt 0.663642 0.578530
vt 0.666610 0.740411
vt 0.459769 0.578530
vt 0.453450 0.740411
vt 0.408092 0.578531
vt 0.399420 0.740411
vt 0.261445 0.578530
vt 0.246093 0.740411
vt 0.660019 0.740411
vt 0.255927 0.578530
vt 0.240323 0.740411
vt 0.124419 0.578530
vt 0.102824 0.740411
vt 0.530717 0.578530
vt 0.527630 0.740411
vt 0.523065 0.578530
vt 0.519630 0.740411
vt 0.672434 0.578530
vt 0.660019 0.740411
vt 0.675803 0.740411
vt 0.880950 0.740411
vt 0.868645 0.578530
vt 0.739292 0.578530
vt 0.745706 0.740411
vt 0.536875 0.740411
vt 0.539560 0.578530
vt 0.361912 0.740411
vt 0.372219 0.578530
vt 0.458419 0.740411
vt 0.464522 0.578530
vt 0.660019 0.740411
vt 0.325199 0.740411
vt 0.337105 0.578530
vt 0.732827 0.578530
vt 0.738946 0.740411
vt 0.660019 0.740411
vt 0.102824 0.740411
vt 0.124419 0.584543
vt 0.372219 0.584543
vt 0.361912 0.740411
vt 0.399420 0.740411
vt 0.408092 0.584543
vt 0.663642 0.584543
vt 0.666610 0.740411
vt 0.539560 0.584543
vt 0.536875 0.740411
vt 0.880950 0.740411
vt 0.868645 0.584543
vt 0.876878 0.584543
vt 0.889559 0.740411
vt 0.675803 0.740411
vt 0.672434 0.584543
vt 0.669110 0.740411
vt 0.527630 0.740411
vt 0.530717 0.584543
vt 0.240323 0.740411
vt 0.255927 0.584543
vt 0.337105 0.584543
vt 0.325199 0.740411
vt 0.459769 0.584543
vt 0.453450 0.740411
vt 0.523065 0.584543
vt 0.519630 0.740411
vt 0.668038 0.584543
vt 0.671206 0.740411
vt 0.739292 0.584543
vt 0.745706 0.740411
vt 0.882593 0.584543
vt 0.669110 0.740411
vt 0.895534 0.740411
vt 0.732827 0.584543
vt 0.669110 0.740411
vt 0.738946 0.740411
vt 0.246093 0.740411
vt 0.261445 0.584543
vt 0.669110 0.740411
vt 0.464522 0.584543
vt 0.458419 0.740411
vt 0.669110 0.740411
vt 0.518324 0.578530
vt 0.514672 0.740411
vt 0.660019 0.740411
vt 0.518324 0.584543
vt 0.514672 0.740411
vt 0.669110 0.740411
vt 0.330558 0.578530
vt 0.660019 0.740411
vt 0.318354 0.740411
vt 0.669110 0.740411
vt 0.318354 0.740411
vt 0.330558 0.584543
vt 0.120487 0.578530
vt 0.660019 0.740411
vt 0.098713 0.740411
vt 0.669110 0.740411
vt 0.098713 0.740411
vt 0.120487 0.584543
vt 0.125903 0.339571
vt 0.087150 0.354791
vt 0.105806 0.354791
vt 0.124419 0.339571
vt 0.105806 0.354791
vt 0.372219 0.339571
vt 0.070946 0.339571
vt 0.927928 0.339571
vt 0.490927 0.339571
vt 0.411577 0.733131
vt 0.411577 0.733131
vt 0.408092 0.339571
vt 0.411577 0.733131
vt 0.663642 0.339571
vt 0.411577 0.733131
vt 0.539560 0.339571
vt 0.411577 0.733131
vt 0.694415 0.339571
vt 0.868645 0.339571
vt 0.411577 0.733131
vt 0.876878 0.339571
vt 0.687821 0.339571
vt 0.672434 0.339571
vt 0.530717 0.339571
vt 0.523065 0.339571
vt 0.668038 0.339571
vt 0.882593 0.339571
vt 0.518324 0.339571
vt 0.120487 0.339571
vt 0.485390 0.337028
vt 0.411577 0.726008
vt 0.411577 0.726008
vt 0.414733 0.337028
vt 0.459769 0.337028
vt 0.464522 0.337028
vt 0.087150 0.354791
vt 0.370735 0.339571
vt 0.255745 0.339571
vt 0.334978 0.339571
vt 0.328588 0.339571
vt 0.261131 0.339571
vt 0.411577 0.728624
vt 0.662733 0.339903
vt 0.540469 0.339903
vt 0.411577 0.728624
vt 0.411577 0.728624
vt 0.695227 0.339842
vt 0.867833 0.339842
vt 0.411577 0.728624
vt 0.740474 0.340385
vt 0.734189 0.340385
vt 0.087150 0.296520
vt 0.125903 0.396301
vt 0.105806 0.296520
vt 0.124419 0.396301
vt 0.105806 0.296520
vt 0.372219 0.396301
vt 0.070946 0.396301
vt 0.927928 0.396301
vt 0.490927 0.396301
vt 0.470892 0.733131
vt 0.470892 0.733131
vt 0.408092 0.396301
vt 0.470892 0.733131
vt 0.663698 0.396281
vt 0.470892 0.733131
vt 0.539504 0.396281
vt 0.470892 0.733131
vt 0.694365 0.396284
vt 0.868695 0.396284
vt 0.470892 0.733131
vt 0.876878 0.396301
vt 0.687821 0.396301
vt 0.672434 0.396301
vt 0.530717 0.396301
vt 0.523065 0.396301
vt 0.668038 0.396301
vt 0.882593 0.396301
vt 0.518324 0.396301
vt 0.120487 0.396301
vt 0.485390 0.389481
vt 0.470892 0.726008
vt 0.470892 0.726008
vt 0.414733 0.389481
vt 0.459769 0.389481
vt 0.464522 0.389481
vt 0.087150 0.296520
vt 0.370735 0.396301
vt 0.255745 0.396301
vt 0.334978 0.396301
vt 0.328588 0.396301
vt 0.261131 0.396301
vt 0.470892 0.728624
vt 0.662658 0.395829
vt 0.470892 0.728624
vt 0.540544 0.395829
vt 0.470892 0.728624
vt 0.695294 0.395915
vt 0.867766 0.395915
vt 0.470892 0.728624
vt 0.740474 0.395076
vt 0.734189 0.395076
vt 0.418580 0.808559
vt 0.418580 0.449237
vt 0.410385 0.733131
vt 0.418580 0.406224
vt 0.418580 0.418579
vt 0.410385 0.733131
vt 0.418580 0.577189
vt 0.410385 0.733131
vt 0.410385 0.733131
vt 0.418580 0.706726
vt 0.423873 0.226351
vt 0.423873 0.398656
vt 0.410385 0.726008
vt 0.423873 0.305841
vt 0.423873 0.296704
vt 0.418408 0.585504
vt 0.410385 0.728624
vt 0.410385 0.728624
vt 0.418408 0.706211
vt 0.410385 0.740411
vt 0.418580 0.577860
vt 0.418580 0.584543
vt 0.410385 0.740411
vt 0.423873 0.337028
vt 0.423873 0.389481
vt 0.481973 0.808559
vt 0.481973 0.449237
vt 0.476666 0.733131
vt 0.481973 0.406224
vt 0.481973 0.418579
vt 0.481973 0.577189
vt 0.481973 0.585884
vt 0.481973 0.706726
vt 0.478314 0.226351
vt 0.478314 0.398656
vt 0.476666 0.726008
vt 0.478314 0.305841
vt 0.478314 0.296704
vt 0.478314 0.337028
vt 0.478314 0.389481
vt 0.464522 0.339552
vt 0.459769 0.339552
vt 0.476561 0.339552
vt 0.459769 0.389481
vt 0.459769 0.388968
vt 0.464522 0.386957
vt 0.476561 0.386957
vt 0.425806 0.339552
vt 0.425806 0.386957
vt 0.464522 0.337028
vt 0.464522 0.337540
vt 0.459769 0.337028
vt 0.459769 0.337540
vt 0.478314 0.337028
vt 0.478314 0.337540
vt 0.464522 0.389481
vt 0.464522 0.388968
vt 0.459769 0.386957
vt 0.478314 0.389481
vt 0.478314 0.388968
vt 0.423873 0.337028
vt 0.423873 0.337540
vt 0.423873 0.389481
vt 0.423873 0.388968
vt 0.459769 0.339552
vt 0.459769 0.386957
vt 0.464522 0.339552
vt 0.464522 0.386957
vt 0.476561 0.339552
vt 0.476561 0.386957
vt 0.425806 0.339552
vt 0.425806 0.386957
vt 0.124419 0.226351
vt 0.105806 0.471086
vt 0.124419 0.808559
vt 0.105806 0.242146
vt 0.105806 0.483881
vt 0.124419 0.449237
vt 0.372219 0.226351
vt 0.105806 0.471086
vt 0.927928 0.808559
vt 0.372219 0.808559
vt 0.105806 0.229351
vt 0.105806 0.242146
vt 0.372219 0.449237
vt 0.927928 0.226351
vt 0.070946 0.449237
vt 0.927928 0.449237
vt 0.070946 0.808559
vt 0.070946 0.226351
vt 0.490927 0.226351
vt 0.293200 0.733131
vt 0.490927 0.808559
vt 0.490927 0.449237
vt 0.408092 0.226351
vt 0.293200 0.733131
vt 0.408092 0.808559
vt 0.408092 0.449237
vt 0.124419 0.406224
vt 0.105806 0.286328
vt 0.372219 0.406224
vt 0.105806 0.286328
vt 0.070946 0.406224
vt 0.927928 0.406224
vt 0.486027 0.733131
vt 0.481267 0.733131
vt 0.490927 0.406224
vt 0.481267 0.733131
vt 0.408092 0.406224
vt 0.399420 0.733131
vt 0.124419 0.418579
vt 0.105806 0.273637
vt 0.372219 0.418579
vt 0.105806 0.273637
vt 0.070946 0.418579
vt 0.927928 0.418579
vt 0.490927 0.418579
vt 0.408092 0.418579
vt 0.105806 0.389438
vt 0.124419 0.305841
vt 0.372219 0.305841
vt 0.105806 0.389438
vt 0.070946 0.305841
vt 0.927928 0.305841
vt 0.490927 0.305841
vt 0.376310 0.733131
vt 0.376310 0.733131
vt 0.408092 0.305841
vt 0.124419 0.296704
vt 0.105806 0.398822
vt 0.372219 0.296704
vt 0.105806 0.398822
vt 0.070946 0.296704
vt 0.927928 0.296704
vt 0.490927 0.296704
vt 0.366758 0.733131
vt 0.408092 0.296704
vt 0.366758 0.733131
vt 0.663642 0.226351
vt 0.663642 0.808559
vt 0.663642 0.449237
vt 0.663642 0.406224
vt 0.481267 0.733131
vt 0.666610 0.733131
vt 0.494184 0.733131
vt 0.663642 0.418579
vt 0.663642 0.305841
vt 0.666610 0.733131
vt 0.376310 0.733131
vt 0.663642 0.296704
vt 0.666610 0.733131
vt 0.539560 0.226351
vt 0.539560 0.808559
vt 0.539560 0.449237
vt 0.539560 0.406224
vt 0.481267 0.733131
vt 0.494184 0.733131
vt 0.539560 0.418579
vt 0.536875 0.733131
vt 0.376310 0.733131
vt 0.536875 0.733131
vt 0.539560 0.305841
vt 0.539560 0.296704
vt 0.536875 0.733131
vt 0.694415 0.226351
vt 0.694415 0.808559
vt 0.694415 0.449237
vt 0.694415 0.406224
vt 0.481267 0.733131
vt 0.494184 0.733131
vt 0.694415 0.418579
vt 0.698784 0.733131
vt 0.698784 0.733131
vt 0.376310 0.733131
vt 0.694415 0.305841
vt 0.694415 0.296704
vt 0.698784 0.733131
vt 0.868645 0.226351
vt 0.868645 0.808559
vt 0.868645 0.449237
vt 0.481267 0.733131
vt 0.868645 0.406224
vt 0.880950 0.733131
vt 0.868645 0.418579
vt 0.494184 0.733131
vt 0.868645 0.305841
vt 0.376310 0.733131
vt 0.880950 0.733131
vt 0.868645 0.296704
vt 0.880950 0.733131
vt 0.876878 0.226351
vt 0.876878 0.808559
vt 0.876878 0.449237
vt 0.876878 0.406224
vt 0.876878 0.418579
vt 0.889559 0.733131
vt 0.376310 0.733131
vt 0.876878 0.305841
vt 0.366758 0.733131
vt 0.876878 0.296704
vt 0.889559 0.733131
vt 0.687821 0.226351
vt 0.687821 0.808559
vt 0.687821 0.449237
vt 0.687821 0.406224
vt 0.687821 0.418579
vt 0.376310 0.733131
vt 0.691890 0.733131
vt 0.687821 0.305841
vt 0.691890 0.733131
vt 0.687821 0.296704
vt 0.366758 0.733131
vt 0.672434 0.226351
vt 0.672434 0.808559
vt 0.672434 0.449237
vt 0.672434 0.406224
vt 0.672435 0.418579
vt 0.675803 0.733131
vt 0.376310 0.733131
vt 0.672434 0.305841
vt 0.366758 0.733131
vt 0.672434 0.296704
vt 0.675803 0.733131
vt 0.530717 0.226351
vt 0.530717 0.808559
vt 0.530717 0.449237
vt 0.530717 0.406224
vt 0.530718 0.418579
vt 0.376310 0.733131
vt 0.527630 0.733131
vt 0.530717 0.305841
vt 0.527630 0.733131
vt 0.530717 0.296704
vt 0.366758 0.733131
vt 0.255927 0.808559
vt 0.105806 0.348802
vt 0.255927 0.449237
vt 0.337105 0.808559
vt 0.105806 0.265419
vt 0.337105 0.449237
vt 0.087150 0.483881
vt 0.087150 0.242146
vt 0.127387 0.449237
vt 0.459769 0.808559
vt 0.459769 0.449237
vt 0.459769 0.406224
vt 0.453450 0.733131
vt 0.459769 0.418579
vt 0.369251 0.418579
vt 0.087150 0.273637
vt 0.087150 0.348802
vt 0.255745 0.449237
vt 0.523065 0.226351
vt 0.523065 0.808559
vt 0.523065 0.449237
vt 0.523065 0.406224
vt 0.523066 0.418579
vt 0.523065 0.305841
vt 0.523065 0.296704
vt 0.668038 0.226351
vt 0.668038 0.808559
vt 0.668038 0.449237
vt 0.668038 0.406224
vt 0.668038 0.418579
vt 0.671206 0.733131
vt 0.668038 0.305841
vt 0.671206 0.733131
vt 0.668038 0.296704
vt 0.739292 0.226351
vt 0.739292 0.808559
vt 0.739292 0.449237
vt 0.739293 0.418579
vt 0.745706 0.733131
vt 0.745706 0.733131
vt 0.739292 0.296704
vt 0.745706 0.733131
vt 0.882593 0.226351
vt 0.882593 0.808559
vt 0.882593 0.449237
vt 0.882593 0.406224
vt 0.882593 0.418579
vt 0.882593 0.305841
vt 0.882593 0.296704
vt 0.124419 0.577189
vt 0.102824 0.733131
vt 0.927928 0.577189
vt 0.361912 0.733131
vt 0.372219 0.577189
vt 0.070946 0.577189
vt 0.490927 0.577189
vt 0.399420 0.733131
vt 0.408092 0.577189
vt 0.663642 0.577189
vt 0.666610 0.733131
vt 0.539560 0.577189
vt 0.536875 0.733131
vt 0.694415 0.577189
vt 0.868645 0.577189
vt 0.880950 0.733131
vt 0.876878 0.577189
vt 0.889559 0.733131
vt 0.687821 0.577189
vt 0.660019 0.733131
vt 0.672434 0.577189
vt 0.675803 0.733131
vt 0.530717 0.577189
vt 0.527630 0.733131
vt 0.255927 0.577189
vt 0.240323 0.733131
vt 0.337105 0.577189
vt 0.325199 0.733131
vt 0.459769 0.577189
vt 0.453450 0.733131
vt 0.523065 0.577189
vt 0.519630 0.733131
vt 0.668038 0.577189
vt 0.671206 0.733131
vt 0.739292 0.577189
vt 0.745706 0.733131
vt 0.660019 0.733131
vt 0.882593 0.577189
vt 0.895534 0.733131
vt 0.732827 0.226351
vt 0.732827 0.808559
vt 0.732827 0.449237
vt 0.732827 0.418579
vt 0.738946 0.733131
vt 0.738946 0.733131
vt 0.738946 0.733131
vt 0.732827 0.296704
vt 0.738946 0.733131
vt 0.732827 0.577189
vt 0.660019 0.733131
vt 0.102824 0.733131
vt 0.669110 0.733131
vt 0.124419 0.585884
vt 0.927928 0.585884
vt 0.361912 0.733131
vt 0.070946 0.585884
vt 0.490927 0.585884
vt 0.399420 0.733131
vt 0.666610 0.733131
vt 0.536875 0.733131
vt 0.694415 0.585884
vt 0.880950 0.733131
vt 0.876878 0.585884
vt 0.669110 0.733131
vt 0.889559 0.733131
vt 0.687821 0.585884
vt 0.675803 0.733131
vt 0.672434 0.585884
vt 0.669110 0.733131
vt 0.527630 0.733131
vt 0.255927 0.585884
vt 0.669110 0.733131
vt 0.240323 0.733131
vt 0.669110 0.733131
vt 0.337105 0.585884
vt 0.325199 0.733131
vt 0.669110 0.733131
vt 0.459769 0.585884
vt 0.453450 0.733131
vt 0.519630 0.733131
vt 0.523065 0.585884
vt 0.669110 0.733131
vt 0.668038 0.585884
vt 0.669110 0.733131
vt 0.671206 0.733131
vt 0.745706 0.733131
vt 0.739292 0.585884
vt 0.669110 0.733131
vt 0.895534 0.733131
vt 0.882593 0.585884
vt 0.669110 0.733131
vt 0.669110 0.733131
vt 0.732827 0.585884
vt 0.738946 0.733131
vt 0.518324 0.226351
vt 0.518324 0.808559
vt 0.518324 0.449237
vt 0.518324 0.406224
vt 0.518324 0.418579
vt 0.518324 0.305841
vt 0.518324 0.296704
vt 0.514672 0.733131
vt 0.518324 0.577189
vt 0.660019 0.733131
vt 0.669110 0.733131
vt 0.518324 0.585884
vt 0.514672 0.733131
vt 0.087150 0.273637
vt 0.127387 0.418579
vt 0.464522 0.808559
vt 0.464522 0.449237
vt 0.458419 0.733131
vt 0.464522 0.406224
vt 0.464522 0.418579
vt 0.127387 0.226351
vt 0.087150 0.471086
vt 0.255745 0.226351
vt 0.660019 0.733131
vt 0.458419 0.733131
vt 0.464522 0.577189
vt 0.458419 0.733131
vt 0.669110 0.733131
vt 0.464522 0.585884
vt 0.330558 0.808559
vt 0.330558 0.449237
vt 0.105806 0.272143
vt 0.318354 0.733131
vt 0.660019 0.733131
vt 0.330558 0.577189
vt 0.669110 0.733131
vt 0.318354 0.733131
vt 0.330558 0.585884
vt 0.261445 0.808559
vt 0.105806 0.343133
vt 0.261445 0.449237
vt 0.660019 0.733131
vt 0.261445 0.577189
vt 0.246093 0.733131
vt 0.246093 0.733131
vt 0.261445 0.585884
vt 0.669110 0.733131
vt 0.120487 0.449237
vt 0.120487 0.808559
vt 0.120487 0.226351
vt 0.120487 0.406224
vt 0.120487 0.418579
vt 0.120487 0.305841
vt 0.120487 0.296704
vt 0.098713 0.733131
vt 0.660019 0.733131
vt 0.120487 0.577189
vt 0.669110 0.733131
vt 0.098713 0.733131
vt 0.120487 0.585884
vt 0.795456 0.733131
vt 0.102824 0.733131
vt 0.124419 0.706726
vt 0.927928 0.706726
vt 0.372219 0.706726
vt 0.361912 0.733131
vt 0.070946 0.706726
vt 0.490927 0.706726
vt 0.408092 0.706726
vt 0.399420 0.733131
vt 0.663642 0.706726
vt 0.666610 0.733131
vt 0.539560 0.706726
vt 0.536875 0.733131
vt 0.694415 0.706726
vt 0.868645 0.706726
vt 0.880950 0.733131
vt 0.889559 0.733131
vt 0.876878 0.706726
vt 0.795456 0.733131
vt 0.687821 0.706726
vt 0.672434 0.706726
vt 0.530717 0.706726
vt 0.527630 0.733131
vt 0.240323 0.733131
vt 0.255927 0.706726
vt 0.795456 0.733131
vt 0.795456 0.733131
vt 0.337105 0.706726
vt 0.325199 0.733131
vt 0.453450 0.733131
vt 0.795456 0.733131
vt 0.459769 0.706726
vt 0.795456 0.733131
vt 0.523065 0.706726
vt 0.519630 0.733131
vt 0.671206 0.733131
vt 0.668038 0.706726
vt 0.795456 0.733131
vt 0.795456 0.733131
vt 0.739292 0.706726
vt 0.745706 0.733131
vt 0.882593 0.706726
vt 0.732827 0.706726
vt 0.518324 0.706726
vt 0.464522 0.706726
vt 0.330558 0.706726
vt 0.261445 0.706726
vt 0.120487 0.706726
vt 0.459769 0.226351
vt 0.414733 0.226351
vt 0.293200 0.726008
vt 0.485390 0.305841
vt 0.376310 0.726008
vt 0.481267 0.726008
vt 0.485390 0.398656
vt 0.486027 0.726008
vt 0.376310 0.726008
vt 0.414733 0.305841
vt 0.414733 0.398656
vt 0.399420 0.726008
vt 0.481267 0.726008
vt 0.459769 0.398656
vt 0.453450 0.726008
vt 0.485390 0.296704
vt 0.366758 0.726008
vt 0.366758 0.726008
vt 0.414733 0.296704
vt 0.459769 0.305841
vt 0.485390 0.226351
vt 0.293200 0.726008
vt 0.459769 0.296704
vt 0.464522 0.226351
vt 0.458419 0.726008
vt 0.464522 0.398656
vt 0.464522 0.305841
vt 0.464522 0.296704
vt 0.087150 0.242146
vt 0.087150 0.229351
vt 0.369251 0.449237
vt 0.087150 0.389438
vt 0.127387 0.305841
vt 0.127387 0.406224
vt 0.087150 0.286328
vt 0.087150 0.389438
vt 0.369251 0.305841
vt 0.369251 0.406224
vt 0.087150 0.286328
vt 0.255745 0.406224
vt 0.255745 0.418579
vt 0.087150 0.398822
vt 0.127387 0.296704
vt 0.087150 0.398822
vt 0.369251 0.296704
vt 0.255745 0.305841
vt 0.087150 0.471086
vt 0.369251 0.226351
vt 0.255745 0.296704
vt 0.261131 0.226351
vt 0.087150 0.343133
vt 0.261131 0.449237
vt 0.261131 0.406224
vt 0.261131 0.418579
vt 0.261131 0.305841
vt 0.261131 0.296704
vt 0.334978 0.226351
vt 0.087150 0.265419
vt 0.334978 0.449237
vt 0.334978 0.406224
vt 0.334978 0.418579
vt 0.334978 0.305841
vt 0.334978 0.296704
vt 0.328588 0.226351
vt 0.087150 0.272143
vt 0.328588 0.449237
vt 0.328588 0.406224
vt 0.328588 0.418579
vt 0.328588 0.305841
vt 0.328588 0.296704
vt 0.660914 0.404289
vt 0.481267 0.728624
vt 0.494184 0.728624
vt 0.660914 0.416100
vt 0.666610 0.728624
vt 0.376310 0.728624
vt 0.666610 0.728624
vt 0.660914 0.308319
vt 0.542288 0.404289
vt 0.481267 0.728624
vt 0.542288 0.416101
vt 0.494184 0.728624
vt 0.536875 0.728624
vt 0.542288 0.308319
vt 0.376310 0.728624
vt 0.536875 0.728624
vt 0.734189 0.404642
vt 0.696851 0.404642
vt 0.481267 0.728624
vt 0.734189 0.416553
vt 0.738946 0.728624
vt 0.494184 0.728624
vt 0.696851 0.416553
vt 0.698784 0.728624
vt 0.738946 0.728624
vt 0.734189 0.307867
vt 0.696851 0.307867
vt 0.376310 0.728624
vt 0.698784 0.728624
vt 0.481267 0.728624
vt 0.866208 0.404642
vt 0.494184 0.728624
vt 0.880950 0.728624
vt 0.866209 0.416553
vt 0.880950 0.728624
vt 0.866208 0.307867
vt 0.376310 0.728624
vt 0.740474 0.404642
vt 0.745706 0.728624
vt 0.740474 0.416553
vt 0.745706 0.728624
vt 0.740474 0.307867
vt 0.665818 0.587735
vt 0.669110 0.728624
vt 0.671206 0.728624
vt 0.661556 0.587735
vt 0.666610 0.728624
vt 0.669110 0.728624
vt 0.453450 0.728624
vt 0.458202 0.587428
vt 0.407846 0.587428
vt 0.399420 0.728624
vt 0.240323 0.728624
vt 0.669110 0.728624
vt 0.254683 0.587051
vt 0.102824 0.728624
vt 0.669110 0.728624
vt 0.128348 0.587051
vt 0.532704 0.587735
vt 0.527630 0.728624
vt 0.525286 0.587735
vt 0.519630 0.728624
vt 0.669110 0.728624
vt 0.874632 0.587857
vt 0.889559 0.728624
vt 0.669110 0.728624
vt 0.866668 0.587857
vt 0.880950 0.728624
vt 0.741538 0.587857
vt 0.669110 0.728624
vt 0.745706 0.728624
vt 0.541275 0.587735
vt 0.536875 0.728624
vt 0.372889 0.587428
vt 0.361912 0.728624
vt 0.338672 0.587428
vt 0.669110 0.728624
vt 0.325199 0.728624
vt 0.128348 0.705559
vt 0.795456 0.728624
vt 0.102824 0.728624
vt 0.372889 0.705182
vt 0.361912 0.728624
vt 0.407846 0.705182
vt 0.399420 0.728624
vt 0.661556 0.704875
vt 0.666610 0.728624
vt 0.541275 0.704875
vt 0.536875 0.728624
vt 0.866668 0.704753
vt 0.880950 0.728624
vt 0.874632 0.704753
vt 0.889559 0.728624
vt 0.795456 0.728624
vt 0.532704 0.704875
vt 0.527630 0.728624
vt 0.795456 0.728624
vt 0.240323 0.728624
vt 0.254683 0.705559
vt 0.795456 0.728624
vt 0.338672 0.705182
vt 0.325199 0.728624
vt 0.795456 0.728624
vt 0.458202 0.705182
vt 0.453450 0.728624
vt 0.519630 0.728624
vt 0.525286 0.704875
vt 0.795456 0.728624
vt 0.665818 0.704875
vt 0.795456 0.728624
vt 0.671206 0.728624
vt 0.741538 0.704753
vt 0.745706 0.728624
vt 0.795456 0.728624
vt 0.668038 0.305841
vt 0.671206 0.740411
vt 0.663642 0.305841
vt 0.666610 0.740411
vt 0.668038 0.296704
vt 0.671206 0.740411
vt 0.663642 0.296704
vt 0.666610 0.740411
vt 0.539560 0.305841
vt 0.536875 0.740411
vt 0.539560 0.296704
vt 0.536875 0.740411
vt 0.732827 0.305841
vt 0.738946 0.740411
vt 0.694415 0.305841
vt 0.698784 0.740411
vt 0.732827 0.296704
vt 0.738946 0.740411
vt 0.694415 0.296704
vt 0.698784 0.740411
vt 0.876878 0.305841
vt 0.376310 0.740411
vt 0.889559 0.740411
vt 0.868645 0.305841
vt 0.880950 0.740411
vt 0.876878 0.296704
vt 0.366758 0.740411
vt 0.889559 0.740411
vt 0.868645 0.296704
vt 0.880950 0.740411
vt 0.687821 0.305841
vt 0.691890 0.740411
vt 0.376310 0.740411
vt 0.687821 0.296704
vt 0.691890 0.740411
vt 0.366758 0.740411
vt 0.672434 0.296704
vt 0.366758 0.740411
vt 0.675803 0.740411
vt 0.672434 0.305841
vt 0.376310 0.740411
vt 0.675803 0.740411
vt 0.530717 0.305841
vt 0.527630 0.740411
vt 0.376310 0.740411
vt 0.530717 0.296704
vt 0.527630 0.740411
vt 0.366758 0.740411
vt 0.739292 0.305841
vt 0.745706 0.740411
vt 0.739292 0.296704
vt 0.745706 0.740411
vt 0.882593 0.578530
vt 0.895534 0.740411
vt 0.660019 0.740411
vt 0.876878 0.578530
vt 0.889559 0.740411
vt 0.668038 0.578530
vt 0.671206 0.740411
vt 0.663642 0.578530
vt 0.666610 0.740411
vt 0.459769 0.578530
vt 0.453450 0.740411
vt 0.408092 0.578531
vt 0.399420 0.740411
vt 0.261445 0.578530
vt 0.246093 0.740411
vt 0.660019 0.740411
vt 0.255927 0.578530
vt 0.240323 0.740411
vt 0.124419 0.578530
vt 0.102824 0.740411
vt 0.530717 0.578530
vt 0.527630 0.740411
vt 0.523065 0.578530
vt 0.519630 0.740411
vt 0.672434 0.578530
vt 0.660019 0.740411
vt 0.675803 0.740411
vt 0.880950 0.740411
vt 0.868645 0.578530
vt 0.739292 0.578530
vt 0.745706 0.740411
vt 0.536875 0.740411
vt 0.539560 0.578530
vt 0.361912 0.740411
vt 0.372219 0.578530
vt 0.458419 0.740411
vt 0.464522 0.578530
vt 0.660019 0.740411
vt 0.325199 0.740411
vt 0.337105 0.578530
vt 0.732827 0.578530
vt 0.738946 0.740411
vt 0.660019 0.740411
vt 0.102824 0.740411
vt 0.124419 0.584543
vt 0.372219 0.584543
vt 0.361912 0.740411
vt 0.399420 0.740411
vt 0.408092 0.584543
vt 0.663642 0.584543
vt 0.666610 0.740411
vt 0.539560 0.584543
vt 0.536875 0.740411
vt 0.880950 0.740411
vt 0.868645 0.584543
vt 0.876878 0.584543
vt 0.889559 0.740411
vt 0.675803 0.740411
vt 0.672434 0.584543
vt 0.669110 0.740411
vt 0.527630 0.740411
vt 0.530717 0.584543
vt 0.240323 0.740411
vt 0.255927 0.584543
vt 0.337105 0.584543
vt 0.325199 0.740411
vt 0.459769 0.584543
vt 0.453450 0.740411
vt 0.523065 0.584543
vt 0.519630 0.740411
vt 0.668038 0.584543
vt 0.671206 0.740411
vt 0.739292 0.584543
vt 0.745706 0.740411
vt 0.882593 0.584543
vt 0.669110 0.740411
vt 0.895534 0.740411
vt 0.732827 0.584543
vt 0.669110 0.740411
vt 0.738946 0.740411
vt 0.246093 0.740411
vt 0.261445 0.584543
vt 0.669110 0.740411
vt 0.464522 0.584543
vt 0.458419 0.740411
vt 0.669110 0.740411
vt 0.518324 0.578530
vt 0.514672 0.740411
vt 0.660019 0.740411
vt 0.518324 0.584543
vt 0.514672 0.740411
vt 0.669110 0.740411
vt 0.330558 0.578530
vt 0.660019 0.740411
vt 0.318354 0.740411
vt 0.669110 0.740411
vt 0.318354 0.740411
vt 0.330558 0.584543
vt 0.120487 0.578530
vt 0.660019 0.740411
vt 0.098713 0.740411
vt 0.669110 0.740411
vt 0.098713 0.740411
vt 0.120487 0.584543
vt 0.125903 0.339571
vt 0.087150 0.354791
vt 0.105806 0.354791
vt 0.124419 0.339571
vt 0.105806 0.354791
vt 0.372219 0.339571
vt 0.070946 0.339571
vt 0.927928 0.339571
vt 0.490927 0.339571
vt 0.411577 0.733131
vt 0.411577 0.733131
vt 0.408092 0.339571
vt 0.411577 0.733131
vt 0.663642 0.339571
vt 0.411577 0.733131
vt 0.539560 0.339571
vt 0.411577 0.733131
vt 0.694415 0.339571
vt 0.868645 0.339571
vt 0.411577 0.733131
vt 0.876878 0.339571
vt 0.687821 0.339571
vt 0.672434 0.339571
vt 0.530717 0.339571
vt 0.523065 0.339571
vt 0.668038 0.339571
vt 0.882593 0.339571
vt 0.518324 0.339571
vt 0.120487 0.339571
vt 0.485390 0.337028
vt 0.411577 0.726008
vt 0.411577 0.726008
vt 0.414733 0.337028
vt 0.459769 0.337028
vt 0.464522 0.337028
vt 0.087150 0.354791
vt 0.370735 0.339571
vt 0.255745 0.339571
vt 0.334978 0.339571
vt 0.328588 0.339571
vt 0.261131 0.339571
vt 0.411577 0.728624
vt 0.662733 0.339903
vt 0.411577 0.728624
vt 0.540469 0.339903
vt 0.411577 0.728624
vt 0.695227 0.339842
vt 0.867833 0.339842
vt 0.411577 0.728624
vt 0.740474 0.340385
vt 0.734189 0.340385
vt 0.087150 0.296520
vt 0.125903 0.396301
vt 0.105806 0.296520
vt 0.124419 0.396301
vt 0.105806 0.296520
vt 0.372219 0.396301
vt 0.070946 0.396301
vt 0.927928 0.396301
vt 0.490927 0.396301
vt 0.470892 0.733131
vt 0.470892 0.733131
vt 0.408092 0.396301
vt 0.470892 0.733131
vt 0.663698 0.396281
vt 0.470892 0.733131
vt 0.539504 0.396281
vt 0.470892 0.733131
vt 0.694365 0.396284
vt 0.868695 0.396284
vt 0.470892 0.733131
vt 0.876878 0.396301
vt 0.687821 0.396301
vt 0.672434 0.396301
vt 0.530717 0.396301
vt 0.523065 0.396301
vt 0.668038 0.396301
vt 0.882593 0.396301
vt 0.518324 0.396301
vt 0.120487 0.396301
vt 0.485390 0.389481
vt 0.470892 0.726008
vt 0.470892 0.726008
vt 0.414733 0.389481
vt 0.459769 0.389481
vt 0.464522 0.389481
vt 0.087150 0.296520
vt 0.370735 0.396301
vt 0.255745 0.396301
vt 0.334978 0.396301
vt 0.328588 0.396301
vt 0.261131 0.396301
vt 0.470892 0.728624
vt 0.662658 0.395829
vt 0.540544 0.395829
vt 0.470892 0.728624
vt 0.695294 0.395915
vt 0.470892 0.728624
vt 0.867766 0.395915
vt 0.470892 0.728624
vt 0.740474 0.395076
vt 0.734189 0.395076
vt 0.418580 0.808559
vt 0.418580 0.449237
vt 0.410385 0.733131
vt 0.418580 0.406224
vt 0.418580 0.418579
vt 0.410385 0.733131
vt 0.418580 0.577189
vt 0.410385 0.733131
vt 0.410385 0.733131
vt 0.418580 0.706726
vt 0.423873 0.226351
vt 0.423873 0.398656
vt 0.410385 0.726008
vt 0.423873 0.305841
vt 0.423873 0.296704
vt 0.418408 0.585504
vt 0.410385 0.728624
vt 0.410385 0.728624
vt 0.418408 0.706211
vt 0.410385 0.740411
vt 0.418580 0.577860
vt 0.418580 0.584543
vt 0.410385 0.740411
vt 0.423873 0.337028
vt 0.423873 0.389481
vt 0.481973 0.808559
vt 0.481973 0.449237
vt 0.476666 0.733131
vt 0.481973 0.406224
vt 0.481973 0.418579
vt 0.481973 0.577189
vt 0.481973 0.585884
vt 0.481973 0.706726
vt 0.478314 0.226351
vt 0.478314 0.398656
vt 0.476666 0.726008
vt 0.478314 0.305841
vt 0.478314 0.296704
vt 0.478314 0.337028
vt 0.478314 0.389481
vt 0.464522 0.339552
vt 0.459769 0.339552
vt 0.476561 0.339552
vt 0.459769 0.389481
vt 0.459769 0.388968
vt 0.464522 0.386957
vt 0.476561 0.386957
vt 0.425806 0.339552
vt 0.425806 0.386957
vt 0.464522 0.337028
vt 0.464522 0.337540
vt 0.459769 0.337028
vt 0.459769 0.337540
vt 0.478314 0.337028
vt 0.478314 0.337540
vt 0.464522 0.389481
vt 0.464522 0.388968
vt 0.459769 0.386957
vt 0.478314 0.389481
vt 0.478314 0.388968
vt 0.423873 0.337028
vt 0.423873 0.337540
vt 0.423873 0.389481
vt 0.423873 0.388968
vt 0.459769 0.339552
vt 0.459769 0.386957
vt 0.464522 0.339552
vt 0.464522 0.386957
vt 0.476561 0.339552
vt 0.476561 0.386957
vt 0.425806 0.339552
vt 0.425806 0.386957
vt 0.067514 0.494193
vt 0.784074 0.712549
vt 0.067514 0.522084
vt 0.784074 0.712549
vt 0.067514 0.494193
vt 0.784074 0.794567
vt 0.932486 0.494193
vt 0.932486 0.522084
vt 0.067514 0.522084
vt 0.784074 0.794567
vt 0.932486 0.494193
vt 0.067514 0.494193
vt 0.866092 0.712549
vt 0.067514 0.522084
vt 0.932486 0.522084
vt 0.866092 0.712549
vt 0.932486 0.494193
vt 0.866092 0.794567
vt 0.866092 0.794567
vt 0.932486 0.522084
vt 0.067514 0.802535
vt 0.784074 0.712549
vt 0.067514 0.807003
vt 0.784074 0.712549
vt 0.067514 0.802535
vt 0.784074 0.794567
vt 0.932486 0.802535
vt 0.932486 0.807003
vt 0.067514 0.807003
vt 0.784074 0.794567
vt 0.932486 0.802535
vt 0.067514 0.802535
vt 0.866092 0.712549
vt 0.067514 0.807003
vt 0.932486 0.807003
vt 0.866092 0.712549
vt 0.932486 0.802535
vt 0.866092 0.794567
vt 0.866092 0.794567
vt 0.932486 0.807003
s 0
usemtl buildingmat
f 2897/4807/324 2805/4644/324 2916/4846/324
f 2896/4806/324 2888/4792/324 2922/4852/324
f 2699/4477/324 2887/4791/324 2891/4795/324
f 2898/4808/324 2775/4604/324 2911/4832/324
f 2702/4482/324 2806/4645/324 2808/4647/324
f 2703/4483/324 3169/5321/324 3171/5324/324
f 2900/4811/324 3168/5320/324 3174/5327/324
f 2901/4812/324 2680/4448/324 2898/4808/324
f 2704/4484/324 2681/4451/324 2700/4479/324
f 3122/5255/324 2694/4467/324 3118/5249/324
f 2943/4890/324 2960/4913/324 2959/4912/324
f 3120/5251/324 2807/4646/324 3133/5270/324
f 3117/5247/324 2890/4794/324 3135/5272/324
f 2698/4475/324 2700/4479/324 2694/4467/324
f 2697/4473/324 3171/5324/324 3170/5323/324
f 2696/4470/324 2808/4647/324 2807/4646/324
f 2693/4465/324 2891/4795/324 2890/4794/324
f 2711/4495/324 2892/4796/324 2893/4797/324
f 2714/4500/324 2809/4648/324 2810/4649/324
f 2710/4493/325 3102/5224/325 3087/5203/325
f 2716/4503/324 2706/4487/324 2712/4497/324
f 2690/4461/324 2712/4497/324 2678/4445/324
f 3140/5280/324 2959/4912/324 3142/5282/324
f 2682/4452/324 2810/4649/324 2804/4643/324
f 2675/4439/324 2893/4797/324 2889/4793/324
f 2717/4505/324 2730/4529/324 2724/4518/324
f 2852/4719/326 3060/5141/326 2846/4709/326
f 2912/4835/327 2989/4970/327 2855/4726/327
f 2721/4511/327 2969/4924/327 2720/4509/327
f 2721/4512/324 2726/4520/324 2728/4524/324
f 2902/4814/324 2725/4519/324 2903/4816/324
f 2903/4816/324 2767/4591/324 2909/4826/324
f 2728/4524/324 2768/4592/324 2770/4594/324
f 3124/5259/324 2769/4593/324 3130/5267/324
f 2727/4521/324 2770/4594/324 2769/4593/324
f 2894/4799/327 3080/5190/327 2895/4801/327
f 2724/4518/324 2772/4599/324 2766/4590/324
f 2731/4531/324 2758/4577/324 2752/4568/324
f 2797/4633/328 3018/5044/328 2723/4517/328
f 2734/4534/324 2756/4572/324 2755/4571/324
f 3125/5261/324 2755/4571/324 3128/5265/324
f 2735/4537/324 2754/4570/324 2756/4572/324
f 2904/4818/324 2753/4569/324 2907/4824/324
f 2738/4544/324 2803/4641/324 2798/4635/324
f 2837/4695/328 3024/5056/328 2737/4543/328
f 2741/4547/327 3148/5292/327 3126/5263/327
f 2729/4526/325 3111/5237/325 3089/5207/325
f 2742/4550/324 2800/4637/324 2801/4638/324
f 2905/4819/324 2799/4636/324 2915/4844/324
f 2745/4557/324 2744/4555/324 2738/4544/324
f 2813/4653/328 3054/5127/328 2826/4677/328
f 2748/4560/324 2742/4550/324 2741/4548/324
f 3127/5264/324 2741/4548/324 3126/5262/324
f 2749/4561/324 2740/4546/324 2742/4550/324
f 2906/4822/324 2739/4545/324 2905/4819/324
f 2907/4824/324 2760/4580/324 2908/4825/324
f 2756/4572/324 2761/4581/324 2763/4583/324
f 3128/5265/324 2762/4582/324 3129/5266/324
f 2755/4571/324 2763/4583/324 2762/4582/324
f 2758/4577/324 2764/4586/324 2765/4588/324
f 2752/4568/324 2765/4588/324 2759/4579/324
f 2759/4579/324 2797/4634/324 2791/4626/324
f 2895/4802/326 3056/5132/326 2839/4700/326
f 2762/4582/324 2795/4630/324 2794/4629/324
f 3129/5266/324 2794/4629/324 3132/5269/324
f 2763/4583/324 2793/4628/324 2795/4630/324
f 2908/4825/324 2792/4627/324 2914/4841/324
f 2766/4590/324 2790/4625/324 2784/4619/324
f 2772/4599/324 2789/4624/324 2790/4625/324
f 2769/4593/324 2788/4623/324 2787/4622/324
f 3130/5267/324 2787/4622/324 3131/5268/324
f 2770/4594/324 2786/4621/324 2788/4623/324
f 2909/4826/324 2785/4620/324 2913/4838/324
f 2681/4450/327 2782/4616/327 2700/4480/327
f 2774/4602/328 2952/4903/328 2884/4783/328
f 2694/4468/327 3140/5279/327 3118/5248/327
f 2706/4488/327 2947/4896/327 2712/4498/327
f 2910/4829/324 2676/4441/324 2896/4806/324
f 2677/4443/328 2783/4617/328 2774/4602/328
f 2776/4605/328 2939/4882/328 2681/4449/328
f 2705/4485/325 3081/5194/325 3082/5195/325
f 2711/4496/325 2940/4884/325 2705/4485/325
f 2911/4832/324 2879/4773/324 2920/4850/324
f 2873/4761/328 3176/5330/328 3170/5322/328
f 2697/4472/327 3136/5274/327 3121/5253/327
f 2780/4612/324 3154/5299/324 3153/5298/324
f 2782/4615/324 2958/4911/324 2960/4913/324
f 2912/4836/324 3151/5295/324 3157/5304/324
f 2781/4614/324 3152/5296/324 3154/5299/324
f 2913/4838/324 2862/4745/324 2918/4848/324
f 2788/4623/324 2863/4746/324 2865/4748/324
f 3131/5268/324 2864/4747/324 3134/5271/324
f 2787/4622/324 2865/4748/324 2864/4747/324
f 2790/4625/324 2866/4749/324 2867/4750/324
f 2784/4619/324 2867/4750/324 2861/4744/324
f 2914/4841/324 2718/4506/324 2902/4814/324
f 2795/4630/324 2719/4507/324 2721/4512/324
f 3132/5269/324 2720/4508/324 3123/5257/324
f 2794/4629/324 2721/4512/324 2720/4508/324
f 2858/4735/326 3061/5142/326 2848/4711/326
f 2791/4626/324 2723/4516/324 2717/4505/324
f 2915/4844/324 2833/4690/324 2917/4847/324
f 2801/4638/324 2834/4691/324 2835/4692/324
f 2743/4554/326 2986/4963/326 2802/4640/326
f 2802/4640/326 2979/4947/326 2836/4694/326
f 2722/4515/326 3015/5038/326 2796/4631/326
f 2798/4635/324 2837/4696/324 2832/4689/324
f 2804/4643/324 2751/4566/324 2745/4557/324
f 2810/4649/324 2750/4564/324 2751/4566/324
f 2807/4646/324 2749/4561/324 2748/4560/324
f 3133/5270/324 2748/4560/324 3127/5264/324
f 2808/4647/324 2747/4559/324 2749/4561/324
f 2916/4846/324 2746/4558/324 2906/4822/324
f 2806/4645/324 2821/4666/324 2747/4559/324
f 2800/4637/324 2838/4698/324 2834/4691/324
f 2793/4628/324 2817/4659/324 2719/4507/324
f 2786/4621/324 2868/4752/324 2863/4746/324
f 2779/4611/324 3155/5301/324 3152/5296/324
f 2776/4606/324 2881/4778/324 2880/4774/324
f 2774/4603/324 2811/4650/324 2677/4444/324
f 2768/4592/324 2828/4680/324 2786/4621/324
f 2761/4581/324 2829/4682/324 2793/4628/324
f 2754/4570/324 2823/4670/324 2761/4581/324
f 2747/4559/324 2820/4664/324 2740/4546/324
f 2740/4546/324 2830/4684/324 2800/4637/324
f 2733/4533/324 2822/4668/324 2754/4570/324
f 2726/4520/324 2824/4672/324 2768/4592/324
f 2726/4520/324 2817/4659/324 2818/4661/324
f 2692/4464/324 2813/4654/324 2681/4451/324
f 2689/4460/324 3172/5325/324 3169/5321/324
f 2681/4451/324 2826/4676/324 2776/4606/324
f 2677/4444/324 2894/4800/324 2887/4791/324
f 2684/4454/324 2831/4687/324 2806/4645/324
f 2834/4691/324 2819/4663/324 2733/4533/324
f 2832/4689/324 2737/4542/324 2731/4531/324
f 2736/4539/326 3021/5050/326 2836/4694/326
f 2852/4719/326 2994/4984/326 2856/4729/326
f 2734/4535/325 2978/4944/325 2735/4536/325
f 2835/4692/324 2733/4533/324 2735/4537/324
f 2917/4847/324 2732/4532/324 2904/4818/324
f 2838/4698/324 2847/4710/324 2819/4663/324
f 2877/4768/328 3041/5099/328 2827/4679/328
f 2811/4651/328 3079/5189/328 2894/4798/328
f 2848/4711/326 3062/5145/326 2849/4714/326
f 2816/4657/328 3052/5122/328 2813/4653/328
f 2881/4777/327 3078/5184/327 2882/4779/327
f 2817/4660/328 3051/5120/328 2818/4662/328
f 2857/4734/326 3063/5146/326 2851/4716/326
f 2882/4780/326 3066/5154/326 2854/4725/326
f 2818/4662/328 3046/5110/328 2824/4673/328
f 2822/4668/324 2851/4717/324 2823/4670/324
f 2856/4729/326 3064/5149/326 2852/4719/326
f 2826/4677/328 3077/5183/328 2881/4776/328
f 2819/4663/324 2850/4715/324 2822/4668/324
f 2839/4700/326 3065/5151/326 2853/4722/326
f 2744/4556/328 3036/5088/328 2803/4642/328
f 2820/4665/328 3050/5119/328 2830/4685/328
f 2815/4656/324 3173/5326/324 3172/5325/324
f 2853/4722/326 3073/5169/326 2886/4788/326
f 2802/4640/326 3026/5061/326 2743/4554/326
f 2812/4652/324 2859/4739/324 2831/4687/324
f 2868/4752/324 2843/4706/324 2815/4656/324
f 2863/4746/324 2815/4656/324 2689/4460/324
f 2861/4744/324 2715/4501/324 2687/4457/324
f 2867/4750/324 2709/4491/324 2715/4501/324
f 2864/4747/324 2703/4483/324 2697/4473/324
f 3134/5271/324 2697/4473/324 3121/5252/324
f 2865/4748/324 2689/4460/324 2703/4483/324
f 2918/4848/324 2688/4459/324 2900/4811/324
f 2821/4667/328 3049/5116/328 2820/4665/328
f 2872/4760/324 2827/4678/324 2779/4611/324
f 2690/4462/325 2931/4870/325 2716/4504/325
f 2698/4476/328 3159/5307/328 3153/5297/328
f 2873/4762/324 2781/4614/324 2780/4612/324
f 2780/4613/328 2936/4877/328 2873/4761/328
f 2919/4849/324 2778/4610/324 2912/4836/324
f 2874/4763/324 2779/4611/324 2781/4614/324
f 2881/4778/324 2886/4789/324 2885/4786/324
f 2880/4774/324 2885/4786/324 2884/4784/324
f 2920/4850/324 2883/4782/324 2921/4851/324
f 2884/4783/328 2964/4917/328 2880/4775/328
f 2700/4480/327 2943/4891/327 2694/4468/327
f 2712/4498/327 2949/4899/327 2678/4446/327
f 2880/4775/328 2958/4910/328 2776/4605/328
f 2693/4466/325 2870/4757/325 2699/4478/325
f 2699/4478/325 2777/4608/325 2677/4442/325
f 2675/4440/325 2946/4894/325 2711/4496/325
f 2921/4851/324 2773/4601/324 2910/4829/324
f 2884/4784/324 2825/4674/324 2774/4603/324
f 2844/4707/326 3165/5317/326 3156/5302/326
f 2894/4800/324 2842/4705/324 2814/4655/324
f 2887/4791/324 2814/4655/324 2683/4453/324
f 2889/4793/324 2713/4499/324 2686/4456/324
f 2893/4797/324 2707/4489/324 2713/4499/324
f 2890/4794/324 2701/4481/324 2695/4469/324
f 3135/5272/324 2695/4469/324 3119/5250/324
f 2891/4795/324 2683/4453/324 2701/4481/324
f 2922/4852/324 2685/4455/324 2899/4810/324
f 2895/4803/324 2899/4810/324 2842/4705/324
f 2886/4789/324 2910/4829/324 2853/4720/324
f 2882/4781/324 2921/4851/324 2886/4789/324
f 2878/4772/324 2912/4836/324 2855/4727/324
f 2869/4755/324 2900/4811/324 2843/4706/324
f 2860/4742/324 2904/4818/324 2847/4710/324
f 2859/4739/324 2906/4822/324 2849/4712/324
f 2858/4736/324 2917/4847/324 2860/4742/324
f 2854/4723/325 3010/5022/325 2911/4831/325
f 2856/4730/324 2918/4848/324 2869/4755/324
f 2742/4551/327 2981/4952/327 2741/4547/327
f 2854/4724/324 2920/4850/324 2882/4781/324
f 2801/4639/328 2982/4955/328 2742/4549/328
f 2835/4693/328 2985/4961/328 2801/4639/328
f 2851/4717/324 2914/4841/324 2857/4732/324
f 2850/4715/324 2908/4825/324 2851/4717/324
f 2853/4722/326 2992/4979/326 2839/4700/326
f 2910/4830/327 2991/4976/327 2853/4721/327
f 2847/4710/324 2907/4824/324 2850/4715/324
f 2839/4701/325 3001/5001/325 2896/4804/325
f 2913/4839/328 3008/5018/328 2909/4827/328
f 2855/4728/326 3162/5311/326 3156/5302/326
f 2843/4706/324 3174/5327/324 3173/5326/324
f 2896/4805/328 3009/5020/328 2910/4828/328
f 2839/4702/324 2922/4852/324 2895/4803/324
f 2840/4703/324 2916/4846/324 2859/4739/324
f 3136/5273/324 3176/5329/324 3180/5334/324
f 2930/4868/324 3177/5331/324 3178/5332/324
f 2933/4873/324 3178/5332/324 3175/5328/324
f 2923/4853/324 3161/5309/324 3158/5305/324
f 2934/4875/324 3160/5308/324 3161/5309/324
f 3138/5277/324 3159/5306/324 3167/5319/324
f 2935/4876/324 2934/4875/324 2923/4853/324
f 2938/4880/324 2932/4872/324 2934/4875/324
f 3139/5278/324 2929/4866/324 3138/5277/324
f 2709/4492/327 2930/4869/327 2715/4502/327
f 2715/4502/327 2933/4874/327 2687/4458/327
f 2716/4504/325 2927/4861/325 2710/4493/325
f 2947/4897/324 2961/4914/324 2962/4915/324
f 2949/4900/324 2962/4915/324 2957/4909/324
f 2876/4766/324 2946/4895/324 2875/4764/324
f 2950/4901/324 2940/4885/324 2946/4895/324
f 2944/4892/324 2870/4758/324 2941/4886/324
f 3141/5281/324 2941/4886/324 3116/5245/324
f 2945/4893/324 2777/4609/324 2870/4758/324
f 2957/4909/324 2968/4922/324 2963/4916/324
f 2962/4915/324 2967/4921/324 2968/4922/324
f 2959/4912/324 2966/4920/324 2965/4919/324
f 3142/5282/324 2965/4919/324 3143/5283/324
f 2960/4913/324 2964/4918/324 2966/4920/324
f 2966/4920/324 2952/4904/324 2954/4906/324
f 3143/5283/324 2953/4905/324 3144/5284/324
f 2965/4919/324 2954/4906/324 2953/4905/324
f 2968/4922/324 2955/4907/324 2956/4908/324
f 2963/4916/324 2956/4908/324 2951/4902/324
f 2951/4902/324 2950/4901/324 2876/4766/324
f 2956/4908/324 2948/4898/324 2950/4901/324
f 2953/4905/324 2945/4893/324 2944/4892/324
f 3144/5284/324 2944/4892/324 3141/5281/324
f 2954/4906/324 2783/4618/324 2945/4893/324
f 2969/4923/324 2973/4933/324 2972/4931/324
f 3145/5286/324 2972/4931/324 3146/5288/324
f 2981/4953/324 2985/4962/324 2984/4960/324
f 3148/5291/324 2984/4960/324 3149/5293/324
f 3149/5293/324 2975/4939/324 3150/5294/324
f 2984/4960/324 2977/4942/324 2975/4939/324
f 2975/4939/324 2978/4945/324 2976/4940/324
f 3150/5294/324 2976/4940/324 3147/5290/324
f 2987/4965/324 3004/5008/324 2988/4968/324
f 2989/4972/324 3163/5313/324 3162/5310/324
f 2991/4977/324 3001/5003/324 2992/4978/324
f 2993/4981/324 3012/5029/324 2994/4983/324
f 2995/4986/324 3006/5012/324 2996/4989/324
f 2996/4989/324 3014/5034/324 2997/4991/324
f 2998/4994/324 3008/5017/324 2993/4981/324
f 2988/4968/324 3005/5010/324 2998/4994/324
f 2990/4973/324 3002/5004/324 2999/4996/324
f 2999/4996/324 3010/5023/324 3000/4998/324
f 2736/4540/325 3112/5238/325 3090/5209/325
f 2905/4820/328 3007/5015/328 2906/4821/328
f 2727/4522/325 2973/4934/325 2728/4523/325
f 2720/4509/327 3145/5285/327 3123/5256/327
f 2856/4731/325 3012/5030/325 2913/4837/325
f 2915/4845/328 3006/5013/328 2905/4820/328
f 2914/4842/327 2987/4966/327 2857/4733/327
f 2849/4714/326 2996/4990/326 2848/4711/326
f 2858/4737/325 3014/5036/325 2915/4843/325
f 2909/4827/328 3005/5011/328 2903/4817/328
f 2848/4711/326 2997/4993/326 2858/4735/326
f 2903/4817/328 3004/5009/328 2902/4815/328
f 2898/4809/328 3003/5006/328 2901/4813/328
f 2846/4709/326 2993/4982/326 2852/4719/326
f 2902/4815/328 3013/5033/328 2914/4840/328
f 2845/4708/326 2998/4995/326 2846/4709/326
f 2911/4833/328 3002/5005/328 2898/4809/328
f 2844/4707/326 2999/4997/326 2841/4704/326
f 2735/4538/328 2977/4943/328 2835/4693/328
f 2906/4823/327 2995/4988/327 2849/4713/327
f 2901/4813/328 3163/5312/328 3157/5303/328
f 2857/4734/326 2988/4969/326 2845/4708/326
f 2728/4525/328 2970/4927/328 2721/4510/328
f 2836/4694/326 2980/4951/326 2736/4539/326
f 2722/4515/326 2974/4938/326 2729/4527/326
f 2841/4704/326 3000/5000/326 2854/4725/326
f 3018/5043/324 3019/5045/324 3020/5047/324
f 3020/5047/324 3033/5079/324 3034/5082/324
f 3024/5055/324 3029/5067/324 3030/5070/324
f 3028/5065/324 3035/5085/324 3036/5087/324
f 3027/5062/324 3026/5060/324 3028/5065/324
f 3031/5073/324 3015/5037/324 3017/5041/324
f 3017/5041/324 3016/5039/324 3018/5043/324
f 3036/5087/324 3021/5049/324 3023/5053/324
f 3023/5053/324 3022/5051/324 3024/5055/324
f 3037/5089/324 3062/5144/324 3038/5092/324
f 3050/5118/324 3072/5166/324 3055/5129/324
f 3039/5094/324 3059/5138/324 3040/5096/324
f 3047/5111/324 3076/5178/324 3075/5175/324
f 3041/5098/324 3165/5316/324 3164/5315/324
f 3054/5128/324 3078/5186/324 3077/5181/324
f 3044/5105/324 3056/5133/324 3045/5107/324
f 3046/5109/324 3068/5157/324 3047/5111/324
f 3048/5113/324 3069/5159/324 3039/5094/324
f 3038/5092/324 3061/5143/324 3049/5117/324
f 3049/5117/324 3070/5161/324 3050/5118/324
f 3051/5121/324 3064/5150/324 3046/5109/324
f 3040/5096/324 3060/5140/324 3051/5121/324
f 3042/5100/324 3057/5134/324 3052/5123/324
f 3052/5123/324 3066/5153/324 3054/5128/324
f 3045/5107/324 3080/5192/324 3079/5187/324
f 3053/5125/324 3067/5155/324 3041/5098/324
f 3043/5102/324 3065/5152/324 3044/5105/324
f 2764/4585/325 3031/5074/325 2765/4587/325
f 2750/4563/325 3027/5063/325 2751/4565/325
f 2846/4709/326 3059/5139/326 2845/4708/326
f 2841/4704/326 3058/5136/326 2844/4707/326
f 2851/4718/325 3048/5114/325 2823/4669/325
f 2855/4728/326 3074/5173/326 2878/4770/326
f 2854/4725/326 3057/5135/326 2841/4704/326
f 2796/4631/326 3032/5078/326 2764/4584/326
f 2765/4589/328 3017/5042/328 2797/4633/328
f 2836/4694/326 3035/5086/326 2802/4640/326
f 2878/4771/325 3053/5126/325 2877/4767/325
f 2803/4642/328 3023/5054/328 2837/4695/328
f 2831/4688/328 3038/5093/328 2821/4667/328
f 2830/4685/328 3055/5130/328 2838/4697/328
f 2829/4683/328 3040/5097/328 2817/4660/328
f 2859/4740/325 3037/5091/325 2831/4686/325
f 2771/4596/326 3019/5046/326 2729/4527/326
f 2757/4574/326 3022/5052/326 2736/4539/326
f 2743/4554/326 3025/5059/326 2750/4562/326
f 2729/4527/326 3016/5040/326 2722/4515/326
f 2838/4699/327 3072/5167/327 2860/4741/327
f 2730/4530/328 3034/5083/328 2772/4598/328
f 2737/4543/328 3030/5071/328 2758/4576/328
f 2827/4679/328 3164/5314/328 3155/5300/328
f 2751/4567/328 3028/5066/328 2744/4556/328
f 2723/4517/328 3020/5048/328 2730/4530/328
f 2885/4787/328 3044/5106/328 2825/4675/328
f 2849/4714/326 3071/5165/326 2859/4738/326
f 2772/4600/327 3033/5081/327 2771/4595/327
f 2825/4675/328 3045/5108/328 2811/4651/328
f 2828/4681/328 3075/5176/328 2868/4751/328
f 2860/4743/326 3070/5162/326 2858/4735/326
f 2824/4673/328 3047/5112/328 2828/4681/328
f 2869/4756/326 3068/5158/326 2856/4729/326
f 2845/4708/326 3069/5160/326 2857/4734/326
f 2886/4790/325 3043/5104/325 2885/4785/325
f 2823/4671/328 3039/5095/328 2829/4683/328
f 2868/4753/327 3076/5180/327 2869/4754/327
f 2758/4578/327 3029/5069/327 2757/4573/327
f 3088/5205/327 2971/4929/327 2722/4513/327
f 3090/5209/325 3147/5289/325 3125/5260/325
f 2979/4948/324 3112/5239/324 2980/4949/324
f 2986/4964/324 3115/5243/324 2979/4948/324
f 2983/4958/324 3114/5242/324 2986/4964/324
f 2971/4930/324 3111/5236/324 2974/4936/324
f 2955/4907/324 3106/5230/324 2948/4898/324
f 2967/4921/324 3109/5233/324 2955/4907/324
f 2961/4914/324 3108/5232/324 2967/4921/324
f 2948/4898/324 3081/5193/324 2940/4885/324
f 2937/4879/324 3103/5226/324 2932/4872/324
f 2932/4872/324 3166/5318/324 3160/5308/324
f 2925/4856/324 3179/5333/324 3177/5331/324
f 2892/4796/324 3084/5199/324 2707/4489/324
f 2866/4749/324 3086/5201/324 2709/4491/324
f 2809/4648/324 3092/5213/324 2750/4564/324
f 2796/4632/324 3088/5206/324 2722/4514/324
f 2789/4624/324 3099/5220/324 2866/4749/324
f 3086/5202/327 2925/4857/327 2709/4492/327
f 3082/5195/325 3116/5244/325 3117/5246/325
f 3083/5197/327 2942/4888/327 2706/4488/327
f 2771/4597/324 3096/5217/324 2789/4624/324
f 2764/4586/324 3097/5218/324 2796/4632/324
f 2757/4575/324 3094/5215/324 2764/4586/324
f 2750/4564/324 3091/5211/324 2743/4552/324
f 3089/5207/325 3146/5287/325 3124/5258/325
f 3091/5212/327 2983/4959/327 2743/4553/327
f 2736/4541/324 3093/5214/324 2757/4575/324
f 2729/4528/324 3095/5216/324 2771/4597/324
f 2942/4889/324 3107/5231/324 2961/4914/324
f 3087/5203/325 3137/5275/325 3122/5254/325
f 2705/4486/324 3100/5221/324 2892/4796/324
f 2708/4490/324 3098/5219/324 2809/4648/324
f 2710/4494/324 3083/5198/324 2706/4487/324
f 3122/5254/325 2928/4864/325 2698/4474/325
f 3124/5258/325 2972/4932/325 2727/4522/325
f 3117/5246/325 2941/4887/325 2693/4466/325
f 3125/5260/325 2976/4941/325 2734/4535/325
f 3123/5256/327 3110/5234/327 3088/5205/327
f 3115/5243/324 3147/5290/324 3112/5239/324
f 3114/5242/324 3150/5294/324 3115/5243/324
f 3113/5240/324 3149/5293/324 3114/5242/324
f 3110/5235/324 3146/5288/324 3111/5236/324
f 3109/5233/324 3141/5281/324 3106/5230/324
f 3108/5232/324 3144/5284/324 3109/5233/324
f 3107/5231/324 3143/5283/324 3108/5232/324
f 3106/5230/324 3116/5245/324 3081/5193/324
f 3179/5333/328 3189/5344/328 3104/5227/328
f 3138/5277/326 3192/5350/326 3139/5278/326
f 3101/5222/324 3180/5334/324 3179/5333/324
f 3100/5221/324 3119/5250/324 3084/5199/324
f 3099/5220/324 3121/5252/324 3086/5201/324
f 3098/5219/324 3127/5264/324 3092/5213/324
f 3097/5218/324 3123/5257/324 3088/5206/324
f 3096/5217/324 3134/5271/324 3099/5220/324
f 3121/5253/327 3101/5223/327 3086/5202/327
f 3118/5248/327 3105/5228/327 3083/5197/327
f 3095/5216/324 3131/5268/324 3096/5217/324
f 3094/5215/324 3132/5269/324 3097/5218/324
f 3093/5214/324 3129/5266/324 3094/5215/324
f 3092/5213/324 3126/5262/324 3091/5211/324
f 3126/5263/327 3113/5241/327 3091/5212/327
f 3090/5210/324 3128/5265/324 3093/5214/324
f 3089/5208/324 3130/5267/324 3095/5216/324
f 3105/5229/324 3142/5282/324 3107/5231/324
f 3082/5196/324 3135/5272/324 3100/5221/324
f 3085/5200/324 3133/5270/324 3098/5219/324
f 3087/5204/324 3118/5249/324 3083/5198/324
f 3166/5318/324 3137/5276/324 3102/5225/324
f 3160/5308/324 3102/5225/324 2927/4862/324
f 3155/5300/328 3042/5101/328 2816/4657/328
f 3164/5315/324 3058/5137/324 3042/5100/324
f 3157/5303/328 3011/5027/328 2912/4834/328
f 3162/5310/324 3003/5007/324 2990/4973/324
f 3167/5319/324 2928/4865/324 3137/5276/324
f 3161/5309/324 2927/4862/324 2931/4871/324
f 3158/5305/324 2931/4871/324 2924/4854/324
f 3156/5302/326 2990/4974/326 2844/4707/326
f 3156/5302/326 3067/5156/326 2855/4728/326
f 3153/5297/328 2929/4867/328 2780/4613/328
f 3152/5296/324 2816/4658/324 2692/4464/324
f 3154/5299/324 2692/4464/324 2704/4484/324
f 3157/5304/324 2691/4463/324 2901/4812/324
f 3153/5298/324 2704/4484/324 2698/4475/324
f 3139/5278/326 3194/5353/326 3180/5334/326
f 3177/5331/324 3104/5227/324 2937/4879/324
f 3175/5328/324 2938/4880/324 2935/4876/324
f 3178/5332/324 2937/4879/324 2938/4880/324
f 3180/5334/324 2936/4878/324 3139/5278/324
f 3173/5326/324 2919/4849/324 2878/4772/324
f 3172/5325/324 2878/4772/324 2877/4769/324
f 3169/5321/324 2877/4769/324 2872/4760/324
f 3170/5322/328 2926/4860/328 2697/4471/328
f 3170/5323/324 2874/4763/324 2873/4762/324
f 3174/5327/324 2871/4759/324 2919/4849/324
f 3171/5324/324 2872/4760/324 2874/4763/324
f 3193/5352/328 3200/5362/328 3185/5340/328
f 3182/5336/326 3203/5365/326 3187/5342/326
f 3187/5342/325 3204/5366/325 3188/5343/325
f 3166/5318/327 3196/5357/327 3167/5319/327
f 3104/5227/328 3190/5346/328 3103/5226/328
f 3103/5226/328 3195/5355/328 3166/5318/328
f 3180/5334/325 3191/5348/325 3179/5333/325
f 3167/5319/326 3184/5338/326 3138/5277/326
f 3182/5336/324 3189/5345/324 3181/5335/324
f 3183/5337/324 3189/5345/324 3191/5349/324
f 3185/5340/324 3184/5339/324 3193/5352/324
f 3186/5341/324 3192/5351/324 3185/5340/324
f 3187/5342/324 3190/5347/324 3182/5336/324
f 3188/5343/324 3184/5339/324 3196/5358/324
f 3187/5342/329 3196/5358/329 3195/5356/329
f 3183/5337/330 3194/5354/330 3186/5341/330
f 3199/5361/324 3198/5360/324 3197/5359/324
f 3197/5359/324 3204/5366/324 3203/5365/324
f 3201/5363/324 3200/5362/324 3199/5361/324
f 3181/5335/326 3197/5359/326 3182/5336/326
f 3186/5341/327 3201/5363/327 3183/5337/327
f 3188/5343/328 3198/5360/328 3193/5352/328
f 3185/5340/328 3202/5364/328 3186/5341/328
f 3183/5337/326 3199/5361/326 3181/5335/326
f 3427/5735/327 3335/5572/327 3446/5774/327
f 3426/5734/327 3418/5720/327 3452/5780/327
f 3229/5405/327 3417/5719/327 3421/5723/327
f 3428/5736/327 3305/5532/327 3441/5760/327
f 3232/5410/327 3336/5573/327 3338/5575/327
f 3233/5411/327 3699/6249/327 3701/6252/327
f 3430/5739/327 3698/6248/327 3704/6255/327
f 3431/5740/327 3210/5376/327 3428/5736/327
f 3230/5407/327 3222/5392/327 3211/5379/327
f 3652/6183/327 3224/5395/327 3648/6177/327
f 3473/5818/327 3490/5841/327 3489/5840/327
f 3650/6179/327 3337/5574/327 3663/6198/327
f 3647/6175/327 3420/5722/327 3665/6200/327
f 3228/5403/327 3230/5407/327 3224/5395/327
f 3700/6251/327 3233/5411/327 3701/6252/327
f 3226/5398/327 3338/5575/327 3337/5574/327
f 3223/5393/327 3421/5723/327 3420/5722/327
f 3241/5423/327 3422/5724/327 3423/5725/327
f 3244/5428/327 3339/5576/327 3340/5577/327
f 3240/5421/324 3632/6152/324 3617/6131/324
f 3246/5431/327 3236/5415/327 3242/5425/327
f 3220/5389/327 3242/5425/327 3208/5373/327
f 3670/6208/327 3489/5840/327 3672/6210/327
f 3212/5380/327 3340/5577/327 3334/5571/327
f 3205/5367/327 3423/5725/327 3419/5721/327
f 3247/5433/327 3260/5457/327 3254/5446/327
f 3382/5647/326 3590/6069/326 3376/5637/326
f 3442/5763/331 3519/5898/331 3385/5654/331
f 3251/5439/331 3499/5852/331 3250/5437/331
f 3251/5440/327 3256/5448/327 3258/5452/327
f 3432/5742/327 3255/5447/327 3433/5744/327
f 3433/5744/327 3297/5519/327 3439/5754/327
f 3258/5452/327 3298/5520/327 3300/5522/327
f 3654/6187/327 3299/5521/327 3660/6195/327
f 3299/5521/327 3258/5452/327 3300/5522/327
f 3424/5727/331 3610/6118/331 3425/5729/331
f 3296/5518/327 3260/5457/327 3302/5527/327
f 3261/5459/327 3288/5505/327 3282/5496/327
f 3327/5561/328 3548/5972/328 3253/5445/328
f 3264/5462/327 3286/5500/327 3285/5499/327
f 3655/6189/327 3285/5499/327 3658/6193/327
f 3265/5465/327 3284/5498/327 3286/5500/327
f 3434/5746/327 3283/5497/327 3437/5752/327
f 3268/5472/327 3333/5569/327 3328/5563/327
f 3367/5623/328 3554/5984/328 3267/5471/328
f 3271/5475/331 3678/6220/331 3656/6191/331
f 3259/5454/324 3641/6165/324 3619/6135/324
f 3272/5478/327 3330/5565/327 3331/5566/327
f 3435/5747/327 3329/5564/327 3445/5772/327
f 3275/5485/327 3274/5483/327 3268/5472/327
f 3343/5581/328 3584/6055/328 3356/5605/328
f 3278/5488/327 3272/5478/327 3271/5476/327
f 3657/6192/327 3271/5476/327 3656/6190/327
f 3279/5489/327 3270/5474/327 3272/5478/327
f 3436/5750/327 3269/5473/327 3435/5747/327
f 3437/5752/327 3290/5508/327 3438/5753/327
f 3286/5500/327 3291/5509/327 3293/5511/327
f 3658/6193/327 3292/5510/327 3659/6194/327
f 3285/5499/327 3293/5511/327 3292/5510/327
f 3288/5505/327 3294/5514/327 3295/5516/327
f 3282/5496/327 3295/5516/327 3289/5507/327
f 3289/5507/327 3327/5562/327 3321/5554/327
f 3425/5730/326 3586/6060/326 3369/5628/326
f 3292/5510/327 3325/5558/327 3324/5557/327
f 3659/6194/327 3324/5557/327 3662/6197/327
f 3293/5511/327 3323/5556/327 3325/5558/327
f 3438/5753/327 3322/5555/327 3444/5769/327
f 3296/5518/327 3320/5553/327 3314/5547/327
f 3302/5527/327 3319/5552/327 3320/5553/327
f 3317/5550/327 3300/5522/327 3318/5551/327
f 3660/6195/327 3317/5550/327 3661/6196/327
f 3300/5522/327 3316/5549/327 3318/5551/327
f 3439/5754/327 3315/5548/327 3443/5766/327
f 3211/5378/331 3312/5544/331 3230/5408/331
f 3304/5530/328 3482/5831/328 3414/5711/328
f 3224/5396/331 3670/6207/331 3648/6176/331
f 3236/5416/331 3477/5824/331 3242/5426/331
f 3440/5757/327 3206/5369/327 3426/5734/327
f 3207/5371/328 3313/5545/328 3304/5530/328
f 3306/5533/328 3469/5810/328 3211/5377/328
f 3235/5413/324 3611/6122/324 3612/6123/324
f 3241/5424/324 3470/5812/324 3235/5413/324
f 3441/5760/327 3409/5701/327 3450/5778/327
f 3403/5689/328 3706/6258/328 3700/6250/328
f 3227/5400/331 3666/6202/331 3651/6181/331
f 3310/5540/327 3684/6227/327 3683/6226/327
f 3312/5543/327 3488/5839/327 3490/5841/327
f 3687/6232/327 3308/5538/327 3681/6223/327
f 3684/6227/327 3309/5539/327 3682/6224/327
f 3443/5766/327 3392/5673/327 3448/5776/327
f 3318/5551/327 3393/5674/327 3395/5676/327
f 3661/6196/327 3394/5675/327 3664/6199/327
f 3394/5675/327 3318/5551/327 3395/5676/327
f 3320/5553/327 3396/5677/327 3397/5678/327
f 3314/5547/327 3397/5678/327 3391/5672/327
f 3444/5769/327 3248/5434/327 3432/5742/327
f 3251/5440/327 3323/5556/327 3249/5435/327
f 3662/6197/327 3250/5436/327 3653/6185/327
f 3324/5557/327 3251/5440/327 3250/5436/327
f 3388/5663/326 3591/6070/326 3378/5639/326
f 3321/5554/327 3253/5444/327 3247/5433/327
f 3445/5772/327 3363/5618/327 3447/5775/327
f 3331/5566/327 3364/5619/327 3365/5620/327
f 3273/5482/326 3516/5891/326 3332/5568/326
f 3332/5568/326 3509/5875/326 3366/5622/326
f 3252/5442/326 3545/5966/326 3326/5559/326
f 3328/5563/327 3367/5624/327 3362/5617/327
f 3334/5571/327 3281/5494/327 3275/5485/327
f 3340/5577/327 3280/5492/327 3281/5494/327
f 3337/5574/327 3279/5489/327 3278/5488/327
f 3663/6198/327 3278/5488/327 3657/6192/327
f 3338/5575/327 3277/5487/327 3279/5489/327
f 3446/5774/327 3276/5486/327 3436/5750/327
f 3336/5573/327 3351/5594/327 3277/5487/327
f 3330/5565/327 3368/5626/327 3364/5619/327
f 3323/5556/327 3347/5587/327 3249/5435/327
f 3316/5549/327 3398/5680/327 3393/5674/327
f 3682/6224/327 3357/5606/327 3685/6229/327
f 3306/5534/327 3411/5706/327 3410/5702/327
f 3304/5531/327 3341/5578/327 3207/5372/327
f 3298/5520/327 3358/5608/327 3316/5549/327
f 3291/5509/327 3359/5610/327 3323/5556/327
f 3284/5498/327 3353/5598/327 3291/5509/327
f 3277/5487/327 3350/5592/327 3270/5474/327
f 3330/5565/327 3350/5592/327 3360/5612/327
f 3263/5461/327 3352/5596/327 3284/5498/327
f 3256/5448/327 3354/5600/327 3298/5520/327
f 3256/5448/327 3347/5587/327 3348/5589/327
f 3211/5379/327 3346/5586/327 3343/5582/327
f 3219/5388/327 3702/6253/327 3699/6249/327
f 3211/5379/327 3356/5604/327 3306/5534/327
f 3207/5372/327 3424/5728/327 3417/5719/327
f 3214/5382/327 3361/5615/327 3336/5573/327
f 3364/5619/327 3349/5591/327 3263/5461/327
f 3362/5617/327 3267/5470/327 3261/5459/327
f 3266/5467/326 3551/5978/326 3366/5622/326
f 3382/5647/326 3524/5912/326 3386/5657/326
f 3264/5463/324 3508/5872/324 3265/5464/324
f 3365/5620/327 3263/5461/327 3265/5465/327
f 3447/5775/327 3262/5460/327 3434/5746/327
f 3368/5626/327 3377/5638/327 3349/5591/327
f 3407/5696/328 3571/6027/328 3357/5607/328
f 3341/5579/328 3609/6117/328 3424/5726/328
f 3378/5639/326 3592/6073/326 3379/5642/326
f 3346/5585/328 3582/6050/328 3343/5581/328
f 3411/5705/331 3608/6112/331 3412/5707/331
f 3347/5588/328 3581/6048/328 3348/5590/328
f 3387/5662/326 3593/6074/326 3381/5644/326
f 3412/5708/326 3596/6082/326 3384/5653/326
f 3348/5590/328 3576/6038/328 3354/5601/328
f 3352/5596/327 3381/5645/327 3353/5598/327
f 3386/5657/326 3594/6077/326 3382/5647/326
f 3356/5605/328 3607/6111/328 3411/5704/328
f 3349/5591/327 3380/5643/327 3352/5596/327
f 3369/5628/326 3595/6079/326 3383/5649/326
f 3274/5484/328 3566/6016/328 3333/5570/328
f 3350/5593/328 3580/6047/328 3360/5613/328
f 3345/5584/327 3703/6254/327 3702/6253/327
f 3383/5649/326 3603/6097/326 3416/5716/326
f 3332/5568/326 3556/5989/326 3273/5482/326
f 3342/5580/327 3389/5667/327 3361/5615/327
f 3398/5680/327 3373/5634/327 3345/5584/327
f 3393/5674/327 3345/5584/327 3219/5388/327
f 3391/5672/327 3245/5429/327 3217/5385/327
f 3397/5678/327 3239/5419/327 3245/5429/327
f 3394/5675/327 3233/5411/327 3227/5401/327
f 3664/6199/327 3227/5401/327 3651/6180/327
f 3395/5676/327 3219/5388/327 3233/5411/327
f 3448/5776/327 3218/5387/327 3430/5739/327
f 3351/5595/328 3579/6044/328 3350/5593/328
f 3402/5688/327 3357/5606/327 3309/5539/327
f 3220/5390/324 3461/5798/324 3246/5432/324
f 3228/5404/328 3689/6235/328 3683/6225/328
f 3310/5540/327 3404/5691/327 3311/5542/327
f 3310/5541/328 3466/5805/328 3403/5689/328
f 3449/5777/327 3308/5538/327 3442/5764/327
f 3404/5691/327 3309/5539/327 3311/5542/327
f 3411/5706/327 3416/5717/327 3415/5714/327
f 3410/5702/327 3415/5714/327 3414/5712/327
f 3450/5778/327 3413/5710/327 3451/5779/327
f 3414/5711/328 3494/5845/328 3410/5703/328
f 3230/5408/331 3473/5819/331 3224/5396/331
f 3208/5374/331 3477/5824/331 3479/5827/331
f 3410/5703/328 3488/5838/328 3306/5533/328
f 3223/5394/324 3400/5685/324 3229/5406/324
f 3229/5406/324 3307/5536/324 3207/5370/324
f 3205/5368/324 3476/5822/324 3241/5424/324
f 3451/5779/327 3303/5529/327 3440/5757/327
f 3414/5712/327 3355/5602/327 3304/5531/327
f 3374/5635/326 3695/6245/326 3686/6230/326
f 3424/5728/327 3372/5633/327 3344/5583/327
f 3417/5719/327 3344/5583/327 3213/5381/327
f 3419/5721/327 3243/5427/327 3216/5384/327
f 3423/5725/327 3237/5417/327 3243/5427/327
f 3420/5722/327 3231/5409/327 3225/5397/327
f 3665/6200/327 3225/5397/327 3649/6178/327
f 3421/5723/327 3213/5381/327 3231/5409/327
f 3452/5780/327 3215/5383/327 3429/5738/327
f 3425/5731/327 3429/5738/327 3372/5633/327
f 3416/5717/327 3440/5757/327 3383/5648/327
f 3412/5709/327 3451/5779/327 3416/5717/327
f 3408/5699/327 3442/5764/327 3385/5655/327
f 3399/5683/327 3430/5739/327 3373/5634/327
f 3377/5638/327 3447/5775/327 3434/5746/327
f 3389/5667/327 3436/5750/327 3379/5640/327
f 3390/5670/327 3445/5772/327 3447/5775/327
f 3384/5651/324 3540/5950/324 3441/5759/324
f 3386/5658/327 3448/5776/327 3399/5683/327
f 3272/5479/331 3511/5880/331 3271/5475/331
f 3384/5652/327 3450/5778/327 3412/5709/327
f 3331/5567/328 3512/5883/328 3272/5477/328
f 3365/5621/328 3515/5889/328 3331/5567/328
f 3387/5660/327 3438/5753/327 3444/5769/327
f 3381/5645/327 3437/5752/327 3438/5753/327
f 3383/5649/326 3522/5907/326 3369/5628/326
f 3383/5650/331 3539/5947/331 3521/5903/331
f 3380/5643/327 3434/5746/327 3437/5752/327
f 3369/5629/324 3531/5929/324 3426/5732/324
f 3443/5767/328 3538/5946/328 3439/5755/328
f 3385/5656/326 3692/6239/326 3686/6230/326
f 3373/5634/327 3704/6255/327 3703/6254/327
f 3426/5733/328 3539/5948/328 3440/5756/328
f 3369/5630/327 3452/5780/327 3425/5731/327
f 3370/5631/327 3446/5774/327 3389/5667/327
f 3666/6201/327 3706/6257/327 3710/6262/327
f 3708/6260/327 3455/5784/327 3707/6259/327
f 3705/6256/327 3460/5796/327 3708/6260/327
f 3453/5781/327 3691/6237/327 3688/6233/327
f 3464/5803/327 3690/6236/327 3691/6237/327
f 3668/6205/327 3689/6234/327 3697/6247/327
f 3465/5804/327 3464/5803/327 3453/5781/327
f 3468/5808/327 3462/5800/327 3464/5803/327
f 3669/6206/327 3459/5794/327 3668/6205/327
f 3239/5420/331 3460/5797/331 3245/5430/331
f 3245/5430/331 3463/5802/331 3217/5386/331
f 3246/5432/324 3457/5789/324 3240/5421/324
f 3477/5825/327 3491/5842/327 3492/5843/327
f 3487/5837/327 3477/5825/327 3492/5843/327
f 3406/5694/327 3476/5823/327 3405/5692/327
f 3480/5829/327 3470/5813/327 3476/5823/327
f 3474/5820/327 3400/5686/327 3471/5814/327
f 3671/6209/327 3471/5814/327 3646/6173/327
f 3475/5821/327 3307/5537/327 3400/5686/327
f 3487/5837/327 3498/5850/327 3493/5844/327
f 3492/5843/327 3497/5849/327 3498/5850/327
f 3489/5840/327 3496/5848/327 3495/5847/327
f 3672/6210/327 3495/5847/327 3673/6211/327
f 3490/5841/327 3494/5846/327 3496/5848/327
f 3484/5834/327 3494/5846/327 3482/5832/327
f 3673/6211/327 3483/5833/327 3674/6212/327
f 3495/5847/327 3484/5834/327 3483/5833/327
f 3498/5850/327 3485/5835/327 3486/5836/327
f 3493/5844/327 3486/5836/327 3481/5830/327
f 3481/5830/327 3480/5829/327 3406/5694/327
f 3486/5836/327 3478/5826/327 3480/5829/327
f 3483/5833/327 3475/5821/327 3474/5820/327
f 3674/6212/327 3474/5820/327 3671/6209/327
f 3484/5834/327 3313/5546/327 3475/5821/327
f 3499/5851/327 3503/5861/327 3502/5859/327
f 3676/6216/327 3499/5851/327 3502/5859/327
f 3511/5881/327 3515/5890/327 3514/5888/327
f 3678/6219/327 3514/5888/327 3679/6221/327
f 3679/6221/327 3505/5867/327 3680/6222/327
f 3514/5888/327 3507/5870/327 3505/5867/327
f 3505/5867/327 3508/5873/327 3506/5868/327
f 3677/6218/327 3505/5867/327 3506/5868/327
f 3517/5894/327 3534/5936/327 3518/5896/327
f 3519/5900/327 3693/6241/327 3692/6238/327
f 3521/5905/327 3531/5931/327 3522/5906/327
f 3523/5909/327 3542/5957/327 3524/5911/327
f 3525/5915/327 3536/5940/327 3526/5917/327
f 3526/5917/327 3544/5962/327 3527/5919/327
f 3528/5922/327 3538/5945/327 3523/5909/327
f 3518/5896/327 3535/5938/327 3528/5922/327
f 3529/5924/327 3533/5935/327 3532/5932/327
f 3529/5924/327 3540/5951/327 3530/5926/327
f 3266/5468/324 3642/6167/324 3620/6137/324
f 3435/5748/328 3537/5943/328 3436/5749/328
f 3257/5450/324 3503/5862/324 3258/5451/324
f 3250/5437/331 3675/6213/331 3653/6184/331
f 3386/5659/324 3542/5958/324 3443/5765/324
f 3445/5773/328 3536/5941/328 3435/5748/328
f 3387/5661/331 3543/5960/331 3517/5893/331
f 3379/5642/326 3526/5918/326 3378/5639/326
f 3388/5665/324 3544/5964/324 3445/5771/324
f 3439/5755/328 3535/5939/328 3433/5745/328
f 3378/5639/326 3527/5921/326 3388/5663/326
f 3433/5745/328 3534/5937/328 3432/5743/328
f 3428/5737/328 3533/5934/328 3431/5741/328
f 3376/5637/326 3523/5910/326 3382/5647/326
f 3432/5743/328 3543/5961/328 3444/5768/328
f 3375/5636/326 3528/5923/326 3376/5637/326
f 3441/5761/328 3532/5933/328 3428/5737/328
f 3374/5635/326 3529/5925/326 3371/5632/326
f 3265/5466/328 3507/5871/328 3365/5621/328
f 3379/5641/331 3537/5944/331 3525/5914/331
f 3431/5741/328 3693/6240/328 3687/6231/328
f 3387/5662/326 3518/5897/326 3375/5636/326
f 3258/5453/328 3500/5855/328 3251/5438/328
f 3366/5622/326 3510/5878/326 3266/5467/326
f 3252/5442/326 3504/5865/326 3259/5455/326
f 3371/5632/326 3530/5928/326 3384/5653/326
f 3548/5971/327 3549/5973/327 3550/5975/327
f 3550/5975/327 3563/6007/327 3564/6010/327
f 3554/5983/327 3559/5995/327 3560/5998/327
f 3558/5993/327 3565/6013/327 3566/6015/327
f 3557/5990/327 3556/5988/327 3558/5993/327
f 3561/6001/327 3545/5965/327 3547/5969/327
f 3547/5969/327 3546/5967/327 3548/5971/327
f 3566/6015/327 3551/5977/327 3553/5981/327
f 3553/5981/327 3552/5979/327 3554/5983/327
f 3567/6017/327 3592/6072/327 3568/6020/327
f 3580/6046/327 3602/6094/327 3585/6057/327
f 3569/6022/327 3589/6066/327 3570/6024/327
f 3605/6103/327 3598/6085/327 3606/6106/327
f 3694/6243/327 3597/6083/327 3695/6244/327
f 3584/6056/327 3608/6114/327 3607/6109/327
f 3574/6033/327 3586/6061/327 3575/6035/327
f 3577/6039/327 3594/6078/327 3598/6085/327
f 3578/6041/327 3599/6087/327 3569/6022/327
f 3568/6020/327 3591/6071/327 3579/6045/327
f 3579/6045/327 3600/6089/327 3580/6046/327
f 3576/6037/327 3590/6068/327 3594/6078/327
f 3570/6024/327 3590/6068/327 3581/6049/327
f 3572/6028/327 3587/6062/327 3582/6051/327
f 3582/6051/327 3596/6081/327 3584/6056/327
f 3575/6035/327 3610/6120/327 3609/6115/327
f 3571/6026/327 3604/6100/327 3597/6083/327
f 3573/6030/327 3595/6080/327 3574/6033/327
f 3294/5513/324 3561/6002/324 3295/5515/324
f 3280/5491/324 3557/5991/324 3281/5493/324
f 3376/5637/326 3589/6067/326 3375/5636/326
f 3371/5632/326 3588/6064/326 3374/5635/326
f 3381/5646/324 3578/6042/324 3353/5597/324
f 3385/5656/326 3604/6101/326 3408/5698/326
f 3384/5653/326 3587/6063/326 3371/5632/326
f 3326/5559/326 3562/6006/326 3294/5512/326
f 3295/5517/328 3547/5970/328 3327/5561/328
f 3366/5622/326 3565/6014/326 3332/5568/326
f 3408/5700/324 3583/6054/324 3407/5695/324
f 3333/5570/328 3553/5982/328 3367/5623/328
f 3361/5616/328 3568/6021/328 3351/5595/328
f 3360/5613/328 3585/6058/328 3368/5625/328
f 3359/5611/328 3570/6025/328 3347/5588/328
f 3389/5668/324 3567/6019/324 3361/5614/324
f 3301/5524/326 3549/5974/326 3259/5455/326
f 3287/5502/326 3552/5980/326 3266/5467/326
f 3273/5482/326 3555/5987/326 3280/5490/326
f 3259/5455/326 3546/5968/326 3252/5442/326
f 3368/5627/331 3602/6095/331 3390/5669/331
f 3260/5458/328 3564/6011/328 3302/5526/328
f 3267/5471/328 3560/5999/328 3288/5504/328
f 3357/5607/328 3694/6242/328 3685/6228/328
f 3281/5495/328 3558/5994/328 3274/5484/328
f 3253/5445/328 3550/5976/328 3260/5458/328
f 3415/5715/328 3574/6034/328 3355/5603/328
f 3379/5642/326 3601/6093/326 3389/5666/326
f 3302/5528/331 3563/6009/331 3301/5523/331
f 3355/5603/328 3575/6036/328 3341/5579/328
f 3358/5609/328 3605/6104/328 3398/5679/328
f 3390/5671/326 3600/6090/326 3388/5663/326
f 3354/5601/328 3577/6040/328 3358/5609/328
f 3399/5684/326 3598/6086/326 3386/5657/326
f 3375/5636/326 3599/6088/326 3387/5662/326
f 3416/5718/324 3573/6032/324 3415/5713/324
f 3353/5599/328 3569/6023/328 3359/5611/328
f 3398/5681/331 3606/6108/331 3399/5682/331
f 3288/5506/331 3559/5997/331 3287/5501/331
f 3618/6134/331 3501/5857/331 3252/5441/331
f 3620/6137/324 3677/6217/324 3655/6188/324
f 3510/5879/327 3645/6171/327 3642/6166/327
f 3516/5892/327 3645/6171/327 3509/5876/327
f 3516/5892/327 3643/6168/327 3644/6170/327
f 3504/5866/327 3640/6163/327 3641/6164/327
f 3478/5826/327 3639/6161/327 3636/6158/327
f 3485/5835/327 3638/6160/327 3639/6161/327
f 3491/5842/327 3638/6160/327 3497/5849/327
f 3478/5826/327 3611/6121/327 3470/5813/327
f 3462/5800/327 3634/6155/327 3633/6154/327
f 3690/6236/327 3633/6154/327 3696/6246/327
f 3455/5784/327 3709/6261/327 3707/6259/327
f 3422/5724/327 3614/6127/327 3237/5417/327
f 3396/5677/327 3616/6129/327 3239/5419/327
f 3339/5576/327 3622/6141/327 3280/5492/327
f 3252/5443/327 3627/6146/327 3618/6133/327
f 3319/5552/327 3629/6148/327 3396/5677/327
f 3616/6130/331 3455/5785/331 3239/5420/331
f 3612/6123/324 3646/6172/324 3647/6174/324
f 3613/6125/331 3472/5816/331 3236/5416/331
f 3301/5525/327 3626/6145/327 3319/5552/327
f 3294/5514/327 3627/6146/327 3326/5560/327
f 3294/5514/327 3623/6142/327 3624/6143/327
f 3280/5492/327 3621/6139/327 3273/5480/327
f 3619/6135/324 3676/6215/324 3654/6186/324
f 3621/6140/331 3513/5887/331 3273/5481/331
f 3287/5503/327 3620/6138/327 3623/6142/327
f 3259/5456/327 3625/6144/327 3301/5525/327
f 3472/5817/327 3637/6159/327 3491/5842/327
f 3617/6131/324 3667/6203/324 3652/6182/324
f 3235/5414/327 3630/6149/327 3422/5724/327
f 3238/5418/327 3628/6147/327 3339/5576/327
f 3240/5422/327 3613/6126/327 3236/5415/327
f 3652/6182/324 3458/5792/324 3228/5402/324
f 3654/6186/324 3502/5860/324 3257/5450/324
f 3647/6174/324 3471/5815/324 3223/5394/324
f 3655/6188/324 3506/5869/324 3264/5463/324
f 3653/6184/331 3640/6162/331 3618/6134/331
f 3645/6171/327 3677/6218/327 3642/6166/327
f 3645/6171/327 3679/6221/327 3680/6222/327
f 3643/6168/327 3679/6221/327 3644/6170/327
f 3640/6163/327 3676/6216/327 3641/6164/327
f 3636/6158/327 3674/6212/327 3671/6209/327
f 3638/6160/327 3674/6212/327 3639/6161/327
f 3637/6159/327 3673/6211/327 3638/6160/327
f 3636/6158/327 3646/6173/327 3611/6121/327
f 3709/6261/328 3719/6272/328 3634/6155/328
f 3668/6205/326 3722/6278/326 3669/6206/326
f 3631/6150/327 3710/6262/327 3709/6261/327
f 3630/6149/327 3649/6178/327 3614/6127/327
f 3629/6148/327 3651/6180/327 3616/6129/327
f 3628/6147/327 3657/6192/327 3622/6141/327
f 3627/6146/327 3653/6185/327 3618/6133/327
f 3626/6145/327 3664/6199/327 3629/6148/327
f 3651/6181/331 3631/6151/331 3616/6130/331
f 3648/6176/331 3635/6156/331 3613/6125/331
f 3626/6145/327 3660/6195/327 3661/6196/327
f 3624/6143/327 3662/6197/327 3627/6146/327
f 3624/6143/327 3658/6193/327 3659/6194/327
f 3622/6141/327 3656/6190/327 3621/6139/327
f 3656/6191/331 3643/6169/331 3621/6140/331
f 3620/6138/327 3658/6193/327 3623/6142/327
f 3619/6136/327 3660/6195/327 3625/6144/327
f 3635/6157/327 3672/6210/327 3637/6159/327
f 3612/6124/327 3665/6200/327 3630/6149/327
f 3615/6128/327 3663/6198/327 3628/6147/327
f 3617/6132/327 3648/6177/327 3613/6126/327
f 3696/6246/327 3667/6204/327 3632/6153/327
f 3690/6236/327 3632/6153/327 3457/5790/327
f 3685/6228/328 3572/6029/328 3346/5585/328
f 3694/6243/327 3588/6065/327 3572/6028/327
f 3687/6231/328 3541/5955/328 3442/5762/328
f 3692/6238/327 3533/5935/327 3520/5901/327
f 3697/6247/327 3458/5793/327 3667/6204/327
f 3691/6237/327 3457/5790/327 3461/5799/327
f 3688/6233/327 3461/5799/327 3454/5782/327
f 3686/6230/326 3520/5902/326 3374/5635/326
f 3686/6230/326 3597/6084/326 3385/5656/326
f 3683/6225/328 3459/5795/328 3310/5541/328
f 3682/6224/327 3346/5586/327 3222/5392/327
f 3684/6227/327 3222/5392/327 3234/5412/327
f 3687/6232/327 3221/5391/327 3431/5740/327
f 3683/6226/327 3234/5412/327 3228/5403/327
f 3669/6206/326 3724/6281/326 3710/6262/326
f 3707/6259/327 3634/6155/327 3467/5807/327
f 3705/6256/327 3468/5808/327 3465/5804/327
f 3708/6260/327 3467/5807/327 3468/5808/327
f 3710/6262/327 3466/5806/327 3669/6206/327
f 3703/6254/327 3449/5777/327 3408/5699/327
f 3407/5697/327 3703/6254/327 3408/5699/327
f 3402/5688/327 3702/6253/327 3407/5697/327
f 3700/6250/328 3456/5788/328 3227/5399/328
f 3403/5690/327 3701/6252/327 3404/5691/327
f 3704/6255/327 3401/5687/327 3449/5777/327
f 3404/5691/327 3699/6249/327 3402/5688/327
f 3723/6280/328 3730/6290/328 3715/6268/328
f 3712/6264/326 3733/6293/326 3717/6270/326
f 3717/6270/324 3734/6294/324 3718/6271/324
f 3696/6246/331 3726/6285/331 3697/6247/331
f 3634/6155/328 3720/6274/328 3633/6154/328
f 3633/6154/328 3725/6283/328 3696/6246/328
f 3710/6262/324 3721/6276/324 3709/6261/324
f 3697/6247/326 3714/6266/326 3668/6205/326
f 3712/6264/327 3719/6273/327 3711/6263/327
f 3713/6265/327 3719/6273/327 3721/6277/327
f 3715/6268/327 3714/6267/327 3723/6280/327
f 3716/6269/327 3722/6279/327 3715/6268/327
f 3717/6270/327 3720/6275/327 3712/6264/327
f 3718/6271/332 3714/6267/332 3726/6286/332
f 3717/6270/327 3726/6286/327 3725/6284/327
f 3713/6265/327 3724/6282/327 3716/6269/327
f 3727/6287/327 3730/6290/327 3728/6288/327
f 3727/6287/327 3734/6294/327 3733/6293/327
f 3729/6289/327 3732/6292/327 3730/6290/327
f 3711/6263/326 3727/6287/326 3712/6264/326
f 3716/6269/331 3731/6291/331 3713/6265/331
f 3718/6271/328 3728/6288/328 3723/6280/328
f 3715/6268/328 3732/6292/328 3716/6269/328
f 3713/6265/326 3729/6289/326 3711/6263/326
f 3957/6663/331 3865/6500/331 3976/6702/331
f 3956/6662/331 3948/6648/331 3982/6708/331
f 3759/6333/331 3947/6647/331 3951/6651/331
f 3958/6664/331 3835/6460/331 3971/6688/331
f 3762/6338/331 3866/6501/331 3868/6503/331
f 3763/6339/331 4229/7177/331 4231/7180/331
f 3960/6667/331 4228/7176/331 4234/7183/331
f 3961/6668/331 3740/6304/331 3958/6664/331
f 3764/6340/331 3741/6307/331 3760/6335/331
f 4182/7111/331 3754/6323/331 4178/7105/331
f 4003/6746/331 4020/6769/331 4019/6768/331
f 4180/7107/331 3867/6502/331 4193/7126/331
f 4177/7103/331 3950/6650/331 4195/7128/331
f 3758/6331/331 3760/6335/331 3754/6323/331
f 3757/6328/331 4231/7180/331 4230/7179/331
f 3756/6326/331 3868/6503/331 3867/6502/331
f 3753/6321/331 3951/6651/331 3950/6650/331
f 3771/6351/331 3952/6652/331 3953/6653/331
f 3774/6356/331 3869/6504/331 3870/6505/331
f 3770/6349/327 4162/7080/327 4147/7059/327
f 3776/6359/331 3766/6343/331 3772/6353/331
f 3750/6317/331 3772/6353/331 3738/6301/331
f 4200/7136/331 4019/6768/331 4202/7138/331
f 3742/6308/331 3870/6505/331 3864/6499/331
f 3735/6295/331 3953/6653/331 3949/6649/331
f 3777/6361/331 3790/6385/331 3784/6374/331
f 3912/6575/326 4120/6997/326 3906/6565/326
f 3972/6691/325 4049/6826/325 3915/6582/325
f 3781/6367/325 4029/6780/325 3780/6365/325
f 3781/6368/331 3786/6376/331 3788/6380/331
f 3962/6670/331 3785/6375/331 3963/6672/331
f 3963/6672/331 3827/6447/331 3969/6682/331
f 3788/6380/331 3828/6448/331 3830/6450/331
f 4184/7115/331 3829/6449/331 4190/7123/331
f 3787/6377/331 3830/6450/331 3829/6449/331
f 3954/6655/325 4140/7046/325 3955/6657/325
f 3784/6374/331 3832/6455/331 3826/6446/331
f 3791/6387/331 3818/6433/331 3812/6424/331
f 3857/6489/328 4078/6900/328 3783/6373/328
f 3794/6390/331 3816/6428/331 3815/6427/331
f 4185/7117/331 3815/6427/331 4188/7121/331
f 3795/6393/331 3814/6426/331 3816/6428/331
f 3964/6674/331 3813/6425/331 3967/6680/331
f 3798/6400/331 3863/6497/331 3858/6491/331
f 3897/6551/328 4084/6912/328 3797/6399/328
f 3801/6403/325 4208/7148/325 4186/7119/325
f 3789/6382/327 4171/7093/327 4149/7063/327
f 3802/6406/331 3860/6493/331 3861/6494/331
f 3965/6675/331 3859/6492/331 3975/6700/331
f 3805/6413/331 3804/6411/331 3798/6400/331
f 3873/6509/328 4114/6983/328 3886/6533/328
f 3808/6416/331 3802/6406/331 3801/6404/331
f 4187/7120/331 3801/6404/331 4186/7118/331
f 3809/6417/331 3800/6402/331 3802/6406/331
f 3966/6678/331 3799/6401/331 3965/6675/331
f 3967/6680/331 3820/6436/331 3968/6681/331
f 3816/6428/331 3821/6437/331 3823/6439/331
f 4188/7121/331 3822/6438/331 4189/7122/331
f 3815/6427/331 3823/6439/331 3822/6438/331
f 3818/6433/331 3824/6442/331 3825/6444/331
f 3812/6424/331 3825/6444/331 3819/6435/331
f 3819/6435/331 3857/6490/331 3851/6482/331
f 3955/6658/326 4116/6988/326 3899/6556/326
f 3822/6438/331 3855/6486/331 3854/6485/331
f 4189/7122/331 3854/6485/331 4192/7125/331
f 3823/6439/331 3853/6484/331 3855/6486/331
f 3968/6681/331 3852/6483/331 3974/6697/331
f 3826/6446/331 3850/6481/331 3844/6475/331
f 3832/6455/331 3849/6480/331 3850/6481/331
f 3829/6449/331 3848/6479/331 3847/6478/331
f 4190/7123/331 3847/6478/331 4191/7124/331
f 3830/6450/331 3846/6477/331 3848/6479/331
f 3969/6682/331 3845/6476/331 3973/6694/331
f 3741/6306/325 3842/6472/325 3760/6336/325
f 3834/6458/328 4012/6759/328 3944/6639/328
f 3754/6324/325 4200/7135/325 4178/7104/325
f 3766/6344/325 4007/6752/325 3772/6354/325
f 3970/6685/331 3736/6297/331 3956/6662/331
f 3737/6299/328 3843/6473/328 3834/6458/328
f 3836/6461/328 3999/6738/328 3741/6305/328
f 3765/6341/327 4141/7050/327 4142/7051/327
f 3771/6352/327 4000/6740/327 3765/6341/327
f 3971/6688/331 3939/6629/331 3980/6706/331
f 3933/6618/328 4236/7186/328 4230/7178/328
f 3757/6327/325 4196/7130/325 4181/7109/325
f 3840/6468/331 4214/7155/331 4213/7154/331
f 3842/6471/331 4018/6767/331 4020/6769/331
f 3972/6692/331 4211/7151/331 4217/7160/331
f 3841/6470/331 4212/7152/331 4214/7155/331
f 3973/6694/331 3922/6601/331 3978/6704/331
f 3848/6479/331 3923/6602/331 3925/6604/331
f 4191/7124/331 3924/6603/331 4194/7127/331
f 3847/6478/331 3925/6604/331 3924/6603/331
f 3850/6481/331 3926/6605/331 3927/6606/331
f 3844/6475/331 3927/6606/331 3921/6600/331
f 3974/6697/331 3778/6362/331 3962/6670/331
f 3855/6486/331 3779/6363/331 3781/6368/331
f 4192/7125/331 3780/6364/331 4183/7113/331
f 3854/6485/331 3781/6368/331 3780/6364/331
f 3918/6591/326 4121/6998/326 3908/6567/326
f 3851/6482/333 3783/6372/333 3777/6361/333
f 3975/6700/331 3893/6546/331 3977/6703/331
f 3861/6494/331 3894/6547/331 3895/6548/331
f 3803/6410/326 4046/6819/326 3862/6496/326
f 3862/6496/326 4039/6803/326 3896/6550/326
f 3782/6370/326 4075/6894/326 3856/6487/326
f 3858/6491/331 3897/6552/331 3892/6545/331
f 3864/6499/331 3811/6422/331 3805/6413/331
f 3870/6505/331 3810/6420/331 3811/6422/331
f 3867/6502/331 3809/6417/331 3808/6416/331
f 4193/7126/331 3808/6416/331 4187/7120/331
f 3868/6503/331 3807/6415/331 3809/6417/331
f 3976/6702/331 3806/6414/331 3966/6678/331
f 3866/6501/331 3881/6522/331 3807/6415/331
f 3860/6493/331 3898/6554/331 3894/6547/331
f 3853/6484/331 3877/6515/331 3779/6363/331
f 3846/6477/331 3928/6607/331 3923/6602/331
f 3839/6467/331 4215/7157/331 4212/7152/331
f 3836/6462/331 3941/6634/331 3940/6630/331
f 3834/6459/331 3871/6506/331 3737/6300/331
f 3828/6448/331 3888/6536/331 3846/6477/331
f 3821/6437/331 3889/6538/331 3853/6484/331
f 3814/6426/331 3883/6526/331 3821/6437/331
f 3807/6415/331 3880/6520/331 3800/6402/331
f 3800/6402/331 3890/6540/331 3860/6493/331
f 3793/6389/331 3882/6524/331 3814/6426/331
f 3786/6376/331 3884/6528/331 3828/6448/331
f 3779/6363/331 3878/6517/331 3786/6376/331
f 3752/6320/331 3873/6510/331 3741/6307/331
f 3749/6316/331 4232/7181/331 4229/7177/331
f 3741/6307/331 3886/6532/331 3836/6462/331
f 3737/6300/331 3954/6656/331 3947/6647/331
f 3744/6310/331 3891/6543/331 3866/6501/331
f 3894/6547/331 3879/6519/331 3793/6389/331
f 3892/6545/331 3797/6398/331 3791/6387/331
f 3896/6550/326 4082/6908/326 4081/6906/326
f 3912/6575/326 4054/6840/326 3916/6585/326
f 3794/6391/327 4038/6800/327 3795/6392/327
f 3895/6548/331 3793/6389/331 3795/6393/331
f 3977/6703/331 3792/6388/331 3964/6674/331
f 3898/6554/331 3907/6566/331 3879/6519/331
f 3887/6535/328 4113/6980/328 4101/6955/328
f 3871/6507/328 4139/7045/328 3954/6654/328
f 3908/6567/326 4122/7001/326 3909/6570/326
f 3876/6513/328 4112/6978/328 3873/6509/328
f 3941/6633/325 4138/7040/325 3942/6635/325
f 3877/6516/328 4111/6976/328 3878/6518/328
f 3917/6590/326 4123/7002/326 3911/6572/326
f 3942/6636/326 4126/7010/326 3914/6581/326
f 3884/6529/328 4111/6976/328 4106/6966/328
f 3882/6524/331 3911/6573/331 3883/6526/331
f 3916/6585/326 4124/7005/326 3912/6575/326
f 3886/6533/328 4137/7039/328 3941/6632/328
f 3879/6519/331 3910/6571/331 3882/6524/331
f 3899/6556/326 4125/7007/326 3913/6578/326
f 3804/6412/328 4096/6944/328 3863/6498/328
f 3880/6521/328 4110/6975/328 3890/6541/328
f 3875/6512/331 4233/7182/331 4232/7181/331
f 3913/6578/326 4133/7025/326 3946/6644/326
f 3862/6496/326 4086/6917/326 3803/6410/326
f 3872/6508/331 3919/6595/331 3891/6543/331
f 3928/6607/331 3903/6562/331 3875/6512/331
f 3923/6602/331 3875/6512/331 3749/6316/331
f 3921/6600/331 3775/6357/331 3747/6313/331
f 3927/6606/331 3769/6347/331 3775/6357/331
f 3924/6603/331 3763/6339/331 3757/6328/331
f 4194/7127/331 3757/6328/331 4181/7108/331
f 3925/6604/331 3749/6316/331 3763/6339/331
f 3978/6704/331 3748/6315/331 3960/6667/331
f 3881/6523/328 4109/6972/328 3880/6521/328
f 3932/6616/331 3887/6534/331 3839/6467/331
f 3750/6318/327 3991/6726/327 3776/6360/327
f 3758/6332/328 4219/7163/328 4213/7153/328
f 3933/6617/331 3841/6470/331 3840/6468/331
f 3933/6618/328 3989/6723/328 3996/6733/328
f 3979/6705/331 3838/6466/331 3972/6692/331
f 3934/6619/331 3839/6467/331 3841/6470/331
f 3941/6634/331 3946/6645/331 3945/6642/331
f 3940/6630/331 3945/6642/331 3944/6640/331
f 3980/6706/331 3943/6638/331 3981/6707/331
f 3944/6639/328 4024/6773/328 3940/6631/328
f 3760/6336/325 4003/6747/325 3754/6324/325
f 3772/6354/325 4009/6755/325 3738/6302/325
f 3940/6631/328 4018/6766/328 3836/6461/328
f 3753/6322/327 3930/6613/327 3759/6334/327
f 3759/6334/327 3837/6464/327 3737/6298/327
f 3735/6296/327 4006/6750/327 3771/6352/327
f 3981/6707/331 3833/6457/331 3970/6685/331
f 3944/6640/331 3885/6530/331 3834/6459/331
f 3904/6563/326 4225/7173/326 4216/7158/326
f 3954/6656/331 3902/6561/331 3874/6511/331
f 3947/6647/331 3874/6511/331 3743/6309/331
f 3949/6649/331 3773/6355/331 3746/6312/331
f 3953/6653/331 3767/6345/331 3773/6355/331
f 3950/6650/331 3761/6337/331 3755/6325/331
f 4195/7128/331 3755/6325/331 4179/7106/331
f 3951/6651/331 3743/6309/331 3761/6337/331
f 3982/6708/331 3745/6311/331 3959/6666/331
f 3955/6659/331 3959/6666/331 3902/6561/331
f 3946/6645/331 3970/6685/331 3913/6576/331
f 3942/6637/331 3981/6707/331 3946/6645/331
f 3938/6628/331 3972/6692/331 3915/6583/331
f 3929/6611/331 3960/6667/331 3903/6562/331
f 3920/6598/331 3964/6674/331 3907/6566/331
f 3919/6595/331 3966/6678/331 3909/6568/331
f 3918/6592/331 3977/6703/331 3920/6598/331
f 3914/6579/327 4070/6878/327 3971/6687/327
f 3916/6586/331 3978/6704/331 3929/6611/331
f 3802/6407/325 4041/6808/325 3801/6403/325
f 3914/6580/331 3980/6706/331 3942/6637/331
f 3861/6495/328 4042/6811/328 3802/6405/328
f 3895/6549/328 4045/6817/328 3861/6495/328
f 3911/6573/331 3974/6697/331 3917/6588/331
f 3910/6571/331 3968/6681/331 3911/6573/331
f 3913/6578/326 4052/6835/326 3899/6556/326
f 3970/6686/325 4051/6832/325 3913/6577/325
f 3907/6566/331 3967/6680/331 3910/6571/331
f 3899/6557/327 4061/6857/327 3956/6660/327
f 3969/6683/328 4072/6884/328 4068/6874/328
f 3915/6584/326 4222/7167/326 4216/7158/326
f 3903/6562/331 4234/7183/331 4233/7182/331
f 3956/6661/328 4069/6876/328 3970/6684/328
f 3899/6558/331 3982/6708/331 3955/6659/331
f 3900/6559/331 3976/6702/331 3919/6595/331
f 4196/7129/331 4236/7185/331 4240/7190/331
f 3990/6724/331 4237/7187/331 4238/7188/331
f 3993/6729/331 4238/7188/331 4235/7184/331
f 3983/6709/331 4221/7165/331 4218/7161/331
f 3994/6731/331 4220/7164/331 4221/7165/331
f 4198/7133/331 4219/7162/331 4227/7175/331
f 3995/6732/331 3994/6731/331 3983/6709/331
f 3998/6736/331 3992/6728/331 3994/6731/331
f 4199/7134/331 3989/6722/331 4198/7133/331
f 3769/6348/325 3990/6725/325 3775/6358/325
f 3775/6358/325 3993/6730/325 3747/6314/325
f 3776/6360/327 3987/6717/327 3770/6349/327
f 4007/6753/331 4021/6770/331 4022/6771/331
f 4009/6756/331 4022/6771/331 4017/6765/331
f 3936/6622/331 4006/6751/331 3935/6620/331
f 4010/6757/331 4000/6741/331 4006/6751/331
f 4004/6748/331 3930/6614/331 4001/6742/331
f 4201/7137/331 4001/6742/331 4176/7101/331
f 4005/6749/331 3837/6465/331 3930/6614/331
f 4017/6765/331 4028/6778/331 4023/6772/331
f 4022/6771/331 4027/6777/331 4028/6778/331
f 4019/6768/331 4026/6776/331 4025/6775/331
f 4202/7138/331 4025/6775/331 4203/7139/331
f 4020/6769/331 4024/6774/331 4026/6776/331
f 4026/6776/331 4012/6760/331 4014/6762/331
f 4203/7139/331 4013/6761/331 4204/7140/331
f 4025/6775/331 4014/6762/331 4013/6761/331
f 4028/6778/331 4015/6763/331 4016/6764/331
f 4023/6772/331 4016/6764/331 4011/6758/331
f 4011/6758/331 4010/6757/331 3936/6622/331
f 4016/6764/331 4008/6754/331 4010/6757/331
f 4013/6761/331 4005/6749/331 4004/6748/331
f 4204/7140/331 4004/6748/331 4201/7137/331
f 4014/6762/331 3843/6474/331 4005/6749/331
f 4029/6779/331 4033/6789/331 4032/6787/331
f 4205/7142/331 4032/6787/331 4206/7144/331
f 4041/6809/331 4045/6818/331 4044/6816/331
f 4208/7147/331 4044/6816/331 4209/7149/331
f 4209/7149/331 4035/6795/331 4210/7150/331
f 4044/6816/331 4037/6798/331 4035/6795/331
f 4035/6795/331 4038/6801/331 4036/6796/331
f 4210/7150/331 4036/6796/331 4207/7146/331
f 4047/6821/331 4064/6864/331 4048/6824/331
f 4049/6828/331 4223/7169/331 4222/7166/331
f 4051/6833/331 4061/6859/331 4052/6834/331
f 4053/6837/331 4072/6885/331 4054/6839/331
f 4055/6842/331 4066/6868/331 4056/6845/331
f 4056/6845/331 4074/6890/331 4057/6847/331
f 4058/6850/331 4068/6873/331 4053/6837/331
f 4048/6824/331 4065/6866/331 4058/6850/331
f 4050/6829/331 4062/6860/331 4059/6852/331
f 4059/6852/331 4070/6879/331 4060/6854/331
f 3796/6396/327 4172/7094/327 4150/7065/327
f 3965/6676/328 4067/6871/328 3966/6677/328
f 3787/6378/327 4033/6790/327 3788/6379/327
f 3780/6365/325 4205/7141/325 4183/7112/325
f 3916/6587/327 4072/6886/327 3973/6693/327
f 3975/6701/328 4066/6869/328 3965/6676/328
f 3974/6698/325 4047/6822/325 3917/6589/325
f 3909/6570/326 4056/6846/326 3908/6567/326
f 3918/6593/327 4074/6892/327 3975/6699/327
f 3969/6683/328 4065/6867/328 3963/6673/328
f 3908/6567/326 4057/6849/326 3918/6591/326
f 3963/6673/328 4064/6865/328 3962/6671/328
f 3958/6665/328 4063/6862/328 3961/6669/328
f 3906/6565/326 4053/6838/326 3912/6575/326
f 3962/6671/328 4073/6889/328 3974/6696/328
f 3905/6564/326 4058/6851/326 3906/6565/326
f 3958/6665/328 4070/6880/328 4062/6861/328
f 3904/6563/326 4059/6853/326 3901/6560/326
f 3795/6394/328 4037/6799/328 3895/6549/328
f 3966/6679/325 4055/6844/325 3909/6569/325
f 3961/6669/328 4223/7168/328 4217/7159/328
f 3917/6590/326 4048/6825/326 3905/6564/326
f 3788/6381/328 4030/6783/328 3781/6366/328
f 3896/6550/326 4040/6807/326 3796/6395/326
f 3782/6370/326 4034/6794/326 3789/6383/326
f 3901/6560/326 4060/6856/326 3914/6581/326
f 4078/6899/331 4079/6901/331 4080/6903/331
f 4080/6903/331 4093/6935/331 4094/6938/331
f 4084/6911/331 4089/6923/331 4090/6926/331
f 4088/6921/331 4095/6941/331 4096/6943/331
f 4087/6918/331 4086/6916/331 4088/6921/331
f 4091/6929/331 4075/6893/331 4077/6897/331
f 4077/6897/331 4076/6895/331 4078/6899/331
f 4096/6943/331 4081/6905/331 4083/6909/331
f 4083/6909/331 4082/6907/331 4084/6911/331
f 4097/6945/331 4122/7000/331 4098/6948/331
f 4110/6974/331 4132/7022/331 4115/6985/331
f 4099/6950/331 4119/6994/331 4100/6952/331
f 4107/6967/331 4136/7034/331 4135/7031/331
f 4101/6954/331 4225/7172/331 4224/7171/331
f 4114/6984/331 4138/7042/331 4137/7037/331
f 4104/6961/331 4116/6989/331 4105/6963/331
f 4106/6965/331 4128/7013/331 4107/6967/331
f 4108/6969/331 4129/7015/331 4099/6950/331
f 4098/6948/331 4121/6999/331 4109/6973/331
f 4109/6973/331 4130/7017/331 4110/6974/331
f 4111/6977/331 4124/7006/331 4106/6965/331
f 4100/6952/331 4120/6996/331 4111/6977/331
f 4102/6956/331 4117/6990/331 4112/6979/331
f 4112/6979/331 4126/7009/331 4114/6984/331
f 4105/6963/331 4140/7048/331 4139/7043/331
f 4113/6981/331 4127/7011/331 4101/6954/331
f 4103/6958/331 4125/7008/331 4104/6961/331
f 3824/6441/327 4091/6930/327 3825/6443/327
f 3810/6419/327 4087/6919/327 3811/6421/327
f 3906/6565/326 4119/6995/326 3905/6564/326
f 3901/6560/326 4118/6992/326 3904/6563/326
f 3911/6574/327 4108/6970/327 3883/6525/327
f 3915/6584/326 4134/7029/326 3938/6626/326
f 3914/6581/326 4117/6991/326 3901/6560/326
f 3856/6487/326 4092/6934/326 3824/6440/326
f 3825/6445/328 4077/6898/328 3857/6489/328
f 3896/6550/326 4095/6942/326 3862/6496/326
f 3938/6627/327 4113/6982/327 3937/6623/327
f 3863/6498/328 4083/6910/328 3897/6551/328
f 3891/6544/328 4098/6949/328 3881/6523/328
f 3890/6541/328 4115/6986/328 3898/6553/328
f 3889/6539/328 4100/6953/328 3877/6516/328
f 3919/6596/327 4097/6947/327 3891/6542/327
f 3831/6452/326 4079/6902/326 3789/6383/326
f 3817/6430/326 4082/6908/326 3796/6395/326
f 3803/6410/326 4085/6915/326 3810/6418/326
f 3789/6383/326 4076/6896/326 3782/6370/326
f 3898/6555/325 4132/7023/325 3920/6597/325
f 3790/6386/328 4094/6939/328 3832/6454/328
f 3797/6399/328 4090/6927/328 3818/6432/328
f 4215/7156/328 4101/6955/328 4224/7170/328
f 3811/6423/328 4088/6922/328 3804/6412/328
f 3783/6373/328 4080/6904/328 3790/6386/328
f 3945/6643/328 4104/6962/328 3885/6531/328
f 3909/6570/326 4131/7021/326 3919/6594/326
f 3832/6456/325 4093/6937/325 3831/6451/325
f 3885/6531/328 4105/6964/328 3871/6507/328
f 3928/6608/328 4107/6968/328 4135/7032/328
f 3920/6599/326 4130/7018/326 3918/6591/326
f 3888/6537/328 4106/6966/328 4107/6968/328
f 3929/6612/326 4128/7014/326 3916/6585/326
f 3905/6564/326 4129/7016/326 3917/6590/326
f 3946/6646/327 4103/6960/327 3945/6641/327
f 3883/6527/328 4099/6951/328 3889/6539/328
f 3928/6609/325 4136/7036/325 3929/6610/325
f 3818/6434/325 4089/6925/325 3817/6429/325
f 3782/6371/325 4170/7090/325 4031/6784/325
f 4150/7065/327 4207/7145/327 4185/7116/327
f 4039/6804/331 4172/7095/331 4040/6805/331
f 4046/6820/331 4175/7099/331 4039/6804/331
f 4043/6814/331 4174/7098/331 4046/6820/331
f 4031/6786/331 4171/7092/331 4034/6792/331
f 4015/6763/331 4166/7086/331 4008/6754/331
f 4027/6777/331 4169/7089/331 4015/6763/331
f 4021/6770/331 4168/7088/331 4027/6777/331
f 4008/6754/331 4141/7049/331 4000/6741/331
f 3997/6735/331 4163/7082/331 3992/6728/331
f 3992/6728/331 4226/7174/331 4220/7164/331
f 3985/6712/331 4239/7189/331 4237/7187/331
f 3952/6652/331 4144/7055/331 3767/6345/331
f 3926/6605/331 4146/7057/331 3769/6347/331
f 3869/6504/331 4152/7069/331 3810/6420/331
f 3856/6488/331 4148/7062/331 3782/6369/331
f 3849/6480/331 4159/7076/331 3926/6605/331
f 4146/7058/325 3985/6713/325 3769/6348/325
f 4142/7051/327 4176/7100/327 4177/7102/327
f 4143/7053/325 4002/6744/325 3766/6344/325
f 3831/6453/331 4156/7073/331 3849/6480/331
f 3824/6442/331 4157/7074/331 3856/6488/331
f 3817/6431/331 4154/7071/331 3824/6442/331
f 3810/6420/331 4151/7067/331 3803/6408/331
f 4149/7063/327 4206/7143/327 4184/7114/327
f 4151/7068/325 4043/6815/325 3803/6409/325
f 3796/6397/331 4153/7070/331 3817/6431/331
f 3789/6384/331 4155/7072/331 3831/6453/331
f 4002/6745/331 4167/7087/331 4021/6770/331
f 4147/7059/327 4197/7131/327 4182/7110/327
f 3765/6342/331 4160/7077/331 3952/6652/331
f 3768/6346/331 4158/7075/331 3869/6504/331
f 3770/6350/331 4143/7054/331 3766/6343/331
f 4182/7110/327 3988/6720/327 3758/6330/327
f 4184/7114/327 4032/6788/327 3787/6378/327
f 4177/7102/327 4001/6743/327 3753/6322/327
f 4185/7116/327 4036/6797/327 3794/6391/327
f 4183/7112/325 4170/7090/325 4148/7061/325
f 4175/7099/331 4207/7146/331 4172/7095/331
f 4174/7098/331 4210/7150/331 4175/7099/331
f 4173/7096/331 4209/7149/331 4174/7098/331
f 4170/7091/331 4206/7144/331 4171/7092/331
f 4169/7089/331 4201/7137/331 4166/7086/331
f 4168/7088/331 4204/7140/331 4169/7089/331
f 4167/7087/331 4203/7139/331 4168/7088/331
f 4166/7086/331 4176/7101/331 4141/7049/331
f 4164/7083/328 4251/7204/328 4249/7200/328
f 4198/7133/326 4252/7206/326 4199/7134/326
f 4161/7078/331 4240/7190/331 4239/7189/331
f 4160/7077/331 4179/7106/331 4144/7055/331
f 4159/7076/331 4181/7108/331 4146/7057/331
f 4158/7075/331 4187/7120/331 4152/7069/331
f 4157/7074/331 4183/7113/331 4148/7062/331
f 4156/7073/331 4194/7127/331 4159/7076/331
f 4181/7109/325 4161/7079/325 4146/7058/325
f 4178/7104/325 4165/7084/325 4143/7053/325
f 4155/7072/331 4191/7124/331 4156/7073/331
f 4154/7071/331 4192/7125/331 4157/7074/331
f 4153/7070/331 4189/7122/331 4154/7071/331
f 4152/7069/331 4186/7118/331 4151/7067/331
f 4186/7119/325 4173/7097/325 4151/7068/325
f 4150/7066/331 4188/7121/331 4153/7070/331
f 4149/7064/331 4190/7123/331 4155/7072/331
f 4165/7085/331 4202/7138/331 4167/7087/331
f 4142/7052/331 4195/7128/331 4160/7077/331
f 4145/7056/331 4193/7126/331 4158/7075/331
f 4147/7060/331 4178/7105/331 4143/7054/331
f 4226/7174/331 4197/7132/331 4162/7081/331
f 4220/7164/331 4162/7081/331 3987/6718/331
f 4215/7156/328 4102/6957/328 3876/6513/328
f 4224/7171/331 4118/6993/331 4102/6956/331
f 4217/7159/328 4071/6883/328 3972/6690/328
f 4222/7166/331 4063/6863/331 4050/6829/331
f 4227/7175/331 3988/6721/331 4197/7132/331
f 4221/7165/331 3987/6718/331 3991/6727/331
f 4218/7161/331 3991/6727/331 3984/6710/331
f 3904/6563/326 4222/7167/326 4050/6830/326
f 4216/7158/326 4127/7012/326 3915/6584/326
f 4213/7153/328 3989/6723/328 3840/6469/328
f 4212/7152/331 3876/6514/331 3752/6320/331
f 4214/7155/331 3752/6320/331 3764/6340/331
f 4217/7160/331 3751/6319/331 3961/6668/331
f 4213/7154/331 3764/6340/331 3758/6331/331
f 4199/7134/326 4254/7209/326 4240/7190/326
f 4237/7187/331 4164/7083/331 3997/6735/331
f 4235/7184/331 3998/6736/331 3995/6732/331
f 4238/7188/331 3997/6735/331 3998/6736/331
f 4240/7190/331 3996/6734/331 4199/7134/331
f 4233/7182/331 3979/6705/331 3938/6628/331
f 4232/7181/331 3938/6628/331 3937/6625/331
f 4229/7177/331 3937/6625/331 3932/6616/331
f 3757/6329/328 4236/7186/328 3986/6714/328
f 4230/7179/331 3934/6619/331 3933/6617/331
f 4234/7183/331 3931/6615/331 3979/6705/331
f 4231/7180/331 3932/6616/331 3934/6619/331
f 4245/7196/328 4258/7216/328 4260/7218/328
f 4242/7192/326 4263/7221/326 4247/7198/326
f 4247/7198/327 4264/7222/327 4248/7199/327
f 4226/7174/325 4256/7213/325 4227/7175/325
f 4163/7082/328 4249/7200/328 4250/7202/328
f 4163/7082/328 4255/7211/328 4226/7174/328
f 4240/7190/327 4251/7204/327 4239/7189/327
f 4227/7175/326 4244/7194/326 4198/7133/326
f 4242/7192/331 4249/7201/331 4241/7191/331
f 4243/7193/331 4249/7201/331 4251/7205/331
f 4245/7196/331 4244/7195/331 4253/7208/331
f 4246/7197/331 4252/7207/331 4245/7196/331
f 4247/7198/331 4250/7203/331 4242/7192/331
f 4248/7199/331 4244/7195/331 4256/7214/331
f 4247/7198/333 4256/7214/333 4255/7212/333
f 4243/7193/334 4254/7210/334 4246/7197/334
f 4259/7217/331 4258/7216/331 4257/7215/331
f 4257/7215/331 4264/7222/331 4263/7221/331
f 4261/7219/331 4260/7218/331 4259/7217/331
f 4241/7191/326 4257/7215/326 4242/7192/326
f 4246/7197/325 4261/7219/325 4243/7193/325
f 4248/7199/328 4258/7216/328 4253/7208/328
f 4245/7196/328 4262/7220/328 4246/7197/328
f 4243/7193/326 4259/7217/326 4241/7191/326
f 4487/7591/325 4395/7428/325 4506/7630/325
f 4486/7590/325 4478/7576/325 4512/7636/325
f 4289/7261/325 4477/7575/325 4481/7579/325
f 4488/7592/325 4365/7388/325 4501/7616/325
f 4398/7431/325 4274/7238/325 4396/7429/325
f 4293/7267/325 4759/8105/325 4761/8108/325
f 4490/7595/325 4758/8104/325 4764/8111/325
f 4491/7596/325 4270/7232/325 4488/7592/325
f 4294/7268/325 4271/7235/325 4290/7263/325
f 4712/8039/325 4284/7251/325 4708/8033/325
f 4549/7696/325 4372/7399/325 4550/7697/325
f 4723/8054/325 4286/7254/325 4397/7430/325
f 4707/8031/325 4480/7578/325 4725/8056/325
f 4288/7259/325 4290/7263/325 4284/7251/325
f 4287/7257/325 4761/8108/325 4760/8107/325
f 4286/7254/325 4398/7431/325 4397/7430/325
f 4283/7249/325 4481/7579/325 4480/7578/325
f 4301/7279/325 4482/7580/325 4483/7581/325
f 4304/7284/325 4399/7432/325 4400/7433/325
f 4300/7277/331 4692/8008/331 4677/7987/331
f 4306/7287/325 4296/7271/325 4302/7281/325
f 4280/7245/325 4302/7281/325 4268/7229/325
f 4732/8066/325 4533/7674/325 4549/7696/325
f 4272/7236/325 4400/7433/325 4394/7427/325
f 4265/7223/325 4483/7581/325 4479/7577/325
f 4307/7289/325 4320/7313/325 4314/7302/325
f 4442/7503/326 4650/7925/326 4436/7493/326
f 4502/7619/324 4579/7754/324 4445/7510/324
f 4311/7295/324 4559/7708/324 4310/7293/324
f 4318/7308/325 4309/7291/325 4316/7304/325
f 4492/7598/325 4315/7303/325 4493/7600/325
f 4493/7600/325 4357/7375/325 4499/7610/325
f 4318/7308/325 4358/7376/325 4360/7378/325
f 4714/8043/325 4359/7377/325 4720/8051/325
f 4317/7305/325 4360/7378/325 4359/7377/325
f 4484/7583/324 4670/7974/324 4485/7585/324
f 4314/7302/325 4362/7383/325 4356/7374/325
f 4321/7315/325 4348/7361/325 4342/7352/325
f 4387/7417/328 4608/7828/328 4313/7301/328
f 4324/7318/325 4346/7356/325 4345/7355/325
f 4715/8045/325 4345/7355/325 4718/8049/325
f 4325/7321/325 4344/7354/325 4346/7356/325
f 4494/7602/325 4343/7353/325 4497/7608/325
f 4328/7328/325 4393/7425/325 4388/7419/325
f 4427/7479/328 4614/7840/328 4327/7327/328
f 4331/7331/324 4738/8076/324 4716/8047/324
f 4319/7310/331 4701/8020/331 4679/7991/331
f 4332/7334/325 4390/7421/325 4391/7422/325
f 4505/7628/325 4329/7329/325 4389/7420/325
f 4328/7328/325 4341/7350/325 4334/7339/325
f 4403/7437/328 4644/7911/328 4416/7461/328
f 4338/7344/325 4332/7334/325 4331/7332/325
f 4717/8048/325 4331/7332/325 4716/8046/325
f 4339/7345/325 4330/7330/325 4332/7334/325
f 4496/7606/325 4329/7329/325 4495/7603/325
f 4497/7608/325 4350/7364/325 4498/7609/325
f 4346/7356/325 4351/7365/325 4353/7367/325
f 4718/8049/325 4352/7366/325 4719/8050/325
f 4345/7355/325 4353/7367/325 4352/7366/325
f 4348/7361/325 4354/7370/325 4355/7372/325
f 4342/7352/325 4355/7372/325 4349/7363/325
f 4381/7410/325 4355/7372/325 4387/7418/325
f 4485/7586/326 4646/7916/326 4429/7484/326
f 4352/7366/325 4385/7414/325 4384/7413/325
f 4719/8050/325 4384/7413/325 4722/8053/325
f 4353/7367/325 4383/7412/325 4385/7414/325
f 4498/7609/325 4382/7411/325 4504/7625/325
f 4356/7374/325 4380/7409/325 4374/7403/325
f 4362/7383/325 4379/7408/325 4380/7409/325
f 4359/7377/325 4378/7407/325 4377/7406/325
f 4720/8051/325 4377/7406/325 4721/8052/325
f 4360/7378/325 4376/7405/325 4378/7407/325
f 4499/7610/325 4375/7404/325 4503/7622/325
f 4271/7234/324 4372/7400/324 4290/7264/324
f 4364/7386/328 4542/7687/328 4474/7567/328
f 4284/7252/324 4730/8063/324 4708/8032/324
f 4296/7272/324 4537/7680/324 4302/7282/324
f 4486/7590/325 4363/7385/325 4266/7225/325
f 4267/7227/328 4373/7401/328 4364/7386/328
f 4366/7389/328 4529/7666/328 4271/7233/328
f 4295/7269/331 4671/7978/331 4672/7979/331
f 4301/7280/331 4530/7668/331 4295/7269/331
f 4501/7616/325 4469/7557/325 4510/7634/325
f 4463/7545/328 4766/8114/328 4760/8106/328
f 4287/7256/324 4726/8058/324 4711/8037/324
f 4370/7396/325 4744/8083/325 4743/8082/325
f 4550/7697/325 4529/7667/325 4548/7695/325
f 4502/7620/325 4741/8079/325 4747/8088/325
f 4371/7398/325 4742/8080/325 4744/8083/325
f 4503/7622/325 4452/7529/325 4508/7632/325
f 4378/7407/325 4453/7530/325 4455/7532/325
f 4721/8052/325 4454/7531/325 4724/8055/325
f 4377/7406/325 4455/7532/325 4454/7531/325
f 4380/7409/325 4456/7533/325 4457/7534/325
f 4374/7403/325 4457/7534/325 4451/7528/325
f 4504/7625/325 4308/7290/325 4492/7598/325
f 4385/7414/325 4309/7291/325 4311/7296/325
f 4722/8053/325 4310/7292/325 4713/8041/325
f 4384/7413/325 4311/7296/325 4310/7292/325
f 4448/7519/326 4651/7926/326 4438/7495/326
f 4381/7410/325 4313/7300/325 4307/7289/325
f 4505/7628/325 4423/7474/325 4507/7631/325
f 4391/7422/325 4424/7475/325 4425/7476/325
f 4333/7338/326 4576/7747/326 4392/7424/326
f 4392/7424/326 4569/7731/326 4426/7478/326
f 4312/7298/326 4605/7822/326 4386/7415/326
f 4422/7473/325 4393/7425/325 4427/7480/325
f 4394/7427/325 4341/7350/325 4335/7341/325
f 4400/7433/325 4340/7348/325 4341/7350/325
f 4397/7430/325 4339/7345/325 4338/7344/325
f 4723/8054/325 4338/7344/325 4717/8048/325
f 4398/7431/325 4337/7343/325 4339/7345/325
f 4506/7630/325 4336/7342/325 4496/7606/325
f 4396/7429/325 4411/7450/325 4337/7343/325
f 4390/7421/325 4428/7482/325 4424/7475/325
f 4383/7412/325 4407/7443/325 4309/7291/325
f 4376/7405/325 4458/7536/325 4453/7530/325
f 4369/7395/325 4745/8085/325 4742/8080/325
f 4366/7390/325 4471/7562/325 4470/7558/325
f 4364/7387/325 4401/7434/325 4267/7228/325
f 4358/7376/325 4418/7464/325 4376/7405/325
f 4351/7365/325 4419/7466/325 4383/7412/325
f 4344/7354/325 4413/7454/325 4351/7365/325
f 4337/7343/325 4410/7448/325 4330/7330/325
f 4330/7330/325 4420/7468/325 4390/7421/325
f 4323/7317/325 4412/7452/325 4344/7354/325
f 4316/7304/325 4414/7456/325 4358/7376/325
f 4309/7291/325 4408/7445/325 4316/7304/325
f 4282/7248/325 4403/7438/325 4271/7235/325
f 4279/7244/325 4762/8109/325 4759/8105/325
f 4366/7390/325 4403/7438/325 4416/7460/325
f 4267/7228/325 4484/7584/325 4477/7575/325
f 4274/7238/325 4421/7471/325 4396/7429/325
f 4424/7475/325 4409/7447/325 4323/7317/325
f 4321/7315/325 4427/7480/325 4327/7326/325
f 4326/7323/326 4611/7834/326 4426/7478/326
f 4442/7503/326 4584/7768/326 4446/7513/326
f 4324/7319/331 4568/7728/331 4325/7320/331
f 4425/7476/325 4323/7317/325 4325/7321/325
f 4507/7631/325 4322/7316/325 4494/7602/325
f 4428/7482/325 4437/7494/325 4409/7447/325
f 4467/7552/328 4631/7883/328 4417/7463/328
f 4401/7435/328 4669/7973/328 4484/7582/328
f 4438/7495/326 4652/7929/326 4439/7498/326
f 4406/7441/328 4642/7906/328 4403/7437/328
f 4471/7561/324 4668/7968/324 4472/7563/324
f 4407/7444/328 4641/7904/328 4408/7446/328
f 4447/7518/326 4653/7930/326 4441/7500/326
f 4472/7564/326 4656/7938/326 4444/7509/326
f 4408/7446/328 4636/7894/328 4414/7457/328
f 4412/7452/325 4441/7501/325 4413/7454/325
f 4446/7513/326 4654/7933/326 4442/7503/326
f 4416/7461/328 4667/7967/328 4471/7560/328
f 4409/7447/325 4440/7499/325 4412/7452/325
f 4429/7484/326 4655/7935/326 4443/7506/326
f 4334/7340/328 4626/7872/328 4393/7426/328
f 4410/7449/328 4640/7903/328 4420/7469/328
f 4405/7440/325 4763/8110/325 4762/8109/325
f 4443/7506/326 4663/7953/326 4476/7572/326
f 4392/7424/326 4616/7845/326 4333/7338/326
f 4402/7436/325 4449/7523/325 4421/7471/325
f 4458/7536/325 4433/7490/325 4405/7440/325
f 4453/7530/325 4405/7440/325 4279/7244/325
f 4451/7528/325 4305/7285/325 4277/7241/325
f 4457/7534/325 4299/7275/325 4305/7285/325
f 4454/7531/325 4293/7267/325 4287/7257/325
f 4724/8055/325 4287/7257/325 4711/8036/325
f 4455/7532/325 4279/7244/325 4293/7267/325
f 4508/7632/325 4278/7243/325 4490/7595/325
f 4411/7451/328 4639/7900/328 4410/7449/328
f 4462/7544/325 4417/7462/325 4369/7395/325
f 4280/7246/331 4521/7654/331 4306/7288/331
f 4288/7260/328 4749/8091/328 4743/8081/328
f 4463/7546/325 4371/7398/325 4370/7396/325
f 4370/7397/328 4526/7661/328 4463/7545/328
f 4509/7633/325 4368/7394/325 4502/7620/325
f 4464/7547/325 4369/7395/325 4371/7398/325
f 4471/7562/325 4476/7573/325 4475/7570/325
f 4470/7558/325 4475/7570/325 4474/7568/325
f 4510/7634/325 4473/7566/325 4511/7635/325
f 4474/7567/328 4554/7701/328 4470/7559/328
f 4290/7264/324 4533/7675/324 4284/7252/324
f 4302/7282/324 4539/7683/324 4268/7230/324
f 4470/7559/328 4548/7694/328 4366/7389/328
f 4283/7250/331 4460/7541/331 4289/7262/331
f 4289/7262/331 4367/7392/331 4267/7226/331
f 4265/7224/331 4536/7678/331 4301/7280/331
f 4511/7635/325 4363/7385/325 4500/7613/325
f 4474/7568/325 4415/7458/325 4364/7387/325
f 4434/7491/326 4755/8101/326 4746/8086/326
f 4484/7584/325 4432/7489/325 4404/7439/325
f 4477/7575/325 4404/7439/325 4273/7237/325
f 4479/7577/325 4303/7283/325 4276/7240/325
f 4483/7581/325 4297/7273/325 4303/7283/325
f 4480/7578/325 4291/7265/325 4285/7253/325
f 4725/8056/325 4285/7253/325 4709/8034/325
f 4291/7265/325 4477/7575/325 4273/7237/325
f 4512/7636/325 4275/7239/325 4489/7594/325
f 4485/7587/325 4489/7594/325 4432/7489/325
f 4476/7573/325 4500/7613/325 4443/7504/325
f 4472/7565/325 4511/7635/325 4476/7573/325
f 4468/7556/325 4502/7620/325 4445/7511/325
f 4459/7539/325 4490/7595/325 4433/7490/325
f 4450/7526/325 4494/7602/325 4437/7494/325
f 4449/7523/325 4496/7606/325 4439/7496/325
f 4448/7520/325 4507/7631/325 4450/7526/325
f 4444/7507/331 4600/7806/331 4501/7615/331
f 4446/7514/325 4508/7632/325 4459/7539/325
f 4332/7335/324 4571/7736/324 4331/7331/324
f 4444/7508/325 4510/7634/325 4472/7565/325
f 4391/7423/328 4572/7739/328 4332/7333/328
f 4425/7477/328 4575/7745/328 4391/7423/328
f 4441/7501/325 4504/7625/325 4447/7516/325
f 4440/7499/325 4498/7609/325 4441/7501/325
f 4443/7506/326 4582/7762/326 4429/7484/326
f 4500/7614/324 4581/7760/324 4443/7505/324
f 4437/7494/325 4497/7608/325 4440/7499/325
f 4429/7485/331 4591/7786/331 4486/7588/331
f 4503/7623/328 4598/7802/328 4499/7611/328
f 4445/7512/326 4752/8095/326 4746/8086/326
f 4433/7490/325 4764/8111/325 4763/8110/325
f 4486/7589/328 4599/7804/328 4500/7612/328
f 4429/7486/325 4512/7636/325 4485/7587/325
f 4430/7487/325 4506/7630/325 4449/7523/325
f 4726/8057/325 4766/8113/325 4770/8118/325
f 4520/7652/325 4767/8115/325 4768/8116/325
f 4523/7657/325 4768/8116/325 4765/8112/325
f 4513/7637/325 4751/8093/325 4748/8089/325
f 4524/7659/325 4750/8092/325 4751/8093/325
f 4728/8061/325 4749/8090/325 4757/8103/325
f 4525/7660/325 4524/7659/325 4513/7637/325
f 4528/7664/325 4522/7656/325 4524/7659/325
f 4729/8062/325 4519/7650/325 4728/8061/325
f 4299/7276/324 4520/7653/324 4305/7286/324
f 4305/7286/324 4523/7658/324 4277/7242/324
f 4306/7288/331 4517/7645/331 4300/7277/331
f 4537/7681/325 4551/7698/325 4552/7699/325
f 4539/7684/325 4552/7699/325 4547/7693/325
f 4466/7550/325 4536/7679/325 4465/7548/325
f 4540/7685/325 4530/7669/325 4536/7679/325
f 4534/7676/325 4460/7542/325 4531/7670/325
f 4706/8029/325 4534/7676/325 4531/7670/325
f 4535/7677/325 4367/7393/325 4460/7542/325
f 4547/7693/325 4558/7706/325 4553/7700/325
f 4552/7699/325 4557/7705/325 4558/7706/325
f 4549/7696/325 4556/7704/325 4555/7703/325
f 4732/8066/325 4555/7703/325 4733/8067/325
f 4550/7697/325 4554/7702/325 4556/7704/325
f 4556/7704/325 4542/7688/325 4544/7690/325
f 4734/8068/325 4555/7703/325 4543/7689/325
f 4555/7703/325 4544/7690/325 4543/7689/325
f 4546/7692/325 4557/7705/325 4545/7691/325
f 4541/7686/325 4558/7706/325 4546/7692/325
f 4466/7550/325 4546/7692/325 4540/7685/325
f 4540/7685/325 4545/7691/325 4538/7682/325
f 4543/7689/325 4535/7677/325 4534/7676/325
f 4734/8068/325 4534/7676/325 4731/8065/325
f 4544/7690/325 4373/7402/325 4535/7677/325
f 4559/7707/325 4563/7717/325 4562/7715/325
f 4735/8070/325 4562/7715/325 4736/8071/325
f 4571/7737/325 4575/7746/325 4574/7744/325
f 4738/8075/325 4574/7744/325 4739/8077/325
f 4739/8077/325 4565/7723/325 4740/8078/325
f 4574/7744/325 4567/7726/325 4565/7723/325
f 4565/7723/325 4568/7729/325 4566/7724/325
f 4737/8073/325 4565/7723/325 4566/7724/325
f 4578/7752/325 4603/7815/325 4594/7792/325
f 4579/7756/325 4753/8097/325 4752/8094/325
f 4582/7764/325 4599/7805/325 4591/7785/325
f 4583/7765/325 4602/7813/325 4584/7767/325
f 4585/7770/325 4596/7796/325 4586/7773/325
f 4586/7773/325 4604/7818/325 4587/7775/325
f 4588/7778/325 4598/7801/325 4583/7765/325
f 4578/7752/325 4595/7794/325 4588/7778/325
f 4580/7757/325 4592/7788/325 4589/7780/325
f 4589/7780/325 4600/7807/325 4590/7782/325
f 4326/7324/331 4702/8022/331 4680/7993/331
f 4495/7604/328 4597/7799/328 4496/7605/328
f 4317/7306/331 4563/7718/331 4318/7307/331
f 4310/7293/324 4735/8069/324 4713/8040/324
f 4446/7515/331 4602/7814/331 4503/7621/331
f 4505/7629/328 4596/7797/328 4495/7604/328
f 4504/7626/324 4577/7750/324 4447/7517/324
f 4439/7498/326 4586/7774/326 4438/7495/326
f 4448/7521/331 4604/7820/331 4505/7627/331
f 4499/7611/328 4595/7795/328 4493/7601/328
f 4438/7495/326 4587/7777/326 4448/7519/326
f 4493/7601/328 4594/7793/328 4492/7599/328
f 4488/7593/328 4593/7791/328 4491/7597/328
f 4436/7493/326 4583/7766/326 4442/7503/326
f 4492/7599/328 4603/7817/328 4504/7624/328
f 4435/7492/326 4588/7779/326 4436/7493/326
f 4501/7617/328 4592/7789/328 4488/7593/328
f 4434/7491/326 4589/7781/326 4431/7488/326
f 4325/7322/328 4567/7727/328 4425/7477/328
f 4496/7607/324 4585/7772/324 4439/7497/324
f 4491/7597/328 4753/8096/328 4747/8087/328
f 4447/7518/326 4578/7753/326 4435/7492/326
f 4318/7309/328 4560/7711/328 4311/7294/328
f 4426/7478/326 4570/7735/326 4326/7323/326
f 4312/7298/326 4564/7722/326 4319/7311/326
f 4431/7488/326 4590/7784/326 4444/7509/326
f 4608/7827/325 4609/7829/325 4610/7831/325
f 4624/7866/325 4609/7829/325 4623/7863/325
f 4614/7839/325 4619/7851/325 4620/7854/325
f 4618/7849/325 4625/7869/325 4626/7871/325
f 4618/7849/325 4615/7841/325 4616/7844/325
f 4607/7825/325 4622/7860/325 4605/7821/325
f 4607/7825/325 4606/7823/325 4608/7827/325
f 4613/7837/325 4625/7869/325 4611/7833/325
f 4613/7837/325 4612/7835/325 4614/7839/325
f 4627/7873/325 4652/7928/325 4628/7876/325
f 4640/7902/325 4662/7950/325 4645/7913/325
f 4629/7878/325 4649/7922/325 4630/7880/325
f 4637/7895/325 4666/7962/325 4665/7959/325
f 4631/7882/325 4755/8100/325 4754/8099/325
f 4644/7912/325 4668/7970/325 4667/7965/325
f 4635/7891/325 4655/7936/325 4646/7917/325
f 4636/7893/325 4658/7941/325 4637/7895/325
f 4638/7897/325 4659/7943/325 4629/7878/325
f 4628/7876/325 4651/7927/325 4639/7901/325
f 4639/7901/325 4660/7945/325 4640/7902/325
f 4641/7905/325 4654/7934/325 4636/7893/325
f 4630/7880/325 4650/7924/325 4641/7905/325
f 4632/7884/325 4647/7918/325 4642/7907/325
f 4642/7907/325 4656/7937/325 4644/7912/325
f 4635/7891/325 4670/7976/325 4669/7971/325
f 4643/7909/325 4657/7939/325 4631/7882/325
f 4633/7886/325 4655/7936/325 4634/7889/325
f 4354/7369/331 4621/7858/331 4355/7371/331
f 4340/7347/331 4617/7847/331 4341/7349/331
f 4436/7493/326 4649/7923/326 4435/7492/326
f 4431/7488/326 4648/7920/326 4434/7491/326
f 4441/7502/331 4638/7898/331 4413/7453/331
f 4445/7512/326 4664/7957/326 4468/7554/326
f 4444/7509/326 4647/7919/326 4431/7488/326
f 4386/7415/326 4622/7862/326 4354/7368/326
f 4355/7373/328 4607/7826/328 4387/7417/328
f 4426/7478/326 4625/7870/326 4392/7424/326
f 4468/7555/331 4643/7910/331 4467/7551/331
f 4393/7426/328 4613/7838/328 4427/7479/328
f 4421/7472/328 4628/7877/328 4411/7451/328
f 4420/7469/328 4645/7914/328 4428/7481/328
f 4419/7467/328 4630/7881/328 4407/7444/328
f 4449/7524/331 4627/7875/331 4421/7470/331
f 4361/7380/326 4609/7830/326 4319/7311/326
f 4347/7358/326 4612/7836/326 4326/7323/326
f 4333/7338/326 4615/7843/326 4340/7346/326
f 4319/7311/326 4606/7824/326 4312/7298/326
f 4428/7483/324 4662/7951/324 4450/7525/324
f 4320/7314/328 4624/7867/328 4362/7382/328
f 4327/7327/328 4620/7855/328 4348/7360/328
f 4417/7463/328 4754/8098/328 4745/8084/328
f 4341/7351/328 4618/7850/328 4334/7340/328
f 4313/7301/328 4610/7832/328 4320/7314/328
f 4475/7571/328 4634/7890/328 4415/7459/328
f 4439/7498/326 4661/7949/326 4449/7522/326
f 4362/7384/324 4623/7865/324 4361/7379/324
f 4415/7459/328 4635/7892/328 4401/7435/328
f 4418/7465/328 4665/7960/328 4458/7535/328
f 4450/7527/326 4660/7946/326 4448/7519/326
f 4414/7457/328 4637/7896/328 4418/7465/328
f 4459/7540/326 4658/7942/326 4446/7513/326
f 4435/7492/326 4659/7944/326 4447/7518/326
f 4476/7574/331 4633/7888/331 4475/7569/331
f 4413/7455/328 4629/7879/328 4419/7467/328
f 4458/7537/324 4666/7964/324 4459/7538/324
f 4348/7362/324 4619/7853/324 4347/7357/324
f 4312/7299/324 4700/8018/324 4561/7712/324
f 4680/7993/331 4737/8074/331 4715/8044/331
f 4569/7732/325 4702/8023/325 4570/7733/325
f 4576/7748/325 4705/8027/325 4569/7732/325
f 4573/7742/325 4704/8026/325 4576/7748/325
f 4561/7714/325 4701/8021/325 4564/7720/325
f 4545/7691/325 4696/8014/325 4538/7682/325
f 4545/7691/325 4698/8016/325 4699/8017/325
f 4551/7698/325 4698/8016/325 4557/7705/325
f 4538/7682/325 4671/7977/325 4530/7669/325
f 4527/7663/325 4693/8010/325 4522/7656/325
f 4522/7656/325 4756/8102/325 4750/8092/325
f 4515/7640/325 4769/8117/325 4767/8115/325
f 4482/7580/325 4674/7983/325 4297/7273/325
f 4456/7533/325 4676/7985/325 4299/7275/325
f 4399/7432/325 4682/7997/325 4340/7348/325
f 4386/7416/325 4678/7990/325 4312/7297/325
f 4379/7408/325 4689/8004/325 4456/7533/325
f 4676/7986/324 4515/7641/324 4299/7276/324
f 4672/7979/331 4706/8028/331 4707/8030/331
f 4673/7981/324 4532/7672/324 4296/7272/324
f 4361/7381/325 4686/8001/325 4379/7408/325
f 4386/7416/325 4684/7999/325 4687/8002/325
f 4347/7359/325 4684/7999/325 4354/7370/325
f 4340/7348/325 4681/7995/325 4333/7336/325
f 4679/7991/331 4736/8072/331 4714/8042/331
f 4681/7996/324 4573/7743/324 4333/7337/324
f 4326/7325/325 4683/7998/325 4347/7359/325
f 4361/7381/325 4679/7992/325 4685/8000/325
f 4532/7673/325 4697/8015/325 4551/7698/325
f 4677/7987/331 4727/8059/331 4712/8038/331
f 4295/7270/325 4690/8005/325 4482/7580/325
f 4298/7274/325 4688/8003/325 4399/7432/325
f 4300/7278/325 4673/7982/325 4296/7271/325
f 4712/8038/331 4518/7649/331 4288/7258/331
f 4714/8042/331 4562/7716/331 4317/7306/331
f 4707/8030/331 4531/7671/331 4283/7250/331
f 4715/8044/331 4566/7725/331 4324/7319/331
f 4713/8040/324 4700/8018/324 4678/7989/324
f 4702/8023/325 4740/8078/325 4737/8073/325
f 4704/8026/325 4740/8078/325 4705/8027/325
f 4703/8024/325 4739/8077/325 4704/8026/325
f 4701/8021/325 4735/8070/325 4736/8071/325
f 4699/8017/325 4731/8065/325 4696/8014/325
f 4699/8017/325 4733/8067/325 4734/8068/325
f 4697/8015/325 4733/8067/325 4698/8016/325
f 4696/8014/325 4706/8029/325 4671/7977/325
f 4769/8117/328 4779/8128/328 4694/8011/328
f 4728/8061/326 4782/8134/326 4729/8062/326
f 4691/8006/325 4770/8118/325 4769/8117/325
f 4690/8005/325 4709/8034/325 4674/7983/325
f 4689/8004/325 4711/8036/325 4676/7985/325
f 4688/8003/325 4717/8048/325 4682/7997/325
f 4687/8002/325 4713/8041/325 4678/7990/325
f 4686/8001/325 4724/8055/325 4689/8004/325
f 4711/8037/324 4691/8007/324 4676/7986/324
f 4708/8032/324 4695/8012/324 4673/7981/324
f 4685/8000/325 4721/8052/325 4686/8001/325
f 4687/8002/325 4719/8050/325 4722/8053/325
f 4683/7998/325 4719/8050/325 4684/7999/325
f 4682/7997/325 4716/8046/325 4681/7995/325
f 4716/8047/324 4703/8025/324 4681/7996/324
f 4680/7994/325 4718/8049/325 4683/7998/325
f 4685/8000/325 4714/8043/325 4720/8051/325
f 4695/8013/325 4732/8066/325 4697/8015/325
f 4672/7980/325 4725/8056/325 4690/8005/325
f 4675/7984/325 4723/8054/325 4688/8003/325
f 4677/7988/325 4708/8033/325 4673/7982/325
f 4692/8009/325 4757/8103/325 4727/8060/325
f 4750/8092/325 4692/8009/325 4517/7646/325
f 4745/8084/328 4632/7885/328 4406/7441/328
f 4754/8099/325 4648/7921/325 4632/7884/325
f 4747/8087/328 4601/7811/328 4502/7618/328
f 4580/7757/325 4753/8097/325 4593/7790/325
f 4727/8060/325 4749/8090/325 4518/7647/325
f 4751/8093/325 4517/7646/325 4521/7655/325
f 4748/8089/325 4521/7655/325 4514/7638/325
f 4746/8086/326 4580/7758/326 4434/7491/326
f 4746/8086/326 4657/7940/326 4445/7512/326
f 4743/8081/328 4519/7651/328 4370/7397/328
f 4742/8080/325 4406/7442/325 4282/7248/325
f 4744/8083/325 4282/7248/325 4294/7268/325
f 4747/8088/325 4281/7247/325 4491/7596/325
f 4743/8082/325 4294/7268/325 4288/7259/325
f 4729/8062/326 4784/8137/326 4770/8118/326
f 4767/8115/325 4694/8011/325 4527/7663/325
f 4525/7660/325 4768/8116/325 4528/7664/325
f 4768/8116/325 4527/7663/325 4528/7664/325
f 4770/8118/325 4526/7662/325 4729/8062/325
f 4468/7556/325 4764/8111/325 4509/7633/325
f 4762/8109/325 4468/7556/325 4467/7553/325
f 4759/8105/325 4467/7553/325 4462/7544/325
f 4760/8106/328 4516/7644/328 4287/7255/328
f 4760/8107/325 4464/7547/325 4463/7546/325
f 4764/8111/325 4461/7543/325 4509/7633/325
f 4761/8108/325 4462/7544/325 4464/7547/325
f 4783/8136/328 4790/8146/328 4775/8124/328
f 4772/8120/326 4793/8149/326 4777/8126/326
f 4777/8126/331 4794/8150/331 4778/8127/331
f 4756/8102/324 4786/8141/324 4757/8103/324
f 4694/8011/328 4780/8130/328 4693/8010/328
f 4693/8010/328 4785/8139/328 4756/8102/328
f 4770/8118/331 4781/8132/331 4769/8117/331
f 4757/8103/326 4774/8122/326 4728/8061/326
f 4772/8120/325 4779/8129/325 4771/8119/325
f 4773/8121/325 4779/8129/325 4781/8133/325
f 4775/8124/325 4774/8123/325 4783/8136/325
f 4776/8125/325 4782/8135/325 4775/8124/325
f 4777/8126/325 4780/8131/325 4772/8120/325
f 4778/8127/325 4774/8123/325 4786/8142/325
f 4778/8127/325 4785/8140/325 4777/8126/325
f 4773/8121/325 4784/8138/325 4776/8125/325
f 4789/8145/325 4788/8144/325 4787/8143/325
f 4793/8149/325 4788/8144/325 4794/8150/325
f 4791/8147/325 4790/8146/325 4789/8145/325
f 4771/8119/326 4787/8143/326 4772/8120/326
f 4776/8125/324 4791/8147/324 4773/8121/324
f 4778/8127/328 4788/8144/328 4783/8136/328
f 4775/8124/328 4792/8148/328 4776/8125/328
f 4773/8121/326 4789/8145/326 4771/8119/326
f 4796/8153/327 4797/8157/327 4795/8151/327
f 4798/8159/331 4801/8167/331 4797/8155/331
f 4802/8170/325 4799/8162/325 4801/8167/325
f 4800/8165/324 4795/8151/324 4799/8161/324
f 4801/8168/328 4795/8152/328 4797/8156/328
f 4798/8160/326 4800/8166/326 4802/8169/326
f 4804/8173/327 4805/8177/327 4803/8171/327
f 4806/8179/331 4809/8187/331 4805/8175/331
f 4810/8190/325 4807/8182/325 4809/8187/325
f 4808/8185/324 4803/8171/324 4807/8181/324
f 4809/8188/328 4803/8172/328 4805/8176/328
f 4806/8180/326 4808/8186/326 4810/8189/326
f 2897/4807/324 2679/4447/324 2805/4644/324
f 2896/4806/324 2676/4441/324 2888/4792/324
f 2699/4477/324 2677/4444/324 2887/4791/324
f 2898/4808/324 2680/4448/324 2775/4604/324
f 2702/4482/324 2684/4454/324 2806/4645/324
f 2703/4483/324 2689/4460/324 3169/5321/324
f 2900/4811/324 2688/4459/324 3168/5320/324
f 2901/4812/324 2691/4463/324 2680/4448/324
f 2704/4484/324 2692/4464/324 2681/4451/324
f 3122/5255/324 2698/4475/324 2694/4467/324
f 2943/4890/324 2782/4615/324 2960/4913/324
f 3120/5251/324 2696/4470/324 2807/4646/324
f 3117/5247/324 2693/4465/324 2890/4794/324
f 2698/4475/324 2704/4484/324 2700/4479/324
f 2697/4473/324 2703/4483/324 3171/5324/324
f 2696/4470/324 2702/4482/324 2808/4647/324
f 2693/4465/324 2699/4477/324 2891/4795/324
f 2711/4495/324 2705/4486/324 2892/4796/324
f 2714/4500/324 2708/4490/324 2809/4648/324
f 2710/4493/325 2927/4861/325 3102/5224/325
f 2716/4503/324 2710/4494/324 2706/4487/324
f 2690/4461/324 2716/4503/324 2712/4497/324
f 3140/5280/324 2943/4890/324 2959/4912/324
f 2682/4452/324 2714/4500/324 2810/4649/324
f 2675/4439/324 2711/4495/324 2893/4797/324
f 2717/4505/324 2723/4516/324 2730/4529/324
f 2852/4719/326 3064/5149/326 3060/5141/326
f 2912/4835/327 3011/5025/327 2989/4970/327
f 2721/4511/327 2970/4925/327 2969/4924/327
f 2721/4512/324 2719/4507/324 2726/4520/324
f 2902/4814/324 2718/4506/324 2725/4519/324
f 2903/4816/324 2725/4519/324 2767/4591/324
f 2728/4524/324 2726/4520/324 2768/4592/324
f 3124/5259/324 2727/4521/324 2769/4593/324
f 2727/4521/324 2728/4524/324 2770/4594/324
f 2894/4799/327 3079/5188/327 3080/5190/327
f 2724/4518/324 2730/4529/324 2772/4599/324
f 2731/4531/324 2737/4542/324 2758/4577/324
f 2797/4633/328 3017/5042/328 3018/5044/328
f 2734/4534/324 2735/4537/324 2756/4572/324
f 3125/5261/324 2734/4534/324 2755/4571/324
f 2735/4537/324 2733/4533/324 2754/4570/324
f 2904/4818/324 2732/4532/324 2753/4569/324
f 2738/4544/324 2744/4555/324 2803/4641/324
f 2837/4695/328 3023/5054/328 3024/5056/328
f 2741/4547/327 2981/4952/327 3148/5292/327
f 2729/4526/325 2974/4937/325 3111/5237/325
f 2742/4550/324 2740/4546/324 2800/4637/324
f 2905/4819/324 2739/4545/324 2799/4636/324
f 2745/4557/324 2751/4566/324 2744/4555/324
f 2813/4653/328 3052/5122/328 3054/5127/328
f 2748/4560/324 2749/4561/324 2742/4550/324
f 3127/5264/324 2748/4560/324 2741/4548/324
f 2749/4561/324 2747/4559/324 2740/4546/324
f 2906/4822/324 2746/4558/324 2739/4545/324
f 2907/4824/324 2753/4569/324 2760/4580/324
f 2756/4572/324 2754/4570/324 2761/4581/324
f 3128/5265/324 2755/4571/324 2762/4582/324
f 2755/4571/324 2756/4572/324 2763/4583/324
f 2758/4577/324 2757/4575/324 2764/4586/324
f 2752/4568/324 2758/4577/324 2765/4588/324
f 2759/4579/324 2765/4588/324 2797/4634/324
f 2895/4802/326 3080/5191/326 3056/5132/326
f 2762/4582/324 2763/4583/324 2795/4630/324
f 3129/5266/324 2762/4582/324 2794/4629/324
f 2763/4583/324 2761/4581/324 2793/4628/324
f 2908/4825/324 2760/4580/324 2792/4627/324
f 2766/4590/324 2772/4599/324 2790/4625/324
f 2772/4599/324 2771/4597/324 2789/4624/324
f 2769/4593/324 2770/4594/324 2788/4623/324
f 3130/5267/324 2769/4593/324 2787/4622/324
f 2770/4594/324 2768/4592/324 2786/4621/324
f 2909/4826/324 2767/4591/324 2785/4620/324
f 2681/4450/327 2939/4881/327 2782/4616/327
f 2774/4602/328 2783/4617/328 2952/4903/328
f 2694/4468/327 2943/4891/327 3140/5279/327
f 2706/4488/327 2942/4888/327 2947/4896/327
f 2910/4829/324 2773/4601/324 2676/4441/324
f 2677/4443/328 2777/4607/328 2783/4617/328
f 2776/4605/328 2958/4910/328 2939/4882/328
f 2705/4485/325 2940/4884/325 3081/5194/325
f 2711/4496/325 2946/4894/325 2940/4884/325
f 2911/4832/324 2775/4604/324 2879/4773/324
f 2873/4761/328 2936/4877/328 3176/5330/328
f 2697/4472/327 2926/4858/327 3136/5274/327
f 2780/4612/324 2781/4614/324 3154/5299/324
f 2782/4615/324 2939/4883/324 2958/4911/324
f 2912/4836/324 2778/4610/324 3151/5295/324
f 2781/4614/324 2779/4611/324 3152/5296/324
f 2913/4838/324 2785/4620/324 2862/4745/324
f 2788/4623/324 2786/4621/324 2863/4746/324
f 3131/5268/324 2787/4622/324 2864/4747/324
f 2787/4622/324 2788/4623/324 2865/4748/324
f 2790/4625/324 2789/4624/324 2866/4749/324
f 2784/4619/324 2790/4625/324 2867/4750/324
f 2914/4841/324 2792/4627/324 2718/4506/324
f 2795/4630/324 2793/4628/324 2719/4507/324
f 3132/5269/324 2794/4629/324 2720/4508/324
f 2794/4629/324 2795/4630/324 2721/4512/324
f 2858/4735/326 3070/5162/326 3061/5142/326
f 2791/4626/324 2797/4634/324 2723/4516/324
f 2915/4844/324 2799/4636/324 2833/4690/324
f 2801/4638/324 2800/4637/324 2834/4691/324
f 2743/4554/326 2983/4957/326 2986/4963/326
f 2802/4640/326 2986/4963/326 2979/4947/326
f 2722/4515/326 3016/5040/326 3015/5038/326
f 2798/4635/324 2803/4641/324 2837/4696/324
f 2804/4643/324 2810/4649/324 2751/4566/324
f 2810/4649/324 2809/4648/324 2750/4564/324
f 2807/4646/324 2808/4647/324 2749/4561/324
f 3133/5270/324 2807/4646/324 2748/4560/324
f 2808/4647/324 2806/4645/324 2747/4559/324
f 2916/4846/324 2805/4644/324 2746/4558/324
f 2806/4645/324 2831/4687/324 2821/4666/324
f 2800/4637/324 2830/4684/324 2838/4698/324
f 2793/4628/324 2829/4682/324 2817/4659/324
f 2786/4621/324 2828/4680/324 2868/4752/324
f 2779/4611/324 2827/4678/324 3155/5301/324
f 2776/4606/324 2826/4676/324 2881/4778/324
f 2774/4603/324 2825/4674/324 2811/4650/324
f 2768/4592/324 2824/4672/324 2828/4680/324
f 2761/4581/324 2823/4670/324 2829/4682/324
f 2754/4570/324 2822/4668/324 2823/4670/324
f 2747/4559/324 2821/4666/324 2820/4664/324
f 2740/4546/324 2820/4664/324 2830/4684/324
f 2733/4533/324 2819/4663/324 2822/4668/324
f 2726/4520/324 2818/4661/324 2824/4672/324
f 2726/4520/324 2719/4507/324 2817/4659/324
f 2692/4464/324 2816/4658/324 2813/4654/324
f 2689/4460/324 2815/4656/324 3172/5325/324
f 2681/4451/324 2813/4654/324 2826/4676/324
f 2677/4444/324 2811/4650/324 2894/4800/324
f 2684/4454/324 2812/4652/324 2831/4687/324
f 2834/4691/324 2838/4698/324 2819/4663/324
f 2832/4689/324 2837/4696/324 2737/4542/324
f 2736/4539/326 3022/5052/326 3021/5050/326
f 2852/4719/326 2993/4982/326 2994/4984/326
f 2734/4535/325 2976/4941/325 2978/4944/325
f 2835/4692/324 2834/4691/324 2733/4533/324
f 2917/4847/324 2833/4690/324 2732/4532/324
f 2838/4698/324 2860/4742/324 2847/4710/324
f 2877/4768/328 3053/5124/328 3041/5099/328
f 2811/4651/328 3045/5108/328 3079/5189/328
f 2848/4711/326 3061/5142/326 3062/5145/326
f 2816/4657/328 3042/5101/328 3052/5122/328
f 2881/4777/327 3077/5182/327 3078/5184/327
f 2817/4660/328 3040/5097/328 3051/5120/328
f 2857/4734/326 3069/5160/326 3063/5146/326
f 2882/4780/326 3078/5185/326 3066/5154/326
f 2818/4662/328 3051/5120/328 3046/5110/328
f 2822/4668/324 2850/4715/324 2851/4717/324
f 2856/4729/326 3068/5158/326 3064/5149/326
f 2826/4677/328 3054/5127/328 3077/5183/328
f 2819/4663/324 2847/4710/324 2850/4715/324
f 2839/4700/326 3056/5132/326 3065/5151/326
f 2744/4556/328 3028/5066/328 3036/5088/328
f 2820/4665/328 3049/5116/328 3050/5119/328
f 2815/4656/324 2843/4706/324 3173/5326/324
f 2853/4722/326 3065/5151/326 3073/5169/326
f 2802/4640/326 3035/5086/326 3026/5061/326
f 2812/4652/324 2840/4703/324 2859/4739/324
f 2868/4752/324 2869/4755/324 2843/4706/324
f 2863/4746/324 2868/4752/324 2815/4656/324
f 2861/4744/324 2867/4750/324 2715/4501/324
f 2867/4750/324 2866/4749/324 2709/4491/324
f 2864/4747/324 2865/4748/324 2703/4483/324
f 3134/5271/324 2864/4747/324 2697/4473/324
f 2865/4748/324 2863/4746/324 2689/4460/324
f 2918/4848/324 2862/4745/324 2688/4459/324
f 2821/4667/328 3038/5093/328 3049/5116/328
f 2872/4760/324 2877/4769/324 2827/4678/324
f 2690/4462/325 2924/4855/325 2931/4870/325
f 2698/4476/328 2928/4863/328 3159/5307/328
f 2873/4762/324 2874/4763/324 2781/4614/324
f 2780/4613/328 2929/4867/328 2936/4877/328
f 2919/4849/324 2871/4759/324 2778/4610/324
f 2874/4763/324 2872/4760/324 2779/4611/324
f 2881/4778/324 2882/4781/324 2886/4789/324
f 2880/4774/324 2881/4778/324 2885/4786/324
f 2920/4850/324 2879/4773/324 2883/4782/324
f 2884/4783/328 2952/4903/328 2964/4917/328
f 2700/4480/327 2782/4616/327 2943/4891/327
f 2712/4498/327 2947/4896/327 2949/4899/327
f 2880/4775/328 2964/4917/328 2958/4910/328
f 2693/4466/325 2941/4887/325 2870/4757/325
f 2699/4478/325 2870/4757/325 2777/4608/325
f 2675/4440/325 2875/4765/325 2946/4894/325
f 2921/4851/324 2883/4782/324 2773/4601/324
f 2884/4784/324 2885/4786/324 2825/4674/324
f 2844/4707/326 3058/5136/326 3165/5317/326
f 2894/4800/324 2895/4803/324 2842/4705/324
f 2887/4791/324 2894/4800/324 2814/4655/324
f 2889/4793/324 2893/4797/324 2713/4499/324
f 2893/4797/324 2892/4796/324 2707/4489/324
f 2890/4794/324 2891/4795/324 2701/4481/324
f 3135/5272/324 2890/4794/324 2695/4469/324
f 2891/4795/324 2887/4791/324 2683/4453/324
f 2922/4852/324 2888/4792/324 2685/4455/324
f 2895/4803/324 2922/4852/324 2899/4810/324
f 2886/4789/324 2921/4851/324 2910/4829/324
f 2882/4781/324 2920/4850/324 2921/4851/324
f 2878/4772/324 2919/4849/324 2912/4836/324
f 2869/4755/324 2918/4848/324 2900/4811/324
f 2860/4742/324 2917/4847/324 2904/4818/324
f 2859/4739/324 2916/4846/324 2906/4822/324
f 2858/4736/324 2915/4844/324 2917/4847/324
f 2854/4723/325 3000/4999/325 3010/5022/325
f 2856/4730/324 2913/4838/324 2918/4848/324
f 2742/4551/327 2982/4954/327 2981/4952/327
f 2854/4724/324 2911/4832/324 2920/4850/324
f 2801/4639/328 2985/4961/328 2982/4955/328
f 2835/4693/328 2977/4943/328 2985/4961/328
f 2851/4717/324 2908/4825/324 2914/4841/324
f 2850/4715/324 2907/4824/324 2908/4825/324
f 2853/4722/326 2991/4975/326 2992/4979/326
f 2910/4830/327 3009/5019/327 2991/4976/327
f 2847/4710/324 2904/4818/324 2907/4824/324
f 2839/4701/325 2992/4980/325 3001/5001/325
f 2913/4839/328 3012/5028/328 3008/5018/328
f 2855/4728/326 2989/4971/326 3162/5311/326
f 2843/4706/324 2900/4811/324 3174/5327/324
f 2896/4805/328 3001/5002/328 3009/5020/328
f 2839/4702/324 2896/4806/324 2922/4852/324
f 2840/4703/324 2897/4807/324 2916/4846/324
f 3136/5273/324 2926/4859/324 3176/5329/324
f 2930/4868/324 2925/4856/324 3177/5331/324
f 2933/4873/324 2930/4868/324 3178/5332/324
f 2923/4853/324 2934/4875/324 3161/5309/324
f 2934/4875/324 2932/4872/324 3160/5308/324
f 3138/5277/324 2929/4866/324 3159/5306/324
f 2935/4876/324 2938/4880/324 2934/4875/324
f 2938/4880/324 2937/4879/324 2932/4872/324
f 3139/5278/324 2936/4878/324 2929/4866/324
f 2709/4492/327 2925/4857/327 2930/4869/327
f 2715/4502/327 2930/4869/327 2933/4874/327
f 2716/4504/325 2931/4870/325 2927/4861/325
f 2947/4897/324 2942/4889/324 2961/4914/324
f 2949/4900/324 2947/4897/324 2962/4915/324
f 2876/4766/324 2950/4901/324 2946/4895/324
f 2950/4901/324 2948/4898/324 2940/4885/324
f 2944/4892/324 2945/4893/324 2870/4758/324
f 3141/5281/324 2944/4892/324 2941/4886/324
f 2945/4893/324 2783/4618/324 2777/4609/324
f 2957/4909/324 2962/4915/324 2968/4922/324
f 2962/4915/324 2961/4914/324 2967/4921/324
f 2959/4912/324 2960/4913/324 2966/4920/324
f 3142/5282/324 2959/4912/324 2965/4919/324
f 2960/4913/324 2958/4911/324 2964/4918/324
f 2966/4920/324 2964/4918/324 2952/4904/324
f 3143/5283/324 2965/4919/324 2953/4905/324
f 2965/4919/324 2966/4920/324 2954/4906/324
f 2968/4922/324 2967/4921/324 2955/4907/324
f 2963/4916/324 2968/4922/324 2956/4908/324
f 2951/4902/324 2956/4908/324 2950/4901/324
f 2956/4908/324 2955/4907/324 2948/4898/324
f 2953/4905/324 2954/4906/324 2945/4893/324
f 3144/5284/324 2953/4905/324 2944/4892/324
f 2954/4906/324 2952/4904/324 2783/4618/324
f 2969/4923/324 2970/4926/324 2973/4933/324
f 3145/5286/324 2969/4923/324 2972/4931/324
f 2981/4953/324 2982/4956/324 2985/4962/324
f 3148/5291/324 2981/4953/324 2984/4960/324
f 3149/5293/324 2984/4960/324 2975/4939/324
f 2984/4960/324 2985/4962/324 2977/4942/324
f 2975/4939/324 2977/4942/324 2978/4945/324
f 3150/5294/324 2975/4939/324 2976/4940/324
f 2987/4965/324 3013/5031/324 3004/5008/324
f 2989/4972/324 3011/5026/324 3163/5313/324
f 2991/4977/324 3009/5021/324 3001/5003/324
f 2993/4981/324 3008/5017/324 3012/5029/324
f 2995/4986/324 3007/5014/324 3006/5012/324
f 2996/4989/324 3006/5012/324 3014/5034/324
f 2998/4994/324 3005/5010/324 3008/5017/324
f 2988/4968/324 3004/5008/324 3005/5010/324
f 2990/4973/324 3003/5007/324 3002/5004/324
f 2999/4996/324 3002/5004/324 3010/5023/324
f 2736/4540/325 2980/4950/325 3112/5238/325
f 2905/4820/328 3006/5013/328 3007/5015/328
f 2727/4522/325 2972/4932/325 2973/4934/325
f 2720/4509/327 2969/4924/327 3145/5285/327
f 2856/4731/325 2994/4985/325 3012/5030/325
f 2915/4845/328 3014/5035/328 3006/5013/328
f 2914/4842/327 3013/5032/327 2987/4966/327
f 2849/4714/326 2995/4987/326 2996/4990/326
f 2858/4737/325 2997/4992/325 3014/5036/325
f 2909/4827/328 3008/5018/328 3005/5011/328
f 2848/4711/326 2996/4990/326 2997/4993/326
f 2903/4817/328 3005/5011/328 3004/5009/328
f 2898/4809/328 3002/5005/328 3003/5006/328
f 2846/4709/326 2998/4995/326 2993/4982/326
f 2902/4815/328 3004/5009/328 3013/5033/328
f 2845/4708/326 2988/4969/326 2998/4995/326
f 2911/4833/328 3010/5024/328 3002/5005/328
f 2844/4707/326 2990/4974/326 2999/4997/326
f 2735/4538/328 2978/4946/328 2977/4943/328
f 2906/4823/327 3007/5016/327 2995/4988/327
f 2901/4813/328 3003/5006/328 3163/5312/328
f 2857/4734/326 2987/4967/326 2988/4969/326
f 2728/4525/328 2973/4935/328 2970/4927/328
f 2836/4694/326 2979/4947/326 2980/4951/326
f 2722/4515/326 2971/4928/326 2974/4938/326
f 2841/4704/326 2999/4997/326 3000/5000/326
f 3018/5043/324 3016/5039/324 3019/5045/324
f 3020/5047/324 3019/5045/324 3033/5079/324
f 3024/5055/324 3022/5051/324 3029/5067/324
f 3028/5065/324 3026/5060/324 3035/5085/324
f 3027/5062/324 3025/5057/324 3026/5060/324
f 3031/5073/324 3032/5076/324 3015/5037/324
f 3017/5041/324 3015/5037/324 3016/5039/324
f 3036/5087/324 3035/5085/324 3021/5049/324
f 3023/5053/324 3021/5049/324 3022/5051/324
f 3037/5089/324 3071/5163/324 3062/5144/324
f 3050/5118/324 3070/5161/324 3072/5166/324
f 3039/5094/324 3069/5159/324 3059/5138/324
f 3047/5111/324 3068/5157/324 3076/5178/324
f 3041/5098/324 3067/5155/324 3165/5316/324
f 3054/5128/324 3066/5153/324 3078/5186/324
f 3044/5105/324 3065/5152/324 3056/5133/324
f 3046/5109/324 3064/5150/324 3068/5157/324
f 3048/5113/324 3063/5147/324 3069/5159/324
f 3038/5092/324 3062/5144/324 3061/5143/324
f 3049/5117/324 3061/5143/324 3070/5161/324
f 3051/5121/324 3060/5140/324 3064/5150/324
f 3040/5096/324 3059/5138/324 3060/5140/324
f 3042/5100/324 3058/5137/324 3057/5134/324
f 3052/5123/324 3057/5134/324 3066/5153/324
f 3045/5107/324 3056/5133/324 3080/5192/324
f 3053/5125/324 3074/5172/324 3067/5155/324
f 3043/5102/324 3073/5170/324 3065/5152/324
f 2764/4585/325 3032/5077/325 3031/5074/325
f 2750/4563/325 3025/5058/325 3027/5063/325
f 2846/4709/326 3060/5141/326 3059/5139/326
f 2841/4704/326 3057/5135/326 3058/5136/326
f 2851/4718/325 3063/5148/325 3048/5114/325
f 2855/4728/326 3067/5156/326 3074/5173/326
f 2854/4725/326 3066/5154/326 3057/5135/326
f 2796/4631/326 3015/5038/326 3032/5078/326
f 2765/4589/328 3031/5075/328 3017/5042/328
f 2836/4694/326 3021/5050/326 3035/5086/326
f 2878/4771/325 3074/5174/325 3053/5126/325
f 2803/4642/328 3036/5088/328 3023/5054/328
f 2831/4688/328 3037/5090/328 3038/5093/328
f 2830/4685/328 3050/5119/328 3055/5130/328
f 2829/4683/328 3039/5095/328 3040/5097/328
f 2859/4740/325 3071/5164/325 3037/5091/325
f 2771/4596/326 3033/5080/326 3019/5046/326
f 2757/4574/326 3029/5068/326 3022/5052/326
f 2743/4554/326 3026/5061/326 3025/5059/326
f 2729/4527/326 3019/5046/326 3016/5040/326
f 2838/4699/327 3055/5131/327 3072/5167/327
f 2730/4530/328 3020/5048/328 3034/5083/328
f 2737/4543/328 3024/5056/328 3030/5071/328
f 2827/4679/328 3041/5099/328 3164/5314/328
f 2751/4567/328 3027/5064/328 3028/5066/328
f 2723/4517/328 3018/5044/328 3020/5048/328
f 2885/4787/328 3043/5103/328 3044/5106/328
f 2849/4714/326 3062/5145/326 3071/5165/326
f 2772/4600/327 3034/5084/327 3033/5081/327
f 2825/4675/328 3044/5106/328 3045/5108/328
f 2828/4681/328 3047/5112/328 3075/5176/328
f 2860/4743/326 3072/5168/326 3070/5162/326
f 2824/4673/328 3046/5110/328 3047/5112/328
f 2869/4756/326 3076/5179/326 3068/5158/326
f 2845/4708/326 3059/5139/326 3069/5160/326
f 2886/4790/325 3073/5171/325 3043/5104/325
f 2823/4671/328 3048/5115/328 3039/5095/328
f 2868/4753/327 3075/5177/327 3076/5180/327
f 2758/4578/327 3030/5072/327 3029/5069/327
f 3088/5205/327 3110/5234/327 2971/4929/327
f 3090/5209/325 3112/5238/325 3147/5289/325
f 2979/4948/324 3115/5243/324 3112/5239/324
f 2986/4964/324 3114/5242/324 3115/5243/324
f 2983/4958/324 3113/5240/324 3114/5242/324
f 2971/4930/324 3110/5235/324 3111/5236/324
f 2955/4907/324 3109/5233/324 3106/5230/324
f 2967/4921/324 3108/5232/324 3109/5233/324
f 2961/4914/324 3107/5231/324 3108/5232/324
f 2948/4898/324 3106/5230/324 3081/5193/324
f 2937/4879/324 3104/5227/324 3103/5226/324
f 2932/4872/324 3103/5226/324 3166/5318/324
f 2925/4856/324 3101/5222/324 3179/5333/324
f 2892/4796/324 3100/5221/324 3084/5199/324
f 2866/4749/324 3099/5220/324 3086/5201/324
f 2809/4648/324 3098/5219/324 3092/5213/324
f 2796/4632/324 3097/5218/324 3088/5206/324
f 2789/4624/324 3096/5217/324 3099/5220/324
f 3086/5202/327 3101/5223/327 2925/4857/327
f 3082/5195/325 3081/5194/325 3116/5244/325
f 3083/5197/327 3105/5228/327 2942/4888/327
f 2771/4597/324 3095/5216/324 3096/5217/324
f 2764/4586/324 3094/5215/324 3097/5218/324
f 2757/4575/324 3093/5214/324 3094/5215/324
f 2750/4564/324 3092/5213/324 3091/5211/324
f 3089/5207/325 3111/5237/325 3146/5287/325
f 3091/5212/327 3113/5241/327 2983/4959/327
f 2736/4541/324 3090/5210/324 3093/5214/324
f 2729/4528/324 3089/5208/324 3095/5216/324
f 2942/4889/324 3105/5229/324 3107/5231/324
f 3087/5203/325 3102/5224/325 3137/5275/325
f 2705/4486/324 3082/5196/324 3100/5221/324
f 2708/4490/324 3085/5200/324 3098/5219/324
f 2710/4494/324 3087/5204/324 3083/5198/324
f 3122/5254/325 3137/5275/325 2928/4864/325
f 3124/5258/325 3146/5287/325 2972/4932/325
f 3117/5246/325 3116/5244/325 2941/4887/325
f 3125/5260/325 3147/5289/325 2976/4941/325
f 3123/5256/327 3145/5285/327 3110/5234/327
f 3115/5243/324 3150/5294/324 3147/5290/324
f 3114/5242/324 3149/5293/324 3150/5294/324
f 3113/5240/324 3148/5291/324 3149/5293/324
f 3110/5235/324 3145/5286/324 3146/5288/324
f 3109/5233/324 3144/5284/324 3141/5281/324
f 3108/5232/324 3143/5283/324 3144/5284/324
f 3107/5231/324 3142/5282/324 3143/5283/324
f 3106/5230/324 3141/5281/324 3116/5245/324
f 3179/5333/328 3191/5348/328 3189/5344/328
f 3138/5277/326 3184/5338/326 3192/5350/326
f 3101/5222/324 3136/5273/324 3180/5334/324
f 3100/5221/324 3135/5272/324 3119/5250/324
f 3099/5220/324 3134/5271/324 3121/5252/324
f 3098/5219/324 3133/5270/324 3127/5264/324
f 3097/5218/324 3132/5269/324 3123/5257/324
f 3096/5217/324 3131/5268/324 3134/5271/324
f 3121/5253/327 3136/5274/327 3101/5223/327
f 3118/5248/327 3140/5279/327 3105/5228/327
f 3095/5216/324 3130/5267/324 3131/5268/324
f 3094/5215/324 3129/5266/324 3132/5269/324
f 3093/5214/324 3128/5265/324 3129/5266/324
f 3092/5213/324 3127/5264/324 3126/5262/324
f 3126/5263/327 3148/5292/327 3113/5241/327
f 3090/5210/324 3125/5261/324 3128/5265/324
f 3089/5208/324 3124/5259/324 3130/5267/324
f 3105/5229/324 3140/5280/324 3142/5282/324
f 3082/5196/324 3117/5247/324 3135/5272/324
f 3085/5200/324 3120/5251/324 3133/5270/324
f 3087/5204/324 3122/5255/324 3118/5249/324
f 3166/5318/324 3167/5319/324 3137/5276/324
f 3160/5308/324 3166/5318/324 3102/5225/324
f 3155/5300/328 3164/5314/328 3042/5101/328
f 3164/5315/324 3165/5316/324 3058/5137/324
f 3157/5303/328 3163/5312/328 3011/5027/328
f 3162/5310/324 3163/5313/324 3003/5007/324
f 3167/5319/324 3159/5306/324 2928/4865/324
f 3161/5309/324 3160/5308/324 2927/4862/324
f 3158/5305/324 3161/5309/324 2931/4871/324
f 3156/5302/326 3162/5311/326 2990/4974/326
f 3156/5302/326 3165/5317/326 3067/5156/326
f 3153/5297/328 3159/5307/328 2929/4867/328
f 3152/5296/324 3155/5301/324 2816/4658/324
f 3154/5299/324 3152/5296/324 2692/4464/324
f 3157/5304/324 3151/5295/324 2691/4463/324
f 3153/5298/324 3154/5299/324 2704/4484/324
f 3139/5278/326 3192/5350/326 3194/5353/326
f 3177/5331/324 3179/5333/324 3104/5227/324
f 3175/5328/324 3178/5332/324 2938/4880/324
f 3178/5332/324 3177/5331/324 2937/4879/324
f 3180/5334/324 3176/5329/324 2936/4878/324
f 3173/5326/324 3174/5327/324 2919/4849/324
f 3172/5325/324 3173/5326/324 2878/4772/324
f 3169/5321/324 3172/5325/324 2877/4769/324
f 3170/5322/328 3176/5330/328 2926/4860/328
f 3170/5323/324 3171/5324/324 2874/4763/324
f 3174/5327/324 3168/5320/324 2871/4759/324
f 3171/5324/324 3169/5321/324 2872/4760/324
f 3193/5352/328 3198/5360/328 3200/5362/328
f 3182/5336/326 3197/5359/326 3203/5365/326
f 3187/5342/325 3203/5365/325 3204/5366/325
f 3166/5318/327 3195/5355/327 3196/5357/327
f 3104/5227/328 3189/5344/328 3190/5346/328
f 3103/5226/328 3190/5346/328 3195/5355/328
f 3180/5334/325 3194/5353/325 3191/5348/325
f 3167/5319/326 3196/5357/326 3184/5338/326
f 3182/5336/324 3190/5347/324 3189/5345/324
f 3183/5337/324 3181/5335/324 3189/5345/324
f 3185/5340/324 3192/5351/324 3184/5339/324
f 3186/5341/324 3194/5354/324 3192/5351/324
f 3187/5342/324 3195/5356/324 3190/5347/324
f 3188/5343/324 3193/5352/324 3184/5339/324
f 3187/5342/335 3188/5343/335 3196/5358/335
f 3183/5337/336 3191/5349/336 3194/5354/336
f 3199/5361/324 3200/5362/324 3198/5360/324
f 3197/5359/324 3198/5360/324 3204/5366/324
f 3201/5363/324 3202/5364/324 3200/5362/324
f 3181/5335/326 3199/5361/326 3197/5359/326
f 3186/5341/327 3202/5364/327 3201/5363/327
f 3188/5343/328 3204/5366/328 3198/5360/328
f 3185/5340/328 3200/5362/328 3202/5364/328
f 3183/5337/326 3201/5363/326 3199/5361/326
f 3427/5735/327 3209/5375/327 3335/5572/327
f 3426/5734/327 3206/5369/327 3418/5720/327
f 3229/5405/327 3207/5372/327 3417/5719/327
f 3428/5736/327 3210/5376/327 3305/5532/327
f 3232/5410/327 3214/5382/327 3336/5573/327
f 3233/5411/327 3219/5388/327 3699/6249/327
f 3430/5739/327 3218/5387/327 3698/6248/327
f 3431/5740/327 3221/5391/327 3210/5376/327
f 3230/5407/327 3234/5412/327 3222/5392/327
f 3652/6183/327 3228/5403/327 3224/5395/327
f 3473/5818/327 3312/5543/327 3490/5841/327
f 3650/6179/327 3226/5398/327 3337/5574/327
f 3647/6175/327 3223/5393/327 3420/5722/327
f 3228/5403/327 3234/5412/327 3230/5407/327
f 3700/6251/327 3227/5401/327 3233/5411/327
f 3226/5398/327 3232/5410/327 3338/5575/327
f 3223/5393/327 3229/5405/327 3421/5723/327
f 3241/5423/327 3235/5414/327 3422/5724/327
f 3244/5428/327 3238/5418/327 3339/5576/327
f 3240/5421/324 3457/5789/324 3632/6152/324
f 3246/5431/327 3240/5422/327 3236/5415/327
f 3220/5389/327 3246/5431/327 3242/5425/327
f 3670/6208/327 3473/5818/327 3489/5840/327
f 3212/5380/327 3244/5428/327 3340/5577/327
f 3205/5367/327 3241/5423/327 3423/5725/327
f 3247/5433/327 3253/5444/327 3260/5457/327
f 3382/5647/326 3594/6077/326 3590/6069/326
f 3442/5763/331 3541/5953/331 3519/5898/331
f 3251/5439/331 3500/5853/331 3499/5852/331
f 3251/5440/327 3249/5435/327 3256/5448/327
f 3432/5742/327 3248/5434/327 3255/5447/327
f 3433/5744/327 3255/5447/327 3297/5519/327
f 3258/5452/327 3256/5448/327 3298/5520/327
f 3654/6187/327 3257/5449/327 3299/5521/327
f 3299/5521/327 3257/5449/327 3258/5452/327
f 3424/5727/331 3609/6116/331 3610/6118/331
f 3296/5518/327 3254/5446/327 3260/5457/327
f 3261/5459/327 3267/5470/327 3288/5505/327
f 3327/5561/328 3547/5970/328 3548/5972/328
f 3264/5462/327 3265/5465/327 3286/5500/327
f 3655/6189/327 3264/5462/327 3285/5499/327
f 3265/5465/327 3263/5461/327 3284/5498/327
f 3434/5746/327 3262/5460/327 3283/5497/327
f 3268/5472/327 3274/5483/327 3333/5569/327
f 3367/5623/328 3553/5982/328 3554/5984/328
f 3271/5475/331 3511/5880/331 3678/6220/331
f 3259/5454/324 3504/5864/324 3641/6165/324
f 3272/5478/327 3270/5474/327 3330/5565/327
f 3435/5747/327 3269/5473/327 3329/5564/327
f 3275/5485/327 3281/5494/327 3274/5483/327
f 3343/5581/328 3582/6050/328 3584/6055/328
f 3278/5488/327 3279/5489/327 3272/5478/327
f 3657/6192/327 3278/5488/327 3271/5476/327
f 3279/5489/327 3277/5487/327 3270/5474/327
f 3436/5750/327 3276/5486/327 3269/5473/327
f 3437/5752/327 3283/5497/327 3290/5508/327
f 3286/5500/327 3284/5498/327 3291/5509/327
f 3658/6193/327 3285/5499/327 3292/5510/327
f 3285/5499/327 3286/5500/327 3293/5511/327
f 3288/5505/327 3287/5503/327 3294/5514/327
f 3282/5496/327 3288/5505/327 3295/5516/327
f 3289/5507/327 3295/5516/327 3327/5562/327
f 3425/5730/326 3610/6119/326 3586/6060/326
f 3292/5510/327 3293/5511/327 3325/5558/327
f 3659/6194/327 3292/5510/327 3324/5557/327
f 3293/5511/327 3291/5509/327 3323/5556/327
f 3438/5753/327 3290/5508/327 3322/5555/327
f 3296/5518/327 3302/5527/327 3320/5553/327
f 3302/5527/327 3301/5525/327 3319/5552/327
f 3317/5550/327 3299/5521/327 3300/5522/327
f 3660/6195/327 3299/5521/327 3317/5550/327
f 3300/5522/327 3298/5520/327 3316/5549/327
f 3439/5754/327 3297/5519/327 3315/5548/327
f 3211/5378/331 3469/5809/331 3312/5544/331
f 3304/5530/328 3313/5545/328 3482/5831/328
f 3224/5396/331 3473/5819/331 3670/6207/331
f 3236/5416/331 3472/5816/331 3477/5824/331
f 3440/5757/327 3303/5529/327 3206/5369/327
f 3207/5371/328 3307/5535/328 3313/5545/328
f 3306/5533/328 3488/5838/328 3469/5810/328
f 3235/5413/324 3470/5812/324 3611/6122/324
f 3241/5424/324 3476/5822/324 3470/5812/324
f 3441/5760/327 3305/5532/327 3409/5701/327
f 3403/5689/328 3466/5805/328 3706/6258/328
f 3227/5400/331 3456/5786/331 3666/6202/331
f 3310/5540/327 3311/5542/327 3684/6227/327
f 3312/5543/327 3469/5811/327 3488/5839/327
f 3687/6232/327 3442/5764/327 3308/5538/327
f 3684/6227/327 3311/5542/327 3309/5539/327
f 3443/5766/327 3315/5548/327 3392/5673/327
f 3318/5551/327 3316/5549/327 3393/5674/327
f 3661/6196/327 3317/5550/327 3394/5675/327
f 3394/5675/327 3317/5550/327 3318/5551/327
f 3320/5553/327 3319/5552/327 3396/5677/327
f 3314/5547/327 3320/5553/327 3397/5678/327
f 3444/5769/327 3322/5555/327 3248/5434/327
f 3251/5440/327 3325/5558/327 3323/5556/327
f 3662/6197/327 3324/5557/327 3250/5436/327
f 3324/5557/327 3325/5558/327 3251/5440/327
f 3388/5663/326 3600/6090/326 3591/6070/326
f 3321/5554/327 3327/5562/327 3253/5444/327
f 3445/5772/327 3329/5564/327 3363/5618/327
f 3331/5566/327 3330/5565/327 3364/5619/327
f 3273/5482/326 3513/5885/326 3516/5891/326
f 3332/5568/326 3516/5891/326 3509/5875/326
f 3252/5442/326 3546/5968/326 3545/5966/326
f 3328/5563/327 3333/5569/327 3367/5624/327
f 3334/5571/327 3340/5577/327 3281/5494/327
f 3340/5577/327 3339/5576/327 3280/5492/327
f 3337/5574/327 3338/5575/327 3279/5489/327
f 3663/6198/327 3337/5574/327 3278/5488/327
f 3338/5575/327 3336/5573/327 3277/5487/327
f 3446/5774/327 3335/5572/327 3276/5486/327
f 3336/5573/327 3361/5615/327 3351/5594/327
f 3330/5565/327 3360/5612/327 3368/5626/327
f 3323/5556/327 3359/5610/327 3347/5587/327
f 3316/5549/327 3358/5608/327 3398/5680/327
f 3682/6224/327 3309/5539/327 3357/5606/327
f 3306/5534/327 3356/5604/327 3411/5706/327
f 3304/5531/327 3355/5602/327 3341/5578/327
f 3298/5520/327 3354/5600/327 3358/5608/327
f 3291/5509/327 3353/5598/327 3359/5610/327
f 3284/5498/327 3352/5596/327 3353/5598/327
f 3277/5487/327 3351/5594/327 3350/5592/327
f 3330/5565/327 3270/5474/327 3350/5592/327
f 3263/5461/327 3349/5591/327 3352/5596/327
f 3256/5448/327 3348/5589/327 3354/5600/327
f 3256/5448/327 3249/5435/327 3347/5587/327
f 3211/5379/327 3222/5392/327 3346/5586/327
f 3219/5388/327 3345/5584/327 3702/6253/327
f 3211/5379/327 3343/5582/327 3356/5604/327
f 3207/5372/327 3341/5578/327 3424/5728/327
f 3214/5382/327 3342/5580/327 3361/5615/327
f 3364/5619/327 3368/5626/327 3349/5591/327
f 3362/5617/327 3367/5624/327 3267/5470/327
f 3266/5467/326 3552/5980/326 3551/5978/326
f 3382/5647/326 3523/5910/326 3524/5912/326
f 3264/5463/324 3506/5869/324 3508/5872/324
f 3365/5620/327 3364/5619/327 3263/5461/327
f 3447/5775/327 3363/5618/327 3262/5460/327
f 3368/5626/327 3390/5670/327 3377/5638/327
f 3407/5696/328 3583/6052/328 3571/6027/328
f 3341/5579/328 3575/6036/328 3609/6117/328
f 3378/5639/326 3591/6070/326 3592/6073/326
f 3346/5585/328 3572/6029/328 3582/6050/328
f 3411/5705/331 3607/6110/331 3608/6112/331
f 3347/5588/328 3570/6025/328 3581/6048/328
f 3387/5662/326 3599/6088/326 3593/6074/326
f 3412/5708/326 3608/6113/326 3596/6082/326
f 3348/5590/328 3581/6048/328 3576/6038/328
f 3352/5596/327 3380/5643/327 3381/5645/327
f 3386/5657/326 3598/6086/326 3594/6077/326
f 3356/5605/328 3584/6055/328 3607/6111/328
f 3349/5591/327 3377/5638/327 3380/5643/327
f 3369/5628/326 3586/6060/326 3595/6079/326
f 3274/5484/328 3558/5994/328 3566/6016/328
f 3350/5593/328 3579/6044/328 3580/6047/328
f 3345/5584/327 3373/5634/327 3703/6254/327
f 3383/5649/326 3595/6079/326 3603/6097/326
f 3332/5568/326 3565/6014/326 3556/5989/326
f 3342/5580/327 3370/5631/327 3389/5667/327
f 3398/5680/327 3399/5683/327 3373/5634/327
f 3393/5674/327 3398/5680/327 3345/5584/327
f 3391/5672/327 3397/5678/327 3245/5429/327
f 3397/5678/327 3396/5677/327 3239/5419/327
f 3394/5675/327 3395/5676/327 3233/5411/327
f 3664/6199/327 3394/5675/327 3227/5401/327
f 3395/5676/327 3393/5674/327 3219/5388/327
f 3448/5776/327 3392/5673/327 3218/5387/327
f 3351/5595/328 3568/6021/328 3579/6044/328
f 3402/5688/327 3407/5697/327 3357/5606/327
f 3220/5390/324 3454/5783/324 3461/5798/324
f 3228/5404/328 3458/5791/328 3689/6235/328
f 3310/5540/327 3403/5690/327 3404/5691/327
f 3310/5541/328 3459/5795/328 3466/5805/328
f 3449/5777/327 3401/5687/327 3308/5538/327
f 3404/5691/327 3402/5688/327 3309/5539/327
f 3411/5706/327 3412/5709/327 3416/5717/327
f 3410/5702/327 3411/5706/327 3415/5714/327
f 3450/5778/327 3409/5701/327 3413/5710/327
f 3414/5711/328 3482/5831/328 3494/5845/328
f 3230/5408/331 3312/5544/331 3473/5819/331
f 3208/5374/331 3242/5426/331 3477/5824/331
f 3410/5703/328 3494/5845/328 3488/5838/328
f 3223/5394/324 3471/5815/324 3400/5685/324
f 3229/5406/324 3400/5685/324 3307/5536/324
f 3205/5368/324 3405/5693/324 3476/5822/324
f 3451/5779/327 3413/5710/327 3303/5529/327
f 3414/5712/327 3415/5714/327 3355/5602/327
f 3374/5635/326 3588/6064/326 3695/6245/326
f 3424/5728/327 3425/5731/327 3372/5633/327
f 3417/5719/327 3424/5728/327 3344/5583/327
f 3419/5721/327 3423/5725/327 3243/5427/327
f 3423/5725/327 3422/5724/327 3237/5417/327
f 3420/5722/327 3421/5723/327 3231/5409/327
f 3665/6200/327 3420/5722/327 3225/5397/327
f 3421/5723/327 3417/5719/327 3213/5381/327
f 3452/5780/327 3418/5720/327 3215/5383/327
f 3425/5731/327 3452/5780/327 3429/5738/327
f 3416/5717/327 3451/5779/327 3440/5757/327
f 3412/5709/327 3450/5778/327 3451/5779/327
f 3408/5699/327 3449/5777/327 3442/5764/327
f 3399/5683/327 3448/5776/327 3430/5739/327
f 3377/5638/327 3390/5670/327 3447/5775/327
f 3389/5667/327 3446/5774/327 3436/5750/327
f 3390/5670/327 3388/5664/327 3445/5772/327
f 3384/5651/324 3530/5927/324 3540/5950/324
f 3386/5658/327 3443/5766/327 3448/5776/327
f 3272/5479/331 3512/5882/331 3511/5880/331
f 3384/5652/327 3441/5760/327 3450/5778/327
f 3331/5567/328 3515/5889/328 3512/5883/328
f 3365/5621/328 3507/5871/328 3515/5889/328
f 3387/5660/327 3381/5645/327 3438/5753/327
f 3381/5645/327 3380/5643/327 3437/5752/327
f 3383/5649/326 3521/5904/326 3522/5907/326
f 3383/5650/331 3440/5758/331 3539/5947/331
f 3380/5643/327 3377/5638/327 3434/5746/327
f 3369/5629/324 3522/5908/324 3531/5929/324
f 3443/5767/328 3542/5956/328 3538/5946/328
f 3385/5656/326 3519/5899/326 3692/6239/326
f 3373/5634/327 3430/5739/327 3704/6255/327
f 3426/5733/328 3531/5930/328 3539/5948/328
f 3369/5630/327 3426/5734/327 3452/5780/327
f 3370/5631/327 3427/5735/327 3446/5774/327
f 3666/6201/327 3456/5787/327 3706/6257/327
f 3708/6260/327 3460/5796/327 3455/5784/327
f 3705/6256/327 3463/5801/327 3460/5796/327
f 3453/5781/327 3464/5803/327 3691/6237/327
f 3464/5803/327 3462/5800/327 3690/6236/327
f 3668/6205/327 3459/5794/327 3689/6234/327
f 3465/5804/327 3468/5808/327 3464/5803/327
f 3468/5808/327 3467/5807/327 3462/5800/327
f 3669/6206/327 3466/5806/327 3459/5794/327
f 3239/5420/331 3455/5785/331 3460/5797/331
f 3245/5430/331 3460/5797/331 3463/5802/331
f 3246/5432/324 3461/5798/324 3457/5789/324
f 3477/5825/327 3472/5817/327 3491/5842/327
f 3487/5837/327 3479/5828/327 3477/5825/327
f 3406/5694/327 3480/5829/327 3476/5823/327
f 3480/5829/327 3478/5826/327 3470/5813/327
f 3474/5820/327 3475/5821/327 3400/5686/327
f 3671/6209/327 3474/5820/327 3471/5814/327
f 3475/5821/327 3313/5546/327 3307/5537/327
f 3487/5837/327 3492/5843/327 3498/5850/327
f 3492/5843/327 3491/5842/327 3497/5849/327
f 3489/5840/327 3490/5841/327 3496/5848/327
f 3672/6210/327 3489/5840/327 3495/5847/327
f 3490/5841/327 3488/5839/327 3494/5846/327
f 3484/5834/327 3496/5848/327 3494/5846/327
f 3673/6211/327 3495/5847/327 3483/5833/327
f 3495/5847/327 3496/5848/327 3484/5834/327
f 3498/5850/327 3497/5849/327 3485/5835/327
f 3493/5844/327 3498/5850/327 3486/5836/327
f 3481/5830/327 3486/5836/327 3480/5829/327
f 3486/5836/327 3485/5835/327 3478/5826/327
f 3483/5833/327 3484/5834/327 3475/5821/327
f 3674/6212/327 3483/5833/327 3474/5820/327
f 3484/5834/327 3482/5832/327 3313/5546/327
f 3499/5851/327 3500/5854/327 3503/5861/327
f 3676/6216/327 3675/6214/327 3499/5851/327
f 3511/5881/327 3512/5884/327 3515/5890/327
f 3678/6219/327 3511/5881/327 3514/5888/327
f 3679/6221/327 3514/5888/327 3505/5867/327
f 3514/5888/327 3515/5890/327 3507/5870/327
f 3505/5867/327 3507/5870/327 3508/5873/327
f 3677/6218/327 3680/6222/327 3505/5867/327
f 3517/5894/327 3543/5959/327 3534/5936/327
f 3519/5900/327 3541/5954/327 3693/6241/327
f 3521/5905/327 3539/5949/327 3531/5931/327
f 3523/5909/327 3538/5945/327 3542/5957/327
f 3525/5915/327 3537/5942/327 3536/5940/327
f 3526/5917/327 3536/5940/327 3544/5962/327
f 3528/5922/327 3535/5938/327 3538/5945/327
f 3518/5896/327 3534/5936/327 3535/5938/327
f 3529/5924/327 3520/5901/327 3533/5935/327
f 3529/5924/327 3532/5932/327 3540/5951/327
f 3266/5468/324 3510/5877/324 3642/6167/324
f 3435/5748/328 3536/5941/328 3537/5943/328
f 3257/5450/324 3502/5860/324 3503/5862/324
f 3250/5437/331 3499/5852/331 3675/6213/331
f 3386/5659/324 3524/5913/324 3542/5958/324
f 3445/5773/328 3544/5963/328 3536/5941/328
f 3387/5661/331 3444/5770/331 3543/5960/331
f 3379/5642/326 3525/5916/326 3526/5918/326
f 3388/5665/324 3527/5920/324 3544/5964/324
f 3439/5755/328 3538/5946/328 3535/5939/328
f 3378/5639/326 3526/5918/326 3527/5921/326
f 3433/5745/328 3535/5939/328 3534/5937/328
f 3428/5737/328 3532/5933/328 3533/5934/328
f 3376/5637/326 3528/5923/326 3523/5910/326
f 3432/5743/328 3534/5937/328 3543/5961/328
f 3375/5636/326 3518/5897/326 3528/5923/326
f 3441/5761/328 3540/5952/328 3532/5933/328
f 3374/5635/326 3520/5902/326 3529/5925/326
f 3265/5466/328 3508/5874/328 3507/5871/328
f 3379/5641/331 3436/5751/331 3537/5944/331
f 3431/5741/328 3533/5934/328 3693/6240/328
f 3387/5662/326 3517/5895/326 3518/5897/326
f 3258/5453/328 3503/5863/328 3500/5855/328
f 3366/5622/326 3509/5875/326 3510/5878/326
f 3252/5442/326 3501/5856/326 3504/5865/326
f 3371/5632/326 3529/5925/326 3530/5928/326
f 3548/5971/327 3546/5967/327 3549/5973/327
f 3550/5975/327 3549/5973/327 3563/6007/327
f 3554/5983/327 3552/5979/327 3559/5995/327
f 3558/5993/327 3556/5988/327 3565/6013/327
f 3557/5990/327 3555/5985/327 3556/5988/327
f 3561/6001/327 3562/6004/327 3545/5965/327
f 3547/5969/327 3545/5965/327 3546/5967/327
f 3566/6015/327 3565/6013/327 3551/5977/327
f 3553/5981/327 3551/5977/327 3552/5979/327
f 3567/6017/327 3601/6091/327 3592/6072/327
f 3580/6046/327 3600/6089/327 3602/6094/327
f 3569/6022/327 3599/6087/327 3589/6066/327
f 3605/6103/327 3577/6039/327 3598/6085/327
f 3694/6243/327 3571/6026/327 3597/6083/327
f 3584/6056/327 3596/6081/327 3608/6114/327
f 3574/6033/327 3595/6080/327 3586/6061/327
f 3577/6039/327 3576/6037/327 3594/6078/327
f 3578/6041/327 3593/6075/327 3599/6087/327
f 3568/6020/327 3592/6072/327 3591/6071/327
f 3579/6045/327 3591/6071/327 3600/6089/327
f 3576/6037/327 3581/6049/327 3590/6068/327
f 3570/6024/327 3589/6066/327 3590/6068/327
f 3572/6028/327 3588/6065/327 3587/6062/327
f 3582/6051/327 3587/6062/327 3596/6081/327
f 3575/6035/327 3586/6061/327 3610/6120/327
f 3571/6026/327 3583/6053/327 3604/6100/327
f 3573/6030/327 3603/6098/327 3595/6080/327
f 3294/5513/324 3562/6005/324 3561/6002/324
f 3280/5491/324 3555/5986/324 3557/5991/324
f 3376/5637/326 3590/6069/326 3589/6067/326
f 3371/5632/326 3587/6063/326 3588/6064/326
f 3381/5646/324 3593/6076/324 3578/6042/324
f 3385/5656/326 3597/6084/326 3604/6101/326
f 3384/5653/326 3596/6082/326 3587/6063/326
f 3326/5559/326 3545/5966/326 3562/6006/326
f 3295/5517/328 3561/6003/328 3547/5970/328
f 3366/5622/326 3551/5978/326 3565/6014/326
f 3408/5700/324 3604/6102/324 3583/6054/324
f 3333/5570/328 3566/6016/328 3553/5982/328
f 3361/5616/328 3567/6018/328 3568/6021/328
f 3360/5613/328 3580/6047/328 3585/6058/328
f 3359/5611/328 3569/6023/328 3570/6025/328
f 3389/5668/324 3601/6092/324 3567/6019/324
f 3301/5524/326 3563/6008/326 3549/5974/326
f 3287/5502/326 3559/5996/326 3552/5980/326
f 3273/5482/326 3556/5989/326 3555/5987/326
f 3259/5455/326 3549/5974/326 3546/5968/326
f 3368/5627/331 3585/6059/331 3602/6095/331
f 3260/5458/328 3550/5976/328 3564/6011/328
f 3267/5471/328 3554/5984/328 3560/5999/328
f 3357/5607/328 3571/6027/328 3694/6242/328
f 3281/5495/328 3557/5992/328 3558/5994/328
f 3253/5445/328 3548/5972/328 3550/5976/328
f 3415/5715/328 3573/6031/328 3574/6034/328
f 3379/5642/326 3592/6073/326 3601/6093/326
f 3302/5528/331 3564/6012/331 3563/6009/331
f 3355/5603/328 3574/6034/328 3575/6036/328
f 3358/5609/328 3577/6040/328 3605/6104/328
f 3390/5671/326 3602/6096/326 3600/6090/326
f 3354/5601/328 3576/6038/328 3577/6040/328
f 3399/5684/326 3606/6107/326 3598/6086/326
f 3375/5636/326 3589/6067/326 3599/6088/326
f 3416/5718/324 3603/6099/324 3573/6032/324
f 3353/5599/328 3578/6043/328 3569/6023/328
f 3398/5681/331 3605/6105/331 3606/6108/331
f 3288/5506/331 3560/6000/331 3559/5997/331
f 3618/6134/331 3640/6162/331 3501/5857/331
f 3620/6137/324 3642/6167/324 3677/6217/324
f 3510/5879/327 3509/5876/327 3645/6171/327
f 3516/5892/327 3644/6170/327 3645/6171/327
f 3516/5892/327 3513/5886/327 3643/6168/327
f 3504/5866/327 3501/5858/327 3640/6163/327
f 3478/5826/327 3485/5835/327 3639/6161/327
f 3485/5835/327 3497/5849/327 3638/6160/327
f 3491/5842/327 3637/6159/327 3638/6160/327
f 3478/5826/327 3636/6158/327 3611/6121/327
f 3462/5800/327 3467/5807/327 3634/6155/327
f 3690/6236/327 3462/5800/327 3633/6154/327
f 3455/5784/327 3631/6150/327 3709/6261/327
f 3422/5724/327 3630/6149/327 3614/6127/327
f 3396/5677/327 3629/6148/327 3616/6129/327
f 3339/5576/327 3628/6147/327 3622/6141/327
f 3252/5443/327 3326/5560/327 3627/6146/327
f 3319/5552/327 3626/6145/327 3629/6148/327
f 3616/6130/331 3631/6151/331 3455/5785/331
f 3612/6123/324 3611/6122/324 3646/6172/324
f 3613/6125/331 3635/6156/331 3472/5816/331
f 3301/5525/327 3625/6144/327 3626/6145/327
f 3294/5514/327 3624/6143/327 3627/6146/327
f 3294/5514/327 3287/5503/327 3623/6142/327
f 3280/5492/327 3622/6141/327 3621/6139/327
f 3619/6135/324 3641/6165/324 3676/6215/324
f 3621/6140/331 3643/6169/331 3513/5887/331
f 3287/5503/327 3266/5469/327 3620/6138/327
f 3259/5456/327 3619/6136/327 3625/6144/327
f 3472/5817/327 3635/6157/327 3637/6159/327
f 3617/6131/324 3632/6152/324 3667/6203/324
f 3235/5414/327 3612/6124/327 3630/6149/327
f 3238/5418/327 3615/6128/327 3628/6147/327
f 3240/5422/327 3617/6132/327 3613/6126/327
f 3652/6182/324 3667/6203/324 3458/5792/324
f 3654/6186/324 3676/6215/324 3502/5860/324
f 3647/6174/324 3646/6172/324 3471/5815/324
f 3655/6188/324 3677/6217/324 3506/5869/324
f 3653/6184/331 3675/6213/331 3640/6162/331
f 3645/6171/327 3680/6222/327 3677/6218/327
f 3645/6171/327 3644/6170/327 3679/6221/327
f 3643/6168/327 3678/6219/327 3679/6221/327
f 3640/6163/327 3675/6214/327 3676/6216/327
f 3636/6158/327 3639/6161/327 3674/6212/327
f 3638/6160/327 3673/6211/327 3674/6212/327
f 3637/6159/327 3672/6210/327 3673/6211/327
f 3636/6158/327 3671/6209/327 3646/6173/327
f 3709/6261/328 3721/6276/328 3719/6272/328
f 3668/6205/326 3714/6266/326 3722/6278/326
f 3631/6150/327 3666/6201/327 3710/6262/327
f 3630/6149/327 3665/6200/327 3649/6178/327
f 3629/6148/327 3664/6199/327 3651/6180/327
f 3628/6147/327 3663/6198/327 3657/6192/327
f 3627/6146/327 3662/6197/327 3653/6185/327
f 3626/6145/327 3661/6196/327 3664/6199/327
f 3651/6181/331 3666/6202/331 3631/6151/331
f 3648/6176/331 3670/6207/331 3635/6156/331
f 3626/6145/327 3625/6144/327 3660/6195/327
f 3624/6143/327 3659/6194/327 3662/6197/327
f 3624/6143/327 3623/6142/327 3658/6193/327
f 3622/6141/327 3657/6192/327 3656/6190/327
f 3656/6191/331 3678/6220/331 3643/6169/331
f 3620/6138/327 3655/6189/327 3658/6193/327
f 3619/6136/327 3654/6187/327 3660/6195/327
f 3635/6157/327 3670/6208/327 3672/6210/327
f 3612/6124/327 3647/6175/327 3665/6200/327
f 3615/6128/327 3650/6179/327 3663/6198/327
f 3617/6132/327 3652/6183/327 3648/6177/327
f 3696/6246/327 3697/6247/327 3667/6204/327
f 3690/6236/327 3696/6246/327 3632/6153/327
f 3685/6228/328 3694/6242/328 3572/6029/328
f 3694/6243/327 3695/6244/327 3588/6065/327
f 3687/6231/328 3693/6240/328 3541/5955/328
f 3692/6238/327 3693/6241/327 3533/5935/327
f 3697/6247/327 3689/6234/327 3458/5793/327
f 3691/6237/327 3690/6236/327 3457/5790/327
f 3688/6233/327 3691/6237/327 3461/5799/327
f 3686/6230/326 3692/6239/326 3520/5902/326
f 3686/6230/326 3695/6245/326 3597/6084/326
f 3683/6225/328 3689/6235/328 3459/5795/328
f 3682/6224/327 3685/6229/327 3346/5586/327
f 3684/6227/327 3682/6224/327 3222/5392/327
f 3687/6232/327 3681/6223/327 3221/5391/327
f 3683/6226/327 3684/6227/327 3234/5412/327
f 3669/6206/326 3722/6278/326 3724/6281/326
f 3707/6259/327 3709/6261/327 3634/6155/327
f 3705/6256/327 3708/6260/327 3468/5808/327
f 3708/6260/327 3707/6259/327 3467/5807/327
f 3710/6262/327 3706/6257/327 3466/5806/327
f 3703/6254/327 3704/6255/327 3449/5777/327
f 3407/5697/327 3702/6253/327 3703/6254/327
f 3402/5688/327 3699/6249/327 3702/6253/327
f 3700/6250/328 3706/6258/328 3456/5788/328
f 3403/5690/327 3700/6251/327 3701/6252/327
f 3704/6255/327 3698/6248/327 3401/5687/327
f 3404/5691/327 3701/6252/327 3699/6249/327
f 3723/6280/328 3728/6288/328 3730/6290/328
f 3712/6264/326 3727/6287/326 3733/6293/326
f 3717/6270/324 3733/6293/324 3734/6294/324
f 3696/6246/331 3725/6283/331 3726/6285/331
f 3634/6155/328 3719/6272/328 3720/6274/328
f 3633/6154/328 3720/6274/328 3725/6283/328
f 3710/6262/324 3724/6281/324 3721/6276/324
f 3697/6247/326 3726/6285/326 3714/6266/326
f 3712/6264/327 3720/6275/327 3719/6273/327
f 3713/6265/327 3711/6263/327 3719/6273/327
f 3715/6268/327 3722/6279/327 3714/6267/327
f 3716/6269/327 3724/6282/327 3722/6279/327
f 3717/6270/337 3725/6284/337 3720/6275/337
f 3718/6271/327 3723/6280/327 3714/6267/327
f 3717/6270/327 3718/6271/327 3726/6286/327
f 3713/6265/327 3721/6277/327 3724/6282/327
f 3727/6287/327 3729/6289/327 3730/6290/327
f 3727/6287/327 3728/6288/327 3734/6294/327
f 3729/6289/327 3731/6291/327 3732/6292/327
f 3711/6263/326 3729/6289/326 3727/6287/326
f 3716/6269/331 3732/6292/331 3731/6291/331
f 3718/6271/328 3734/6294/328 3728/6288/328
f 3715/6268/328 3730/6290/328 3732/6292/328
f 3713/6265/326 3731/6291/326 3729/6289/326
f 3957/6663/331 3739/6303/331 3865/6500/331
f 3956/6662/331 3736/6297/331 3948/6648/331
f 3759/6333/331 3737/6300/331 3947/6647/331
f 3958/6664/331 3740/6304/331 3835/6460/331
f 3762/6338/331 3744/6310/331 3866/6501/331
f 3763/6339/331 3749/6316/331 4229/7177/331
f 3960/6667/331 3748/6315/331 4228/7176/331
f 3961/6668/331 3751/6319/331 3740/6304/331
f 3764/6340/331 3752/6320/331 3741/6307/331
f 4182/7111/331 3758/6331/331 3754/6323/331
f 4003/6746/331 3842/6471/331 4020/6769/331
f 4180/7107/331 3756/6326/331 3867/6502/331
f 4177/7103/331 3753/6321/331 3950/6650/331
f 3758/6331/331 3764/6340/331 3760/6335/331
f 3757/6328/331 3763/6339/331 4231/7180/331
f 3756/6326/331 3762/6338/331 3868/6503/331
f 3753/6321/331 3759/6333/331 3951/6651/331
f 3771/6351/331 3765/6342/331 3952/6652/331
f 3774/6356/331 3768/6346/331 3869/6504/331
f 3770/6349/327 3987/6717/327 4162/7080/327
f 3776/6359/331 3770/6350/331 3766/6343/331
f 3750/6317/331 3776/6359/331 3772/6353/331
f 4200/7136/331 4003/6746/331 4019/6768/331
f 3742/6308/331 3774/6356/331 3870/6505/331
f 3735/6295/331 3771/6351/331 3953/6653/331
f 3777/6361/331 3783/6372/331 3790/6385/331
f 3912/6575/326 4124/7005/326 4120/6997/326
f 3972/6691/325 4071/6881/325 4049/6826/325
f 3781/6367/325 4030/6781/325 4029/6780/325
f 3781/6368/331 3779/6363/331 3786/6376/331
f 3962/6670/331 3778/6362/331 3785/6375/331
f 3963/6672/331 3785/6375/331 3827/6447/331
f 3788/6380/331 3786/6376/331 3828/6448/331
f 4184/7115/331 3787/6377/331 3829/6449/331
f 3787/6377/331 3788/6380/331 3830/6450/331
f 3954/6655/325 4139/7044/325 4140/7046/325
f 3784/6374/331 3790/6385/331 3832/6455/331
f 3791/6387/331 3797/6398/331 3818/6433/331
f 3857/6489/328 4077/6898/328 4078/6900/328
f 3794/6390/331 3795/6393/331 3816/6428/331
f 4185/7117/331 3794/6390/331 3815/6427/331
f 3795/6393/331 3793/6389/331 3814/6426/331
f 3964/6674/331 3792/6388/331 3813/6425/331
f 3798/6400/331 3804/6411/331 3863/6497/331
f 3897/6551/328 4083/6910/328 4084/6912/328
f 3801/6403/325 4041/6808/325 4208/7148/325
f 3789/6382/327 4034/6793/327 4171/7093/327
f 3802/6406/331 3800/6402/331 3860/6493/331
f 3965/6675/331 3799/6401/331 3859/6492/331
f 3805/6413/331 3811/6422/331 3804/6411/331
f 3873/6509/328 4112/6978/328 4114/6983/328
f 3808/6416/331 3809/6417/331 3802/6406/331
f 4187/7120/331 3808/6416/331 3801/6404/331
f 3809/6417/331 3807/6415/331 3800/6402/331
f 3966/6678/334 3806/6414/334 3799/6401/334
f 3967/6680/331 3813/6425/331 3820/6436/331
f 3816/6428/331 3814/6426/331 3821/6437/331
f 4188/7121/331 3815/6427/331 3822/6438/331
f 3815/6427/331 3816/6428/331 3823/6439/331
f 3818/6433/331 3817/6431/331 3824/6442/331
f 3812/6424/331 3818/6433/331 3825/6444/331
f 3819/6435/331 3825/6444/331 3857/6490/331
f 3955/6658/326 4140/7047/326 4116/6988/326
f 3822/6438/331 3823/6439/331 3855/6486/331
f 4189/7122/331 3822/6438/331 3854/6485/331
f 3823/6439/331 3821/6437/331 3853/6484/331
f 3968/6681/331 3820/6436/331 3852/6483/331
f 3826/6446/331 3832/6455/331 3850/6481/331
f 3832/6455/331 3831/6453/331 3849/6480/331
f 3829/6449/331 3830/6450/331 3848/6479/331
f 4190/7123/331 3829/6449/331 3847/6478/331
f 3830/6450/331 3828/6448/331 3846/6477/331
f 3969/6682/331 3827/6447/331 3845/6476/331
f 3741/6306/325 3999/6737/325 3842/6472/325
f 3834/6458/328 3843/6473/328 4012/6759/328
f 3754/6324/325 4003/6747/325 4200/7135/325
f 3766/6344/325 4002/6744/325 4007/6752/325
f 3970/6685/331 3833/6457/331 3736/6297/331
f 3737/6299/328 3837/6463/328 3843/6473/328
f 3836/6461/328 4018/6766/328 3999/6738/328
f 3765/6341/327 4000/6740/327 4141/7050/327
f 3771/6352/327 4006/6750/327 4000/6740/327
f 3971/6688/331 3835/6460/331 3939/6629/331
f 3933/6618/328 3996/6733/328 4236/7186/328
f 3757/6327/325 3986/6715/325 4196/7130/325
f 3840/6468/331 3841/6470/331 4214/7155/331
f 3842/6471/331 3999/6739/331 4018/6767/331
f 3972/6692/331 3838/6466/331 4211/7151/331
f 3841/6470/331 3839/6467/331 4212/7152/331
f 3973/6694/331 3845/6476/331 3922/6601/331
f 3848/6479/331 3846/6477/331 3923/6602/331
f 4191/7124/331 3847/6478/331 3924/6603/331
f 3847/6478/331 3848/6479/331 3925/6604/331
f 3850/6481/331 3849/6480/331 3926/6605/331
f 3844/6475/331 3850/6481/331 3927/6606/331
f 3974/6697/331 3852/6483/331 3778/6362/331
f 3855/6486/331 3853/6484/331 3779/6363/331
f 4192/7125/331 3854/6485/331 3780/6364/331
f 3854/6485/331 3855/6486/331 3781/6368/331
f 3918/6591/326 4130/7018/326 4121/6998/326
f 3851/6482/331 3857/6490/331 3783/6372/331
f 3975/6700/331 3859/6492/331 3893/6546/331
f 3861/6494/331 3860/6493/331 3894/6547/331
f 3803/6410/326 4043/6813/326 4046/6819/326
f 3862/6496/326 4046/6819/326 4039/6803/326
f 3782/6370/326 4076/6896/326 4075/6894/326
f 3858/6491/331 3863/6497/331 3897/6552/331
f 3864/6499/331 3870/6505/331 3811/6422/331
f 3870/6505/331 3869/6504/331 3810/6420/331
f 3867/6502/331 3868/6503/331 3809/6417/331
f 4193/7126/331 3867/6502/331 3808/6416/331
f 3868/6503/331 3866/6501/331 3807/6415/331
f 3976/6702/331 3865/6500/331 3806/6414/331
f 3866/6501/331 3891/6543/331 3881/6522/331
f 3860/6493/331 3890/6540/331 3898/6554/331
f 3853/6484/331 3889/6538/331 3877/6515/331
f 3846/6477/331 3888/6536/331 3928/6607/331
f 3839/6467/331 3887/6534/331 4215/7157/331
f 3836/6462/331 3886/6532/331 3941/6634/331
f 3834/6459/331 3885/6530/331 3871/6506/331
f 3828/6448/331 3884/6528/331 3888/6536/331
f 3821/6437/331 3883/6526/331 3889/6538/331
f 3814/6426/331 3882/6524/331 3883/6526/331
f 3807/6415/331 3881/6522/331 3880/6520/331
f 3800/6402/331 3880/6520/331 3890/6540/331
f 3793/6389/331 3879/6519/331 3882/6524/331
f 3786/6376/331 3878/6517/331 3884/6528/331
f 3779/6363/331 3877/6515/331 3878/6517/331
f 3752/6320/331 3876/6514/331 3873/6510/331
f 3749/6316/331 3875/6512/331 4232/7181/331
f 3741/6307/331 3873/6510/331 3886/6532/331
f 3737/6300/331 3871/6506/331 3954/6656/331
f 3744/6310/331 3872/6508/331 3891/6543/331
f 3894/6547/331 3898/6554/331 3879/6519/331
f 3892/6545/331 3897/6552/331 3797/6398/331
f 3896/6550/326 3796/6395/326 4082/6908/326
f 3912/6575/326 4053/6838/326 4054/6840/326
f 3794/6391/327 4036/6797/327 4038/6800/327
f 3895/6548/331 3894/6547/331 3793/6389/331
f 3977/6703/331 3893/6546/331 3792/6388/331
f 3898/6554/331 3920/6598/331 3907/6566/331
f 3887/6535/328 3937/6624/328 4113/6980/328
f 3871/6507/328 4105/6964/328 4139/7045/328
f 3908/6567/326 4121/6998/326 4122/7001/326
f 3876/6513/328 4102/6957/328 4112/6978/328
f 3941/6633/325 4137/7038/325 4138/7040/325
f 3877/6516/328 4100/6953/328 4111/6976/328
f 3917/6590/326 4129/7016/326 4123/7002/326
f 3942/6636/326 4138/7041/326 4126/7010/326
f 3884/6529/328 3878/6518/328 4111/6976/328
f 3882/6524/331 3910/6571/331 3911/6573/331
f 3916/6585/326 4128/7014/326 4124/7005/326
f 3886/6533/328 4114/6983/328 4137/7039/328
f 3879/6519/331 3907/6566/331 3910/6571/331
f 3899/6556/326 4116/6988/326 4125/7007/326
f 3804/6412/328 4088/6922/328 4096/6944/328
f 3880/6521/328 4109/6972/328 4110/6975/328
f 3875/6512/331 3903/6562/331 4233/7182/331
f 3913/6578/326 4125/7007/326 4133/7025/326
f 3862/6496/326 4095/6942/326 4086/6917/326
f 3872/6508/331 3900/6559/331 3919/6595/331
f 3928/6607/331 3929/6611/331 3903/6562/331
f 3923/6602/331 3928/6607/331 3875/6512/331
f 3921/6600/331 3927/6606/331 3775/6357/331
f 3927/6606/331 3926/6605/331 3769/6347/331
f 3924/6603/331 3925/6604/331 3763/6339/331
f 4194/7127/331 3924/6603/331 3757/6328/331
f 3925/6604/331 3923/6602/331 3749/6316/331
f 3978/6704/331 3922/6601/331 3748/6315/331
f 3881/6523/328 4098/6949/328 4109/6972/328
f 3932/6616/331 3937/6625/331 3887/6534/331
f 3750/6318/327 3984/6711/327 3991/6726/327
f 3758/6332/328 3988/6719/328 4219/7163/328
f 3933/6617/331 3934/6619/331 3841/6470/331
f 3933/6618/328 3840/6469/328 3989/6723/328
f 3979/6705/331 3931/6615/331 3838/6466/331
f 3934/6619/331 3932/6616/331 3839/6467/331
f 3941/6634/331 3942/6637/331 3946/6645/331
f 3940/6630/331 3941/6634/331 3945/6642/331
f 3980/6706/331 3939/6629/331 3943/6638/331
f 3944/6639/328 4012/6759/328 4024/6773/328
f 3760/6336/325 3842/6472/325 4003/6747/325
f 3772/6354/325 4007/6752/325 4009/6755/325
f 3940/6631/328 4024/6773/328 4018/6766/328
f 3753/6322/327 4001/6743/327 3930/6613/327
f 3759/6334/327 3930/6613/327 3837/6464/327
f 3735/6296/327 3935/6621/327 4006/6750/327
f 3981/6707/331 3943/6638/331 3833/6457/331
f 3944/6640/331 3945/6642/331 3885/6530/331
f 3904/6563/326 4118/6992/326 4225/7173/326
f 3954/6656/331 3955/6659/331 3902/6561/331
f 3947/6647/331 3954/6656/331 3874/6511/331
f 3949/6649/331 3953/6653/331 3773/6355/331
f 3953/6653/331 3952/6652/331 3767/6345/331
f 3950/6650/331 3951/6651/331 3761/6337/331
f 4195/7128/331 3950/6650/331 3755/6325/331
f 3951/6651/331 3947/6647/331 3743/6309/331
f 3982/6708/331 3948/6648/331 3745/6311/331
f 3955/6659/331 3982/6708/331 3959/6666/331
f 3946/6645/331 3981/6707/331 3970/6685/331
f 3942/6637/331 3980/6706/331 3981/6707/331
f 3938/6628/331 3979/6705/331 3972/6692/331
f 3929/6611/331 3978/6704/331 3960/6667/331
f 3920/6598/331 3977/6703/331 3964/6674/331
f 3919/6595/331 3976/6702/331 3966/6678/331
f 3918/6592/331 3975/6700/331 3977/6703/331
f 3914/6579/327 4060/6855/327 4070/6878/327
f 3916/6586/331 3973/6694/331 3978/6704/331
f 3802/6407/325 4042/6810/325 4041/6808/325
f 3914/6580/331 3971/6688/331 3980/6706/331
f 3861/6495/328 4045/6817/328 4042/6811/328
f 3895/6549/328 4037/6799/328 4045/6817/328
f 3911/6573/331 3968/6681/331 3974/6697/331
f 3910/6571/331 3967/6680/331 3968/6681/331
f 3913/6578/326 4051/6831/326 4052/6835/326
f 3970/6686/325 4069/6875/325 4051/6832/325
f 3907/6566/331 3964/6674/331 3967/6680/331
f 3899/6557/327 4052/6836/327 4061/6857/327
f 3969/6683/328 3973/6695/328 4072/6884/328
f 3915/6584/326 4049/6827/326 4222/7167/326
f 3903/6562/331 3960/6667/331 4234/7183/331
f 3956/6661/328 4061/6858/328 4069/6876/328
f 3899/6558/331 3956/6662/331 3982/6708/331
f 3900/6559/331 3957/6663/331 3976/6702/331
f 4196/7129/331 3986/6716/331 4236/7185/331
f 3990/6724/331 3985/6712/331 4237/7187/331
f 3993/6729/331 3990/6724/331 4238/7188/331
f 3983/6709/331 3994/6731/331 4221/7165/331
f 3994/6731/331 3992/6728/331 4220/7164/331
f 4198/7133/331 3989/6722/331 4219/7162/331
f 3995/6732/331 3998/6736/331 3994/6731/331
f 3998/6736/331 3997/6735/331 3992/6728/331
f 4199/7134/331 3996/6734/331 3989/6722/331
f 3769/6348/325 3985/6713/325 3990/6725/325
f 3775/6358/325 3990/6725/325 3993/6730/325
f 3776/6360/327 3991/6726/327 3987/6717/327
f 4007/6753/331 4002/6745/331 4021/6770/331
f 4009/6756/331 4007/6753/331 4022/6771/331
f 3936/6622/331 4010/6757/331 4006/6751/331
f 4010/6757/331 4008/6754/331 4000/6741/331
f 4004/6748/331 4005/6749/331 3930/6614/331
f 4201/7137/331 4004/6748/331 4001/6742/331
f 4005/6749/331 3843/6474/331 3837/6465/331
f 4017/6765/331 4022/6771/331 4028/6778/331
f 4022/6771/331 4021/6770/331 4027/6777/331
f 4019/6768/331 4020/6769/331 4026/6776/331
f 4202/7138/331 4019/6768/331 4025/6775/331
f 4020/6769/331 4018/6767/331 4024/6774/331
f 4026/6776/331 4024/6774/331 4012/6760/331
f 4203/7139/331 4025/6775/331 4013/6761/331
f 4025/6775/331 4026/6776/331 4014/6762/331
f 4028/6778/331 4027/6777/331 4015/6763/331
f 4023/6772/331 4028/6778/331 4016/6764/331
f 4011/6758/331 4016/6764/331 4010/6757/331
f 4016/6764/331 4015/6763/331 4008/6754/331
f 4013/6761/331 4014/6762/331 4005/6749/331
f 4204/7140/331 4013/6761/331 4004/6748/331
f 4014/6762/331 4012/6760/331 3843/6474/331
f 4029/6779/331 4030/6782/331 4033/6789/331
f 4205/7142/331 4029/6779/331 4032/6787/331
f 4041/6809/331 4042/6812/331 4045/6818/331
f 4208/7147/331 4041/6809/331 4044/6816/331
f 4209/7149/331 4044/6816/331 4035/6795/331
f 4044/6816/331 4045/6818/331 4037/6798/331
f 4035/6795/331 4037/6798/331 4038/6801/331
f 4210/7150/331 4035/6795/331 4036/6796/331
f 4047/6821/331 4073/6887/331 4064/6864/331
f 4049/6828/331 4071/6882/331 4223/7169/331
f 4051/6833/331 4069/6877/331 4061/6859/331
f 4053/6837/331 4068/6873/331 4072/6885/331
f 4055/6842/331 4067/6870/331 4066/6868/331
f 4056/6845/331 4066/6868/331 4074/6890/331
f 4058/6850/331 4065/6866/331 4068/6873/331
f 4048/6824/331 4064/6864/331 4065/6866/331
f 4050/6829/331 4063/6863/331 4062/6860/331
f 4059/6852/331 4062/6860/331 4070/6879/331
f 3796/6396/327 4040/6806/327 4172/7094/327
f 3965/6676/328 4066/6869/328 4067/6871/328
f 3787/6378/327 4032/6788/327 4033/6790/327
f 3780/6365/325 4029/6780/325 4205/7141/325
f 3916/6587/327 4054/6841/327 4072/6886/327
f 3975/6701/328 4074/6891/328 4066/6869/328
f 3974/6698/325 4073/6888/325 4047/6822/325
f 3909/6570/326 4055/6843/326 4056/6846/326
f 3918/6593/327 4057/6848/327 4074/6892/327
f 3969/6683/328 4068/6874/328 4065/6867/328
f 3908/6567/326 4056/6846/326 4057/6849/326
f 3963/6673/328 4065/6867/328 4064/6865/328
f 3958/6665/328 4062/6861/328 4063/6862/328
f 3906/6565/326 4058/6851/326 4053/6838/326
f 3962/6671/328 4064/6865/328 4073/6889/328
f 3905/6564/326 4048/6825/326 4058/6851/326
f 3958/6665/328 3971/6689/328 4070/6880/328
f 3904/6563/326 4050/6830/326 4059/6853/326
f 3795/6394/328 4038/6802/328 4037/6799/328
f 3966/6679/325 4067/6872/325 4055/6844/325
f 3961/6669/328 4063/6862/328 4223/7168/328
f 3917/6590/326 4047/6823/326 4048/6825/326
f 3788/6381/328 4033/6791/328 4030/6783/328
f 3896/6550/326 4039/6803/326 4040/6807/326
f 3782/6370/326 4031/6785/326 4034/6794/326
f 3901/6560/326 4059/6853/326 4060/6856/326
f 4078/6899/331 4076/6895/331 4079/6901/331
f 4080/6903/331 4079/6901/331 4093/6935/331
f 4084/6911/331 4082/6907/331 4089/6923/331
f 4088/6921/331 4086/6916/331 4095/6941/331
f 4087/6918/331 4085/6913/331 4086/6916/331
f 4091/6929/331 4092/6932/331 4075/6893/331
f 4077/6897/331 4075/6893/331 4076/6895/331
f 4096/6943/331 4095/6941/331 4081/6905/331
f 4083/6909/331 4081/6905/331 4082/6907/331
f 4097/6945/331 4131/7019/331 4122/7000/331
f 4110/6974/331 4130/7017/331 4132/7022/331
f 4099/6950/331 4129/7015/331 4119/6994/331
f 4107/6967/331 4128/7013/331 4136/7034/331
f 4101/6954/331 4127/7011/331 4225/7172/331
f 4114/6984/331 4126/7009/331 4138/7042/331
f 4104/6961/331 4125/7008/331 4116/6989/331
f 4106/6965/331 4124/7006/331 4128/7013/331
f 4108/6969/331 4123/7003/331 4129/7015/331
f 4098/6948/331 4122/7000/331 4121/6999/331
f 4109/6973/331 4121/6999/331 4130/7017/331
f 4111/6977/331 4120/6996/331 4124/7006/331
f 4100/6952/331 4119/6994/331 4120/6996/331
f 4102/6956/331 4118/6993/331 4117/6990/331
f 4112/6979/331 4117/6990/331 4126/7009/331
f 4105/6963/331 4116/6989/331 4140/7048/331
f 4113/6981/331 4134/7028/331 4127/7011/331
f 4103/6958/331 4133/7026/331 4125/7008/331
f 3824/6441/327 4092/6933/327 4091/6930/327
f 3810/6419/327 4085/6914/327 4087/6919/327
f 3906/6565/326 4120/6997/326 4119/6995/326
f 3901/6560/326 4117/6991/326 4118/6992/326
f 3911/6574/327 4123/7004/327 4108/6970/327
f 3915/6584/326 4127/7012/326 4134/7029/326
f 3914/6581/326 4126/7010/326 4117/6991/326
f 3856/6487/326 4075/6894/326 4092/6934/326
f 3825/6445/328 4091/6931/328 4077/6898/328
f 3896/6550/326 4081/6906/326 4095/6942/326
f 3938/6627/327 4134/7030/327 4113/6982/327
f 3863/6498/328 4096/6944/328 4083/6910/328
f 3891/6544/328 4097/6946/328 4098/6949/328
f 3890/6541/328 4110/6975/328 4115/6986/328
f 3889/6539/328 4099/6951/328 4100/6953/328
f 3919/6596/327 4131/7020/327 4097/6947/327
f 3831/6452/326 4093/6936/326 4079/6902/326
f 3817/6430/326 4089/6924/326 4082/6908/326
f 3803/6410/326 4086/6917/326 4085/6915/326
f 3789/6383/326 4079/6902/326 4076/6896/326
f 3898/6555/325 4115/6987/325 4132/7023/325
f 3790/6386/328 4080/6904/328 4094/6939/328
f 3797/6399/328 4084/6912/328 4090/6927/328
f 4215/7156/328 3887/6535/328 4101/6955/328
f 3811/6423/328 4087/6920/328 4088/6922/328
f 3783/6373/328 4078/6900/328 4080/6904/328
f 3945/6643/328 4103/6959/328 4104/6962/328
f 3909/6570/326 4122/7001/326 4131/7021/326
f 3832/6456/325 4094/6940/325 4093/6937/325
f 3885/6531/328 4104/6962/328 4105/6964/328
f 3928/6608/328 3888/6537/328 4107/6968/328
f 3920/6599/326 4132/7024/326 4130/7018/326
f 3888/6537/328 3884/6529/328 4106/6966/328
f 3929/6612/326 4136/7035/326 4128/7014/326
f 3905/6564/326 4119/6995/326 4129/7016/326
f 3946/6646/327 4133/7027/327 4103/6960/327
f 3883/6527/328 4108/6971/328 4099/6951/328
f 3928/6609/325 4135/7033/325 4136/7036/325
f 3818/6434/325 4090/6928/325 4089/6925/325
f 3782/6371/325 4148/7061/325 4170/7090/325
f 4150/7065/327 4172/7094/327 4207/7145/327
f 4039/6804/331 4175/7099/331 4172/7095/331
f 4046/6820/331 4174/7098/331 4175/7099/331
f 4043/6814/331 4173/7096/331 4174/7098/331
f 4031/6786/331 4170/7091/331 4171/7092/331
f 4015/6763/331 4169/7089/331 4166/7086/331
f 4027/6777/331 4168/7088/331 4169/7089/331
f 4021/6770/331 4167/7087/331 4168/7088/331
f 4008/6754/331 4166/7086/331 4141/7049/331
f 3997/6735/331 4164/7083/331 4163/7082/331
f 3992/6728/331 4163/7082/331 4226/7174/331
f 3985/6712/331 4161/7078/331 4239/7189/331
f 3952/6652/331 4160/7077/331 4144/7055/331
f 3926/6605/331 4159/7076/331 4146/7057/331
f 3869/6504/331 4158/7075/331 4152/7069/331
f 3856/6488/331 4157/7074/331 4148/7062/331
f 3849/6480/331 4156/7073/331 4159/7076/331
f 4146/7058/325 4161/7079/325 3985/6713/325
f 4142/7051/327 4141/7050/327 4176/7100/327
f 4143/7053/325 4165/7084/325 4002/6744/325
f 3831/6453/331 4155/7072/331 4156/7073/331
f 3824/6442/331 4154/7071/331 4157/7074/331
f 3817/6431/331 4153/7070/331 4154/7071/331
f 3810/6420/331 4152/7069/331 4151/7067/331
f 4149/7063/327 4171/7093/327 4206/7143/327
f 4151/7068/325 4173/7097/325 4043/6815/325
f 3796/6397/331 4150/7066/331 4153/7070/331
f 3789/6384/331 4149/7064/331 4155/7072/331
f 4002/6745/331 4165/7085/331 4167/7087/331
f 4147/7059/327 4162/7080/327 4197/7131/327
f 3765/6342/331 4142/7052/331 4160/7077/331
f 3768/6346/331 4145/7056/331 4158/7075/331
f 3770/6350/331 4147/7060/331 4143/7054/331
f 4182/7110/327 4197/7131/327 3988/6720/327
f 4184/7114/327 4206/7143/327 4032/6788/327
f 4177/7102/327 4176/7100/327 4001/6743/327
f 4185/7116/327 4207/7145/327 4036/6797/327
f 4183/7112/325 4205/7141/325 4170/7090/325
f 4175/7099/331 4210/7150/331 4207/7146/331
f 4174/7098/331 4209/7149/331 4210/7150/331
f 4173/7096/331 4208/7147/331 4209/7149/331
f 4170/7091/331 4205/7142/331 4206/7144/331
f 4169/7089/331 4204/7140/331 4201/7137/331
f 4168/7088/331 4203/7139/331 4204/7140/331
f 4167/7087/331 4202/7138/331 4203/7139/331
f 4166/7086/331 4201/7137/331 4176/7101/331
f 4164/7083/328 4239/7189/328 4251/7204/328
f 4198/7133/326 4244/7194/326 4252/7206/326
f 4161/7078/331 4196/7129/331 4240/7190/331
f 4160/7077/331 4195/7128/331 4179/7106/331
f 4159/7076/331 4194/7127/331 4181/7108/331
f 4158/7075/331 4193/7126/331 4187/7120/331
f 4157/7074/331 4192/7125/331 4183/7113/331
f 4156/7073/331 4191/7124/331 4194/7127/331
f 4181/7109/325 4196/7130/325 4161/7079/325
f 4178/7104/325 4200/7135/325 4165/7084/325
f 4155/7072/331 4190/7123/331 4191/7124/331
f 4154/7071/331 4189/7122/331 4192/7125/331
f 4153/7070/331 4188/7121/331 4189/7122/331
f 4152/7069/331 4187/7120/331 4186/7118/331
f 4186/7119/325 4208/7148/325 4173/7097/325
f 4150/7066/331 4185/7117/331 4188/7121/331
f 4149/7064/331 4184/7115/331 4190/7123/331
f 4165/7085/331 4200/7136/331 4202/7138/331
f 4142/7052/331 4177/7103/331 4195/7128/331
f 4145/7056/331 4180/7107/331 4193/7126/331
f 4147/7060/331 4182/7111/331 4178/7105/331
f 4226/7174/331 4227/7175/331 4197/7132/331
f 4220/7164/331 4226/7174/331 4162/7081/331
f 4215/7156/328 4224/7170/328 4102/6957/328
f 4224/7171/331 4225/7172/331 4118/6993/331
f 4217/7159/328 4223/7168/328 4071/6883/328
f 4222/7166/331 4223/7169/331 4063/6863/331
f 4227/7175/331 4219/7162/331 3988/6721/331
f 4221/7165/331 4220/7164/331 3987/6718/331
f 4218/7161/331 4221/7165/331 3991/6727/331
f 3904/6563/326 4216/7158/326 4222/7167/326
f 4216/7158/326 4225/7173/326 4127/7012/326
f 4213/7153/328 4219/7163/328 3989/6723/328
f 4212/7152/331 4215/7157/331 3876/6514/331
f 4214/7155/331 4212/7152/331 3752/6320/331
f 4217/7160/331 4211/7151/331 3751/6319/331
f 4213/7154/331 4214/7155/331 3764/6340/331
f 4199/7134/326 4252/7206/326 4254/7209/326
f 4237/7187/331 4239/7189/331 4164/7083/331
f 4235/7184/331 4238/7188/331 3998/6736/331
f 4238/7188/331 4237/7187/331 3997/6735/331
f 4240/7190/331 4236/7185/331 3996/6734/331
f 4233/7182/331 4234/7183/331 3979/6705/331
f 4232/7181/331 4233/7182/331 3938/6628/331
f 4229/7177/331 4232/7181/331 3937/6625/331
f 3757/6329/328 4230/7178/328 4236/7186/328
f 4230/7179/331 4231/7180/331 3934/6619/331
f 4234/7183/331 4228/7176/331 3931/6615/331
f 4231/7180/331 4229/7177/331 3932/6616/331
f 4245/7196/328 4253/7208/328 4258/7216/328
f 4242/7192/326 4257/7215/326 4263/7221/326
f 4247/7198/327 4263/7221/327 4264/7222/327
f 4226/7174/325 4255/7211/325 4256/7213/325
f 4163/7082/328 4164/7083/328 4249/7200/328
f 4163/7082/328 4250/7202/328 4255/7211/328
f 4240/7190/327 4254/7209/327 4251/7204/327
f 4227/7175/326 4256/7213/326 4244/7194/326
f 4242/7192/331 4250/7203/331 4249/7201/331
f 4243/7193/331 4241/7191/331 4249/7201/331
f 4245/7196/331 4252/7207/331 4244/7195/331
f 4246/7197/331 4254/7210/331 4252/7207/331
f 4247/7198/331 4255/7212/331 4250/7203/331
f 4248/7199/331 4253/7208/331 4244/7195/331
f 4247/7198/338 4248/7199/338 4256/7214/338
f 4243/7193/338 4251/7205/338 4254/7210/338
f 4259/7217/331 4260/7218/331 4258/7216/331
f 4257/7215/331 4258/7216/331 4264/7222/331
f 4261/7219/331 4262/7220/331 4260/7218/331
f 4241/7191/326 4259/7217/326 4257/7215/326
f 4246/7197/325 4262/7220/325 4261/7219/325
f 4248/7199/328 4264/7222/328 4258/7216/328
f 4245/7196/328 4260/7218/328 4262/7220/328
f 4243/7193/326 4261/7219/326 4259/7217/326
f 4487/7591/325 4269/7231/325 4395/7428/325
f 4486/7590/325 4266/7225/325 4478/7576/325
f 4289/7261/325 4267/7228/325 4477/7575/325
f 4488/7592/325 4270/7232/325 4365/7388/325
f 4398/7431/325 4292/7266/325 4274/7238/325
f 4293/7267/325 4279/7244/325 4759/8105/325
f 4490/7595/325 4278/7243/325 4758/8104/325
f 4491/7596/325 4281/7247/325 4270/7232/325
f 4294/7268/325 4282/7248/325 4271/7235/325
f 4712/8039/325 4288/7259/325 4284/7251/325
f 4549/7696/325 4533/7674/325 4372/7399/325
f 4723/8054/325 4710/8035/325 4286/7254/325
f 4707/8031/325 4283/7249/325 4480/7578/325
f 4288/7259/325 4294/7268/325 4290/7263/325
f 4287/7257/325 4293/7267/325 4761/8108/325
f 4286/7254/325 4292/7266/325 4398/7431/325
f 4283/7249/325 4289/7261/325 4481/7579/325
f 4301/7279/325 4295/7270/325 4482/7580/325
f 4304/7284/325 4298/7274/325 4399/7432/325
f 4300/7277/331 4517/7645/331 4692/8008/331
f 4306/7287/325 4300/7278/325 4296/7271/325
f 4280/7245/325 4306/7287/325 4302/7281/325
f 4732/8066/325 4730/8064/325 4533/7674/325
f 4272/7236/325 4304/7284/325 4400/7433/325
f 4265/7223/325 4301/7279/325 4483/7581/325
f 4307/7289/325 4313/7300/325 4320/7313/325
f 4442/7503/326 4654/7933/326 4650/7925/326
f 4502/7619/324 4601/7809/324 4579/7754/324
f 4311/7295/324 4560/7709/324 4559/7708/324
f 4318/7308/325 4311/7296/325 4309/7291/325
f 4492/7598/325 4308/7290/325 4315/7303/325
f 4493/7600/325 4315/7303/325 4357/7375/325
f 4318/7308/325 4316/7304/325 4358/7376/325
f 4714/8043/325 4317/7305/325 4359/7377/325
f 4317/7305/325 4318/7308/325 4360/7378/325
f 4484/7583/324 4669/7972/324 4670/7974/324
f 4314/7302/325 4320/7313/325 4362/7383/325
f 4321/7315/325 4327/7326/325 4348/7361/325
f 4387/7417/328 4607/7826/328 4608/7828/328
f 4324/7318/325 4325/7321/325 4346/7356/325
f 4715/8045/325 4324/7318/325 4345/7355/325
f 4325/7321/325 4323/7317/325 4344/7354/325
f 4494/7602/325 4322/7316/325 4343/7353/325
f 4328/7328/325 4334/7339/325 4393/7425/325
f 4427/7479/328 4613/7838/328 4614/7840/328
f 4331/7331/324 4571/7736/324 4738/8076/324
f 4319/7310/331 4564/7721/331 4701/8020/331
f 4332/7334/325 4330/7330/325 4390/7421/325
f 4505/7628/325 4495/7603/325 4329/7329/325
f 4328/7328/325 4335/7341/325 4341/7350/325
f 4403/7437/328 4642/7906/328 4644/7911/328
f 4338/7344/325 4339/7345/325 4332/7334/325
f 4717/8048/325 4338/7344/325 4331/7332/325
f 4339/7345/325 4337/7343/325 4330/7330/325
f 4496/7606/325 4336/7342/325 4329/7329/325
f 4497/7608/325 4343/7353/325 4350/7364/325
f 4346/7356/325 4344/7354/325 4351/7365/325
f 4718/8049/325 4345/7355/325 4352/7366/325
f 4345/7355/325 4346/7356/325 4353/7367/325
f 4348/7361/325 4347/7359/325 4354/7370/325
f 4342/7352/325 4348/7361/325 4355/7372/325
f 4381/7410/325 4349/7363/325 4355/7372/325
f 4485/7586/326 4670/7975/326 4646/7916/326
f 4352/7366/325 4353/7367/325 4385/7414/325
f 4719/8050/325 4352/7366/325 4384/7413/325
f 4353/7367/325 4351/7365/325 4383/7412/325
f 4498/7609/325 4350/7364/325 4382/7411/325
f 4356/7374/325 4362/7383/325 4380/7409/325
f 4362/7383/325 4361/7381/325 4379/7408/325
f 4359/7377/325 4360/7378/325 4378/7407/325
f 4720/8051/325 4359/7377/325 4377/7406/325
f 4360/7378/325 4358/7376/325 4376/7405/325
f 4499/7610/325 4357/7375/325 4375/7404/325
f 4271/7234/324 4529/7665/324 4372/7400/324
f 4364/7386/328 4373/7401/328 4542/7687/328
f 4284/7252/324 4533/7675/324 4730/8063/324
f 4296/7272/324 4532/7672/324 4537/7680/324
f 4486/7590/325 4500/7613/325 4363/7385/325
f 4267/7227/328 4367/7391/328 4373/7401/328
f 4366/7389/328 4548/7694/328 4529/7666/328
f 4295/7269/331 4530/7668/331 4671/7978/331
f 4301/7280/331 4536/7678/331 4530/7668/331
f 4501/7616/325 4365/7388/325 4469/7557/325
f 4463/7545/328 4526/7661/328 4766/8114/328
f 4287/7256/324 4516/7642/324 4726/8058/324
f 4370/7396/325 4371/7398/325 4744/8083/325
f 4550/7697/325 4372/7399/325 4529/7667/325
f 4502/7620/325 4368/7394/325 4741/8079/325
f 4371/7398/325 4369/7395/325 4742/8080/325
f 4503/7622/325 4375/7404/325 4452/7529/325
f 4378/7407/325 4376/7405/325 4453/7530/325
f 4721/8052/325 4377/7406/325 4454/7531/325
f 4377/7406/325 4378/7407/325 4455/7532/325
f 4380/7409/325 4379/7408/325 4456/7533/325
f 4374/7403/325 4380/7409/325 4457/7534/325
f 4504/7625/325 4382/7411/325 4308/7290/325
f 4385/7414/325 4383/7412/325 4309/7291/325
f 4722/8053/325 4384/7413/325 4310/7292/325
f 4384/7413/325 4385/7414/325 4311/7296/325
f 4448/7519/326 4660/7946/326 4651/7926/326
f 4381/7410/325 4387/7418/325 4313/7300/325
f 4505/7628/325 4389/7420/325 4423/7474/325
f 4391/7422/325 4390/7421/325 4424/7475/325
f 4333/7338/326 4573/7741/326 4576/7747/326
f 4392/7424/326 4576/7747/326 4569/7731/326
f 4312/7298/326 4606/7824/326 4605/7822/326
f 4422/7473/325 4388/7419/325 4393/7425/325
f 4394/7427/325 4400/7433/325 4341/7350/325
f 4400/7433/325 4399/7432/325 4340/7348/325
f 4397/7430/325 4398/7431/325 4339/7345/325
f 4723/8054/325 4397/7430/325 4338/7344/325
f 4398/7431/325 4396/7429/325 4337/7343/325
f 4506/7630/325 4395/7428/325 4336/7342/325
f 4396/7429/325 4421/7471/325 4411/7450/325
f 4390/7421/325 4420/7468/325 4428/7482/325
f 4383/7412/325 4419/7466/325 4407/7443/325
f 4376/7405/325 4418/7464/325 4458/7536/325
f 4369/7395/325 4417/7462/325 4745/8085/325
f 4366/7390/325 4416/7460/325 4471/7562/325
f 4364/7387/325 4415/7458/325 4401/7434/325
f 4358/7376/325 4414/7456/325 4418/7464/325
f 4351/7365/325 4413/7454/325 4419/7466/325
f 4344/7354/325 4412/7452/325 4413/7454/325
f 4337/7343/325 4411/7450/325 4410/7448/325
f 4330/7330/325 4410/7448/325 4420/7468/325
f 4323/7317/325 4409/7447/325 4412/7452/325
f 4316/7304/325 4408/7445/325 4414/7456/325
f 4309/7291/325 4407/7443/325 4408/7445/325
f 4282/7248/325 4406/7442/325 4403/7438/325
f 4279/7244/325 4405/7440/325 4762/8109/325
f 4366/7390/325 4271/7235/325 4403/7438/325
f 4267/7228/325 4401/7434/325 4484/7584/325
f 4274/7238/325 4402/7436/325 4421/7471/325
f 4424/7475/325 4428/7482/325 4409/7447/325
f 4321/7315/325 4422/7473/325 4427/7480/325
f 4326/7323/326 4612/7836/326 4611/7834/326
f 4442/7503/326 4583/7766/326 4584/7768/326
f 4324/7319/331 4566/7725/331 4568/7728/331
f 4425/7476/325 4424/7475/325 4323/7317/325
f 4507/7631/325 4423/7474/325 4322/7316/325
f 4428/7482/325 4450/7526/325 4437/7494/325
f 4467/7552/328 4643/7908/328 4631/7883/328
f 4401/7435/328 4635/7892/328 4669/7973/328
f 4438/7495/326 4651/7926/326 4652/7929/326
f 4406/7441/328 4632/7885/328 4642/7906/328
f 4471/7561/324 4667/7966/324 4668/7968/324
f 4407/7444/328 4630/7881/328 4641/7904/328
f 4447/7518/326 4659/7944/326 4653/7930/326
f 4472/7564/326 4668/7969/326 4656/7938/326
f 4408/7446/328 4641/7904/328 4636/7894/328
f 4412/7452/325 4440/7499/325 4441/7501/325
f 4446/7513/326 4658/7942/326 4654/7933/326
f 4416/7461/328 4644/7911/328 4667/7967/328
f 4409/7447/325 4437/7494/325 4440/7499/325
f 4429/7484/326 4646/7916/326 4655/7935/326
f 4334/7340/328 4618/7850/328 4626/7872/328
f 4410/7449/328 4639/7900/328 4640/7903/328
f 4405/7440/325 4433/7490/325 4763/8110/325
f 4443/7506/326 4655/7935/326 4663/7953/326
f 4392/7424/326 4625/7870/326 4616/7845/326
f 4402/7436/325 4430/7487/325 4449/7523/325
f 4458/7536/325 4459/7539/325 4433/7490/325
f 4453/7530/325 4458/7536/325 4405/7440/325
f 4451/7528/325 4457/7534/325 4305/7285/325
f 4457/7534/325 4456/7533/325 4299/7275/325
f 4454/7531/325 4455/7532/325 4293/7267/325
f 4724/8055/325 4454/7531/325 4287/7257/325
f 4455/7532/325 4453/7530/325 4279/7244/325
f 4508/7632/325 4452/7529/325 4278/7243/325
f 4411/7451/328 4628/7877/328 4639/7900/328
f 4462/7544/325 4467/7553/325 4417/7462/325
f 4280/7246/331 4514/7639/331 4521/7654/331
f 4288/7260/328 4518/7648/328 4749/8091/328
f 4463/7546/325 4464/7547/325 4371/7398/325
f 4370/7397/328 4519/7651/328 4526/7661/328
f 4509/7633/325 4461/7543/325 4368/7394/325
f 4464/7547/325 4462/7544/325 4369/7395/325
f 4471/7562/325 4472/7565/325 4476/7573/325
f 4470/7558/325 4471/7562/325 4475/7570/325
f 4510/7634/325 4469/7557/325 4473/7566/325
f 4474/7567/328 4542/7687/328 4554/7701/328
f 4290/7264/324 4372/7400/324 4533/7675/324
f 4302/7282/324 4537/7680/324 4539/7683/324
f 4470/7559/328 4554/7701/328 4548/7694/328
f 4283/7250/331 4531/7671/331 4460/7541/331
f 4289/7262/331 4460/7541/331 4367/7392/331
f 4265/7224/331 4465/7549/331 4536/7678/331
f 4511/7635/325 4473/7566/325 4363/7385/325
f 4474/7568/325 4475/7570/325 4415/7458/325
f 4434/7491/326 4648/7920/326 4755/8101/326
f 4484/7584/325 4485/7587/325 4432/7489/325
f 4477/7575/325 4484/7584/325 4404/7439/325
f 4479/7577/325 4483/7581/325 4303/7283/325
f 4483/7581/325 4482/7580/325 4297/7273/325
f 4480/7578/325 4481/7579/325 4291/7265/325
f 4725/8056/325 4480/7578/325 4285/7253/325
f 4291/7265/325 4481/7579/325 4477/7575/325
f 4512/7636/325 4478/7576/325 4275/7239/325
f 4485/7587/325 4512/7636/325 4489/7594/325
f 4476/7573/325 4511/7635/325 4500/7613/325
f 4472/7565/325 4510/7634/325 4511/7635/325
f 4468/7556/325 4509/7633/325 4502/7620/325
f 4459/7539/325 4508/7632/325 4490/7595/325
f 4450/7526/325 4507/7631/325 4494/7602/325
f 4449/7523/325 4506/7630/325 4496/7606/325
f 4448/7520/325 4505/7628/325 4507/7631/325
f 4444/7507/331 4590/7783/331 4600/7806/331
f 4446/7514/325 4503/7622/325 4508/7632/325
f 4332/7335/324 4572/7738/324 4571/7736/324
f 4444/7508/325 4501/7616/325 4510/7634/325
f 4391/7423/328 4575/7745/328 4572/7739/328
f 4425/7477/328 4567/7727/328 4575/7745/328
f 4441/7501/325 4498/7609/325 4504/7625/325
f 4440/7499/325 4497/7608/325 4498/7609/325
f 4443/7506/326 4581/7759/326 4582/7762/326
f 4500/7614/324 4599/7803/324 4581/7760/324
f 4437/7494/325 4494/7602/325 4497/7608/325
f 4429/7485/331 4582/7763/331 4591/7786/331
f 4503/7623/328 4602/7812/328 4598/7802/328
f 4445/7512/326 4579/7755/326 4752/8095/326
f 4433/7490/325 4490/7595/325 4764/8111/325
f 4486/7589/328 4591/7787/328 4599/7804/328
f 4429/7486/325 4486/7590/325 4512/7636/325
f 4430/7487/325 4487/7591/325 4506/7630/325
f 4726/8057/325 4516/7643/325 4766/8113/325
f 4520/7652/325 4515/7640/325 4767/8115/325
f 4523/7657/325 4520/7652/325 4768/8116/325
f 4513/7637/325 4524/7659/325 4751/8093/325
f 4524/7659/325 4522/7656/325 4750/8092/325
f 4728/8061/325 4519/7650/325 4749/8090/325
f 4525/7660/325 4528/7664/325 4524/7659/325
f 4528/7664/325 4527/7663/325 4522/7656/325
f 4729/8062/325 4526/7662/325 4519/7650/325
f 4299/7276/324 4515/7641/324 4520/7653/324
f 4305/7286/324 4520/7653/324 4523/7658/324
f 4306/7288/331 4521/7654/331 4517/7645/331
f 4537/7681/325 4532/7673/325 4551/7698/325
f 4539/7684/325 4537/7681/325 4552/7699/325
f 4466/7550/325 4540/7685/325 4536/7679/325
f 4540/7685/325 4538/7682/325 4530/7669/325
f 4534/7676/325 4535/7677/325 4460/7542/325
f 4706/8029/325 4731/8065/325 4534/7676/325
f 4535/7677/325 4373/7402/325 4367/7393/325
f 4547/7693/325 4552/7699/325 4558/7706/325
f 4552/7699/325 4551/7698/325 4557/7705/325
f 4549/7696/325 4550/7697/325 4556/7704/325
f 4732/8066/325 4549/7696/325 4555/7703/325
f 4550/7697/325 4548/7695/325 4554/7702/325
f 4556/7704/325 4554/7702/325 4542/7688/325
f 4734/8068/325 4733/8067/325 4555/7703/325
f 4555/7703/325 4556/7704/325 4544/7690/325
f 4546/7692/325 4558/7706/325 4557/7705/325
f 4541/7686/325 4553/7700/325 4558/7706/325
f 4466/7550/325 4541/7686/325 4546/7692/325
f 4540/7685/325 4546/7692/325 4545/7691/325
f 4543/7689/325 4544/7690/325 4535/7677/325
f 4734/8068/325 4543/7689/325 4534/7676/325
f 4544/7690/325 4542/7688/325 4373/7402/325
f 4559/7707/325 4560/7710/325 4563/7717/325
f 4735/8070/325 4559/7707/325 4562/7715/325
f 4571/7737/325 4572/7740/325 4575/7746/325
f 4738/8075/325 4571/7737/325 4574/7744/325
f 4739/8077/325 4574/7744/325 4565/7723/325
f 4574/7744/325 4575/7746/325 4567/7726/325
f 4565/7723/325 4567/7726/325 4568/7729/325
f 4737/8073/325 4740/8078/325 4565/7723/325
f 4578/7752/325 4577/7749/325 4603/7815/325
f 4579/7756/325 4601/7810/325 4753/8097/325
f 4582/7764/325 4581/7761/325 4599/7805/325
f 4583/7765/325 4598/7801/325 4602/7813/325
f 4585/7770/325 4597/7798/325 4596/7796/325
f 4586/7773/325 4596/7796/325 4604/7818/325
f 4588/7778/325 4595/7794/325 4598/7801/325
f 4578/7752/325 4594/7792/325 4595/7794/325
f 4580/7757/325 4593/7790/325 4592/7788/325
f 4589/7780/325 4592/7788/325 4600/7807/325
f 4326/7324/331 4570/7734/331 4702/8022/331
f 4495/7604/328 4596/7797/328 4597/7799/328
f 4317/7306/331 4562/7716/331 4563/7718/331
f 4310/7293/324 4559/7708/324 4735/8069/324
f 4446/7515/331 4584/7769/331 4602/7814/331
f 4505/7629/328 4604/7819/328 4596/7797/328
f 4504/7626/324 4603/7816/324 4577/7750/324
f 4439/7498/326 4585/7771/326 4586/7774/326
f 4448/7521/331 4587/7776/331 4604/7820/331
f 4499/7611/328 4598/7802/328 4595/7795/328
f 4438/7495/326 4586/7774/326 4587/7777/326
f 4493/7601/328 4595/7795/328 4594/7793/328
f 4488/7593/328 4592/7789/328 4593/7791/328
f 4436/7493/326 4588/7779/326 4583/7766/326
f 4492/7599/328 4594/7793/328 4603/7817/328
f 4435/7492/326 4578/7753/326 4588/7779/326
f 4501/7617/328 4600/7808/328 4592/7789/328
f 4434/7491/326 4580/7758/326 4589/7781/326
f 4325/7322/328 4568/7730/328 4567/7727/328
f 4496/7607/324 4597/7800/324 4585/7772/324
f 4491/7597/328 4593/7791/328 4753/8096/328
f 4447/7518/326 4577/7751/326 4578/7753/326
f 4318/7309/328 4563/7719/328 4560/7711/328
f 4426/7478/326 4569/7731/326 4570/7735/326
f 4312/7298/326 4561/7713/326 4564/7722/326
f 4431/7488/326 4589/7781/326 4590/7784/326
f 4608/7827/325 4606/7823/325 4609/7829/325
f 4624/7866/325 4610/7831/325 4609/7829/325
f 4614/7839/325 4612/7835/325 4619/7851/325
f 4618/7849/325 4616/7844/325 4625/7869/325
f 4618/7849/325 4617/7846/325 4615/7841/325
f 4607/7825/325 4621/7857/325 4622/7860/325
f 4607/7825/325 4605/7821/325 4606/7823/325
f 4613/7837/325 4626/7871/325 4625/7869/325
f 4613/7837/325 4611/7833/325 4612/7835/325
f 4627/7873/325 4661/7947/325 4652/7928/325
f 4640/7902/325 4660/7945/325 4662/7950/325
f 4629/7878/325 4659/7943/325 4649/7922/325
f 4637/7895/325 4658/7941/325 4666/7962/325
f 4631/7882/325 4657/7939/325 4755/8100/325
f 4644/7912/325 4656/7937/325 4668/7970/325
f 4635/7891/325 4634/7889/325 4655/7936/325
f 4636/7893/325 4654/7934/325 4658/7941/325
f 4638/7897/325 4653/7931/325 4659/7943/325
f 4628/7876/325 4652/7928/325 4651/7927/325
f 4639/7901/325 4651/7927/325 4660/7945/325
f 4641/7905/325 4650/7924/325 4654/7934/325
f 4630/7880/325 4649/7922/325 4650/7924/325
f 4632/7884/325 4648/7921/325 4647/7918/325
f 4642/7907/325 4647/7918/325 4656/7937/325
f 4635/7891/325 4646/7917/325 4670/7976/325
f 4643/7909/325 4664/7956/325 4657/7939/325
f 4633/7886/325 4663/7954/325 4655/7936/325
f 4354/7369/331 4622/7861/331 4621/7858/331
f 4340/7347/331 4615/7842/331 4617/7847/331
f 4436/7493/326 4650/7925/326 4649/7923/326
f 4431/7488/326 4647/7919/326 4648/7920/326
f 4441/7502/331 4653/7932/331 4638/7898/331
f 4445/7512/326 4657/7940/326 4664/7957/326
f 4444/7509/326 4656/7938/326 4647/7919/326
f 4386/7415/326 4605/7822/326 4622/7862/326
f 4355/7373/328 4621/7859/328 4607/7826/328
f 4426/7478/326 4611/7834/326 4625/7870/326
f 4468/7555/331 4664/7958/331 4643/7910/331
f 4393/7426/328 4626/7872/328 4613/7838/328
f 4421/7472/328 4627/7874/328 4628/7877/328
f 4420/7469/328 4640/7903/328 4645/7914/328
f 4419/7467/328 4629/7879/328 4630/7881/328
f 4449/7524/331 4661/7948/331 4627/7875/331
f 4361/7380/326 4623/7864/326 4609/7830/326
f 4347/7358/326 4619/7852/326 4612/7836/326
f 4333/7338/326 4616/7845/326 4615/7843/326
f 4319/7311/326 4609/7830/326 4606/7824/326
f 4428/7483/324 4645/7915/324 4662/7951/324
f 4320/7314/328 4610/7832/328 4624/7867/328
f 4327/7327/328 4614/7840/328 4620/7855/328
f 4417/7463/328 4631/7883/328 4754/8098/328
f 4341/7351/328 4617/7848/328 4618/7850/328
f 4313/7301/328 4608/7828/328 4610/7832/328
f 4475/7571/328 4633/7887/328 4634/7890/328
f 4439/7498/326 4652/7929/326 4661/7949/326
f 4362/7384/324 4624/7868/324 4623/7865/324
f 4415/7459/328 4634/7890/328 4635/7892/328
f 4418/7465/328 4637/7896/328 4665/7960/328
f 4450/7527/326 4662/7952/326 4660/7946/326
f 4414/7457/328 4636/7894/328 4637/7896/328
f 4459/7540/326 4666/7963/326 4658/7942/326
f 4435/7492/326 4649/7923/326 4659/7944/326
f 4476/7574/331 4663/7955/331 4633/7888/331
f 4413/7455/328 4638/7899/328 4629/7879/328
f 4458/7537/324 4665/7961/324 4666/7964/324
f 4348/7362/324 4620/7856/324 4619/7853/324
f 4312/7299/324 4678/7989/324 4700/8018/324
f 4680/7993/331 4702/8022/331 4737/8074/331
f 4569/7732/325 4705/8027/325 4702/8023/325
f 4576/7748/325 4704/8026/325 4705/8027/325
f 4573/7742/325 4703/8024/325 4704/8026/325
f 4561/7714/325 4700/8019/325 4701/8021/325
f 4545/7691/325 4699/8017/325 4696/8014/325
f 4545/7691/325 4557/7705/325 4698/8016/325
f 4551/7698/325 4697/8015/325 4698/8016/325
f 4538/7682/325 4696/8014/325 4671/7977/325
f 4527/7663/325 4694/8011/325 4693/8010/325
f 4522/7656/325 4693/8010/325 4756/8102/325
f 4515/7640/325 4691/8006/325 4769/8117/325
f 4482/7580/325 4690/8005/325 4674/7983/325
f 4456/7533/325 4689/8004/325 4676/7985/325
f 4399/7432/325 4688/8003/325 4682/7997/325
f 4386/7416/325 4687/8002/325 4678/7990/325
f 4379/7408/325 4686/8001/325 4689/8004/325
f 4676/7986/324 4691/8007/324 4515/7641/324
f 4672/7979/331 4671/7978/331 4706/8028/331
f 4673/7981/324 4695/8012/324 4532/7672/324
f 4361/7381/325 4685/8000/325 4686/8001/325
f 4386/7416/325 4354/7370/325 4684/7999/325
f 4347/7359/325 4683/7998/325 4684/7999/325
f 4340/7348/325 4682/7997/325 4681/7995/325
f 4679/7991/331 4701/8020/331 4736/8072/331
f 4681/7996/324 4703/8025/324 4573/7743/324
f 4326/7325/325 4680/7994/325 4683/7998/325
f 4361/7381/325 4319/7312/325 4679/7992/325
f 4532/7673/325 4695/8013/325 4697/8015/325
f 4677/7987/331 4692/8008/331 4727/8059/331
f 4295/7270/325 4672/7980/325 4690/8005/325
f 4298/7274/325 4675/7984/325 4688/8003/325
f 4300/7278/325 4677/7988/325 4673/7982/325
f 4712/8038/331 4727/8059/331 4518/7649/331
f 4714/8042/331 4736/8072/331 4562/7716/331
f 4707/8030/331 4706/8028/331 4531/7671/331
f 4715/8044/331 4737/8074/331 4566/7725/331
f 4713/8040/324 4735/8069/324 4700/8018/324
f 4702/8023/325 4705/8027/325 4740/8078/325
f 4704/8026/325 4739/8077/325 4740/8078/325
f 4703/8024/325 4738/8075/325 4739/8077/325
f 4701/8021/325 4700/8019/325 4735/8070/325
f 4699/8017/325 4734/8068/325 4731/8065/325
f 4699/8017/325 4698/8016/325 4733/8067/325
f 4697/8015/325 4732/8066/325 4733/8067/325
f 4696/8014/325 4731/8065/325 4706/8029/325
f 4769/8117/328 4781/8132/328 4779/8128/328
f 4728/8061/326 4774/8122/326 4782/8134/326
f 4691/8006/325 4726/8057/325 4770/8118/325
f 4690/8005/325 4725/8056/325 4709/8034/325
f 4689/8004/325 4724/8055/325 4711/8036/325
f 4688/8003/325 4723/8054/325 4717/8048/325
f 4687/8002/325 4722/8053/325 4713/8041/325
f 4686/8001/325 4721/8052/325 4724/8055/325
f 4711/8037/324 4726/8058/324 4691/8007/324
f 4708/8032/324 4730/8063/324 4695/8012/324
f 4685/8000/325 4720/8051/325 4721/8052/325
f 4687/8002/325 4684/7999/325 4719/8050/325
f 4683/7998/325 4718/8049/325 4719/8050/325
f 4682/7997/325 4717/8048/325 4716/8046/325
f 4716/8047/324 4738/8076/324 4703/8025/324
f 4680/7994/325 4715/8045/325 4718/8049/325
f 4685/8000/325 4679/7992/325 4714/8043/325
f 4695/8013/325 4730/8064/325 4732/8066/325
f 4672/7980/325 4707/8031/325 4725/8056/325
f 4675/7984/325 4710/8035/325 4723/8054/325
f 4677/7988/325 4712/8039/325 4708/8033/325
f 4692/8009/325 4756/8102/325 4757/8103/325
f 4750/8092/325 4756/8102/325 4692/8009/325
f 4745/8084/328 4754/8098/328 4632/7885/328
f 4754/8099/325 4755/8100/325 4648/7921/325
f 4747/8087/328 4753/8096/328 4601/7811/328
f 4580/7757/325 4752/8094/325 4753/8097/325
f 4727/8060/325 4757/8103/325 4749/8090/325
f 4751/8093/325 4750/8092/325 4517/7646/325
f 4748/8089/325 4751/8093/325 4521/7655/325
f 4746/8086/326 4752/8095/326 4580/7758/326
f 4746/8086/326 4755/8101/326 4657/7940/326
f 4743/8081/328 4749/8091/328 4519/7651/328
f 4742/8080/325 4745/8085/325 4406/7442/325
f 4744/8083/325 4742/8080/325 4282/7248/325
f 4747/8088/325 4741/8079/325 4281/7247/325
f 4743/8082/325 4744/8083/325 4294/7268/325
f 4729/8062/326 4782/8134/326 4784/8137/326
f 4767/8115/325 4769/8117/325 4694/8011/325
f 4525/7660/325 4765/8112/325 4768/8116/325
f 4768/8116/325 4767/8115/325 4527/7663/325
f 4770/8118/325 4766/8113/325 4526/7662/325
f 4468/7556/325 4763/8110/325 4764/8111/325
f 4762/8109/325 4763/8110/325 4468/7556/325
f 4759/8105/325 4762/8109/325 4467/7553/325
f 4760/8106/328 4766/8114/328 4516/7644/328
f 4760/8107/325 4761/8108/325 4464/7547/325
f 4764/8111/325 4758/8104/325 4461/7543/325
f 4761/8108/325 4759/8105/325 4462/7544/325
f 4783/8136/328 4788/8144/328 4790/8146/328
f 4772/8120/326 4787/8143/326 4793/8149/326
f 4777/8126/331 4793/8149/331 4794/8150/331
f 4756/8102/324 4785/8139/324 4786/8141/324
f 4694/8011/328 4779/8128/328 4780/8130/328
f 4693/8010/328 4780/8130/328 4785/8139/328
f 4770/8118/331 4784/8137/331 4781/8132/331
f 4757/8103/326 4786/8141/326 4774/8122/326
f 4772/8120/325 4780/8131/325 4779/8129/325
f 4773/8121/325 4771/8119/325 4779/8129/325
f 4775/8124/325 4782/8135/325 4774/8123/325
f 4776/8125/325 4784/8138/325 4782/8135/325
f 4777/8126/325 4785/8140/325 4780/8131/325
f 4778/8127/325 4783/8136/325 4774/8123/325
f 4778/8127/325 4786/8142/325 4785/8140/325
f 4773/8121/325 4781/8133/325 4784/8138/325
f 4789/8145/325 4790/8146/325 4788/8144/325
f 4793/8149/325 4787/8143/325 4788/8144/325
f 4791/8147/325 4792/8148/325 4790/8146/325
f 4771/8119/326 4789/8145/326 4787/8143/326
f 4776/8125/324 4792/8148/324 4791/8147/324
f 4778/8127/328 4794/8150/328 4788/8144/328
f 4775/8124/328 4790/8146/328 4792/8148/328
f 4773/8121/326 4791/8147/326 4789/8145/326
f 4796/8153/327 4798/8158/327 4797/8157/327
f 4798/8159/331 4802/8170/331 4801/8167/331
f 4802/8170/325 4800/8164/325 4799/8162/325
f 4800/8165/324 4796/8153/324 4795/8151/324
f 4801/8168/328 4799/8163/328 4795/8152/328
f 4798/8160/326 4796/8154/326 4800/8166/326
f 4804/8173/327 4806/8178/327 4805/8177/327
f 4806/8179/331 4810/8190/331 4809/8187/331
f 4810/8190/325 4808/8184/325 4807/8182/325
f 4808/8185/324 4804/8173/324 4803/8171/324
f 4809/8188/328 4807/8183/328 4803/8172/328
f 4806/8180/326 4804/8174/326 4808/8186/326
o lamp
v 2.095908 1.603825 -0.218004
v 1.969674 1.603825 -0.208723
v 2.090339 1.603825 -0.293751
v 1.964105 1.603825 -0.284470
v 2.110350 1.578069 -0.210722
v 2.105521 1.593350 -0.213157
v 2.070645 1.607581 -0.210593
v 2.033401 1.609469 -0.205064
v 1.995750 1.607581 -0.205086
v 1.960873 1.593350 -0.202522
v 1.956452 1.578069 -0.199407
v 1.959334 1.607581 -0.223450
v 1.953058 1.609469 -0.245580
v 1.956030 1.607581 -0.268390
v 1.954492 1.593350 -0.289318
v 1.949663 1.578069 -0.291753
v 1.989368 1.607581 -0.291882
v 2.026612 1.609469 -0.297410
v 2.064263 1.607581 -0.297389
v 2.099140 1.593350 -0.299953
v 2.103560 1.578069 -0.303068
v 2.100678 1.607581 -0.279025
v 2.106955 1.609469 -0.256895
v 2.103982 1.607581 -0.234084
v 2.076414 1.578069 -0.195108
v 2.073976 1.594355 -0.198953
v 2.034682 1.578069 -0.187647
v 2.034360 1.595230 -0.192016
v 1.992306 1.578069 -0.188924
v 1.994156 1.594355 -0.193084
v 1.933168 1.578069 -0.218747
v 1.939743 1.594355 -0.220524
v 1.924032 1.578069 -0.243446
v 1.931313 1.595230 -0.243981
v 1.929457 1.578069 -0.269216
v 1.936222 1.594355 -0.268420
v 1.983599 1.578069 -0.307367
v 1.986037 1.594355 -0.303522
v 2.025331 1.578069 -0.314828
v 2.025652 1.595230 -0.310459
v 2.067706 1.578069 -0.313550
v 2.065857 1.594355 -0.309390
v 2.126845 1.578069 -0.283728
v 2.120270 1.594355 -0.281951
v 2.135981 1.578069 -0.259029
v 2.128700 1.595230 -0.258493
v 2.130555 1.578069 -0.233259
v 2.123791 1.594355 -0.234055
v 1.988336 1.615620 -0.272251
v 1.987953 1.618342 -0.248146
v 1.991857 1.615620 -0.224355
v 2.028151 1.618342 -0.276472
v 2.030006 1.621313 -0.251237
v 2.031862 1.618342 -0.226003
v 2.068156 1.615620 -0.278120
v 2.072060 1.618342 -0.254329
v 2.071677 1.615620 -0.230224
v 2.106297 1.581866 -0.212765
v 2.099725 1.595848 -0.216079
v 1.966179 1.595848 -0.206261
v 1.960163 1.581866 -0.202021
v 1.960287 1.595848 -0.286396
v 1.953716 1.581866 -0.289709
v 2.093834 1.595848 -0.296214
v 2.099850 1.581866 -0.300453
v 2.074272 1.582083 -0.198054
v 2.071054 1.597184 -0.203524
v 2.034440 1.582299 -0.190940
v 2.033980 1.598280 -0.197196
v 1.993995 1.582083 -0.192152
v 1.996379 1.597184 -0.198034
v 1.938227 1.582083 -0.220275
v 1.947564 1.597184 -0.222651
v 1.929519 1.582299 -0.243850
v 1.939944 1.598280 -0.244616
v 1.934685 1.582083 -0.268445
v 1.944269 1.597184 -0.267459
v 1.985741 1.582083 -0.304421
v 1.988959 1.597184 -0.298950
v 2.025573 1.582299 -0.311535
v 2.026033 1.598280 -0.305279
v 2.066018 1.582083 -0.310323
v 2.063634 1.597184 -0.304440
v 2.121786 1.582083 -0.282200
v 2.112449 1.597184 -0.279824
v 2.130494 1.582299 -0.258625
v 2.120069 1.598280 -0.257859
v 2.125327 1.582083 -0.234030
v 2.115743 1.597184 -0.235015
v 1.969096 1.606328 -0.277506
v 1.966106 1.608586 -0.268257
v 1.963843 1.610618 -0.246373
v 1.969282 1.608586 -0.225055
v 1.981629 1.606328 -0.212290
v 1.981515 1.612383 -0.270198
v 1.980417 1.614196 -0.259156
v 1.982109 1.614196 -0.236152
v 1.984809 1.612383 -0.225389
v 1.987709 1.609446 -0.215875
v 1.991259 1.608586 -0.285982
v 1.990602 1.612383 -0.276601
v 1.994736 1.612383 -0.220383
v 1.996757 1.608586 -0.211200
v 1.999229 1.614939 -0.272502
v 1.998974 1.616967 -0.260993
v 1.999372 1.617649 -0.248985
v 2.000735 1.616967 -0.237048
v 2.002670 1.614939 -0.225700
v 2.008688 1.614196 -0.279077
v 2.008724 1.616967 -0.267863
v 2.011385 1.616967 -0.231678
v 2.012989 1.614196 -0.220580
v 2.018901 1.618363 -0.262804
v 2.019642 1.619074 -0.250475
v 2.020712 1.618363 -0.238171
v 2.027087 1.610618 -0.290939
v 2.028655 1.617649 -0.269620
v 2.029549 1.619074 -0.257457
v 2.030464 1.619074 -0.245018
v 2.031358 1.617649 -0.232855
v 2.032925 1.610618 -0.211536
v 2.040371 1.619074 -0.251999
v 2.047024 1.614196 -0.281895
v 2.048628 1.616967 -0.270797
v 2.050082 1.618363 -0.258867
v 2.050982 1.618363 -0.246626
v 2.051289 1.616967 -0.234612
v 2.051325 1.614196 -0.223398
v 2.059278 1.616967 -0.265426
v 2.060641 1.617649 -0.253490
v 2.061038 1.616967 -0.241482
v 2.063256 1.608586 -0.291275
v 2.065277 1.612383 -0.282091
v 2.067724 1.614939 -0.271540
v 2.070287 1.614939 -0.236669
v 2.069410 1.612383 -0.225874
v 2.068754 1.608586 -0.216493
v 2.075203 1.612383 -0.277086
v 2.077904 1.614196 -0.266323
v 2.079596 1.614196 -0.243319
v 2.078498 1.612383 -0.232277
v 2.078384 1.606328 -0.290185
v 2.083560 1.606328 -0.219784
v 2.090731 1.608586 -0.277419
v 2.096170 1.610618 -0.256102
v 2.093907 1.608586 -0.234218
v 2.678971 -0.382509 -0.277338
v 2.675775 -0.382509 -0.320815
v 2.639720 -0.382509 -0.296308
v 2.678307 0.072464 -0.278315
v 2.675260 0.072464 -0.319751
v 2.640899 0.072464 -0.296395
v 2.677380 0.307649 -0.279679
v 2.674543 0.307649 -0.318266
v 2.642544 0.307649 -0.296516
v 2.676676 0.465241 -0.280714
v 2.673998 0.465241 -0.317139
v 2.643792 0.465241 -0.296607
v 2.676241 0.592251 -0.281354
v 2.673661 0.592251 -0.316442
v 2.644564 0.592251 -0.296664
v 2.676057 0.707895 -0.281618
v 2.673518 0.707895 -0.316155
v 2.644878 0.707897 -0.296687
v 2.675703 0.819684 -0.281878
v 2.673206 0.819684 -0.315845
v 2.645045 0.819948 -0.296700
v 2.674863 0.915269 -0.282458
v 2.672459 0.915269 -0.315149
v 2.645364 0.915608 -0.296723
v 2.673741 0.988200 -0.283007
v 2.671430 0.988200 -0.314441
v 2.645251 0.988912 -0.296715
v 2.671614 1.043584 -0.283437
v 2.669389 1.043584 -0.313705
v 2.643997 1.044527 -0.296622
v 2.669244 1.083737 -0.283699
v 2.667083 1.083737 -0.313100
v 2.642314 1.084352 -0.296499
v 2.666802 1.112770 -0.283813
v 2.664684 1.112770 -0.312630
v 2.640388 1.112540 -0.296357
v 2.664047 1.135042 -0.283811
v 2.661958 1.135042 -0.312228
v 2.638101 1.133460 -0.296189
v 2.660700 1.153934 -0.283713
v 2.658632 1.153934 -0.311836
v 2.635249 1.150801 -0.295979
v 2.656606 1.171564 -0.283525
v 2.654555 1.171564 -0.311423
v 2.631648 1.167053 -0.295715
v 2.651710 1.189064 -0.283253
v 2.649671 1.189064 -0.310976
v 2.627213 1.183416 -0.295389
v 2.646027 1.206771 -0.282899
v 2.643998 1.206771 -0.310495
v 2.621972 1.200088 -0.295003
v 2.639550 1.224746 -0.282466
v 2.637528 1.224746 -0.309977
v 2.615943 1.217027 -0.294560
v 2.632212 1.243041 -0.281949
v 2.630193 1.243041 -0.309415
v 2.609085 1.234227 -0.294056
v 2.623880 1.261731 -0.281339
v 2.621861 1.261731 -0.308800
v 2.601290 1.251719 -0.293483
v 2.614396 1.280849 -0.280626
v 2.612375 1.280849 -0.308117
v 2.592305 1.269704 -0.292822
v 2.602886 1.301141 -0.279813
v 2.600870 1.301141 -0.307238
v 2.581170 1.289235 -0.292003
v 2.588885 1.322754 -0.278921
v 2.586889 1.322754 -0.306073
v 2.567938 1.309981 -0.291031
v 2.573027 1.344708 -0.277975
v 2.571063 1.344708 -0.304690
v 2.553164 1.331025 -0.289944
v 2.556087 1.366025 -0.277005
v 2.554163 1.366025 -0.303172
v 2.537479 1.351509 -0.288791
v 2.538849 1.385976 -0.276035
v 2.536968 1.385975 -0.301610
v 2.521490 1.370818 -0.287616
v 2.521992 1.404151 -0.275092
v 2.520155 1.404151 -0.300078
v 2.505732 1.388606 -0.286457
v 2.505923 1.420475 -0.274194
v 2.504127 1.420475 -0.298616
v 2.490128 1.405045 -0.285310
v 2.489267 1.435826 -0.273294
v 2.487519 1.435826 -0.297070
v 2.473597 1.420840 -0.284095
v 2.472323 1.450140 -0.272389
v 2.470625 1.450140 -0.295488
v 2.457039 1.435475 -0.282877
v 2.455454 1.463346 -0.271467
v 2.453803 1.463346 -0.293933
v 2.440765 1.448827 -0.281681
v 2.437806 1.475957 -0.270499
v 2.436203 1.475957 -0.292310
v 2.423687 1.461668 -0.280425
v 2.418905 1.488216 -0.269463
v 2.417353 1.488216 -0.290571
v 2.405618 1.474118 -0.279097
v 2.399236 1.499919 -0.268354
v 2.397733 1.499919 -0.288790
v 2.386880 1.485996 -0.277719
v 2.378989 1.511176 -0.267184
v 2.377533 1.511175 -0.286986
v 2.367915 1.497154 -0.276325
v 2.358618 1.521855 -0.265989
v 2.357206 1.521854 -0.285189
v 2.349007 1.507632 -0.274935
v 2.338357 1.531837 -0.264778
v 2.336987 1.531837 -0.283425
v 2.330335 1.517340 -0.273562
v 2.317868 1.541259 -0.263496
v 2.316530 1.541259 -0.281696
v 2.311403 1.526459 -0.272170
v 2.296022 1.550591 -0.262026
v 2.294704 1.550591 -0.279956
v 2.290929 1.535477 -0.270665
v 2.270044 1.560542 -0.260297
v 2.268752 1.560542 -0.277867
v 2.265877 1.545426 -0.268823
v 2.237593 1.571043 -0.258456
v 2.236381 1.571043 -0.274941
v 2.234070 1.556764 -0.266484
v 2.206654 1.579637 -0.256888
v 2.205545 1.579638 -0.271968
v 2.203309 1.566693 -0.264223
v 2.182117 1.585159 -0.255625
v 2.181087 1.585159 -0.269629
v 2.178716 1.573355 -0.262415
v 2.160370 1.588958 -0.254297
v 2.159380 1.588959 -0.267762
v 2.157842 1.577505 -0.260880
v 2.137525 1.591994 -0.252784
v 2.136710 1.592007 -0.266044
v 2.136821 1.580716 -0.259562
v 2.124977 1.596913 -0.258557
v 2.129004 1.586100 -0.267103
v 2.131121 1.586049 -0.254249
v 2.697382 -0.435976 -0.250251
v 2.690027 -0.435976 -0.350303
v 2.607057 -0.435976 -0.293907
v 2.664822 -0.441475 -0.298153
vn 0.0989 -0.8351 -0.5411
vn 0.0368 -0.9371 -0.3471
vn -0.0377 -0.8579 -0.5125
vn 0.7163 -0.6958 -0.0527
vn 0.5197 -0.7820 -0.3442
vn 0.6079 -0.7928 -0.0447
vn -0.1621 0.9867 0.0119
vn -0.3702 0.8703 0.3250
vn -0.1351 0.9541 0.2672
vn -0.2627 0.4705 -0.8424
vn -0.3720 0.7730 -0.5139
vn -0.1943 0.8070 -0.5577
vn -0.1051 -0.8369 0.5372
vn 0.0600 -0.5753 0.8157
vn -0.1260 -0.5688 0.8128
vn -0.9167 0.3940 0.0674
vn -0.8377 0.3661 -0.4052
vn -0.9177 0.3915 0.0675
vn 0.5644 -0.7820 0.2644
vn 0.6576 -0.6691 0.3460
vn -0.2516 -0.5263 -0.8123
vn -0.0577 -0.6169 -0.7849
vn -0.0635 -0.4996 -0.8639
vn 0.5207 0.4948 0.6957
vn 0.2940 0.2611 0.9195
vn 0.5797 0.3037 0.7561
vn 0.3681 -0.5959 -0.7138
vn 0.1321 -0.6553 -0.7437
vn 0.3404 -0.7342 -0.5874
vn 0.3720 0.7730 0.5139
vn 0.2627 0.4705 0.8424
vn -0.1825 -0.8369 -0.5160
vn -0.0600 -0.5754 -0.8157
vn -0.6571 0.5853 0.4750
vn -0.4629 0.3037 0.8328
vn -0.4134 0.4948 0.7643
vn 0.1943 0.8070 0.5577
vn 0.0646 0.4726 0.8789
vn -0.1106 0.8070 0.5801
vn 0.0425 0.8151 0.5778
vn -0.2928 0.7730 0.5627
vn -0.1367 0.4705 0.8717
vn -0.1728 0.9541 -0.2446
vn -0.4137 0.8703 -0.2673
vn 0.6000 -0.6692 -0.4385
vn -0.1564 0.2611 0.9526
vn 0.3810 -0.8908 0.2476
vn 0.2140 -0.9723 0.0937
vn 0.3652 -0.9305 -0.0269
vn 0.2516 -0.5263 0.8123
vn 0.0577 -0.6169 0.7849
vn 0.0635 -0.4996 0.8639
vn -0.0000 1.0000 -0.0000
vn 0.1728 0.9541 0.2446
vn 0.1621 0.9867 -0.0119
vn -0.0188 0.9665 -0.2560
vn 0.3702 0.8703 -0.3250
vn 0.4134 0.4949 -0.7643
vn 0.2928 0.7730 -0.5627
vn -0.3652 -0.9305 0.0269
vn -0.6419 -0.6845 -0.3457
vn -0.3761 -0.8882 -0.2639
vn -0.0710 0.2485 -0.9660
vn 0.1367 0.4705 -0.8717
vn 0.1564 0.2610 -0.9526
vn -0.1301 -0.5262 0.8403
vn -0.1322 -0.6552 0.7438
vn -0.3681 -0.5959 0.7138
vn -0.3404 -0.7343 0.5874
vn -0.4148 0.9094 0.0305
vn -0.7195 0.5853 -0.3737
vn -0.5453 0.8373 0.0401
vn -0.5207 0.4949 -0.6957
vn 0.1351 0.9541 -0.2672
vn 0.1107 0.8070 -0.5801
vn 0.4685 -0.5959 0.6523
vn 0.2395 -0.6553 0.7164
vn -0.4764 -0.5955 -0.6469
vn -0.5797 0.3037 -0.7561
vn -0.7163 -0.6958 0.0526
vn -0.5197 -0.7820 0.3442
vn -0.6079 -0.7928 0.0447
vn 0.9167 0.3939 -0.0674
vn 0.8377 0.3661 0.4052
vn 0.9177 0.3915 -0.0675
vn -0.5644 -0.7820 -0.2645
vn -0.6576 -0.6691 -0.3460
vn -0.0646 0.4726 -0.8789
vn -0.0425 0.8151 -0.5778
vn 0.1260 -0.5688 -0.8128
vn 0.1300 -0.5263 -0.8403
vn -0.6000 -0.6691 0.4385
vn -0.4685 -0.5958 -0.6523
vn -0.2395 -0.6553 -0.7164
vn 0.0188 0.9665 0.2560
vn 0.1980 -0.9723 -0.1240
vn 0.1167 -0.9931 -0.0086
vn 0.4148 0.9094 -0.0305
vn 0.6572 0.5853 -0.4750
vn 0.7195 0.5853 0.3737
vn 0.5453 0.8373 -0.0401
vn 0.5844 -0.6845 -0.4358
vn 0.2387 -0.8100 -0.5356
vn 0.3767 -0.5955 -0.7096
vn 0.0529 -0.9802 -0.1909
vn -0.0211 -0.9780 -0.2076
vn 0.2489 -0.5737 0.7803
vn -0.2435 -0.5688 -0.7856
vn 0.6851 -0.7267 -0.0504
vn 0.3685 -0.8240 0.4304
vn 0.4722 -0.5953 0.6501
vn -0.0431 -0.9384 0.3428
vn 0.0377 -0.8579 0.5125
vn -0.1284 -0.9917 0.0094
vn -0.0602 -0.9958 0.0687
vn -0.1068 -0.9864 0.1249
vn 0.0329 -0.9928 -0.1150
vn -0.0105 -0.9980 -0.0626
vn 0.1247 -0.9862 0.1087
vn 0.1763 -0.8978 -0.4035
vn 0.6419 -0.6845 0.3456
vn -0.6851 -0.7267 0.0504
vn 0.1074 -0.9862 -0.1258
vn 0.1834 -0.9456 -0.2687
vn 0.3348 -0.8879 -0.3154
vn -0.2309 -0.8185 0.5260
vn -0.1264 -0.9330 0.3369
vn 0.2024 -0.8324 0.5159
vn -0.3767 -0.5955 0.7096
vn 0.2191 -0.9416 0.2556
vn 0.0995 -0.9628 -0.2512
vn -0.5844 -0.6845 0.4358
vn 0.0094 -0.9780 0.2085
vn 0.0803 -0.9802 0.1811
vn 0.0493 -0.9928 0.1090
vn -0.1743 -0.9330 -0.3147
vn -0.0809 -0.9800 -0.1817
vn -0.1584 -0.9707 -0.1809
vn -0.1904 -0.9386 0.2878
vn -0.3335 -0.8882 0.3161
vn -0.2041 -0.9716 0.1198
vn 0.1228 -0.9335 -0.3368
vn 0.0872 -0.9371 0.3380
vn 0.1950 -0.9247 0.3270
vn -0.0928 -0.9384 -0.3329
vn 0.0710 0.2485 0.9660
vn 0.1352 -0.9628 0.2339
vn -0.3053 -0.8186 -0.4866
vn 0.0466 -0.9989 -0.0034
vn -0.0535 -0.9800 0.1915
vn -0.0012 -0.9980 0.0634
vn -0.0347 -0.9994 0.0026
vn -0.0696 -0.9958 -0.0592
vn -0.2194 -0.9716 -0.0886
vn -0.1303 -0.9707 0.2021
vn -0.1239 -0.9864 -0.1079
vn 0.4137 0.8703 0.2673
vn -0.2305 -0.9386 -0.2569
vn -0.7694 0.3661 0.5234
vn -0.2940 0.2611 -0.9195
vn 0.7694 0.3661 -0.5234
vn 0.4629 0.3037 -0.8328
vn -0.4225 -0.7344 -0.5311
vn 0.4226 -0.7343 0.5313
vn -0.3597 0.1610 0.9191
vn 0.9831 0.1679 -0.0723
vn 0.9973 0.0024 -0.0733
vn -0.4161 0.2929 0.8609
vn -0.4290 0.1679 0.8876
vn -0.4161 0.2928 0.8609
vn -0.5542 0.1679 -0.8153
vn -0.5622 0.0024 -0.8270
vn -0.5622 0.0022 -0.8270
vn -0.5622 0.0010 -0.8270
vn -0.4352 0.0037 0.9003
vn -0.4351 0.0035 0.9004
vn -0.4352 0.0024 0.9004
vn -0.4352 0.0022 0.9004
vn -0.4351 0.0010 0.9004
vn -0.4352 0.0010 0.9004
vn 0.9973 0.0022 -0.0733
vn 0.9973 0.0057 -0.0733
vn -0.4352 0.0012 0.9003
vn -0.4353 0.0012 0.9003
vn 0.9972 0.0115 -0.0733
vn -0.4353 0.0009 0.9003
vn -0.4351 0.0008 0.9004
vn 0.9970 0.0262 -0.0733
vn -0.4339 -0.0050 0.9009
vn -0.4332 -0.0056 0.9013
vn 0.9962 0.0479 -0.0732
vn -0.4317 -0.0149 0.9019
vn -0.4309 -0.0158 0.9023
vn 0.9948 0.0707 -0.0731
vn -0.4300 -0.0261 0.9025
vn -0.4293 -0.0273 0.9027
vn 0.9920 0.1028 -0.0729
vn -0.4286 -0.0426 0.9025
vn -0.4280 -0.0441 0.9027
vn 0.9863 0.1483 -0.0725
vn -0.4266 -0.0660 0.9020
vn -0.4261 -0.0678 0.9022
vn 0.9771 0.2003 -0.0718
vn -0.4231 -0.0932 0.9013
vn -0.4226 -0.0947 0.9013
vn 0.9661 0.2481 -0.0710
vn -0.4185 -0.1185 0.9005
vn -0.4181 -0.1195 0.9005
vn 0.9551 0.2879 -0.0702
vn -0.4135 -0.1399 0.8997
vn -0.4133 -0.1405 0.8997
vn 0.9439 0.3229 -0.0694
vn -0.4083 -0.1586 0.8990
vn -0.4081 -0.1591 0.8990
vn 0.9318 0.3564 -0.0685
vn -0.4025 -0.1765 0.8983
vn -0.4024 -0.1768 0.8982
vn 0.9181 0.3906 -0.0675
vn -0.3957 -0.1946 0.8975
vn -0.3956 -0.1949 0.8975
vn 0.9019 0.4268 -0.0663
vn -0.3874 -0.2137 0.8968
vn -0.3871 -0.2139 0.8969
vn 0.8803 0.4700 -0.0647
vn -0.3765 -0.2348 0.8962
vn -0.3755 -0.2353 0.8965
vn 0.8521 0.5195 -0.0626
vn -0.3627 -0.2569 0.8958
vn -0.3614 -0.2577 0.8961
vn 0.8226 0.5654 -0.0605
vn -0.3492 -0.2768 0.8952
vn -0.3484 -0.2773 0.8954
vn 0.7945 0.6045 -0.0584
vn -0.3364 -0.2945 0.8945
vn -0.3360 -0.2947 0.8946
vn 0.7944 0.6045 -0.0584
vn 0.7675 0.6386 -0.0564
vn -0.3240 -0.3104 0.8937
vn -0.3240 -0.3103 0.8937
vn 0.7427 0.6674 -0.0546
vn -0.3127 -0.3240 0.8929
vn 0.7207 0.6913 -0.0530
vn -0.3125 -0.3245 0.8928
vn -0.3015 -0.3366 0.8921
vn 0.6932 0.7190 -0.0510
vn -0.3013 -0.3363 0.8922
vn -0.2865 -0.3488 0.8923
vn 0.6596 0.7501 -0.0485
vn -0.2705 -0.3617 0.8922
vn -0.2679 -0.3622 0.8928
vn 0.6290 0.7761 -0.0462
vn -0.2551 -0.3732 0.8920
vn -0.2529 -0.3738 0.8924
vn 0.5971 0.8010 -0.0439
vn -0.2397 -0.3852 0.8911
vn -0.2376 -0.3861 0.8914
vn 0.5611 0.8267 -0.0412
vn -0.2231 -0.3983 0.8897
vn -0.2213 -0.3993 0.8897
vn 0.5260 0.8496 -0.0387
vn -0.2073 -0.4112 0.8876
vn -0.2062 -0.4124 0.8873
vn 0.4969 0.8670 -0.0365
vn 0.4969 0.8670 -0.0366
vn -0.1939 -0.4229 0.8852
vn -0.1931 -0.4239 0.8849
vn 0.4734 0.8802 -0.0348
vn 0.4734 0.8802 -0.0349
vn -0.1824 -0.4318 0.8833
vn -0.1815 -0.4324 0.8832
vn 0.4515 0.8917 -0.0332
vn -0.1713 -0.4390 0.8820
vn -0.1708 -0.4393 0.8820
vn 0.4282 0.9031 -0.0315
vn -0.1587 -0.4460 0.8809
vn -0.1585 -0.4460 0.8809
vn 0.4036 0.9144 -0.0297
vn -0.1442 -0.4527 0.8799
vn 0.3737 0.9271 -0.0275
vn -0.1437 -0.4530 0.8798
vn -0.1280 -0.4592 0.8791
vn 0.3316 0.9431 -0.0244
vn -0.1270 -0.4597 0.8789
vn -0.1110 -0.4648 0.8785
vn 0.2870 0.9577 -0.0211
vn -0.1099 -0.4653 0.8783
vn -0.0953 -0.4697 0.8777
vn 0.2431 0.9698 -0.0178
vn -0.0944 -0.4704 0.8774
vn -0.0769 -0.4761 0.8760
vn 0.1954 0.9806 -0.0144
vn 0.1954 0.9806 -0.0143
vn -0.0760 -0.4773 0.8754
vn -0.0487 -0.4870 0.8721
vn 0.1521 0.9883 -0.0111
vn 0.1519 0.9883 -0.0107
vn -0.0257 -0.4968 0.8675
vn -0.0275 -0.4936 0.8693
vn 0.2324 0.9725 -0.0139
vn 0.2335 0.9723 -0.0134
vn 0.0772 -0.5127 0.8551
vn 0.3737 0.9273 -0.0221
vn 0.2843 -0.5069 0.8138
vn 0.0932 -0.5172 0.8508
vn 0.9973 0.0037 -0.0733
vn 0.9973 0.0035 -0.0733
vn -0.0943 -0.9955 0.0069
vn 0.0411 -0.9955 -0.0851
vn -0.0000 -1.0000 -0.0000
vn 0.0531 -0.9955 0.0782
vn -0.5621 0.0037 -0.8270
vn -0.5622 0.0035 -0.8270
vn 0.9536 0.2929 -0.0701
vn 0.9536 0.2928 -0.0701
vn -0.5375 0.2929 -0.7908
vn -0.5622 0.0012 -0.8270
vn -0.5623 0.0009 -0.8269
vn -0.5621 0.0008 -0.8271
vn -0.5610 -0.0050 -0.8278
vn -0.5604 -0.0056 -0.8282
vn -0.5589 -0.0149 -0.8291
vn -0.5582 -0.0158 -0.8296
vn -0.5574 -0.0262 -0.8299
vn -0.5567 -0.0274 -0.8302
vn -0.5560 -0.0425 -0.8301
vn -0.5555 -0.0441 -0.8304
vn -0.5539 -0.0660 -0.8300
vn -0.5534 -0.0678 -0.8301
vn -0.5504 -0.0932 -0.8297
vn -0.5499 -0.0947 -0.8298
vn -0.5457 -0.1185 -0.8296
vn -0.5453 -0.1196 -0.8297
vn -0.5406 -0.1399 -0.8295
vn -0.5404 -0.1405 -0.8296
vn -0.5354 -0.1586 -0.8296
vn -0.5352 -0.1591 -0.8296
vn -0.5295 -0.1765 -0.8297
vn -0.5294 -0.1769 -0.8297
vn -0.5227 -0.1947 -0.8300
vn -0.5226 -0.1949 -0.8300
vn -0.5144 -0.2136 -0.8305
vn -0.5141 -0.2139 -0.8306
vn -0.5035 -0.2347 -0.8315
vn -0.5026 -0.2353 -0.8319
vn -0.4898 -0.2569 -0.8331
vn -0.4885 -0.2577 -0.8336
vn -0.4763 -0.2768 -0.8346
vn -0.4756 -0.2773 -0.8348
vn -0.4636 -0.2945 -0.8357
vn -0.4632 -0.2947 -0.8358
vn -0.4513 -0.3104 -0.8367
vn -0.4399 -0.3240 -0.8376
vn -0.4397 -0.3245 -0.8375
vn -0.4287 -0.3366 -0.8384
vn -0.4286 -0.3363 -0.8386
vn -0.4140 -0.3488 -0.8408
vn -0.4153 -0.3480 -0.8405
vn -0.3981 -0.3617 -0.8430
vn -0.3956 -0.3622 -0.8440
vn -0.3828 -0.3732 -0.8451
vn -0.3807 -0.3738 -0.8458
vn -0.3675 -0.3852 -0.8465
vn -0.3653 -0.3861 -0.8470
vn -0.3508 -0.3983 -0.8475
vn -0.3490 -0.3994 -0.8478
vn -0.3349 -0.4113 -0.8478
vn -0.3338 -0.4124 -0.8476
vn -0.3213 -0.4229 -0.8473
vn -0.3204 -0.4238 -0.8472
vn -0.3096 -0.4318 -0.8472
vn -0.3087 -0.4324 -0.8472
vn -0.2985 -0.4390 -0.8475
vn -0.2979 -0.4393 -0.8475
vn -0.2858 -0.4460 -0.8482
vn -0.2713 -0.4527 -0.8494
vn -0.2708 -0.4530 -0.8493
vn -0.2552 -0.4592 -0.8509
vn -0.2541 -0.4597 -0.8509
vn -0.2383 -0.4648 -0.8528
vn -0.2372 -0.4653 -0.8528
vn -0.2226 -0.4697 -0.8543
vn -0.2217 -0.4704 -0.8541
vn -0.2041 -0.4761 -0.8554
vn -0.2032 -0.4773 -0.8549
vn -0.1757 -0.4870 -0.8556
vn -0.1757 -0.4874 -0.8553
vn -0.1456 -0.4943 -0.8570
vn -0.1310 -0.4956 -0.8586
vn -0.1316 -0.4945 -0.8592
vn 0.4460 -0.4423 -0.7781
vn -0.6282 -0.7715 0.1004
vn -0.2916 0.5239 -0.8003
vn 0.9771 0.2003 -0.0719
vn -0.2879 -0.3481 0.8922
vn -0.0488 -0.4874 0.8718
vn -0.4512 -0.3103 -0.8367
vn -0.2856 -0.4460 -0.8482
vn -0.1453 -0.4951 -0.8566
vt 0.625000 1.000000
vt 0.875000 0.750000
vt 0.625000 0.000000
vt 0.875000 0.500000
vt 0.625000 0.250000
vt 0.625000 0.750000
vt 0.625000 0.500000
vt 0.500000 1.000000
vt 0.500000 0.000000
vt 0.562500 1.000000
vt 0.562500 0.000000
vt 0.875000 0.687500
vt 0.625000 0.062500
vt 0.875000 0.625000
vt 0.625000 0.125000
vt 0.875000 0.562500
vt 0.625000 0.187500
vt 0.562500 0.250000
vt 0.500000 0.250000
vt 0.812500 0.500000
vt 0.625000 0.312500
vt 0.625000 0.375000
vt 0.750000 0.500000
vt 0.687500 0.500000
vt 0.625000 0.437500
vt 0.562500 0.500000
vt 0.500000 0.500000
vt 0.625000 0.562500
vt 0.625000 0.625000
vt 0.625000 0.687500
vt 0.562500 0.750000
vt 0.500000 0.750000
vt 0.687500 0.750000
vt 0.625000 0.812500
vt 0.750000 0.750000
vt 0.625000 0.875000
vt 0.812500 0.750000
vt 0.625000 0.937500
vt 0.500000 0.062500
vt 0.562500 0.062500
vt 0.500000 0.125000
vt 0.562500 0.125000
vt 0.500000 0.187500
vt 0.562500 0.187500
vt 0.500000 0.312500
vt 0.562500 0.312500
vt 0.500000 0.375000
vt 0.562500 0.375000
vt 0.500000 0.437500
vt 0.562500 0.437500
vt 0.500000 0.562500
vt 0.562500 0.562500
vt 0.500000 0.625000
vt 0.562500 0.625000
vt 0.500000 0.687500
vt 0.562500 0.687500
vt 0.500000 0.812500
vt 0.562500 0.812500
vt 0.500000 0.875000
vt 0.562500 0.875000
vt 0.500000 0.937500
vt 0.562500 0.937500
vt 0.687500 0.562500
vt 0.750000 0.562500
vt 0.812500 0.562500
vt 0.687500 0.625000
vt 0.750000 0.625000
vt 0.812500 0.625000
vt 0.687500 0.687500
vt 0.750000 0.687500
vt 0.812500 0.687500
vt 0.515625 1.000000
vt 0.515625 0.000000
vt 0.578125 0.000000
vt 0.578125 1.000000
vt 0.578125 0.250000
vt 0.515625 0.250000
vt 0.578125 0.500000
vt 0.515625 0.500000
vt 0.578125 0.750000
vt 0.515625 0.750000
vt 0.515625 0.062500
vt 0.578125 0.062500
vt 0.515625 0.125000
vt 0.578125 0.125000
vt 0.515625 0.187500
vt 0.578125 0.187500
vt 0.515625 0.312500
vt 0.578125 0.312500
vt 0.515625 0.375000
vt 0.578125 0.375000
vt 0.515625 0.437500
vt 0.578125 0.437500
vt 0.515625 0.562500
vt 0.578125 0.562500
vt 0.515625 0.625000
vt 0.578125 0.625000
vt 0.515625 0.687500
vt 0.578125 0.687500
vt 0.515625 0.812500
vt 0.578125 0.812500
vt 0.515625 0.875000
vt 0.578125 0.875000
vt 0.515625 0.937500
vt 0.578125 0.937500
vt 0.656250 0.515625
vt 0.687500 0.515625
vt 0.750000 0.515625
vt 0.812500 0.515625
vt 0.859375 0.531250
vt 0.687500 0.546875
vt 0.718750 0.546875
vt 0.781250 0.546875
vt 0.812500 0.546875
vt 0.843750 0.546875
vt 0.640625 0.562500
vt 0.671875 0.562500
vt 0.828125 0.562500
vt 0.859375 0.562500
vt 0.687500 0.578125
vt 0.718750 0.578125
vt 0.750000 0.578125
vt 0.781250 0.578125
vt 0.812500 0.578125
vt 0.671875 0.593750
vt 0.703125 0.593750
vt 0.796875 0.593750
vt 0.828125 0.593750
vt 0.718750 0.609375
vt 0.750000 0.609375
vt 0.781250 0.609375
vt 0.640625 0.625000
vt 0.703125 0.625000
vt 0.734375 0.625000
vt 0.765625 0.625000
vt 0.796875 0.625000
vt 0.859375 0.625000
vt 0.750000 0.640625
vt 0.671875 0.656250
vt 0.703125 0.656250
vt 0.734375 0.656250
vt 0.765625 0.656250
vt 0.796875 0.656250
vt 0.828125 0.656250
vt 0.718750 0.671875
vt 0.750000 0.671875
vt 0.781250 0.671875
vt 0.640625 0.687500
vt 0.671875 0.687500
vt 0.703125 0.687500
vt 0.796875 0.687500
vt 0.828125 0.687500
vt 0.859375 0.687500
vt 0.687500 0.703125
vt 0.718750 0.703125
vt 0.781250 0.703125
vt 0.812500 0.703125
vt 0.640625 0.718750
vt 0.859375 0.718750
vt 0.687500 0.734375
vt 0.750000 0.734375
vt 0.812500 0.734375
vt 0.000000 0.000000
vt 0.000000 0.000000
vt 0.000000 0.000000
vt 0.000000 0.000000
vt 0.000000 0.000000
vt 0.000000 0.000000
vt 0.000000 0.000000
vt 0.000000 0.000000
vt 0.000000 0.000000
vt 0.000000 0.000000
vt 0.000000 0.000000
vt 0.000000 0.000000
vt 0.000000 0.000000
vt 0.000000 0.000000
vt 0.000000 0.000000
vt 0.000000 0.000000
vt 0.000000 0.000000
vt 0.000000 0.000000
vt 0.000000 0.000000
vt 0.000000 0.000000
vt 0.000000 0.000000
vt 0.000000 0.000000
vt 0.000000 0.000000
vt 0.000000 0.000000
vt 0.000000 0.000000
vt 0.000000 0.000000
vt 0.000000 0.000000
vt 0.000000 0.000000
vt 0.000000 0.000000
vt 0.000000 0.000000
vt 0.000000 0.000000
vt 0.000000 0.000000
vt 0.000000 0.000000
vt 0.000000 0.000000
vt 0.000000 0.000000
vt 0.000000 0.000000
vt 0.000000 0.000000
vt 0.000000 0.000000
vt 0.000000 0.000000
vt 0.000000 0.000000
vt 0.000000 0.000000
vt 0.000000 0.000000
vt 0.000000 0.000000
vt 0.000000 0.000000
vt 0.000000 0.000000
vt 0.000000 0.000000
vt 0.000000 0.000000
vt 0.000000 0.000000
vt 0.000000 0.000000
vt 0.000000 0.000000
vt 0.000000 0.000000
vt 0.000000 0.000000
vt 0.000000 0.000000
vt 0.000000 0.000000
vt 0.000000 0.000000
vt 0.000000 0.000000
vt 0.000000 0.000000
vt 0.000000 0.000000
vt 0.000000 0.000000
vt 0.000000 0.000000
vt 0.000000 0.000000
vt 0.000000 0.000000
vt 0.000000 0.000000
vt 0.000000 0.000000
vt 0.000000 0.000000
vt 0.000000 0.000000
vt 0.000000 0.000000
vt 0.000000 0.000000
vt 0.000000 0.000000
vt 0.000000 0.000000
vt 0.000000 0.000000
vt 0.000000 0.000000
vt 0.000000 0.000000
vt 0.000000 0.000000
vt 0.000000 0.000000
vt 0.000000 0.000000
vt 0.000000 0.000000
vt 0.000000 0.000000
vt 0.000000 0.000000
vt 0.000000 0.000000
vt 0.000000 0.000000
vt 0.000000 0.000000
vt 0.000000 0.000000
vt 0.000000 0.000000
vt 0.000000 0.000000
vt 0.000000 0.000000
vt 0.000000 0.000000
vt 0.000000 0.000000
vt 0.000000 0.000000
vt 0.000000 0.000000
vt 0.000000 0.000000
vt 0.000000 0.000000
vt 0.000000 0.000000
vt 0.000000 0.000000
vt 0.000000 0.000000
vt 0.000000 0.000000
vt 0.000000 0.000000
vt 0.000000 0.000000
vt 0.000000 0.000000
vt 0.000000 0.000000
vt 0.000000 0.000000
vt 0.000000 0.000000
vt 0.000000 0.000000
vt 0.000000 0.000000
vt 0.000000 0.000000
vt 0.000000 0.000000
vt 0.000000 0.000000
vt 0.000000 0.000000
vt 0.000000 0.000000
vt 0.000000 0.000000
vt 0.000000 0.000000
vt 0.000000 0.000000
vt 0.000000 0.000000
vt 0.000000 0.000000
vt 0.000000 0.000000
vt 0.000000 0.000000
vt 0.000000 0.000000
vt 0.000000 0.000000
vt 0.000000 0.000000
vt 0.000000 0.000000
vt 0.000000 0.000000
vt 0.000000 0.000000
vt 0.000000 0.000000
vt 0.000000 0.000000
vt 0.000000 0.000000
vt 0.000000 0.000000
vt 0.000000 0.000000
vt 0.000000 0.000000
vt 0.000000 0.000000
vt 0.000000 0.000000
vt 0.000000 0.000000
vt 0.000000 0.000000
vt 0.000000 0.000000
vt 0.000000 0.000000
vt 0.000000 0.000000
vt 0.000000 0.000000
vt 0.000000 0.000000
vt 0.000000 0.000000
vt 0.000000 0.000000
vt 0.000000 0.000000
vt 0.000000 0.000000
vt 0.000000 0.000000
s 1
usemtl steel
f 4913/8309/339 4922/8318/340 4931/8327/341
f 4884/8280/342 4841/8235/343 4843/8237/344
f 4860/8254/345 4822/8211/346 4861/8255/347
f 4848/8242/348 4814/8197/349 4827/8218/350
f 4942/8338/351 4891/8287/352 4893/8289/353
f 4844/8238/354 4845/8239/355 4843/8237/356
f 4884/8280/342 4845/8239/357 4886/8282/358
f 4876/8272/359 4837/8231/360 4878/8274/361
f 4816/8200/362 4835/8229/363 4815/8198/364
f 4871/8267/365 4839/8233/366 4821/8209/367
f 4811/8191/368 4836/8230/369 4816/8200/362
f 4947/8343/370 4879/8275/371 4931/8327/341
f 4842/8236/372 4821/8209/373 4820/8208/374
f 4817/8202/375 4838/8232/376 4836/8230/369
f 4819/8206/377 4838/8232/376 4818/8204/378
f 4812/8194/379 4840/8234/380 4819/8206/377
f 4859/8253/381 4814/8197/349 4824/8215/382
f 4882/8278/383 4821/8209/367 4841/8235/343
f 4820/8208/374 4839/8233/384 4840/8234/380
f 4901/8297/385 4906/8302/386 4902/8298/387
f 4888/8284/388 4849/8243/389 4890/8286/390
f 4863/8257/391 4867/8261/392 4866/8260/393
f 4862/8256/394 4827/8218/350 4859/8253/381
f 4832/8223/395 4830/8221/396 4813/8196/397
f 4955/8351/398 4899/8295/399 4956/8352/400
f 4849/8243/401 4852/8246/402 4851/8245/403
f 4892/8288/404 4849/8243/389 4851/8245/405
f 4875/8271/406 4851/8245/405 4831/8222/407
f 4823/8213/408 4842/8236/372 4822/8210/346
f 4823/8213/408 4846/8240/409 4844/8238/410
f 4824/8214/382 4825/8216/411 4846/8240/409
f 4865/8259/412 4813/8196/397 4829/8220/413
f 4873/8269/414 4847/8241/415 4888/8284/388
f 4869/8264/416 4956/8352/400 4899/8295/399
f 4826/8217/417 4846/8240/409 4825/8216/411
f 4896/8292/418 4853/8247/419 4855/8249/420
f 4866/8260/393 4832/8224/395 4865/8259/412
f 4856/8250/421 4857/8251/422 4855/8249/423
f 4896/8292/418 4857/8251/424 4898/8294/425
f 4827/8218/350 4850/8244/426 4848/8242/348
f 4829/8220/413 4850/8244/426 4828/8219/427
f 4881/8277/428 4878/8274/361 4880/8276/429
f 4813/8196/397 4852/8246/402 4829/8220/413
f 4894/8290/430 4831/8222/407 4853/8247/419
f 4868/8262/431 4835/8229/432 4876/8272/359
f 4830/8221/396 4851/8245/403 4852/8246/402
f 4864/8258/433 4817/8203/375 4867/8261/392
f 4907/8303/434 4906/8302/386 4916/8312/435
f 4893/8289/353 4890/8286/390 4892/8288/404
f 4864/8258/433 4819/8207/377 4818/8205/378
f 4860/8254/345 4824/8215/382 4823/8212/408
f 4861/8255/347 4863/8257/391 4860/8254/345
f 4833/8225/436 4854/8248/437 4832/8223/395
f 4833/8225/436 4858/8252/438 4856/8250/439
f 4883/8279/440 4871/8267/365 4882/8278/383
f 4822/8210/346 4820/8208/374 4812/8195/379
f 4861/8255/347 4812/8195/379 4819/8207/377
f 4913/8309/339 4879/8275/371 4881/8277/428
f 4904/8300/441 4881/8277/428 4870/8266/442
f 4921/8317/443 4930/8326/444 4922/8318/340
f 4890/8286/390 4889/8285/445 4888/8284/388
f 4869/8265/416 4876/8272/359 4877/8273/446
f 4886/8282/358 4885/8281/447 4884/8280/342
f 4889/8285/445 4900/8296/448 4872/8268/449
f 4878/8274/361 4877/8273/446 4876/8272/359
f 4942/8338/351 4933/8329/450 4926/8322/451
f 4940/8336/452 4935/8331/453 4939/8335/454
f 4930/8326/444 4925/8321/455 4929/8325/456
f 4915/8311/457 4916/8312/435 4906/8302/386
f 4909/8305/458 4913/8309/339 4904/8300/441
f 4902/8298/387 4883/8279/440 4885/8281/447
f 4870/8266/442 4880/8276/429 4871/8267/365
f 4872/8268/449 4901/8297/385 4887/8283/459
f 4897/8293/460 4894/8290/430 4896/8292/418
f 4917/8313/461 4908/8304/462 4907/8303/434
f 4888/8284/388 4872/8268/449 4873/8269/414
f 4903/8299/463 4908/8304/462 4909/8305/458
f 4908/8304/462 4903/8299/463 4907/8303/434
f 4942/8338/351 4952/8348/464 4943/8339/465
f 4910/8306/466 4891/8287/352 4926/8322/451
f 4873/8269/414 4887/8283/459 4886/8282/358
f 4952/8348/464 4893/8289/353 4874/8270/467
f 4901/8297/385 4900/8296/448 4905/8301/468
f 4921/8317/443 4918/8314/469 4917/8313/461
f 4895/8291/470 4875/8271/406 4894/8290/430
f 4927/8323/471 4926/8322/451 4933/8329/450
f 4920/8316/472 4923/8319/473 4915/8311/457
f 4922/8318/340 4918/8314/469 4921/8317/443
f 4946/8342/474 4937/8333/475 4945/8341/476
f 4863/8257/391 4865/8259/412 4862/8256/394
f 4948/8344/477 4954/8350/478 4949/8345/479
f 4955/8351/398 4895/8291/470 4897/8293/460
f 4874/8270/467 4892/8288/404 4875/8271/406
f 4901/8297/385 4905/8301/468 4906/8302/386
f 4903/8299/463 4909/8305/458 4904/8300/441
f 4912/8308/480 4922/8318/340 4913/8309/339
f 4919/8315/481 4911/8307/482 4910/8306/466
f 4910/8306/466 4905/8301/468 4900/8296/448
f 4912/8308/480 4909/8305/458 4908/8304/462
f 4931/8327/341 4938/8334/483 4947/8343/370
f 4837/8231/484 4840/8234/380 4839/8233/384
f 4836/8230/369 4837/8231/484 4835/8229/363
f 4915/8311/457 4905/8301/468 4914/8310/485
f 4877/8273/446 4953/8349/486 4869/8265/416
f 4918/8314/469 4922/8318/340 4912/8308/480
f 4918/8314/469 4912/8308/480 4908/8304/462
f 4919/8315/481 4914/8310/485 4911/8307/482
f 4927/8323/471 4920/8316/472 4919/8315/481
f 4946/8342/474 4947/8343/370 4938/8334/483
f 4924/8320/487 4917/8313/461 4916/8312/435
f 4933/8329/450 4934/8330/488 4927/8323/471
f 4929/8325/456 4925/8321/455 4924/8320/487
f 4925/8321/455 4921/8317/443 4917/8313/461
f 4931/8327/341 4930/8326/444 4938/8334/483
f 4928/8324/489 4924/8320/487 4923/8319/473
f 4937/8333/475 4938/8334/483 4930/8326/444
f 4920/8316/472 4914/8310/485 4919/8315/481
f 4929/8325/456 4928/8324/489 4932/8328/490
f 4937/8333/475 4929/8325/456 4936/8332/491
f 4943/8339/465 4934/8330/488 4933/8329/450
f 4928/8324/489 4923/8319/473 4927/8323/471
f 4935/8331/453 4932/8328/490 4928/8324/489
f 4956/8352/400 4950/8346/492 4955/8351/398
f 4939/8335/454 4949/8345/479 4940/8336/452
f 4936/8332/491 4935/8331/453 4940/8336/452
f 4948/8344/477 4944/8340/493 4943/8339/465
f 4941/8337/494 4945/8341/476 4937/8333/475
f 4834/8227/495 4816/8201/362 4858/8252/438
f 4950/8346/492 4945/8341/476 4941/8337/494
f 4953/8349/486 4947/8343/370 4946/8342/474
f 4941/8337/494 4936/8332/491 4940/8336/452
f 4944/8340/493 4949/8345/479 4939/8335/454
f 4949/8345/479 4944/8340/493 4948/8344/477
f 4956/8352/400 4951/8347/496 4950/8346/492
f 4951/8347/496 4945/8341/476 4950/8346/492
f 4953/8349/486 4951/8347/496 4956/8352/400
f 4811/8193/368 4867/8261/392 4817/8203/375
f 4948/8344/477 4952/8348/464 4954/8350/478
f 4903/8299/463 4870/8266/442 4883/8279/440
f 4916/8312/435 4917/8313/461 4907/8303/434
f 4911/8307/482 4914/8310/485 4905/8301/468
f 4920/8316/472 4915/8311/457 4914/8310/485
f 4924/8320/487 4915/8311/457 4923/8319/473
f 4942/8338/351 4943/8339/465 4933/8329/450
f 4913/8309/339 4909/8305/458 4912/8308/480
f 4927/8323/471 4923/8319/473 4920/8316/472
f 4941/8337/494 4937/8333/475 4936/8332/491
f 4934/8330/488 4928/8324/489 4927/8323/471
f 4944/8340/493 4939/8335/454 4934/8330/488
f 4932/8328/490 4936/8332/491 4929/8325/456
f 4898/8294/425 4897/8293/460 4896/8292/418
f 4899/8295/399 4868/8263/431 4869/8264/416
f 4902/8298/387 4887/8283/459 4901/8297/385
f 4951/8347/496 4946/8342/474 4945/8341/476
f 4939/8335/454 4935/8331/453 4934/8330/488
f 4925/8321/455 4930/8326/444 4921/8317/443
f 4950/8346/492 4949/8345/479 4955/8351/398
f 4950/8346/492 4941/8337/494 4940/8336/452
f 4858/8252/438 4815/8199/364 4857/8251/422
f 4841/8235/497 4844/8238/354 4843/8237/356
f 4902/8298/387 4907/8303/434 4903/8299/463
f 4848/8242/348 4849/8243/401 4847/8241/498
f 4926/8322/451 4919/8315/481 4910/8306/466
f 4859/8253/381 4863/8257/391 4862/8256/394
f 4847/8241/498 4825/8216/411 4848/8242/348
f 4853/8247/499 4856/8250/421 4855/8249/423
f 4955/8351/398 4949/8345/479 4954/8350/478
f 4854/8248/437 4831/8222/500 4830/8221/396
f 4898/8294/425 4815/8199/501 4868/8263/431
f 4880/8276/429 4837/8231/360 4839/8233/366
f 4885/8281/447 4882/8278/383 4884/8280/342
f 4886/8282/358 4826/8217/502 4873/8269/414
f 4954/8350/478 4874/8270/467 4895/8291/470
f 4862/8256/394 4829/8220/413 4828/8219/427
f 4834/8228/495 4866/8260/393 4867/8261/392
f 5092/8488/503 5094/8490/503 5089/8485/503
f 4958/8354/504 4960/8356/505 4957/8353/504
f 5095/8491/506 4959/8355/507 5097/8493/508
f 4959/8355/509 4961/8357/510 4958/8354/509
f 4971/8367/511 4973/8369/512 4970/8366/511
f 4965/8361/513 4966/8362/514 4968/8364/514
f 4959/8355/507 4960/8356/515 4962/8358/515
f 4971/8367/516 4972/8368/517 4974/8370/518
f 4972/8368/519 4976/8372/520 4975/8371/520
f 4974/8370/518 4975/8371/521 4977/8373/522
f 4975/8371/520 4979/8375/523 4978/8374/523
f 4977/8373/522 4978/8374/524 4980/8376/525
f 4979/8375/523 4981/8377/526 4978/8374/523
f 4980/8376/525 4981/8377/527 4983/8379/528
f 4982/8378/526 4984/8380/529 4981/8377/526
f 4983/8379/528 4984/8380/530 4986/8382/531
f 4984/8380/529 4988/8384/532 4987/8383/532
f 4986/8382/531 4987/8383/533 4989/8385/534
f 4987/8383/532 4991/8387/535 4990/8386/535
f 4989/8385/534 4990/8386/536 4992/8388/537
f 4991/8387/535 4993/8389/538 4990/8386/535
f 4992/8388/537 4993/8389/539 4995/8391/540
f 4994/8390/538 4996/8392/541 4993/8389/538
f 4995/8391/540 4996/8392/542 4998/8394/543
f 4996/8392/541 5000/8396/544 4999/8395/544
f 4998/8394/543 4999/8395/545 5001/8397/546
f 4999/8395/544 5003/8399/547 5002/8398/547
f 5001/8397/546 5002/8398/548 5004/8400/549
f 5003/8399/547 5005/8401/550 5002/8398/547
f 5004/8400/549 5005/8401/551 5007/8403/552
f 5005/8401/550 5009/8405/553 5008/8404/553
f 5007/8403/552 5008/8404/554 5010/8406/555
f 5008/8404/553 5012/8408/556 5011/8407/556
f 5010/8406/555 5011/8407/557 5013/8409/558
f 5012/8408/556 5014/8410/559 5011/8407/556
f 5013/8409/558 5014/8410/560 5016/8412/561
f 5015/8411/559 5017/8413/562 5014/8410/559
f 5016/8412/561 5017/8413/563 5019/8415/564
f 5018/8414/562 5020/8416/565 5017/8413/562
f 5019/8415/564 5020/8416/566 5022/8418/567
f 5020/8416/565 5024/8420/568 5023/8419/568
f 5022/8418/567 5023/8419/569 5025/8421/570
f 5024/8420/568 5026/8422/571 5023/8419/568
f 5025/8421/570 5026/8422/572 5028/8424/573
f 5027/8423/574 5029/8425/575 5026/8422/571
f 5028/8424/573 5029/8425/576 5031/8427/577
f 5029/8425/575 5033/8429/578 5032/8428/578
f 5029/8425/576 5034/8430/579 5031/8427/577
f 5032/8428/578 5036/8432/580 5035/8431/580
f 5032/8428/581 5037/8433/582 5034/8430/579
f 5036/8432/580 5038/8434/583 5035/8431/580
f 5035/8431/584 5040/8436/585 5037/8433/582
f 5039/8435/583 5041/8437/586 5038/8434/583
f 5040/8436/585 5041/8437/587 5043/8439/588
f 5042/8438/586 5044/8440/589 5041/8437/586
f 5043/8439/588 5044/8440/590 5046/8442/591
f 5044/8440/589 5048/8444/592 5047/8443/592
f 5046/8442/591 5047/8443/593 5049/8445/594
f 5048/8444/592 5050/8446/595 5047/8443/592
f 5049/8445/594 5050/8446/596 5052/8448/597
f 5051/8447/595 5053/8449/598 5050/8446/595
f 5052/8448/597 5053/8449/599 5055/8451/600
f 5053/8449/598 5057/8453/601 5056/8452/602
f 5055/8451/600 5056/8452/603 5058/8454/604
f 5056/8452/602 5060/8456/605 5059/8455/606
f 5058/8454/604 5059/8455/607 5061/8457/608
f 5059/8455/606 5063/8459/609 5062/8458/609
f 5061/8457/608 5062/8458/610 5064/8460/611
f 5062/8458/609 5066/8462/612 5065/8461/612
f 5064/8460/611 5065/8461/613 5067/8463/614
f 5066/8462/612 5068/8464/615 5065/8461/612
f 5065/8461/613 5070/8466/616 5067/8463/614
f 5069/8465/615 5071/8467/617 5068/8464/615
f 5068/8464/618 5073/8469/619 5070/8466/616
f 5072/8468/617 5074/8470/620 5071/8467/617
f 5071/8467/621 5076/8472/622 5073/8469/619
f 5074/8470/620 5078/8474/623 5077/8473/623
f 5074/8470/624 5079/8475/625 5076/8472/622
f 5078/8474/623 5080/8476/626 5077/8473/623
f 5077/8473/627 5082/8478/628 5079/8475/625
f 5080/8476/626 5084/8480/629 5083/8479/630
f 5080/8476/631 5085/8481/632 5082/8478/628
f 5083/8479/630 5087/8483/633 5086/8482/634
f 5085/8481/632 5086/8482/635 5088/8484/636
f 5086/8482/634 5090/8486/637 5089/8485/638
f 5086/8482/635 5091/8487/639 5088/8484/636
f 5092/8488/640 5089/8485/638 5090/8486/637
f 5094/8490/641 5091/8487/639 5089/8485/642
f 4970/8366/519 4972/8368/519 4969/8365/519
f 4964/8360/643 4966/8362/644 4963/8359/643
f 5097/8493/645 5096/8492/646 5098/8494/647
f 5096/8492/646 5095/8491/648 5098/8494/647
f 4965/8361/649 4967/8363/650 4964/8360/649
f 4967/8363/650 4971/8367/511 4970/8366/511
f 4961/8357/505 4963/8359/643 4960/8356/505
f 5096/8492/651 4957/8353/504 5095/8491/652
f 4961/8357/510 4965/8361/649 4964/8360/649
f 5096/8492/653 4959/8355/509 4958/8354/509
f 4966/8362/514 4971/8367/516 4968/8364/514
f 4974/8370/512 4976/8372/654 4973/8369/512
f 4977/8373/654 4979/8375/655 4976/8372/654
f 4980/8376/656 4982/8378/657 4979/8375/655
f 4983/8379/658 4985/8381/659 4982/8378/657
f 4986/8382/660 4988/8384/661 4985/8381/659
f 4989/8385/662 4991/8387/663 4988/8384/661
f 4992/8388/664 4994/8390/665 4991/8387/663
f 4995/8391/666 4997/8393/667 4994/8390/665
f 4998/8394/668 5000/8396/669 4997/8393/667
f 5001/8397/670 5003/8399/671 5000/8396/669
f 5004/8400/672 5006/8402/673 5003/8399/671
f 5007/8403/674 5009/8405/675 5006/8402/673
f 5010/8406/676 5012/8408/677 5009/8405/675
f 5013/8409/678 5015/8411/679 5012/8408/677
f 5016/8412/680 5018/8414/681 5015/8411/679
f 5019/8415/682 5021/8417/683 5018/8414/681
f 5022/8418/684 5024/8420/685 5021/8417/683
f 5025/8421/686 5027/8423/687 5024/8420/685
f 5028/8424/688 5030/8426/689 5027/8423/687
f 5030/8426/689 5034/8430/690 5033/8429/691
f 5033/8429/691 5037/8433/692 5036/8432/693
f 5036/8432/693 5040/8436/694 5039/8435/695
f 5040/8436/694 5042/8438/696 5039/8435/695
f 5043/8439/697 5045/8441/698 5042/8438/696
f 5046/8442/699 5048/8444/700 5045/8441/698
f 5049/8445/701 5051/8447/702 5048/8444/700
f 5052/8448/703 5054/8450/704 5051/8447/702
f 5055/8451/705 5057/8453/706 5054/8450/704
f 5058/8454/707 5060/8456/708 5057/8453/706
f 5061/8457/709 5063/8459/710 5060/8456/708
f 5064/8460/711 5066/8462/712 5063/8459/710
f 5066/8462/712 5070/8466/713 5069/8465/714
f 5069/8465/714 5073/8469/715 5072/8468/716
f 5072/8468/716 5076/8472/717 5075/8471/718
f 5075/8471/718 5079/8475/719 5078/8474/720
f 5078/8474/720 5082/8478/721 5081/8477/722
f 5081/8477/722 5085/8481/723 5084/8480/724
f 5085/8481/723 5087/8483/725 5084/8480/724
f 5087/8483/725 5091/8487/726 5090/8486/727
f 5093/8489/728 5090/8486/728 5091/8487/728
f 5095/8491/648 5097/8493/645 5098/8494/647
f 5091/8487/729 5094/8490/729 5093/8489/729
f 5090/8486/730 5093/8489/730 5092/8488/730
f 4962/8358/515 4963/8359/513 4965/8361/513
f 4967/8363/644 4969/8365/519 4966/8362/644
f 4884/8280/342 4882/8278/383 4841/8235/343
f 4860/8254/345 4823/8212/408 4822/8211/346
f 4848/8242/348 4825/8216/411 4814/8197/349
f 4942/8338/351 4926/8322/451 4891/8287/352
f 4844/8238/354 4846/8240/409 4845/8239/355
f 4884/8280/342 4843/8237/344 4845/8239/357
f 4876/8272/359 4835/8229/432 4837/8231/360
f 4816/8200/362 4836/8230/369 4835/8229/363
f 4871/8267/365 4880/8276/429 4839/8233/366
f 4811/8191/368 4817/8202/375 4836/8230/369
f 4947/8343/370 4877/8273/446 4879/8275/371
f 4842/8236/372 4841/8235/497 4821/8209/373
f 4817/8202/375 4818/8204/378 4838/8232/376
f 4819/8206/377 4840/8234/380 4838/8232/376
f 4812/8194/379 4820/8208/374 4840/8234/380
f 4859/8253/381 4827/8218/350 4814/8197/349
f 4882/8278/383 4871/8267/365 4821/8209/367
f 4820/8208/374 4821/8209/373 4839/8233/384
f 4888/8284/388 4847/8241/415 4849/8243/389
f 4863/8257/391 4864/8258/433 4867/8261/392
f 4862/8256/394 4828/8219/427 4827/8218/350
f 4832/8223/395 4854/8248/437 4830/8221/396
f 4955/8351/398 4897/8293/460 4899/8295/399
f 4849/8243/401 4850/8244/426 4852/8246/402
f 4892/8288/404 4890/8286/390 4849/8243/389
f 4875/8271/406 4892/8288/404 4851/8245/405
f 4823/8213/408 4844/8238/410 4842/8236/372
f 4823/8213/408 4824/8214/382 4846/8240/409
f 4824/8214/382 4814/8197/349 4825/8216/411
f 4865/8259/412 4832/8224/395 4813/8196/397
f 4873/8269/414 4826/8217/502 4847/8241/415
f 4869/8264/416 4953/8349/486 4956/8352/400
f 4826/8217/417 4845/8239/355 4846/8240/409
f 4896/8292/418 4894/8290/430 4853/8247/419
f 4866/8260/393 4833/8226/436 4832/8224/395
f 4856/8250/421 4858/8252/438 4857/8251/422
f 4896/8292/418 4855/8249/420 4857/8251/424
f 4827/8218/350 4828/8219/427 4850/8244/426
f 4829/8220/413 4852/8246/402 4850/8244/426
f 4881/8277/428 4879/8275/371 4878/8274/361
f 4813/8196/397 4830/8221/396 4852/8246/402
f 4894/8290/430 4875/8271/406 4831/8222/407
f 4868/8262/431 4815/8198/501 4835/8229/432
f 4830/8221/396 4831/8222/500 4851/8245/403
f 4864/8258/433 4818/8205/378 4817/8203/375
f 4907/8303/434 4902/8298/387 4906/8302/386
f 4893/8289/353 4891/8287/352 4890/8286/390
f 4864/8258/433 4861/8255/347 4819/8207/377
f 4860/8254/345 4859/8253/381 4824/8215/382
f 4861/8255/347 4864/8258/433 4863/8257/391
f 4833/8225/436 4856/8250/439 4854/8248/437
f 4833/8225/436 4834/8227/495 4858/8252/438
f 4883/8279/440 4870/8266/442 4871/8267/365
f 4822/8210/346 4842/8236/372 4820/8208/374
f 4861/8255/347 4822/8211/346 4812/8195/379
f 4913/8309/339 4931/8327/341 4879/8275/371
f 4904/8300/441 4913/8309/339 4881/8277/428
f 4890/8286/390 4891/8287/352 4889/8285/445
f 4869/8265/416 4868/8262/431 4876/8272/359
f 4886/8282/358 4887/8283/459 4885/8281/447
f 4889/8285/445 4910/8306/466 4900/8296/448
f 4878/8274/361 4879/8275/371 4877/8273/446
f 4902/8298/387 4903/8299/463 4883/8279/440
f 4870/8266/442 4881/8277/428 4880/8276/429
f 4872/8268/449 4900/8296/448 4901/8297/385
f 4897/8293/460 4895/8291/470 4894/8290/430
f 4917/8313/461 4918/8314/469 4908/8304/462
f 4888/8284/388 4889/8285/445 4872/8268/449
f 4910/8306/466 4889/8285/445 4891/8287/352
f 4873/8269/414 4872/8268/449 4887/8283/459
f 4952/8348/464 4942/8338/351 4893/8289/353
f 4895/8291/470 4874/8270/467 4875/8271/406
f 4927/8323/471 4919/8315/481 4926/8322/451
f 4946/8342/474 4938/8334/483 4937/8333/475
f 4863/8257/391 4866/8260/393 4865/8259/412
f 4955/8351/398 4954/8350/478 4895/8291/470
f 4874/8270/467 4893/8289/353 4892/8288/404
f 4910/8306/466 4911/8307/482 4905/8301/468
f 4837/8231/484 4838/8232/376 4840/8234/380
f 4836/8230/369 4838/8232/376 4837/8231/484
f 4915/8311/457 4906/8302/386 4905/8301/468
f 4877/8273/446 4947/8343/370 4953/8349/486
f 4924/8320/487 4925/8321/455 4917/8313/461
f 4931/8327/341 4922/8318/340 4930/8326/444
f 4929/8325/456 4924/8320/487 4928/8324/489
f 4937/8333/475 4930/8326/444 4929/8325/456
f 4943/8339/465 4944/8340/493 4934/8330/488
f 4936/8332/491 4932/8328/490 4935/8331/453
f 4834/8227/495 4811/8192/368 4816/8201/362
f 4953/8349/486 4946/8342/474 4951/8347/496
f 4811/8193/368 4834/8228/495 4867/8261/392
f 4948/8344/477 4943/8339/465 4952/8348/464
f 4903/8299/463 4904/8300/441 4870/8266/442
f 4924/8320/487 4916/8312/435 4915/8311/457
f 4934/8330/488 4935/8331/453 4928/8324/489
f 4898/8294/425 4899/8295/399 4897/8293/460
f 4899/8295/399 4898/8294/425 4868/8263/431
f 4902/8298/387 4885/8281/447 4887/8283/459
f 4950/8346/492 4940/8336/452 4949/8345/479
f 4858/8252/438 4816/8201/362 4815/8199/364
f 4841/8235/497 4842/8236/372 4844/8238/354
f 4848/8242/348 4850/8244/426 4849/8243/401
f 4859/8253/381 4860/8254/345 4863/8257/391
f 4847/8241/498 4826/8217/417 4825/8216/411
f 4853/8247/499 4854/8248/437 4856/8250/421
f 4854/8248/437 4853/8247/499 4831/8222/500
f 4898/8294/425 4857/8251/424 4815/8199/501
f 4880/8276/429 4878/8274/361 4837/8231/360
f 4885/8281/447 4883/8279/440 4882/8278/383
f 4886/8282/358 4845/8239/357 4826/8217/502
f 4954/8350/478 4952/8348/464 4874/8270/467
f 4862/8256/394 4865/8259/412 4829/8220/413
f 4834/8228/495 4833/8226/436 4866/8260/393
f 4958/8354/504 4961/8357/505 4960/8356/505
f 5095/8491/506 4957/8353/507 4959/8355/507
f 4959/8355/509 4962/8358/510 4961/8357/510
f 4971/8367/511 4974/8370/512 4973/8369/512
f 4965/8361/513 4963/8359/513 4966/8362/514
f 4959/8355/507 4957/8353/507 4960/8356/515
f 4971/8367/516 4969/8365/516 4972/8368/517
f 4972/8368/519 4973/8369/519 4976/8372/520
f 4974/8370/518 4972/8368/517 4975/8371/521
f 4975/8371/520 4976/8372/520 4979/8375/523
f 4977/8373/522 4975/8371/521 4978/8374/524
f 4979/8375/523 4982/8378/526 4981/8377/526
f 4980/8376/525 4978/8374/524 4981/8377/527
f 4982/8378/526 4985/8381/529 4984/8380/529
f 4983/8379/528 4981/8377/527 4984/8380/530
f 4984/8380/529 4985/8381/529 4988/8384/532
f 4986/8382/531 4984/8380/530 4987/8383/533
f 4987/8383/532 4988/8384/532 4991/8387/535
f 4989/8385/534 4987/8383/533 4990/8386/536
f 4991/8387/535 4994/8390/538 4993/8389/538
f 4992/8388/537 4990/8386/536 4993/8389/539
f 4994/8390/538 4997/8393/731 4996/8392/541
f 4995/8391/540 4993/8389/539 4996/8392/542
f 4996/8392/541 4997/8393/731 5000/8396/544
f 4998/8394/543 4996/8392/542 4999/8395/545
f 4999/8395/544 5000/8396/544 5003/8399/547
f 5001/8397/546 4999/8395/545 5002/8398/548
f 5003/8399/547 5006/8402/550 5005/8401/550
f 5004/8400/549 5002/8398/548 5005/8401/551
f 5005/8401/550 5006/8402/550 5009/8405/553
f 5007/8403/552 5005/8401/551 5008/8404/554
f 5008/8404/553 5009/8405/553 5012/8408/556
f 5010/8406/555 5008/8404/554 5011/8407/557
f 5012/8408/556 5015/8411/559 5014/8410/559
f 5013/8409/558 5011/8407/557 5014/8410/560
f 5015/8411/559 5018/8414/562 5017/8413/562
f 5016/8412/561 5014/8410/560 5017/8413/563
f 5018/8414/562 5021/8417/565 5020/8416/565
f 5019/8415/564 5017/8413/563 5020/8416/566
f 5020/8416/565 5021/8417/565 5024/8420/568
f 5022/8418/567 5020/8416/566 5023/8419/569
f 5024/8420/568 5027/8423/574 5026/8422/571
f 5025/8421/570 5023/8419/569 5026/8422/572
f 5027/8423/574 5030/8426/575 5029/8425/575
f 5028/8424/573 5026/8422/572 5029/8425/576
f 5029/8425/575 5030/8426/575 5033/8429/578
f 5029/8425/576 5032/8428/581 5034/8430/579
f 5032/8428/578 5033/8429/578 5036/8432/580
f 5032/8428/581 5035/8431/584 5037/8433/582
f 5036/8432/580 5039/8435/583 5038/8434/583
f 5035/8431/584 5038/8434/732 5040/8436/585
f 5039/8435/583 5042/8438/586 5041/8437/586
f 5040/8436/585 5038/8434/732 5041/8437/587
f 5042/8438/586 5045/8441/589 5044/8440/589
f 5043/8439/588 5041/8437/587 5044/8440/590
f 5044/8440/589 5045/8441/589 5048/8444/592
f 5046/8442/591 5044/8440/590 5047/8443/593
f 5048/8444/592 5051/8447/595 5050/8446/595
f 5049/8445/594 5047/8443/593 5050/8446/596
f 5051/8447/595 5054/8450/598 5053/8449/598
f 5052/8448/597 5050/8446/596 5053/8449/599
f 5053/8449/598 5054/8450/598 5057/8453/601
f 5055/8451/600 5053/8449/599 5056/8452/603
f 5056/8452/602 5057/8453/601 5060/8456/605
f 5058/8454/604 5056/8452/603 5059/8455/607
f 5059/8455/606 5060/8456/605 5063/8459/609
f 5061/8457/608 5059/8455/607 5062/8458/610
f 5062/8458/609 5063/8459/609 5066/8462/612
f 5064/8460/611 5062/8458/610 5065/8461/613
f 5066/8462/612 5069/8465/615 5068/8464/615
f 5065/8461/613 5068/8464/618 5070/8466/616
f 5069/8465/615 5072/8468/617 5071/8467/617
f 5068/8464/618 5071/8467/621 5073/8469/619
f 5072/8468/617 5075/8471/620 5074/8470/620
f 5071/8467/621 5074/8470/624 5076/8472/622
f 5074/8470/620 5075/8471/620 5078/8474/623
f 5074/8470/624 5077/8473/627 5079/8475/625
f 5078/8474/623 5081/8477/626 5080/8476/626
f 5077/8473/627 5080/8476/631 5082/8478/628
f 5080/8476/626 5081/8477/626 5084/8480/629
f 5080/8476/631 5083/8479/733 5085/8481/632
f 5083/8479/630 5084/8480/629 5087/8483/633
f 5085/8481/632 5083/8479/733 5086/8482/635
f 5086/8482/634 5087/8483/633 5090/8486/637
f 5086/8482/635 5089/8485/642 5091/8487/639
f 4970/8366/519 4973/8369/519 4972/8368/519
f 4964/8360/643 4967/8363/644 4966/8362/644
f 4965/8361/649 4968/8364/650 4967/8363/650
f 4967/8363/650 4968/8364/650 4971/8367/511
f 4961/8357/505 4964/8360/643 4963/8359/643
f 5096/8492/651 4958/8354/504 4957/8353/504
f 4961/8357/510 4962/8358/510 4965/8361/649
f 5096/8492/653 5097/8493/653 4959/8355/509
f 4966/8362/514 4969/8365/516 4971/8367/516
f 4974/8370/512 4977/8373/654 4976/8372/654
f 4977/8373/654 4980/8376/656 4979/8375/655
f 4980/8376/656 4983/8379/658 4982/8378/657
f 4983/8379/658 4986/8382/660 4985/8381/659
f 4986/8382/660 4989/8385/662 4988/8384/661
f 4989/8385/662 4992/8388/664 4991/8387/663
f 4992/8388/664 4995/8391/666 4994/8390/665
f 4995/8391/666 4998/8394/668 4997/8393/667
f 4998/8394/668 5001/8397/670 5000/8396/669
f 5001/8397/670 5004/8400/672 5003/8399/671
f 5004/8400/672 5007/8403/674 5006/8402/673
f 5007/8403/674 5010/8406/676 5009/8405/675
f 5010/8406/676 5013/8409/678 5012/8408/677
f 5013/8409/678 5016/8412/680 5015/8411/679
f 5016/8412/680 5019/8415/682 5018/8414/681
f 5019/8415/682 5022/8418/684 5021/8417/683
f 5022/8418/684 5025/8421/686 5024/8420/685
f 5025/8421/686 5028/8424/688 5027/8423/687
f 5028/8424/688 5031/8427/734 5030/8426/689
f 5030/8426/689 5031/8427/734 5034/8430/690
f 5033/8429/691 5034/8430/690 5037/8433/692
f 5036/8432/693 5037/8433/692 5040/8436/694
f 5040/8436/694 5043/8439/697 5042/8438/696
f 5043/8439/697 5046/8442/699 5045/8441/698
f 5046/8442/699 5049/8445/701 5048/8444/700
f 5049/8445/701 5052/8448/703 5051/8447/702
f 5052/8448/703 5055/8451/705 5054/8450/704
f 5055/8451/705 5058/8454/707 5057/8453/706
f 5058/8454/707 5061/8457/709 5060/8456/708
f 5061/8457/709 5064/8460/711 5063/8459/710
f 5064/8460/711 5067/8463/735 5066/8462/712
f 5066/8462/712 5067/8463/735 5070/8466/713
f 5069/8465/714 5070/8466/713 5073/8469/715
f 5072/8468/716 5073/8469/715 5076/8472/717
f 5075/8471/718 5076/8472/717 5079/8475/719
f 5078/8474/720 5079/8475/719 5082/8478/721
f 5081/8477/722 5082/8478/721 5085/8481/723
f 5085/8481/723 5088/8484/736 5087/8483/725
f 5087/8483/725 5088/8484/736 5091/8487/726
f 4962/8358/515 4960/8356/515 4963/8359/513
f 4967/8363/644 4970/8366/519 4969/8365/519
o pavement
v 2.375806 -0.383968 1.922146
v 7.927581 -0.383968 1.922146
v 2.375806 -0.383967 -3.629629
v 7.927581 -0.383967 -3.629629
v 2.375806 -0.658973 -3.629629
v 2.375806 -0.658974 1.922146
v 7.927581 -0.658974 1.922146
v 7.927581 -0.658973 -3.629629
vn -0.0000 1.0000 -0.0000
vn -0.0000 -1.0000 -0.0000
vn -0.0000 -0.0000 -1.0000
vn -0.0000 -0.0000 1.0000
vn 1.0000 -0.0000 -0.0000
vn -1.0000 -0.0000 -0.0000
vt -3.201183 -3.201183
vt -3.201183 0.683337
vt -3.201183 0.683337
vt 4.201183 -3.201183
vt 4.201183 0.683337
vt 4.201183 0.683337
vt -3.201183 4.201183
vt -3.201183 0.683337
vt 4.201183 4.201183
vt 4.201183 0.683337
vt -3.201183 4.201183
vt -3.201183 0.316663
vt 4.201183 0.316663
vt -3.201183 -3.201183
vt -3.201183 0.316663
vt 4.201183 -3.201183
vt 4.201183 0.316663
vt -3.201183 0.316663
vt 4.201183 4.201183
vt 4.201183 0.316663
s 0
usemtl Paving.014
f 5100/8498/737 5101/8501/737 5099/8495/737
f 5103/8505/738 5105/8510/738 5104/8508/738
f 5106/8514/739 5101/8502/739 5102/8504/739
f 5104/8509/740 5100/8499/740 5099/8496/740
f 5105/8512/741 5102/8504/741 5100/8497/741
f 5103/8507/742 5099/8496/742 5101/8500/742
f 5100/8498/737 5102/8503/737 5101/8501/737
f 5103/8505/738 5106/8513/738 5105/8510/738
f 5106/8514/739 5103/8506/739 5101/8502/739
f 5104/8509/740 5105/8511/740 5100/8499/740
f 5105/8512/741 5106/8514/741 5102/8504/741
f 5103/8507/742 5104/8509/742 5099/8496/742
o stop
v 2.460676 0.372892 -0.769599
v 2.455285 0.370658 -0.769599
v 2.458172 0.371313 -0.769599
v 2.406956 0.370650 -0.769599
v 2.401565 0.372882 -0.769599
v 2.404069 0.371304 -0.769599
v 2.367386 0.407050 -0.769599
v 2.365152 0.412441 -0.769599
v 2.365806 0.409554 -0.769599
v 2.365144 0.460770 -0.769599
v 2.367376 0.466161 -0.769599
v 2.365798 0.463657 -0.769599
v 2.401544 0.500340 -0.769599
v 2.406935 0.502574 -0.769599
v 2.404048 0.501920 -0.769599
v 2.455263 0.502582 -0.769599
v 2.460655 0.500350 -0.769599
v 2.458151 0.501929 -0.769599
v 2.494834 0.466182 -0.769599
v 2.497068 0.460791 -0.769599
v 2.496413 0.463678 -0.769599
v 2.497076 0.412463 -0.769599
v 2.494844 0.407071 -0.769599
v 2.496422 0.409575 -0.769599
v 2.431110 0.436616 -0.769599
v 2.492603 0.465147 -0.766089
v 2.459621 0.498119 -0.766089
v 2.457042 0.499250 -0.766089
v 2.454418 0.500273 -0.766089
v 2.407781 0.500265 -0.766089
v 2.405158 0.499241 -0.766089
v 2.402579 0.498109 -0.766089
v 2.369607 0.465127 -0.766089
v 2.368476 0.462548 -0.766089
v 2.367453 0.459924 -0.766089
v 2.367461 0.413288 -0.766089
v 2.368485 0.410664 -0.766089
v 2.369617 0.408085 -0.766089
v 2.402599 0.375114 -0.766089
v 2.405178 0.373983 -0.766089
v 2.407802 0.372960 -0.766089
v 2.454438 0.372967 -0.766089
v 2.457062 0.373991 -0.766089
v 2.459641 0.375123 -0.766089
v 2.492612 0.408105 -0.766089
v 2.493743 0.410684 -0.766089
v 2.494766 0.413308 -0.766089
v 2.494759 0.459945 -0.766089
v 2.493735 0.462568 -0.766089
v 2.436680 -0.410160 -0.755645
v 2.446429 -0.410160 -0.761242
v 2.452073 -0.410160 -0.770964
v 2.452100 -0.410160 -0.782205
v 2.446503 -0.410160 -0.791954
v 2.436781 -0.410160 -0.797598
v 2.425540 -0.410160 -0.797626
v 2.415791 -0.410160 -0.792029
v 2.410147 -0.410160 -0.782307
v 2.410120 -0.410160 -0.771066
v 2.415717 -0.410160 -0.761317
v 2.425438 -0.410160 -0.755672
v 2.432572 -0.410160 -0.771126
v 2.435130 -0.410160 -0.772595
v 2.436612 -0.410160 -0.775147
v 2.436619 -0.410160 -0.778097
v 2.435150 -0.410160 -0.780656
v 2.432598 -0.410160 -0.782137
v 2.429648 -0.410160 -0.782144
v 2.427089 -0.410160 -0.780675
v 2.425608 -0.410160 -0.778124
v 2.425601 -0.410160 -0.775174
v 2.427070 -0.410160 -0.772615
v 2.429621 -0.410160 -0.771134
v 2.437936 0.439585 -0.778447
v 2.436116 0.439585 -0.781617
v 2.426104 0.439585 -0.771654
v 2.429265 0.439585 -0.769818
v 2.432921 0.439585 -0.769809
v 2.436092 0.439585 -0.771630
v 2.426128 0.439585 -0.781641
v 2.424293 0.439585 -0.778480
v 2.432954 0.439585 -0.783453
v 2.437927 0.439585 -0.774791
v 2.424284 0.439585 -0.774824
v 2.429299 0.439585 -0.783461
v 2.417280 0.426100 -0.772531
v 2.417280 0.426100 -0.764831
v 2.444502 0.426100 -0.772531
v 2.444502 0.426100 -0.764831
v 2.461230 0.371697 -0.766313
v 2.461133 0.371906 -0.766089
v 2.461217 0.371725 -0.766201
v 2.461182 0.371802 -0.766119
v 2.455659 0.369637 -0.766089
v 2.455738 0.369421 -0.766313
v 2.455698 0.369529 -0.766119
v 2.455728 0.369450 -0.766201
v 2.458591 0.370302 -0.766089
v 2.458679 0.370088 -0.766313
v 2.458635 0.370195 -0.766119
v 2.458668 0.370117 -0.766201
v 2.406504 0.369413 -0.766313
v 2.406583 0.369629 -0.766089
v 2.406514 0.369442 -0.766201
v 2.406543 0.369521 -0.766119
v 2.401107 0.371896 -0.766089
v 2.401011 0.371687 -0.766313
v 2.401059 0.371792 -0.766119
v 2.401024 0.371715 -0.766201
v 2.403651 0.370293 -0.766089
v 2.403562 0.370079 -0.766313
v 2.403606 0.370186 -0.766119
v 2.403574 0.370108 -0.766201
v 2.366191 0.406496 -0.766313
v 2.366400 0.406593 -0.766089
v 2.366219 0.406509 -0.766201
v 2.366295 0.406544 -0.766119
v 2.363915 0.411988 -0.766313
v 2.364131 0.412067 -0.766089
v 2.363944 0.411999 -0.766201
v 2.364023 0.412028 -0.766119
v 2.364582 0.409047 -0.766313
v 2.364795 0.409135 -0.766089
v 2.364610 0.409058 -0.766201
v 2.364689 0.409091 -0.766119
v 2.363907 0.461222 -0.766313
v 2.364123 0.461143 -0.766089
v 2.363936 0.461212 -0.766201
v 2.364015 0.461183 -0.766119
v 2.366390 0.466619 -0.766089
v 2.366181 0.466715 -0.766313
v 2.366286 0.466667 -0.766119
v 2.366209 0.466702 -0.766201
v 2.364786 0.464076 -0.766089
v 2.364573 0.464164 -0.766313
v 2.364680 0.464120 -0.766119
v 2.364602 0.464152 -0.766201
v 2.400990 0.501535 -0.766313
v 2.401086 0.501327 -0.766089
v 2.401003 0.501507 -0.766201
v 2.401038 0.501431 -0.766119
v 2.406482 0.503811 -0.766313
v 2.406561 0.503595 -0.766089
v 2.406492 0.503782 -0.766201
v 2.406521 0.503703 -0.766119
v 2.403540 0.503144 -0.766313
v 2.403629 0.502931 -0.766089
v 2.403552 0.503116 -0.766201
v 2.403585 0.503037 -0.766119
v 2.455716 0.503819 -0.766313
v 2.455637 0.503603 -0.766089
v 2.455706 0.503790 -0.766201
v 2.455677 0.503711 -0.766119
v 2.461112 0.501336 -0.766089
v 2.461209 0.501545 -0.766313
v 2.461161 0.501441 -0.766119
v 2.461196 0.501517 -0.766201
v 2.458569 0.502940 -0.766089
v 2.458658 0.503153 -0.766313
v 2.458613 0.503046 -0.766119
v 2.458646 0.503124 -0.766201
v 2.496029 0.466736 -0.766313
v 2.495820 0.466640 -0.766089
v 2.496001 0.466724 -0.766201
v 2.495924 0.466688 -0.766119
v 2.498089 0.461165 -0.766089
v 2.498305 0.461244 -0.766313
v 2.498197 0.461205 -0.766119
v 2.498276 0.461234 -0.766201
v 2.497638 0.464186 -0.766313
v 2.497424 0.464097 -0.766089
v 2.497609 0.464174 -0.766201
v 2.497531 0.464141 -0.766119
v 2.498313 0.412010 -0.766313
v 2.498097 0.412089 -0.766089
v 2.498284 0.412020 -0.766201
v 2.498205 0.412049 -0.766119
v 2.495830 0.406614 -0.766089
v 2.496039 0.406517 -0.766313
v 2.495934 0.406565 -0.766119
v 2.496011 0.406530 -0.766201
v 2.497647 0.409068 -0.766313
v 2.497433 0.409157 -0.766089
v 2.497618 0.409080 -0.766201
v 2.497540 0.409112 -0.766119
v 2.461133 0.371906 -0.769599
v 2.461230 0.371697 -0.769375
v 2.461182 0.371802 -0.769569
v 2.461217 0.371725 -0.769487
v 2.455738 0.369421 -0.769375
v 2.455659 0.369637 -0.769599
v 2.455728 0.369450 -0.769487
v 2.455698 0.369529 -0.769569
v 2.458679 0.370088 -0.769375
v 2.458591 0.370302 -0.769599
v 2.458668 0.370117 -0.769487
v 2.458635 0.370195 -0.769569
v 2.406583 0.369629 -0.769599
v 2.406504 0.369413 -0.769375
v 2.406543 0.369521 -0.769569
v 2.406514 0.369442 -0.769487
v 2.401011 0.371687 -0.769375
v 2.401107 0.371896 -0.769599
v 2.401024 0.371715 -0.769487
v 2.401059 0.371792 -0.769569
v 2.403562 0.370079 -0.769375
v 2.403651 0.370293 -0.769599
v 2.403574 0.370108 -0.769487
v 2.403606 0.370186 -0.769569
v 2.366400 0.406593 -0.769599
v 2.366191 0.406496 -0.769375
v 2.366295 0.406544 -0.769569
v 2.366219 0.406509 -0.769487
v 2.363915 0.411988 -0.769375
v 2.364131 0.412067 -0.769599
v 2.363944 0.411999 -0.769487
v 2.364023 0.412028 -0.769569
v 2.364795 0.409135 -0.769599
v 2.364582 0.409047 -0.769375
v 2.364689 0.409091 -0.769569
v 2.364610 0.409058 -0.769487
v 2.364123 0.461143 -0.769599
v 2.363907 0.461222 -0.769375
v 2.364015 0.461183 -0.769569
v 2.363936 0.461212 -0.769487
v 2.366181 0.466715 -0.769375
v 2.366390 0.466619 -0.769599
v 2.366209 0.466702 -0.769487
v 2.366286 0.466667 -0.769569
v 2.364573 0.464164 -0.769375
v 2.364786 0.464076 -0.769599
v 2.364602 0.464152 -0.769487
v 2.364680 0.464120 -0.769569
v 2.401086 0.501327 -0.769599
v 2.400990 0.501535 -0.769375
v 2.401038 0.501431 -0.769569
v 2.401003 0.501507 -0.769487
v 2.406482 0.503811 -0.769375
v 2.406561 0.503595 -0.769599
v 2.406492 0.503782 -0.769487
v 2.406521 0.503703 -0.769569
v 2.403629 0.502931 -0.769599
v 2.403540 0.503144 -0.769375
v 2.403585 0.503037 -0.769569
v 2.403552 0.503116 -0.769487
v 2.455637 0.503603 -0.769599
v 2.455716 0.503819 -0.769375
v 2.455677 0.503711 -0.769569
v 2.455706 0.503790 -0.769487
v 2.461209 0.501545 -0.769375
v 2.461112 0.501336 -0.769599
v 2.461196 0.501517 -0.769487
v 2.461161 0.501441 -0.769569
v 2.458658 0.503153 -0.769375
v 2.458569 0.502940 -0.769599
v 2.458646 0.503124 -0.769487
v 2.458613 0.503046 -0.769569
v 2.495820 0.466640 -0.769599
v 2.496029 0.466736 -0.769375
v 2.495924 0.466688 -0.769569
v 2.496001 0.466724 -0.769487
v 2.498305 0.461244 -0.769375
v 2.498089 0.461165 -0.769599
v 2.498276 0.461234 -0.769487
v 2.498197 0.461205 -0.769569
v 2.497424 0.464097 -0.769599
v 2.497638 0.464186 -0.769375
v 2.497531 0.464141 -0.769569
v 2.497609 0.464174 -0.769487
v 2.498097 0.412089 -0.769599
v 2.498313 0.412010 -0.769375
v 2.498205 0.412049 -0.769569
v 2.498284 0.412020 -0.769487
v 2.496039 0.406517 -0.769375
v 2.495830 0.406614 -0.769599
v 2.496011 0.406530 -0.769487
v 2.495934 0.406565 -0.769569
v 2.497433 0.409157 -0.769599
v 2.497647 0.409068 -0.769375
v 2.497540 0.409112 -0.769569
v 2.497618 0.409080 -0.769487
v 2.432862 0.471825 -0.770034
v 2.432921 0.471601 -0.769809
v 2.432891 0.471795 -0.769921
v 2.432913 0.471713 -0.769839
v 2.436092 0.471601 -0.771630
v 2.435928 0.471825 -0.771794
v 2.436070 0.471713 -0.771652
v 2.436010 0.471795 -0.771712
v 2.437927 0.471601 -0.774791
v 2.437703 0.471825 -0.774852
v 2.437897 0.471713 -0.774799
v 2.437815 0.471795 -0.774821
v 2.437936 0.471601 -0.778447
v 2.437712 0.471825 -0.778387
v 2.437906 0.471713 -0.778439
v 2.437824 0.471795 -0.778417
v 2.436116 0.471601 -0.781617
v 2.435951 0.471825 -0.781453
v 2.436094 0.471713 -0.781595
v 2.436033 0.471795 -0.781535
v 2.432954 0.471601 -0.783453
v 2.432894 0.471825 -0.783229
v 2.432946 0.471713 -0.783423
v 2.432924 0.471795 -0.783341
v 2.429299 0.471601 -0.783461
v 2.429358 0.471825 -0.783237
v 2.429307 0.471713 -0.783431
v 2.429328 0.471795 -0.783349
v 2.426128 0.471601 -0.781641
v 2.426292 0.471825 -0.781477
v 2.426150 0.471713 -0.781619
v 2.426210 0.471795 -0.781559
v 2.424293 0.471601 -0.778480
v 2.424517 0.471825 -0.778419
v 2.424323 0.471713 -0.778472
v 2.424405 0.471795 -0.778449
v 2.424284 0.471601 -0.774824
v 2.424508 0.471825 -0.774884
v 2.424314 0.471713 -0.774832
v 2.424396 0.471795 -0.774854
v 2.426104 0.471601 -0.771654
v 2.426268 0.471825 -0.771817
v 2.426126 0.471713 -0.771676
v 2.426186 0.471795 -0.771736
v 2.429265 0.471601 -0.769818
v 2.429326 0.471825 -0.770042
v 2.429274 0.471713 -0.769848
v 2.429296 0.471795 -0.769930
v 2.432921 -0.405819 -0.769809
v 2.432981 -0.406043 -0.769585
v 2.432929 -0.405931 -0.769779
v 2.432951 -0.406013 -0.769697
v 2.436255 -0.406043 -0.771465
v 2.436092 -0.405819 -0.771630
v 2.436173 -0.406013 -0.771547
v 2.436113 -0.405931 -0.771608
v 2.438151 -0.406043 -0.774730
v 2.437927 -0.405819 -0.774791
v 2.438039 -0.406013 -0.774761
v 2.437957 -0.405931 -0.774783
v 2.438160 -0.406043 -0.778506
v 2.437936 -0.405819 -0.778447
v 2.438048 -0.406013 -0.778476
v 2.437966 -0.405931 -0.778455
v 2.436280 -0.406043 -0.781781
v 2.436116 -0.405819 -0.781617
v 2.436198 -0.406013 -0.781699
v 2.436138 -0.405931 -0.781639
v 2.433015 -0.406043 -0.783676
v 2.432954 -0.405819 -0.783453
v 2.432985 -0.406013 -0.783565
v 2.432962 -0.405931 -0.783483
v 2.429239 -0.406043 -0.783686
v 2.429299 -0.405819 -0.783461
v 2.429269 -0.406013 -0.783574
v 2.429291 -0.405931 -0.783491
v 2.425965 -0.406043 -0.781806
v 2.426128 -0.405819 -0.781641
v 2.426046 -0.406013 -0.781723
v 2.426106 -0.405931 -0.781663
v 2.424069 -0.406043 -0.778540
v 2.424293 -0.405819 -0.778480
v 2.424181 -0.406013 -0.778510
v 2.424263 -0.405931 -0.778488
v 2.424060 -0.406043 -0.774765
v 2.424284 -0.405819 -0.774824
v 2.424172 -0.406013 -0.774794
v 2.424254 -0.405931 -0.774816
v 2.425940 -0.406043 -0.771490
v 2.426104 -0.405819 -0.771654
v 2.426022 -0.406013 -0.771572
v 2.426082 -0.405931 -0.771632
v 2.429205 -0.406043 -0.769594
v 2.429265 -0.405819 -0.769818
v 2.429235 -0.406013 -0.769706
v 2.429257 -0.405931 -0.769788
v 2.436620 -0.406043 -0.755869
v 2.436680 -0.406267 -0.755645
v 2.436650 -0.406073 -0.755757
v 2.436672 -0.406155 -0.755675
v 2.446429 -0.406267 -0.761242
v 2.446265 -0.406043 -0.761407
v 2.446407 -0.406155 -0.761264
v 2.446347 -0.406073 -0.761324
v 2.452073 -0.406267 -0.770964
v 2.451849 -0.406043 -0.771024
v 2.452043 -0.406155 -0.770972
v 2.451961 -0.406073 -0.770994
v 2.452100 -0.406267 -0.782205
v 2.451876 -0.406043 -0.782146
v 2.452070 -0.406155 -0.782197
v 2.451988 -0.406073 -0.782175
v 2.446503 -0.406267 -0.791954
v 2.446339 -0.406043 -0.791791
v 2.446481 -0.406155 -0.791932
v 2.446421 -0.406073 -0.791872
v 2.436781 -0.406267 -0.797598
v 2.436721 -0.406043 -0.797375
v 2.436773 -0.406155 -0.797568
v 2.436751 -0.406073 -0.797486
v 2.425540 -0.406267 -0.797626
v 2.425600 -0.406043 -0.797401
v 2.425548 -0.406155 -0.797596
v 2.425570 -0.406073 -0.797514
v 2.415791 -0.406267 -0.792029
v 2.415955 -0.406043 -0.791864
v 2.415813 -0.406155 -0.792007
v 2.415873 -0.406073 -0.791946
v 2.410147 -0.406267 -0.782307
v 2.410371 -0.406043 -0.782246
v 2.410177 -0.406155 -0.782299
v 2.410259 -0.406073 -0.782277
v 2.410120 -0.406267 -0.771066
v 2.410344 -0.406043 -0.771125
v 2.410150 -0.406155 -0.771074
v 2.410232 -0.406073 -0.771095
v 2.415717 -0.406267 -0.761317
v 2.415881 -0.406043 -0.761480
v 2.415739 -0.406155 -0.761339
v 2.415799 -0.406073 -0.761398
v 2.425438 -0.406267 -0.755672
v 2.425499 -0.406043 -0.755896
v 2.425447 -0.406155 -0.755702
v 2.425469 -0.406073 -0.755784
v 2.432572 0.471601 -0.771126
v 2.432631 0.471825 -0.770902
v 2.432580 0.471713 -0.771096
v 2.432601 0.471795 -0.771014
v 2.435294 0.471825 -0.772431
v 2.435130 0.471601 -0.772595
v 2.435212 0.471795 -0.772513
v 2.435152 0.471713 -0.772573
v 2.436836 0.471825 -0.775086
v 2.436612 0.471601 -0.775147
v 2.436724 0.471795 -0.775117
v 2.436642 0.471713 -0.775139
v 2.436843 0.471825 -0.778157
v 2.436619 0.471601 -0.778097
v 2.436731 0.471795 -0.778127
v 2.436649 0.471713 -0.778105
v 2.435314 0.471825 -0.780819
v 2.435150 0.471601 -0.780656
v 2.435232 0.471795 -0.780738
v 2.435172 0.471713 -0.780678
v 2.432659 0.471825 -0.782361
v 2.432598 0.471601 -0.782137
v 2.432629 0.471795 -0.782249
v 2.432606 0.471713 -0.782167
v 2.429589 0.471825 -0.782369
v 2.429648 0.471601 -0.782144
v 2.429618 0.471795 -0.782256
v 2.429640 0.471713 -0.782174
v 2.426926 0.471825 -0.780840
v 2.427089 0.471601 -0.780675
v 2.427008 0.471795 -0.780758
v 2.427068 0.471713 -0.780697
v 2.425384 0.471825 -0.778184
v 2.425608 0.471601 -0.778124
v 2.425496 0.471795 -0.778154
v 2.425578 0.471713 -0.778132
v 2.425377 0.471825 -0.775114
v 2.425601 0.471601 -0.775174
v 2.425489 0.471795 -0.775144
v 2.425571 0.471713 -0.775166
v 2.426906 0.471825 -0.772451
v 2.427070 0.471601 -0.772615
v 2.426988 0.471795 -0.772533
v 2.427048 0.471713 -0.772593
v 2.429561 0.471825 -0.770910
v 2.429621 0.471601 -0.771134
v 2.429591 0.471795 -0.771022
v 2.429613 0.471713 -0.771104
v 2.419827 0.425745 -0.772307
v 2.419693 0.425948 -0.772531
v 2.419851 0.426132 -0.772307
v 2.419802 0.425773 -0.772419
v 2.419882 0.425865 -0.772307
v 2.419855 0.425888 -0.772414
v 2.419765 0.426041 -0.772501
v 2.419753 0.425847 -0.772501
v 2.419821 0.425940 -0.772472
v 2.419890 0.426007 -0.772307
v 2.419823 0.426108 -0.772419
v 2.419862 0.425988 -0.772414
v 2.418593 0.423889 -0.772307
v 2.418246 0.423717 -0.772307
v 2.418355 0.423935 -0.772531
v 2.418504 0.423793 -0.772307
v 2.418559 0.423901 -0.772419
v 2.418473 0.423808 -0.772414
v 2.418257 0.423752 -0.772419
v 2.418377 0.423729 -0.772307
v 2.418383 0.423764 -0.772414
v 2.418471 0.423918 -0.772501
v 2.418297 0.423832 -0.772501
v 2.418411 0.423820 -0.772472
v 2.416022 0.423857 -0.772307
v 2.415699 0.424072 -0.772307
v 2.415942 0.424087 -0.772531
v 2.415894 0.423886 -0.772307
v 2.416015 0.423893 -0.772419
v 2.415891 0.423921 -0.772414
v 2.415735 0.424079 -0.772419
v 2.415775 0.423965 -0.772307
v 2.415808 0.423976 -0.772414
v 2.415985 0.423977 -0.772501
v 2.415824 0.424085 -0.772501
v 2.415871 0.423980 -0.772472
v 2.414708 0.426068 -0.772307
v 2.414733 0.426455 -0.772307
v 2.414867 0.426252 -0.772531
v 2.414669 0.426193 -0.772307
v 2.414736 0.426092 -0.772419
v 2.414698 0.426213 -0.772414
v 2.414757 0.426427 -0.772419
v 2.414678 0.426335 -0.772307
v 2.414704 0.426313 -0.772414
v 2.414794 0.426160 -0.772501
v 2.414806 0.426353 -0.772501
v 2.414739 0.426260 -0.772472
v 2.415966 0.428311 -0.772307
v 2.416314 0.428483 -0.772307
v 2.416205 0.428266 -0.772531
v 2.416055 0.428408 -0.772307
v 2.416001 0.428299 -0.772419
v 2.416086 0.428392 -0.772414
v 2.416302 0.428449 -0.772419
v 2.416183 0.428471 -0.772307
v 2.416176 0.428437 -0.772414
v 2.416089 0.428283 -0.772501
v 2.416262 0.428369 -0.772501
v 2.416148 0.428381 -0.772472
v 2.418537 0.428343 -0.772307
v 2.418860 0.428128 -0.772307
v 2.418618 0.428114 -0.772531
v 2.418666 0.428315 -0.772307
v 2.418545 0.428307 -0.772419
v 2.418668 0.428280 -0.772414
v 2.418825 0.428121 -0.772419
v 2.418784 0.428236 -0.772307
v 2.418751 0.428224 -0.772414
v 2.418574 0.428223 -0.772501
v 2.418736 0.428116 -0.772501
v 2.418689 0.428220 -0.772472
v 2.416314 0.428483 -0.765055
v 2.415966 0.428311 -0.765055
v 2.416205 0.428266 -0.764831
v 2.416183 0.428471 -0.765055
v 2.416302 0.428449 -0.764943
v 2.416176 0.428437 -0.764948
v 2.416001 0.428299 -0.764943
v 2.416055 0.428408 -0.765055
v 2.416086 0.428392 -0.764948
v 2.416262 0.428369 -0.764861
v 2.416089 0.428283 -0.764861
v 2.416148 0.428381 -0.764890
v 2.414733 0.426455 -0.765055
v 2.414708 0.426068 -0.765055
v 2.414867 0.426252 -0.764831
v 2.414678 0.426335 -0.765055
v 2.414757 0.426427 -0.764943
v 2.414704 0.426313 -0.764948
v 2.414736 0.426092 -0.764943
v 2.414669 0.426193 -0.765055
v 2.414698 0.426213 -0.764948
v 2.414806 0.426353 -0.764861
v 2.414794 0.426160 -0.764861
v 2.414739 0.426260 -0.764890
v 2.415699 0.424072 -0.765055
v 2.416022 0.423857 -0.765055
v 2.415942 0.424087 -0.764831
v 2.415775 0.423965 -0.765055
v 2.415735 0.424079 -0.764943
v 2.415808 0.423976 -0.764948
v 2.416015 0.423893 -0.764943
v 2.415894 0.423886 -0.765055
v 2.415891 0.423921 -0.764948
v 2.415824 0.424085 -0.764861
v 2.415985 0.423977 -0.764861
v 2.415871 0.423980 -0.764890
v 2.418246 0.423717 -0.765055
v 2.418593 0.423889 -0.765055
v 2.418355 0.423935 -0.764831
v 2.418377 0.423729 -0.765055
v 2.418257 0.423752 -0.764943
v 2.418383 0.423764 -0.764948
v 2.418559 0.423901 -0.764943
v 2.418504 0.423793 -0.765055
v 2.418473 0.423808 -0.764948
v 2.418297 0.423832 -0.764861
v 2.418471 0.423918 -0.764861
v 2.418411 0.423820 -0.764890
v 2.419851 0.426132 -0.765055
v 2.419693 0.425948 -0.764831
v 2.419827 0.425745 -0.765055
v 2.419823 0.426108 -0.764943
v 2.419890 0.426007 -0.765055
v 2.419862 0.425988 -0.764948
v 2.419753 0.425847 -0.764861
v 2.419765 0.426041 -0.764861
v 2.419821 0.425940 -0.764890
v 2.419882 0.425865 -0.765055
v 2.419802 0.425773 -0.764943
v 2.419855 0.425888 -0.764948
v 2.418860 0.428128 -0.765055
v 2.418537 0.428343 -0.765055
v 2.418618 0.428114 -0.764831
v 2.418784 0.428236 -0.765055
v 2.418825 0.428121 -0.764943
v 2.418751 0.428224 -0.764948
v 2.418545 0.428307 -0.764943
v 2.418666 0.428315 -0.765055
v 2.418668 0.428280 -0.764948
v 2.418736 0.428116 -0.764861
v 2.418574 0.428223 -0.764861
v 2.418689 0.428220 -0.764890
v 2.446389 0.424353 -0.772307
v 2.446395 0.424597 -0.772531
v 2.446630 0.424657 -0.772307
v 2.446385 0.424390 -0.772419
v 2.446503 0.424420 -0.772307
v 2.446494 0.424454 -0.772414
v 2.446508 0.424631 -0.772501
v 2.446387 0.424479 -0.772501
v 2.446496 0.424517 -0.772472
v 2.446591 0.424532 -0.772307
v 2.446594 0.424653 -0.772419
v 2.446556 0.424533 -0.772414
v 2.444317 0.423535 -0.772307
v 2.443933 0.423592 -0.772307
v 2.444146 0.423709 -0.772531
v 2.444188 0.423507 -0.772307
v 2.444295 0.423565 -0.772419
v 2.444172 0.423537 -0.772414
v 2.443962 0.423614 -0.772419
v 2.444047 0.423528 -0.772307
v 2.444072 0.423552 -0.772414
v 2.444232 0.423628 -0.772501
v 2.444041 0.423657 -0.772501
v 2.444128 0.423582 -0.772472
v 2.442188 0.424978 -0.772307
v 2.442046 0.425339 -0.772307
v 2.442253 0.425212 -0.772531
v 2.442099 0.425075 -0.772307
v 2.442203 0.425012 -0.772419
v 2.442117 0.425105 -0.772414
v 2.442079 0.425324 -0.772419
v 2.442047 0.425207 -0.772307
v 2.442080 0.425198 -0.772414
v 2.442227 0.425098 -0.772501
v 2.442156 0.425278 -0.772501
v 2.442134 0.425165 -0.772472
v 2.442374 0.427543 -0.772307
v 2.442615 0.427847 -0.772307
v 2.442609 0.427604 -0.772531
v 2.442413 0.427669 -0.772307
v 2.442410 0.427547 -0.772419
v 2.442448 0.427668 -0.772414
v 2.442619 0.427810 -0.772419
v 2.442501 0.427780 -0.772307
v 2.442510 0.427746 -0.772414
v 2.442496 0.427569 -0.772501
v 2.442617 0.427721 -0.772501
v 2.442508 0.427683 -0.772472
v 2.444687 0.428665 -0.772307
v 2.445071 0.428608 -0.772307
v 2.444858 0.428491 -0.772531
v 2.444816 0.428694 -0.772307
v 2.444709 0.428636 -0.772419
v 2.444833 0.428663 -0.772414
v 2.445042 0.428586 -0.772419
v 2.444957 0.428673 -0.772307
v 2.444932 0.428648 -0.772414
v 2.444772 0.428572 -0.772501
v 2.444963 0.428543 -0.772501
v 2.444876 0.428618 -0.772472
v 2.446816 0.427222 -0.772307
v 2.446958 0.426861 -0.772307
v 2.446751 0.426988 -0.772531
v 2.446905 0.427125 -0.772307
v 2.446801 0.427188 -0.772419
v 2.446887 0.427095 -0.772414
v 2.446925 0.426876 -0.772419
v 2.446957 0.426993 -0.772307
v 2.446924 0.427002 -0.772414
v 2.446777 0.427102 -0.772501
v 2.446848 0.426922 -0.772501
v 2.446870 0.427035 -0.772472
v 2.445071 0.428608 -0.765055
v 2.444687 0.428665 -0.765055
v 2.444858 0.428491 -0.764831
v 2.444957 0.428673 -0.765055
v 2.445042 0.428586 -0.764943
v 2.444932 0.428648 -0.764948
v 2.444709 0.428636 -0.764943
v 2.444816 0.428694 -0.765055
v 2.444833 0.428663 -0.764948
v 2.444963 0.428543 -0.764861
v 2.444772 0.428572 -0.764861
v 2.444876 0.428618 -0.764890
v 2.442615 0.427847 -0.765055
v 2.442374 0.427543 -0.765055
v 2.442609 0.427604 -0.764831
v 2.442501 0.427780 -0.765055
v 2.442619 0.427810 -0.764943
v 2.442510 0.427746 -0.764948
v 2.442410 0.427547 -0.764943
v 2.442413 0.427669 -0.765055
v 2.442448 0.427668 -0.764948
v 2.442617 0.427721 -0.764861
v 2.442496 0.427569 -0.764861
v 2.442508 0.427683 -0.764890
v 2.442046 0.425339 -0.765055
v 2.442188 0.424978 -0.765055
v 2.442253 0.425212 -0.764831
v 2.442047 0.425207 -0.765055
v 2.442079 0.425324 -0.764943
v 2.442080 0.425198 -0.764948
v 2.442203 0.425012 -0.764943
v 2.442099 0.425075 -0.765055
v 2.442117 0.425105 -0.764948
v 2.442156 0.425278 -0.764861
v 2.442227 0.425098 -0.764861
v 2.442134 0.425165 -0.764890
v 2.443933 0.423592 -0.765055
v 2.444317 0.423535 -0.765055
v 2.444146 0.423709 -0.764831
v 2.444047 0.423528 -0.765055
v 2.443962 0.423614 -0.764943
v 2.444072 0.423552 -0.764948
v 2.444295 0.423565 -0.764943
v 2.444188 0.423507 -0.765055
v 2.444172 0.423537 -0.764948
v 2.444041 0.423657 -0.764861
v 2.444232 0.423628 -0.764861
v 2.444128 0.423582 -0.764890
v 2.446630 0.424657 -0.765055
v 2.446395 0.424597 -0.764831
v 2.446389 0.424353 -0.765055
v 2.446594 0.424653 -0.764943
v 2.446591 0.424532 -0.765055
v 2.446556 0.424533 -0.764948
v 2.446387 0.424479 -0.764861
v 2.446508 0.424631 -0.764861
v 2.446496 0.424517 -0.764890
v 2.446503 0.424420 -0.765055
v 2.446385 0.424390 -0.764943
v 2.446494 0.424454 -0.764948
v 2.446958 0.426861 -0.765055
v 2.446816 0.427222 -0.765055
v 2.446751 0.426988 -0.764831
v 2.446957 0.426993 -0.765055
v 2.446925 0.426876 -0.764943
v 2.446924 0.427002 -0.764948
v 2.446801 0.427188 -0.764943
v 2.446905 0.427125 -0.765055
v 2.446887 0.427095 -0.764948
v 2.446848 0.426922 -0.764861
v 2.446777 0.427102 -0.764861
v 2.446870 0.427035 -0.764890
v 2.440252 0.438024 -0.776032
v 2.440476 0.437800 -0.776062
v 2.440364 0.437994 -0.776047
v 2.440446 0.437912 -0.776058
v 2.439034 0.438024 -0.780384
v 2.439234 0.437800 -0.780500
v 2.439134 0.437994 -0.780442
v 2.439207 0.437912 -0.780484
v 2.448406 0.437800 -0.771442
v 2.448183 0.437800 -0.771650
v 2.448182 0.438024 -0.771419
v 2.448376 0.437800 -0.771553
v 2.448376 0.437912 -0.771437
v 2.448347 0.437907 -0.771544
v 2.448183 0.437912 -0.771618
v 2.448294 0.437800 -0.771630
v 2.448290 0.437907 -0.771598
v 2.448294 0.437994 -0.771429
v 2.448182 0.437994 -0.771533
v 2.448289 0.437965 -0.771538
v 2.448406 0.414382 -0.771442
v 2.448182 0.414158 -0.771419
v 2.448183 0.414382 -0.771650
v 2.448373 0.414273 -0.771435
v 2.448373 0.414382 -0.771550
v 2.448348 0.414276 -0.771542
v 2.448180 0.414192 -0.771533
v 2.448292 0.414192 -0.771426
v 2.448288 0.414217 -0.771537
v 2.448292 0.414383 -0.771625
v 2.448180 0.414273 -0.771616
v 2.448288 0.414276 -0.771598
v 2.426403 0.437800 -0.783938
v 2.426518 0.438024 -0.783738
v 2.426418 0.437912 -0.783911
v 2.426460 0.437994 -0.783838
v 2.423164 0.438024 -0.780384
v 2.422964 0.437800 -0.780500
v 2.423064 0.437994 -0.780442
v 2.422991 0.437912 -0.780484
v 2.435680 0.438024 -0.783738
v 2.435796 0.437800 -0.783938
v 2.435738 0.437994 -0.783838
v 2.435781 0.437912 -0.783911
v 2.414001 0.438024 -0.771419
v 2.414001 0.437800 -0.771650
v 2.413777 0.437800 -0.771442
v 2.414004 0.437990 -0.771533
v 2.413891 0.437991 -0.771426
v 2.413896 0.437966 -0.771537
v 2.413891 0.437800 -0.771625
v 2.414004 0.437910 -0.771616
v 2.413895 0.437906 -0.771598
v 2.413810 0.437910 -0.771435
v 2.413810 0.437800 -0.771550
v 2.413836 0.437906 -0.771542
v 2.421723 0.437800 -0.776062
v 2.421947 0.438024 -0.776032
v 2.421753 0.437912 -0.776058
v 2.421835 0.437994 -0.776047
v 2.431099 0.438024 -0.784966
v 2.431099 0.437800 -0.785197
v 2.431099 0.437994 -0.785081
v 2.431099 0.437912 -0.785166
v 2.440252 0.414158 -0.776032
v 2.440476 0.414382 -0.776062
v 2.440364 0.414188 -0.776047
v 2.440446 0.414270 -0.776058
v 2.439234 0.414382 -0.780500
v 2.439034 0.414158 -0.780384
v 2.439207 0.414270 -0.780484
v 2.439134 0.414188 -0.780442
v 2.413777 0.414382 -0.771442
v 2.414001 0.414382 -0.771650
v 2.414001 0.414158 -0.771419
v 2.413807 0.414383 -0.771553
v 2.413807 0.414271 -0.771437
v 2.413836 0.414275 -0.771544
v 2.414001 0.414271 -0.771618
v 2.413889 0.414383 -0.771630
v 2.413894 0.414275 -0.771598
v 2.413889 0.414188 -0.771429
v 2.414001 0.414188 -0.771533
v 2.413894 0.414218 -0.771538
v 2.422534 0.414158 -0.770837
v 2.422062 0.414382 -0.771101
v 2.422261 0.414382 -0.771308
v 2.422384 0.414191 -0.770961
v 2.422410 0.414191 -0.770981
v 2.422330 0.414216 -0.771039
v 2.422169 0.414382 -0.771127
v 2.422212 0.414273 -0.771057
v 2.422250 0.414276 -0.771086
v 2.422311 0.414273 -0.771152
v 2.422240 0.414382 -0.771201
v 2.422282 0.414276 -0.771118
v 2.440136 0.414382 -0.771101
v 2.439664 0.414158 -0.770837
v 2.439938 0.414382 -0.771308
v 2.439986 0.414273 -0.771057
v 2.440030 0.414382 -0.771127
v 2.439948 0.414276 -0.771086
v 2.439788 0.414191 -0.770981
v 2.439814 0.414191 -0.770961
v 2.439869 0.414216 -0.771039
v 2.439959 0.414382 -0.771201
v 2.439888 0.414273 -0.771152
v 2.439916 0.414276 -0.771118
v 2.422534 0.438024 -0.770837
v 2.422261 0.437800 -0.771308
v 2.422062 0.437800 -0.771101
v 2.422410 0.437991 -0.770981
v 2.422384 0.437991 -0.770961
v 2.422330 0.437966 -0.771039
v 2.422240 0.437800 -0.771201
v 2.422311 0.437909 -0.771152
v 2.422282 0.437906 -0.771118
v 2.422212 0.437909 -0.771057
v 2.422169 0.437800 -0.771127
v 2.422250 0.437906 -0.771086
v 2.426518 0.414158 -0.783738
v 2.426403 0.414382 -0.783938
v 2.426460 0.414188 -0.783838
v 2.426418 0.414270 -0.783911
v 2.422964 0.414382 -0.780500
v 2.423164 0.414158 -0.780384
v 2.422991 0.414270 -0.780484
v 2.423064 0.414188 -0.780442
v 2.435796 0.414382 -0.783938
v 2.435680 0.414158 -0.783738
v 2.435781 0.414270 -0.783911
v 2.435738 0.414188 -0.783838
v 2.440136 0.437800 -0.771101
v 2.439938 0.437800 -0.771308
v 2.439664 0.438024 -0.770837
v 2.440030 0.437800 -0.771127
v 2.439986 0.437909 -0.771057
v 2.439948 0.437906 -0.771086
v 2.439888 0.437909 -0.771152
v 2.439959 0.437800 -0.771201
v 2.439916 0.437906 -0.771118
v 2.439814 0.437991 -0.770961
v 2.439788 0.437991 -0.770981
v 2.439869 0.437966 -0.771039
v 2.421723 0.414382 -0.776062
v 2.421947 0.414158 -0.776032
v 2.421753 0.414270 -0.776058
v 2.421835 0.414188 -0.776047
v 2.431099 0.414382 -0.785197
v 2.431099 0.414158 -0.784966
v 2.431099 0.414270 -0.785166
v 2.431099 0.414188 -0.785081
v 2.438512 0.437800 -0.775803
v 2.438736 0.438024 -0.775833
v 2.438542 0.437912 -0.775807
v 2.438624 0.437994 -0.775818
v 2.437519 0.437800 -0.779510
v 2.437720 0.438024 -0.779626
v 2.437546 0.437912 -0.779525
v 2.437619 0.437994 -0.779568
v 2.448406 0.437800 -0.769909
v 2.448182 0.438024 -0.769909
v 2.448182 0.437800 -0.769685
v 2.448376 0.437912 -0.769909
v 2.448376 0.437800 -0.769797
v 2.448347 0.437907 -0.769802
v 2.448182 0.437994 -0.769797
v 2.448294 0.437994 -0.769909
v 2.448289 0.437965 -0.769802
v 2.448294 0.437800 -0.769715
v 2.448182 0.437912 -0.769715
v 2.448289 0.437907 -0.769744
v 2.448406 0.414382 -0.769909
v 2.448182 0.414382 -0.769685
v 2.448182 0.414158 -0.769909
v 2.448376 0.414383 -0.769797
v 2.448376 0.414271 -0.769909
v 2.448347 0.414275 -0.769802
v 2.448182 0.414271 -0.769715
v 2.448294 0.414383 -0.769715
v 2.448289 0.414275 -0.769744
v 2.448294 0.414188 -0.769909
v 2.448182 0.414188 -0.769797
v 2.448289 0.414218 -0.769802
v 2.427277 0.438024 -0.782424
v 2.427393 0.437800 -0.782223
v 2.427335 0.437994 -0.782323
v 2.427377 0.437912 -0.782250
v 2.424680 0.437800 -0.779510
v 2.424479 0.438024 -0.779625
v 2.424653 0.437912 -0.779525
v 2.424579 0.437994 -0.779568
v 2.434805 0.437800 -0.782223
v 2.434922 0.438024 -0.782424
v 2.434821 0.437912 -0.782250
v 2.434864 0.437994 -0.782323
v 2.414001 0.438024 -0.769909
v 2.413777 0.437800 -0.769909
v 2.414001 0.437800 -0.769685
v 2.413889 0.437994 -0.769909
v 2.414001 0.437994 -0.769797
v 2.413894 0.437965 -0.769802
v 2.413807 0.437800 -0.769797
v 2.413807 0.437912 -0.769909
v 2.413836 0.437907 -0.769802
v 2.414001 0.437912 -0.769715
v 2.413889 0.437800 -0.769715
v 2.413894 0.437907 -0.769744
v 2.423463 0.438024 -0.775833
v 2.423687 0.437800 -0.775803
v 2.423575 0.437994 -0.775818
v 2.423656 0.437912 -0.775807
v 2.431099 0.437800 -0.783216
v 2.431099 0.438024 -0.783448
v 2.431099 0.437912 -0.783247
v 2.431099 0.437994 -0.783332
v 2.438512 0.414382 -0.775803
v 2.438736 0.414158 -0.775833
v 2.438542 0.414270 -0.775807
v 2.438624 0.414188 -0.775818
v 2.437720 0.414158 -0.779625
v 2.437519 0.414382 -0.779510
v 2.437619 0.414188 -0.779568
v 2.437546 0.414270 -0.779525
v 2.413777 0.414382 -0.769909
v 2.414001 0.414158 -0.769909
v 2.414001 0.414382 -0.769685
v 2.413807 0.414271 -0.769909
v 2.413807 0.414383 -0.769797
v 2.413836 0.414275 -0.769802
v 2.414001 0.414188 -0.769797
v 2.413889 0.414188 -0.769909
v 2.413894 0.414218 -0.769802
v 2.413889 0.414383 -0.769715
v 2.414001 0.414271 -0.769715
v 2.413894 0.414275 -0.769744
v 2.423687 0.414382 -0.769909
v 2.423463 0.414382 -0.769685
v 2.423463 0.414158 -0.769909
v 2.423657 0.414383 -0.769797
v 2.423657 0.414271 -0.769909
v 2.423628 0.414275 -0.769802
v 2.423463 0.414271 -0.769715
v 2.423574 0.414383 -0.769715
v 2.423570 0.414275 -0.769744
v 2.423574 0.414188 -0.769909
v 2.423463 0.414188 -0.769797
v 2.423570 0.414218 -0.769802
v 2.438736 0.414382 -0.769685
v 2.438512 0.414382 -0.769909
v 2.438736 0.414158 -0.769909
v 2.438624 0.414383 -0.769715
v 2.438736 0.414271 -0.769715
v 2.438629 0.414275 -0.769744
v 2.438542 0.414271 -0.769909
v 2.438542 0.414383 -0.769797
v 2.438571 0.414275 -0.769802
v 2.438736 0.414188 -0.769797
v 2.438624 0.414188 -0.769909
v 2.438629 0.414218 -0.769802
v 2.423463 0.437800 -0.769685
v 2.423687 0.437800 -0.769909
v 2.423463 0.438024 -0.769909
v 2.423574 0.437800 -0.769715
v 2.423463 0.437912 -0.769715
v 2.423570 0.437907 -0.769744
v 2.423657 0.437912 -0.769909
v 2.423657 0.437800 -0.769797
v 2.423628 0.437907 -0.769802
v 2.423463 0.437994 -0.769797
v 2.423574 0.437994 -0.769909
v 2.423570 0.437965 -0.769802
v 2.427393 0.414382 -0.782223
v 2.427277 0.414158 -0.782424
v 2.427377 0.414270 -0.782250
v 2.427335 0.414188 -0.782323
v 2.424479 0.414158 -0.779625
v 2.424680 0.414382 -0.779510
v 2.424579 0.414188 -0.779568
v 2.424653 0.414270 -0.779525
v 2.434922 0.414158 -0.782424
v 2.434805 0.414382 -0.782223
v 2.434864 0.414188 -0.782323
v 2.434821 0.414270 -0.782250
v 2.438736 0.438024 -0.769909
v 2.438512 0.437800 -0.769909
v 2.438736 0.437800 -0.769685
v 2.438626 0.437990 -0.769909
v 2.438736 0.437990 -0.769799
v 2.438629 0.437966 -0.769802
v 2.438545 0.437800 -0.769799
v 2.438545 0.437910 -0.769909
v 2.438570 0.437906 -0.769802
v 2.438736 0.437910 -0.769718
v 2.438626 0.437800 -0.769718
v 2.438629 0.437906 -0.769743
v 2.423463 0.414158 -0.775833
v 2.423687 0.414382 -0.775803
v 2.423575 0.414188 -0.775818
v 2.423656 0.414270 -0.775807
v 2.431099 0.414158 -0.783448
v 2.431099 0.414382 -0.783216
v 2.431099 0.414188 -0.783332
v 2.431099 0.414270 -0.783247
vn 0.0002 -0.0000 1.0000
vn -0.0899 -0.1085 0.9900
vn -0.0536 -0.1295 0.9901
vn -0.0000 -0.0000 1.0000
vn -0.1086 0.0901 0.9900
vn -0.1296 0.0536 0.9901
vn 0.0131 -0.1399 0.9901
vn 0.0536 -0.1295 0.9901
vn 0.1401 0.0131 0.9901
vn 0.1294 0.0536 0.9901
vn 0.0897 0.1082 0.9901
vn 0.0536 0.1296 0.9901
vn -0.0130 0.1398 0.9901
vn -0.0537 0.1296 0.9901
vn -0.1399 0.0130 0.9901
vn 0.1081 0.0897 0.9901
vn -0.0897 0.1081 0.9901
vn 0.1397 -0.0130 0.9901
vn -0.1401 -0.0131 0.9901
vn -0.0130 -0.1398 0.9901
vn 0.0897 -0.1079 0.9901
vn 0.1082 -0.0897 0.9901
vn -0.1082 -0.0898 0.9901
vn 0.0129 0.1398 0.9901
vn -0.1294 -0.0536 0.9901
vn 0.1291 -0.0532 0.9902
vn 0.0540 0.5122 0.8572
vn 0.1949 0.4716 0.8600
vn 0.3240 0.4006 0.8571
vn 0.5119 0.0542 0.8573
vn 0.4002 0.3239 0.8573
vn 0.4714 0.1952 0.8600
vn -0.5118 0.0539 0.8574
vn -0.4713 0.1952 0.8601
vn -0.4005 0.3239 0.8571
vn -0.0542 0.5123 0.8571
vn -0.3240 0.4004 0.8571
vn -0.1953 0.4713 0.8601
vn -0.0540 -0.5118 0.8574
vn -0.1954 -0.4717 0.8598
vn -0.3240 -0.4002 0.8572
vn -0.5119 -0.0541 0.8573
vn -0.4003 -0.3240 0.8572
vn -0.4713 -0.1953 0.8600
vn 0.4003 -0.3239 0.8572
vn 0.5120 -0.0540 0.8573
vn 0.4713 -0.1952 0.8601
vn 0.3239 -0.4001 0.8573
vn 0.1955 -0.4712 0.8601
vn 0.0541 -0.5119 0.8573
vn -0.7762 0.6171 0.1292
vn -0.6173 0.7761 -0.1293
vn -0.7762 0.6171 -0.1293
vn -0.9854 0.1120 0.1286
vn -0.9852 -0.1125 -0.1292
vn -0.9852 -0.1125 0.1291
vn 0.6171 0.7762 0.1291
vn 0.3792 0.9158 -0.1327
vn 0.3791 0.9158 0.1329
vn -0.3791 -0.9158 0.1329
vn -0.6171 -0.7762 -0.1294
vn -0.3791 -0.9158 -0.1330
vn -0.9158 0.3792 0.1327
vn -0.9158 0.3792 -0.1327
vn -0.1121 -0.9853 0.1290
vn 0.1124 -0.9852 -0.1292
vn 0.1125 -0.9853 0.1290
vn 0.9853 -0.1121 0.1289
vn 0.9852 0.1124 -0.1292
vn 0.9852 0.1125 0.1293
vn 0.0897 -0.1081 -0.9901
vn -0.0000 -0.0000 -1.0000
vn 0.3793 -0.9157 -0.1325
vn 0.3795 -0.9157 0.1324
vn -0.9854 0.1120 -0.1285
vn 0.1121 0.9853 -0.1293
vn 0.1121 0.9853 0.1290
vn 0.7762 -0.6171 0.1291
vn 0.9158 -0.3792 -0.1327
vn 0.9158 -0.3792 0.1327
vn 0.7760 0.6174 0.1289
vn 0.6170 0.7762 -0.1294
vn 0.6174 -0.7760 0.1292
vn 0.7763 -0.6170 -0.1290
vn -0.1124 0.9852 0.1292
vn -0.3795 0.9156 -0.1326
vn -0.3795 0.9156 0.1327
vn -0.1126 0.9852 -0.1292
vn -0.7760 -0.6173 0.1293
vn -0.6172 -0.7761 0.1297
vn -0.9157 -0.3795 -0.1325
vn -0.9157 -0.3795 0.1325
vn 0.9853 -0.1121 -0.1288
vn -0.1121 -0.9853 -0.1291
vn -0.7760 -0.6174 -0.1290
vn 0.9157 0.3795 0.1325
vn 0.9157 0.3795 -0.1325
vn -0.6175 0.7759 0.1292
vn 0.2542 0.1318 0.9581
vn 0.7054 -0.0000 0.7088
vn 0.6993 0.1322 0.7025
vn -0.1083 0.0897 -0.9901
vn -0.0902 0.1086 -0.9900
vn 0.1082 -0.0896 -0.9901
vn 0.1295 -0.0533 -0.9901
vn 0.0130 0.1400 -0.9901
vn -0.0130 0.1400 -0.9901
vn -0.0537 0.1295 -0.9901
vn 0.1082 0.0898 -0.9901
vn 0.0897 0.1082 -0.9901
vn 0.0536 0.1296 -0.9901
vn -0.0130 -0.1401 -0.9901
vn 0.0131 -0.1401 -0.9901
vn -0.0900 -0.1085 -0.9900
vn -0.0535 -0.1291 -0.9902
vn 0.1399 -0.0130 -0.9901
vn 0.1397 0.0131 -0.9901
vn 0.0536 -0.1294 -0.9901
vn -0.1396 0.0130 -0.9901
vn -0.1398 -0.0130 -0.9901
vn 0.1294 0.0537 -0.9901
vn -0.1082 -0.0898 -0.9901
vn -0.1295 -0.0536 -0.9901
vn -0.1296 0.0536 -0.9901
vn 0.7760 0.6174 -0.1289
vn 0.9573 0.1381 -0.2540
vn 0.7088 -0.0000 -0.7054
vn 0.9666 -0.0000 -0.2565
vn -0.7020 0.1382 0.6986
vn -0.2613 -0.0000 0.9653
vn -0.7089 -0.0000 0.7053
vn -0.6986 0.1377 -0.7022
vn -0.9653 -0.0000 -0.2611
vn -0.7054 -0.0000 -0.7088
vn 0.7021 0.1378 -0.6986
vn 0.2611 -0.0000 -0.9653
vn 0.2543 0.1323 0.9580
vn 0.6992 0.1319 0.7026
vn -0.2588 0.1378 0.9561
vn 0.2565 -0.0000 0.9665
vn -0.9561 0.1380 -0.2587
vn -0.9666 -0.0000 0.2565
vn 0.2588 0.1376 -0.9561
vn -0.2565 -0.0000 -0.9665
vn 0.0270 0.9944 0.1019
vn 0.1036 0.9892 0.1041
vn 0.0742 0.9945 0.0745
vn 0.9560 0.1381 0.2587
vn 0.9653 -0.0000 0.2612
vn -0.9573 0.1378 0.2540
vn -0.2540 0.1383 -0.9573
vn 0.9581 0.1319 -0.2542
vn 0.7026 0.1319 -0.6992
vn -0.7026 0.1321 0.6992
vn -0.2612 -0.0000 0.9653
vn -0.2589 0.1320 0.9568
vn -0.6992 0.1320 -0.7026
vn -0.9568 0.1319 -0.2590
vn 0.2612 -0.0000 -0.9653
vn 0.2589 0.1318 -0.9569
vn -0.6986 0.1379 -0.7021
vn -0.2564 -0.0000 -0.9666
vn -0.2541 0.1381 -0.9573
vn -0.9665 -0.0000 0.2565
vn -0.9581 0.1319 0.2542
vn -0.2543 0.1320 -0.9581
vn 0.9653 -0.0000 0.2611
vn 0.9568 0.1321 0.2589
vn 0.9665 -0.0000 -0.2565
vn 0.2540 0.1380 0.9573
vn -0.2587 0.1320 0.9569
vn -0.9569 0.1321 -0.2588
vn -0.9581 0.1321 0.2543
vn 0.2588 0.1318 -0.9569
vn -0.2542 0.1320 -0.9581
vn 0.9568 0.1321 0.2590
vn 0.9581 0.1317 -0.2542
vn -0.7026 0.1319 0.6992
vn -0.6993 0.1323 -0.7024
vn 0.7026 0.1317 -0.6993
vn -0.9561 0.1379 -0.2585
vn -0.9573 0.1382 0.2540
vn -0.9653 -0.0000 -0.2612
vn 0.7022 0.1379 -0.6985
vn 0.9574 0.1378 -0.2539
vn 0.6985 0.1380 0.7022
vn 0.2565 -0.0000 0.9666
vn 0.2541 0.1377 0.9573
vn -0.7020 0.1378 0.6987
vn 0.2590 0.1380 -0.9560
vn 0.9561 0.1381 0.2586
vn -0.2586 0.1379 0.9561
vn -0.7088 -0.0000 0.7055
vn 0.8328 -0.5536 -0.0000
vn 0.2613 -0.0000 -0.9653
vn -0.2611 -0.0000 0.9653
vn -0.1036 0.9891 -0.1043
vn 0.0268 0.9945 0.1014
vn -0.0376 0.9892 -0.1417
vn -0.1040 0.9892 0.1036
vn 0.1017 0.9944 -0.0270
vn -0.1421 0.9891 0.0375
vn 0.1419 0.9892 -0.0375
vn -0.1013 0.9945 -0.0276
vn 0.1423 0.9891 0.0384
vn 0.0385 0.9891 -0.1421
vn -0.0275 0.9944 0.1019
vn 0.1019 0.9944 0.0275
vn -0.1416 0.9892 -0.0384
vn -0.0743 0.9944 -0.0747
vn 0.1033 0.9892 0.1039
vn 0.0377 0.9892 0.1419
vn 0.0276 0.9944 -0.1020
vn -0.0384 0.9891 0.1419
vn -0.0752 0.9944 0.0747
vn 0.1042 0.9892 -0.1035
vn 0.0745 0.9944 0.0748
vn -0.0272 0.9944 -0.1021
vn 0.0749 0.9944 -0.0746
vn -0.1022 0.9944 0.0272
vn -0.0628 -0.9980 -0.0000
vn 0.0629 0.9980 -0.0000
vn 0.0632 0.9980 -0.0000
vn -0.8957 -0.4447 -0.0000
vn -0.8958 -0.4445 -0.0000
vn -0.8956 -0.4448 -0.0000
vn -0.8330 0.5533 -0.0000
vn -0.8329 0.5534 -0.0000
vn 0.8958 0.4445 -0.0000
vn 0.8958 0.4444 -0.0000
vn 0.3673 -0.9301 -0.0000
vn -0.6220 -0.7831 -0.0000
vn -0.6219 -0.7831 -0.0000
vn 0.6220 0.7830 -0.0000
vn 0.6219 0.7831 -0.0000
vn 0.6218 0.7832 -0.0000
vn -0.9891 0.1471 -0.0000
vn -0.9891 0.1473 -0.0000
vn -0.3673 0.9301 -0.0000
vn 0.9891 -0.1471 -0.0000
vn 0.9891 -0.1473 -0.0000
vn 0.1451 0.9894 -0.0104
vn -0.0912 0.9944 0.0527
vn -0.1176 0.9929 0.0155
vn 0.0295 0.9992 -0.0288
vn 0.1278 0.9835 0.1280
vn 0.1190 0.9850 -0.1253
vn -0.0298 0.9991 -0.0289
vn -0.1278 0.9835 0.1278
vn 0.1277 0.9836 0.1277
vn -0.0737 0.9891 -0.1278
vn 0.0914 0.9944 0.0527
vn 0.0531 0.9944 0.0915
vn 0.9825 0.1323 -0.1313
vn 0.9835 -0.1284 0.1274
vn 0.9800 -0.1399 -0.1413
vn -0.0000 0.9890 -0.1478
vn -0.0526 0.9945 0.0910
vn 0.0741 0.9891 -0.1276
vn -0.1430 0.9793 0.1430
vn -0.1453 0.9893 -0.0104
vn -0.1271 0.9891 -0.0744
vn 0.0298 -0.9991 -0.0288
vn -0.1175 -0.9929 0.0155
vn 0.1450 -0.9894 -0.0103
vn 0.9884 0.1294 -0.0800
vn 0.8559 -0.1316 -0.5002
vn 0.8558 0.1317 -0.5002
vn -0.9825 -0.1324 -0.1311
vn -0.9835 0.1283 0.1274
vn -0.9800 0.1398 -0.1413
vn 0.4953 0.1381 0.8577
vn -0.0000 -0.1376 0.9905
vn -0.0000 0.1378 0.9905
vn -0.1280 0.1279 0.9835
vn 0.1281 -0.1281 0.9835
vn 0.1279 0.1279 0.9835
vn 0.8578 -0.1379 0.4951
vn 0.8575 0.1383 0.4956
vn -0.1430 0.1430 0.9793
vn -0.1281 -0.1281 0.9835
vn -0.4952 0.1381 0.8577
vn -0.9835 -0.1278 0.1279
vn -0.9826 0.1330 0.1294
vn -0.9826 -0.1331 0.1293
vn 0.9826 -0.1330 0.1293
vn 0.9826 0.1331 0.1293
vn -0.4952 -0.1381 0.8578
vn -0.8577 0.1378 0.4954
vn 0.9834 0.1284 0.1282
vn -0.4956 0.1314 -0.8585
vn -0.0000 -0.1317 -0.9913
vn -0.4954 -0.1317 -0.8586
vn -0.0402 -0.1919 -0.9806
vn -0.0805 0.1495 -0.9855
vn -0.0406 0.1922 -0.9805
vn 0.4956 0.1316 -0.8585
vn -0.0000 0.1317 -0.9913
vn -0.8558 0.1316 -0.5002
vn -0.9884 -0.1292 -0.0800
vn -0.9884 0.1292 -0.0800
vn 0.0401 0.1919 -0.9806
vn 0.0804 -0.1495 -0.9855
vn 0.0403 -0.1920 -0.9806
vn 0.4956 -0.1316 -0.8585
vn -0.8558 -0.1317 -0.5003
vn 0.1282 -0.9834 0.1281
vn -0.1284 -0.9834 0.1284
vn 0.9826 -0.1858 0.0050
vn 0.9884 -0.1293 -0.0801
vn -0.0737 -0.9891 -0.1279
vn 0.0914 -0.9944 0.0527
vn -0.1271 -0.9891 -0.0742
vn -0.0000 -0.9891 -0.1474
vn 0.0526 -0.9944 0.0916
vn -0.8578 -0.1379 0.4952
vn -0.0526 -0.9944 0.0911
vn -0.0000 -0.9944 0.1055
vn 0.1269 0.9891 -0.0742
vn -0.0295 -0.9992 -0.0285
vn -0.1281 -0.9835 0.1280
vn -0.1187 -0.9850 -0.1256
vn -0.1453 -0.9893 -0.0105
vn 0.1175 -0.9930 0.0154
vn -0.0911 -0.9945 0.0525
vn 0.1270 -0.9891 -0.0745
vn -0.9827 0.1851 0.0052
vn 0.0736 -0.9891 -0.1278
vn -0.0000 0.9944 0.1054
vn 0.1176 0.9929 0.0155
vn 0.6986 0.1380 0.7020
vn -0.1023 0.9944 0.0271
vn -0.0746 0.9944 0.0744
vn 0.0275 0.9944 -0.1018
vn -0.0377 0.9892 -0.1420
vn -0.0271 0.9944 -0.1021
vn -0.1017 0.9944 -0.0275
vn -0.1423 0.9891 0.0375
vn 0.1017 0.9944 0.0277
vn 0.1420 0.9891 0.0383
vn -0.1035 0.9892 -0.1043
vn -0.0743 0.9944 -0.0748
vn 0.0747 0.9944 -0.0743
vn 0.0384 0.9891 -0.1419
vn -0.1417 0.9892 -0.0384
vn -0.0275 0.9944 0.1016
vn 0.0376 0.9891 0.1421
vn 0.1019 0.9944 -0.0269
vn 0.1041 0.9892 -0.1036
vn 0.1421 0.9891 -0.0377
vn 0.8713 -0.3945 -0.2918
vn 0.8714 -0.3937 -0.2926
vn 0.8705 -0.3998 -0.2870
vn 0.6849 -0.2869 -0.6698
vn 0.4171 -0.0262 -0.9085
vn 0.4177 -0.0184 -0.9084
vn 0.7153 0.1987 -0.6700
vn 0.7153 0.1987 -0.6699
vn 0.7155 0.1986 -0.6698
vn 0.9140 0.2812 -0.2925
vn 0.9139 0.2822 -0.2918
vn 0.9136 0.2878 -0.2872
vn 0.9660 -0.0609 -0.2514
vn 0.9659 -0.0610 -0.2515
vn 0.8349 -0.0527 -0.5478
vn 0.7002 -0.6511 -0.2930
vn 0.7008 -0.6507 -0.2922
vn 0.7049 -0.6483 -0.2877
vn 0.4303 -0.8670 -0.2513
vn 0.4302 -0.8671 -0.2512
vn 0.4314 -0.8665 -0.2510
vn 0.0944 -0.9517 -0.2922
vn 0.0952 -0.9514 -0.2929
vn 0.0897 -0.9536 -0.2875
vn 0.0943 -0.7366 -0.6698
vn 0.0943 -0.7365 -0.6698
vn 0.0941 -0.7366 -0.6697
vn 0.1859 -0.3747 -0.9083
vn 0.1859 -0.3748 -0.9083
vn 0.1928 -0.3711 -0.9083
vn 0.5297 -0.5202 -0.6700
vn 0.5298 -0.5201 -0.6699
vn 0.5300 -0.5201 -0.6698
vn 0.3707 -0.7498 -0.5481
vn -0.2134 -0.9320 -0.2930
vn -0.2127 -0.9324 -0.2923
vn -0.2083 -0.9348 -0.2878
vn -0.5358 -0.8060 -0.2514
vn -0.5359 -0.8061 -0.2512
vn -0.7773 -0.5573 -0.2920
vn -0.7766 -0.5578 -0.2928
vn -0.7813 -0.5541 -0.2873
vn -0.5909 -0.4496 -0.6699
vn -0.2314 -0.3481 -0.9084
vn -0.2245 -0.3522 -0.9086
vn -0.1854 -0.7189 -0.6700
vn -0.1853 -0.7189 -0.6700
vn -0.1850 -0.7188 -0.6701
vn -0.4631 -0.6967 -0.5478
vn -0.9139 -0.2813 -0.2927
vn -0.9139 -0.2822 -0.2918
vn -0.9140 -0.2872 -0.2867
vn -0.9660 0.0609 -0.2511
vn -0.9661 0.0608 -0.2510
vn -0.8711 0.3948 -0.2920
vn -0.8712 0.3940 -0.2928
vn -0.8703 0.4001 -0.2872
vn -0.6848 0.2869 -0.6699
vn -0.6850 0.2867 -0.6697
vn -0.4168 0.0267 -0.9086
vn -0.4172 0.0184 -0.9086
vn -0.7155 -0.1986 -0.6698
vn -0.7154 -0.1987 -0.6699
vn -0.7152 -0.1987 -0.6701
vn -0.8352 0.0526 -0.5475
vn -0.7005 0.6508 -0.2927
vn -0.7012 0.6504 -0.2920
vn -0.7053 0.6480 -0.2874
vn -0.4299 0.8671 -0.2515
vn -0.4301 0.8671 -0.2513
vn -0.4306 0.8669 -0.2511
vn -0.0936 0.9518 -0.2920
vn -0.0945 0.9515 -0.2928
vn -0.0882 0.9538 -0.2872
vn -0.0944 0.7365 -0.6698
vn -0.0946 0.7365 -0.6698
vn -0.0941 0.7366 -0.6697
vn -0.1860 0.3744 -0.9084
vn -0.1859 0.3744 -0.9084
vn -0.1933 0.3710 -0.9083
vn -0.5300 0.5201 -0.6698
vn -0.5299 0.5201 -0.6699
vn -0.5296 0.5202 -0.6700
vn -0.3714 0.7495 -0.5480
vn 0.2132 0.9321 -0.2928
vn 0.2124 0.9325 -0.2921
vn 0.2076 0.9350 -0.2874
vn 0.5358 0.8060 -0.2514
vn 0.5359 0.8061 -0.2512
vn 0.7773 0.5573 -0.2920
vn 0.7766 0.5578 -0.2928
vn 0.7816 0.5538 -0.2870
vn 0.5910 0.4496 -0.6698
vn 0.5911 0.4495 -0.6697
vn 0.5905 0.4498 -0.6701
vn 0.2312 0.3481 -0.9085
vn 0.2247 0.3524 -0.9085
vn 0.1856 0.7188 -0.6700
vn 0.1856 0.7187 -0.6701
vn 0.4631 0.6967 -0.5478
vn -0.0944 0.9515 0.2928
vn -0.0935 0.9518 0.2920
vn -0.0882 0.9538 0.2872
vn -0.4302 0.8670 0.2513
vn -0.4300 0.8671 0.2514
vn -0.7013 0.6503 0.2920
vn -0.7006 0.6508 0.2928
vn -0.7056 0.6478 0.2873
vn -0.5301 0.5200 0.6698
vn -0.5303 0.5200 0.6696
vn -0.1859 0.3744 0.9084
vn -0.1784 0.3780 0.9085
vn -0.0946 0.7365 0.6697
vn -0.0946 0.7366 0.6697
vn -0.0951 0.7364 0.6698
vn -0.3707 0.7498 0.5481
vn -0.8713 0.3939 0.2928
vn -0.8711 0.3948 0.2920
vn -0.8703 0.4001 0.2872
vn -0.9661 0.0608 0.2511
vn -0.9660 0.0609 0.2512
vn -0.9138 -0.2823 0.2919
vn -0.9139 -0.2814 0.2927
vn -0.9139 -0.2873 0.2868
vn -0.7155 -0.1986 0.6698
vn -0.7155 -0.1987 0.6698
vn -0.7160 -0.1986 0.6693
vn -0.4171 0.0263 0.9085
vn -0.4166 0.0341 0.9085
vn -0.6848 0.2869 0.6699
vn -0.6847 0.2869 0.6700
vn -0.6846 0.2870 0.6700
vn -0.8352 0.0526 0.5475
vn -0.8352 0.0526 0.5474
vn -0.7765 -0.5580 0.2929
vn -0.7771 -0.5574 0.2921
vn -0.7813 -0.5541 0.2873
vn -0.5358 -0.8060 0.2514
vn -0.5358 -0.8060 0.2515
vn -0.2129 -0.9323 0.2923
vn -0.2136 -0.9319 0.2930
vn -0.2084 -0.9347 0.2878
vn -0.1852 -0.7189 0.6700
vn -0.1853 -0.7189 0.6700
vn -0.1853 -0.7189 0.6699
vn -0.2316 -0.3481 0.9084
vn -0.2386 -0.3437 0.9083
vn -0.5909 -0.4496 0.6699
vn -0.5910 -0.4495 0.6698
vn -0.5913 -0.4494 0.6696
vn -0.4637 -0.6965 0.5476
vn 0.0953 -0.9514 0.2929
vn 0.0945 -0.9517 0.2922
vn 0.0897 -0.9536 0.2875
vn 0.4302 -0.8671 0.2513
vn 0.4297 -0.8673 0.2514
vn 0.7009 -0.6507 0.2922
vn 0.7002 -0.6511 0.2930
vn 0.7053 -0.6480 0.2876
vn 0.5297 -0.5202 0.6700
vn 0.5298 -0.5201 0.6699
vn 0.1859 -0.3746 0.9084
vn 0.1859 -0.3747 0.9083
vn 0.1790 -0.3783 0.9082
vn 0.0944 -0.7366 0.6697
vn 0.0945 -0.7366 0.6697
vn 0.0951 -0.7364 0.6698
vn 0.3707 -0.7497 0.5482
vn 0.9139 0.2822 0.2918
vn 0.9139 0.2813 0.2926
vn 0.9136 0.2878 0.2873
vn 0.7152 0.1987 0.6700
vn 0.7153 0.1987 0.6699
vn 0.7149 0.1988 0.6704
vn 0.4171 -0.0263 0.9085
vn 0.4162 -0.0342 0.9086
vn 0.6849 -0.2869 0.6698
vn 0.6850 -0.2868 0.6697
vn 0.6852 -0.2868 0.6695
vn 0.8715 -0.3936 0.2926
vn 0.8713 -0.3945 0.2918
vn 0.8707 -0.3995 0.2868
vn 0.9660 -0.0609 0.2514
vn 0.9660 -0.0609 0.2513
vn 0.8349 -0.0526 0.5479
vn 0.7765 0.5579 0.2928
vn 0.7772 0.5574 0.2920
vn 0.7813 0.5542 0.2872
vn 0.5359 0.8060 0.2514
vn 0.5365 0.8055 0.2515
vn 0.2128 0.9324 0.2921
vn 0.2136 0.9320 0.2928
vn 0.2083 0.9349 0.2874
vn 0.1856 0.7188 0.6699
vn 0.1856 0.7188 0.6700
vn 0.1855 0.7188 0.6700
vn 0.2312 0.3481 0.9085
vn 0.2377 0.3437 0.9085
vn 0.5909 0.4496 0.6698
vn 0.5911 0.4495 0.6698
vn 0.5917 0.4492 0.6694
vn 0.4631 0.6967 0.5478
vn 0.4897 -0.8216 -0.2918
vn 0.4903 -0.8210 -0.2926
vn 0.4860 -0.8255 -0.2870
vn 0.3984 -0.6267 -0.6697
vn 0.3984 -0.6266 -0.6698
vn 0.3271 -0.2598 -0.9085
vn 0.3272 -0.2599 -0.9085
vn 0.3316 -0.2538 -0.9086
vn 0.7008 -0.2457 -0.6697
vn 0.7006 -0.2457 -0.6699
vn 0.7000 -0.2459 -0.6705
vn 0.9108 -0.2913 -0.2925
vn 0.9113 -0.2906 -0.2916
vn 0.9141 -0.2863 -0.2870
vn 0.7576 -0.6023 -0.2514
vn 0.7577 -0.6023 -0.2514
vn 0.7578 -0.6022 -0.2514
vn 0.6552 -0.5204 -0.5476
vn 0.2027 -0.9345 -0.2925
vn 0.2034 -0.9346 -0.2917
vn 0.2084 -0.9350 -0.2868
vn -0.1422 -0.9574 -0.2513
vn -0.1423 -0.9574 -0.2513
vn -0.4670 -0.8348 -0.2917
vn -0.4661 -0.8350 -0.2925
vn -0.4722 -0.8335 -0.2867
vn -0.3437 -0.6581 -0.6699
vn -0.3439 -0.6580 -0.6700
vn -0.3433 -0.6582 -0.6700
vn -0.0615 -0.4133 -0.9085
vn -0.0542 -0.4145 -0.9084
vn 0.1372 -0.7298 -0.6698
vn 0.1369 -0.7300 -0.6696
vn -0.1230 -0.8279 -0.5473
vn -0.7077 -0.6431 -0.2925
vn -0.7072 -0.6440 -0.2917
vn -0.7046 -0.6490 -0.2870
vn -0.9003 -0.3555 -0.2512
vn -0.9002 -0.3556 -0.2513
vn -0.9564 -0.0130 -0.2918
vn -0.9562 -0.0138 -0.2925
vn -0.9579 -0.0079 -0.2871
vn -0.7418 -0.0313 -0.6699
vn -0.7417 -0.0313 -0.6700
vn -0.7420 -0.0313 -0.6697
vn -0.3889 -0.1534 -0.9084
vn -0.3887 -0.1534 -0.9085
vn -0.3861 -0.1608 -0.9083
vn -0.5630 -0.4841 -0.6699
vn -0.5630 -0.4840 -0.6699
vn -0.5629 -0.4841 -0.6699
vn -0.7786 -0.3068 -0.5474
vn -0.9107 0.2914 -0.2927
vn -0.9112 0.2907 -0.2918
vn -0.9140 0.2866 -0.2872
vn -0.7578 0.6021 -0.2513
vn -0.7579 0.6021 -0.2513
vn -0.7581 0.6017 -0.2514
vn -0.4896 0.8217 -0.2919
vn -0.4902 0.8210 -0.2927
vn -0.4859 0.8256 -0.2870
vn -0.3982 0.6267 -0.6698
vn -0.3983 0.6267 -0.6698
vn -0.3271 0.2601 -0.9085
vn -0.3272 0.2600 -0.9085
vn -0.3316 0.2539 -0.9086
vn -0.7006 0.2458 -0.6699
vn -0.7006 0.2457 -0.6699
vn -0.6552 0.5204 -0.5476
vn -0.2026 0.9345 -0.2925
vn -0.2035 0.9346 -0.2917
vn -0.2084 0.9350 -0.2868
vn 0.1422 0.9574 -0.2513
vn 0.1423 0.9574 -0.2512
vn 0.4670 0.8348 -0.2917
vn 0.4661 0.8350 -0.2925
vn 0.4722 0.8335 -0.2868
vn 0.3438 0.6581 -0.6699
vn 0.3440 0.6580 -0.6698
vn 0.3434 0.6581 -0.6700
vn 0.0615 0.4133 -0.9085
vn 0.0538 0.4144 -0.9085
vn -0.1373 0.7297 -0.6698
vn -0.1373 0.7298 -0.6698
vn -0.1369 0.7299 -0.6697
vn 0.1230 0.8278 -0.5473
vn 0.1230 0.8279 -0.5473
vn 0.7077 0.6431 -0.2927
vn 0.7073 0.6439 -0.2919
vn 0.7049 0.6486 -0.2872
vn 0.9004 0.3554 -0.2511
vn 0.9003 0.3554 -0.2512
vn 0.9564 0.0130 -0.2917
vn 0.9562 0.0138 -0.2925
vn 0.9579 0.0079 -0.2870
vn 0.7418 0.0313 -0.6699
vn 0.7417 0.0313 -0.6700
vn 0.7421 0.0313 -0.6695
vn 0.3885 0.1535 -0.9086
vn 0.3859 0.1608 -0.9084
vn 0.5629 0.4840 -0.6700
vn 0.5628 0.4841 -0.6700
vn 0.5629 0.4841 -0.6699
vn 0.7786 0.3071 -0.5473
vn 0.4659 0.8351 0.2926
vn 0.4669 0.8348 0.2918
vn 0.4728 0.8332 0.2866
vn 0.1422 0.9574 0.2513
vn 0.1423 0.9574 0.2513
vn -0.2035 0.9346 0.2917
vn -0.2028 0.9345 0.2925
vn -0.2084 0.9351 0.2868
vn -0.1373 0.7298 0.6698
vn -0.1372 0.7298 0.6698
vn -0.1375 0.7297 0.6698
vn 0.0615 0.4132 0.9086
vn 0.0615 0.4132 0.9085
vn 0.0692 0.4121 0.9085
vn 0.3438 0.6581 0.6699
vn 0.3439 0.6580 0.6699
vn 0.3444 0.6579 0.6697
vn 0.1230 0.8279 0.5473
vn -0.4902 0.8210 0.2927
vn -0.4896 0.8216 0.2920
vn -0.4859 0.8256 0.2870
vn -0.7578 0.6021 0.2514
vn -0.7579 0.6021 0.2513
vn -0.7581 0.6018 0.2512
vn -0.9112 0.2908 0.2919
vn -0.9107 0.2915 0.2927
vn -0.9140 0.2865 0.2872
vn -0.7006 0.2458 0.6699
vn -0.7005 0.2458 0.6700
vn -0.7009 0.2457 0.6696
vn -0.3273 0.2600 0.9085
vn -0.3274 0.2601 0.9084
vn -0.3229 0.2660 0.9083
vn -0.3984 0.6266 0.6699
vn -0.3984 0.6267 0.6698
vn -0.3984 0.6267 0.6697
vn -0.6552 0.5204 0.5476
vn -0.9561 -0.0138 0.2926
vn -0.9564 -0.0129 0.2918
vn -0.9579 -0.0079 0.2871
vn -0.9003 -0.3555 0.2512
vn -0.9003 -0.3555 0.2511
vn -0.7073 -0.6439 0.2917
vn -0.7077 -0.6431 0.2925
vn -0.7050 -0.6486 0.2868
vn -0.5630 -0.4840 0.6699
vn -0.5631 -0.4840 0.6699
vn -0.5628 -0.4840 0.6701
vn -0.3888 -0.1534 0.9085
vn -0.3889 -0.1534 0.9084
vn -0.3914 -0.1461 0.9086
vn -0.7418 -0.0313 0.6699
vn -0.7417 -0.0313 0.6700
vn -0.7785 -0.3071 0.5473
vn -0.4665 -0.8348 0.2923
vn -0.4674 -0.8346 0.2915
vn -0.4728 -0.8332 0.2867
vn -0.1426 -0.9574 0.2510
vn -0.1427 -0.9574 0.2510
vn -0.1431 -0.9574 0.2509
vn 0.2040 -0.9345 0.2918
vn 0.2032 -0.9344 0.2926
vn 0.2091 -0.9349 0.2868
vn 0.1374 -0.7296 0.6699
vn 0.1375 -0.7296 0.6699
vn 0.1369 -0.7296 0.6700
vn -0.0616 -0.4131 0.9086
vn -0.0615 -0.4131 0.9086
vn -0.0696 -0.4119 0.9086
vn -0.3438 -0.6579 0.6701
vn -0.3437 -0.6579 0.6701
vn -0.3433 -0.6580 0.6702
vn -0.1229 -0.8275 0.5478
vn 0.9113 -0.2906 0.2918
vn 0.9108 -0.2914 0.2926
vn 0.9142 -0.2863 0.2870
vn 0.7008 -0.2457 0.6697
vn 0.7010 -0.2458 0.6695
vn 0.3272 -0.2598 0.9085
vn 0.3272 -0.2599 0.9085
vn 0.3225 -0.2661 0.9084
vn 0.3983 -0.6267 0.6698
vn 0.3981 -0.6268 0.6698
vn 0.3974 -0.6271 0.6699
vn 0.4903 -0.8210 0.2927
vn 0.4897 -0.8216 0.2919
vn 0.4858 -0.8256 0.2870
vn 0.7577 -0.6023 0.2514
vn 0.7578 -0.6021 0.2514
vn 0.6552 -0.5204 0.5476
vn 0.9561 0.0138 0.2926
vn 0.9564 0.0130 0.2918
vn 0.9579 0.0079 0.2870
vn 0.9004 0.3555 0.2510
vn 0.9004 0.3553 0.2510
vn 0.7075 0.6437 0.2918
vn 0.7078 0.6430 0.2926
vn 0.7052 0.6483 0.2871
vn 0.5628 0.4841 0.6700
vn 0.5627 0.4841 0.6701
vn 0.5629 0.4840 0.6700
vn 0.3885 0.1535 0.9086
vn 0.3915 0.1461 0.9085
vn 0.7418 0.0313 0.6699
vn 0.7415 0.0313 0.6702
vn 0.7786 0.3071 0.5473
vn 0.7596 0.4636 -0.4562
vn 0.8598 0.4953 -0.1240
vn 0.8526 0.1316 -0.5057
vn 0.4024 0.4710 -0.7850
vn 0.0596 0.5090 -0.8587
vn 0.4430 0.1331 -0.8866
vn 0.0576 0.1379 -0.9888
vn 0.4206 0.7879 -0.4497
vn 0.4843 0.8664 -0.1217
vn 0.0866 0.8708 -0.4840
vn 0.7668 -0.4589 -0.4487
vn 0.8448 -0.1137 -0.5229
vn 0.8531 -0.5110 -0.1054
vn 0.4081 -0.8032 -0.4340
vn 0.0792 -0.8672 -0.4916
vn 0.4927 -0.8627 -0.1144
vn 0.1345 -0.9807 -0.1417
vn 0.0545 -0.5125 -0.8570
vn 0.4569 -0.1225 -0.8811
vn 0.3912 -0.4548 -0.8001
vn -0.0795 0.8673 -0.4915
vn -0.4928 0.8626 -0.1141
vn -0.1349 0.9807 -0.1416
vn -0.0547 0.5125 -0.8570
vn -0.4085 0.8030 -0.4340
vn -0.4569 0.1226 -0.8810
vn -0.8448 0.1138 -0.5228
vn -0.3916 0.4543 -0.8001
vn -0.7673 0.4580 -0.4489
vn -0.8529 0.5112 -0.1056
vn -0.7595 -0.4636 -0.4563
vn -0.8598 -0.4954 -0.1241
vn -0.8526 -0.1316 -0.5057
vn -0.4020 -0.4711 -0.7851
vn -0.0599 -0.5091 -0.8586
vn -0.4430 -0.1331 -0.8866
vn -0.0579 -0.1380 -0.9887
vn -0.4205 -0.7880 -0.4498
vn -0.4839 -0.8667 -0.1214
vn -0.0866 -0.8707 -0.4841
vn -0.0815 -0.9643 -0.2520
vn -0.2388 -0.9673 -0.0858
vn -0.1726 -0.6991 -0.6939
vn -0.2405 -0.9343 -0.2631
vn -0.4570 -0.3470 -0.8190
vn -0.8374 -0.3499 -0.4199
vn -0.4334 -0.7306 -0.5277
vn -0.6956 -0.7013 -0.1560
vn -0.9827 -0.1851 0.0051
vn -0.5184 -0.7347 -0.4376
vn 0.1726 -0.6993 -0.6937
vn 0.4569 -0.3472 -0.8190
vn 0.2409 -0.9342 -0.2632
vn 0.4333 -0.7306 -0.5277
vn 0.2391 -0.9672 -0.0857
vn 0.0815 -0.9643 -0.2519
vn 0.6954 -0.7014 -0.1562
vn 0.8373 -0.3501 -0.4200
vn 0.5184 -0.7346 -0.4378
vn -0.2380 0.9674 -0.0865
vn -0.0799 0.9642 -0.2527
vn -0.6954 0.7015 -0.1560
vn -0.2419 0.9338 -0.2636
vn -0.8375 0.3499 -0.4198
vn -0.4330 0.7304 -0.5282
vn -0.5189 0.7346 -0.4371
vn -0.1722 0.6990 -0.6940
vn -0.4568 0.3471 -0.8191
vn 0.4567 0.3472 -0.8191
vn 0.1721 0.6990 -0.6941
vn 0.8374 0.3499 -0.4199
vn 0.4333 0.7306 -0.5277
vn 0.6951 0.7017 -0.1562
vn 0.9827 0.1853 0.0051
vn 0.2416 0.9340 -0.2632
vn 0.5191 0.7345 -0.4372
vn 0.0789 0.9645 -0.2521
vn 0.2368 0.9678 -0.0858
vn 0.8622 0.4918 0.1215
vn 0.8623 0.1217 0.4916
vn 0.9835 0.1282 0.1280
vn 0.4917 0.8622 0.1216
vn 0.7727 0.4489 0.4487
vn 0.1214 0.8623 0.4916
vn 0.1220 0.4917 0.8622
vn 0.4488 0.7727 0.4489
vn 0.4915 0.1216 0.8623
vn 0.1282 0.1281 0.9834
vn 0.4487 0.4486 0.7729
vn 0.8623 -0.1216 0.4915
vn 0.8625 -0.4915 0.1203
vn 0.4486 -0.4491 0.7727
vn 0.7727 -0.4490 0.4488
vn 0.1217 -0.4915 0.8623
vn 0.4919 -0.1212 0.8622
vn 0.4486 -0.7728 0.4490
vn 0.4920 -0.8621 0.1210
vn 0.1218 -0.8622 0.4917
vn -0.4919 0.8622 0.1210
vn -0.1215 0.8623 0.4916
vn -0.8625 0.4915 0.1203
vn -0.4489 0.7726 0.4490
vn -0.8623 0.1216 0.4915
vn -0.4916 0.1216 0.8623
vn -0.7729 0.4488 0.4486
vn -0.1215 0.4914 0.8624
vn -0.4494 0.4486 0.7725
vn -0.8623 -0.4916 0.1216
vn -0.8623 -0.1216 0.4916
vn -0.9835 -0.1280 0.1279
vn -0.4487 -0.7727 0.4489
vn -0.7726 -0.4491 0.4487
vn -0.1218 -0.8622 0.4917
vn -0.4917 -0.8622 0.1217
vn -0.1217 -0.4915 0.8623
vn -0.4915 -0.1216 0.8623
vn -0.1280 -0.1282 0.9835
vn -0.4486 -0.4491 0.7727
vn 0.8623 -0.1216 0.4916
vn 0.8622 -0.4918 0.1216
vn 0.9835 -0.1280 0.1280
vn 0.4916 -0.1216 0.8623
vn 0.7726 -0.4491 0.4488
vn 0.1217 -0.4916 0.8623
vn 0.4488 -0.7728 0.4488
vn 0.4487 -0.4491 0.7727
vn 0.4917 -0.8622 0.1217
vn -0.4917 -0.1213 0.8623
vn -0.8624 -0.1213 0.4915
vn -0.4487 -0.4490 0.7727
vn -0.8624 -0.4914 0.1215
vn -0.4915 -0.8623 0.1217
vn -0.7727 -0.4489 0.4488
vn -0.1216 -0.8622 0.4918
vn -0.4485 -0.7729 0.4489
vn 0.1216 0.4915 0.8623
vn 0.7729 0.4488 0.4486
vn 0.4491 0.4488 0.7726
vn 0.8623 0.4915 0.1216
vn 0.8623 0.1216 0.4915
vn 0.4490 0.7727 0.4488
vn 0.1214 0.8624 0.4915
vn 0.4914 0.8624 0.1216
vn -0.4993 0.8590 0.1135
vn -0.1137 0.8591 0.4990
vn -0.8591 0.4991 0.1134
vn -0.4353 0.7882 0.4351
vn -0.8591 0.1133 0.4991
vn -0.9794 0.1429 0.1429
vn -0.4991 0.1132 0.8591
vn -0.7884 0.4347 0.4353
vn -0.1135 0.4991 0.8591
vn -0.4351 0.4351 0.7883
vn 0.3316 0.8011 0.4983
vn 0.0986 0.8652 0.4916
vn 0.5422 0.6816 0.4914
vn 0.8011 0.3320 0.4980
vn 0.8651 0.0988 0.4917
vn 0.6812 0.5426 0.4916
vn -0.8010 0.3317 0.4984
vn -0.8653 0.0983 0.4916
vn -0.6815 0.5421 0.4917
vn -0.0986 0.8652 0.4917
vn -0.3319 0.8009 0.4983
vn -0.5423 0.6813 0.4917
vn -0.3316 -0.8010 0.4985
vn -0.0986 -0.8652 0.4916
vn -0.5420 -0.6813 0.4921
vn -0.8652 -0.0985 0.4917
vn -0.8011 -0.3321 0.4979
vn -0.6817 -0.5424 0.4910
vn 0.8010 -0.3317 0.4983
vn 0.6815 -0.5421 0.4916
vn 0.8652 -0.0983 0.4916
vn 0.3318 -0.8011 0.4981
vn 0.5423 -0.6813 0.4916
vn 0.0987 -0.8652 0.4916
vn 0.0540 0.5122 -0.8572
vn 0.1952 0.4716 -0.8600
vn 0.0985 0.8652 -0.4917
vn 0.3316 0.8011 -0.4983
vn 0.3240 0.4006 -0.8571
vn 0.5421 0.6816 -0.4915
vn 0.5121 0.0542 -0.8572
vn 0.4714 0.1953 -0.8600
vn 0.8651 0.0988 -0.4918
vn 0.8011 0.3320 -0.4981
vn 0.4002 0.3239 -0.8573
vn 0.6813 0.5424 -0.4915
vn -0.5121 0.0540 -0.8573
vn -0.4713 0.1952 -0.8601
vn -0.8653 0.0982 -0.4915
vn -0.8010 0.3317 -0.4984
vn -0.4004 0.3239 -0.8572
vn -0.6815 0.5421 -0.4916
vn -0.0542 0.5122 -0.8571
vn -0.1953 0.4713 -0.8601
vn -0.0986 0.8651 -0.4918
vn -0.3320 0.8010 -0.4982
vn -0.3240 0.4004 -0.8571
vn -0.5424 0.6813 -0.4916
vn -0.0539 -0.5119 -0.8574
vn -0.1953 -0.4715 -0.8600
vn -0.0984 -0.8653 -0.4915
vn -0.3317 -0.8009 -0.4986
vn -0.3238 -0.4003 -0.8573
vn -0.5421 -0.6814 -0.4918
vn -0.5121 -0.0541 -0.8572
vn -0.4714 -0.1953 -0.8600
vn -0.8652 -0.0986 -0.4916
vn -0.8010 -0.3319 -0.4982
vn -0.4002 -0.3239 -0.8573
vn -0.6814 -0.5424 -0.4913
vn 0.4004 -0.3239 -0.8572
vn 0.4713 -0.1951 -0.8601
vn 0.6815 -0.5421 -0.4916
vn 0.8011 -0.3317 -0.4983
vn 0.5121 -0.0540 -0.8572
vn 0.8651 -0.0986 -0.4919
vn 0.3239 -0.4000 -0.8574
vn 0.1953 -0.4713 -0.8601
vn 0.5423 -0.6813 -0.4916
vn 0.3319 -0.8011 -0.4981
vn 0.6174 -0.7760 -0.1291
vn 0.0538 -0.5117 -0.8575
vn 0.0986 -0.8653 -0.4915
vn 0.3663 0.8545 0.3683
vn 0.1332 0.8544 0.5022
vn 0.6137 0.4932 0.6166
vn 0.2231 0.4930 0.8409
vn 0.5022 0.8541 0.1356
vn 0.8399 0.4930 0.2271
vn 0.5020 0.8545 -0.1333
vn 0.8409 0.4930 -0.2231
vn 0.3684 0.8543 -0.3666
vn 0.6164 0.4932 -0.6139
vn 0.1360 0.8543 -0.5017
vn 0.2271 0.4929 -0.8399
vn -0.1333 0.8544 -0.5023
vn -0.2230 0.4929 -0.8411
vn -0.3666 0.8544 -0.3684
vn -0.6137 0.4931 -0.6167
vn -0.5015 0.8545 -0.1355
vn -0.8398 0.4931 -0.2271
vn -0.5025 0.8542 0.1333
vn -0.8409 0.4929 0.2232
vn -0.3685 0.8543 0.3666
vn -0.6167 0.4930 0.6136
vn -0.1359 0.8544 0.5015
vn -0.2270 0.4932 0.8398
vn 0.5976 0.5313 0.6005
vn 0.2173 0.5315 0.8187
vn 0.3211 0.8904 0.3227
vn 0.1166 0.8905 0.4398
vn 0.8178 0.5313 0.2212
vn 0.4394 0.8904 0.1189
vn 0.8188 0.5313 -0.2174
vn 0.4400 0.8903 -0.1168
vn 0.6004 0.5314 -0.5976
vn 0.3228 0.8903 -0.3211
vn 0.2212 0.5313 -0.8178
vn 0.1188 0.8904 -0.4393
vn -0.2173 0.5314 -0.8188
vn -0.1168 0.8904 -0.4400
vn -0.5976 0.5314 -0.6004
vn -0.3210 0.8904 -0.3227
vn -0.8178 0.5312 -0.2212
vn -0.4397 0.8902 -0.1188
vn -0.8188 0.5313 0.2173
vn -0.4397 0.8905 0.1170
vn -0.6005 0.5313 0.5976
vn -0.3228 0.8903 0.3212
vn -0.2215 0.5313 0.8177
vn -0.1188 0.8906 0.4390
vn 0.3661 0.8545 0.3685
vn 0.1331 0.8543 0.5024
vn 0.6138 0.4928 0.6167
vn 0.5015 0.8545 0.1357
vn 0.8398 0.4931 0.2272
vn 0.5022 0.8544 -0.1331
vn 0.3683 0.8544 -0.3666
vn 0.6167 0.4930 -0.6137
vn 0.1357 0.8544 -0.5016
vn 0.2272 0.4931 -0.8398
vn -0.2231 0.4928 -0.8410
vn -0.3666 0.8544 -0.3683
vn -0.5014 0.8545 -0.1359
vn -0.8398 0.4931 -0.2272
vn -0.5024 0.8543 0.1334
vn -0.8409 0.4931 0.2231
vn -0.3683 0.8544 0.3666
vn -0.6167 0.4931 0.6137
vn -0.1358 0.8544 0.5015
vn -0.2272 0.4931 0.8398
vn 0.2230 0.4933 0.8408
vn -0.5976 0.5312 -0.6006
vn -0.2174 0.5312 -0.8188
vn -0.3212 0.8904 -0.3226
vn -0.8178 0.5313 -0.2213
vn -0.4389 0.8907 -0.1188
vn -0.8187 0.5316 0.2172
vn -0.4403 0.8902 0.1169
vn -0.6010 0.5309 0.5974
vn -0.3226 0.8904 0.3210
vn -0.2213 0.5313 0.8178
vn -0.1188 0.8904 0.4393
vn 0.2170 0.5317 0.8187
vn 0.1168 0.8904 0.4400
vn 0.5976 0.5311 0.6007
vn 0.3213 0.8903 0.3226
vn 0.8178 0.5312 0.2212
vn 0.4395 0.8903 0.1189
vn 0.8189 0.5313 -0.2171
vn 0.4402 0.8903 -0.1168
vn 0.6004 0.5316 -0.5974
vn 0.3226 0.8904 -0.3211
vn 0.2212 0.5314 -0.8178
vn 0.1188 0.8904 -0.4395
vn -0.1167 0.8904 -0.4401
vn 0.2256 -0.1499 -0.9626
vn 0.2257 -0.1501 -0.9626
vn 0.5889 -0.3914 -0.7071
vn 0.7939 -0.5276 -0.3022
vn 0.7940 -0.5277 -0.3019
vn -0.0171 -0.2704 -0.9626
vn -0.0170 -0.2704 -0.9626
vn -0.0171 -0.2703 -0.9626
vn -0.0445 -0.7058 -0.7070
vn -0.0445 -0.7059 -0.7069
vn -0.0599 -0.9513 -0.3024
vn -0.0600 -0.9512 -0.3027
vn -0.2427 -0.1204 -0.9626
vn -0.2426 -0.1204 -0.9626
vn -0.6334 -0.3144 -0.7071
vn -0.6334 -0.3143 -0.7071
vn -0.8539 -0.4239 -0.3020
vn -0.8540 -0.4239 -0.3017
vn -0.2256 0.1498 -0.9626
vn -0.2257 0.1501 -0.9626
vn -0.2256 0.1499 -0.9626
vn -0.5889 0.3914 -0.7071
vn -0.5890 0.3914 -0.7070
vn -0.7940 0.5276 -0.3020
vn -0.7940 0.5275 -0.3020
vn 0.0170 0.2704 -0.9626
vn 0.0171 0.2708 -0.9625
vn 0.0170 0.2703 -0.9626
vn 0.0447 0.7059 -0.7069
vn 0.0445 0.7058 -0.7070
vn 0.0447 0.7060 -0.7068
vn 0.0600 0.9514 -0.3021
vn 0.0600 0.9514 -0.3020
vn 0.2427 0.1204 -0.9626
vn 0.2424 0.1204 -0.9627
vn 0.2426 0.1204 -0.9626
vn 0.6334 0.3143 -0.7071
vn 0.8540 0.4238 -0.3017
vn 0.8540 0.4238 -0.3019
vn 0.8540 0.4238 0.3019
vn 0.8540 0.4238 0.3017
vn 0.6334 0.3143 0.7071
vn 0.6335 0.3143 0.7070
vn 0.2426 0.1204 0.9626
vn 0.2428 0.1203 0.9626
vn 0.0599 0.9513 0.3022
vn 0.0600 0.9514 0.3020
vn 0.0599 0.9514 0.3022
vn 0.0446 0.7057 0.7071
vn 0.0445 0.7058 0.7070
vn 0.0446 0.7058 0.7071
vn 0.0170 0.2705 0.9626
vn 0.0170 0.2703 0.9626
vn -0.7941 0.5275 0.3019
vn -0.7940 0.5276 0.3020
vn -0.5889 0.3914 0.7071
vn -0.5889 0.3914 0.7072
vn -0.2257 0.1499 0.9626
vn -0.2257 0.1497 0.9626
vn -0.8540 -0.4239 0.3017
vn -0.8539 -0.4238 0.3020
vn -0.6333 -0.3143 0.7072
vn -0.6334 -0.3143 0.7071
vn -0.2424 -0.1204 0.9627
vn -0.2427 -0.1204 0.9626
vn -0.2427 -0.1205 0.9626
vn -0.0599 -0.9512 0.3027
vn -0.0600 -0.9513 0.3025
vn -0.0599 -0.9512 0.3026
vn -0.0443 -0.7061 0.7067
vn -0.0445 -0.7058 0.7070
vn -0.0445 -0.7059 0.7069
vn -0.0170 -0.2708 0.9625
vn -0.0170 -0.2703 0.9626
vn 0.7940 -0.5277 0.3019
vn 0.7939 -0.5276 0.3022
vn 0.7939 -0.5276 0.3023
vn 0.5889 -0.3914 0.7071
vn 0.2258 -0.1501 0.9626
vn 0.2257 -0.1499 0.9626
vn 0.2257 -0.1500 0.9626
vn 0.2163 0.9763 -0.0000
vn 0.2178 0.9760 -0.0000
vn 0.5532 0.8330 -0.0000
vn 0.5537 0.8327 -0.0000
vn 0.5538 0.8327 -0.0000
vn 0.8158 0.5783 -0.0000
vn 0.8161 0.5779 -0.0000
vn 0.9090 -0.4168 -0.0000
vn 0.9086 -0.4176 -0.0000
vn 0.9086 -0.4177 -0.0000
vn 0.9980 -0.0629 -0.0000
vn 0.9538 0.3004 -0.0000
vn 0.9539 0.3000 -0.0000
vn 0.9540 0.2999 -0.0000
vn -0.9540 -0.2997 -0.0000
vn -0.9540 -0.2999 -0.0000
vn -0.9980 0.0629 -0.0000
vn -0.9088 0.4173 -0.0000
vn -0.9084 0.4180 -0.0000
vn -0.9087 0.4174 -0.0000
vn -0.0933 0.9956 -0.0000
vn -0.0939 0.9956 -0.0000
vn -0.4440 0.8960 -0.0000
vn -0.4451 0.8955 -0.0000
vn -0.7356 0.6774 -0.0000
vn -0.7374 0.6755 -0.0000
vn 0.7367 -0.6762 -0.0000
vn 0.7364 -0.6766 -0.0000
vn 0.4445 -0.8958 -0.0000
vn 0.4440 -0.8960 -0.0000
vn 0.0933 -0.9956 -0.0000
vn 0.0940 -0.9956 -0.0000
vn -0.8158 -0.5783 -0.0000
vn -0.8155 -0.5787 -0.0000
vn -0.5531 -0.8331 -0.0000
vn -0.5538 -0.8327 -0.0000
vn -0.5538 -0.8326 -0.0000
vn -0.2171 -0.9761 -0.0000
vn -0.2179 -0.9760 -0.0000
vn 0.0994 -0.2518 -0.9627
vn 0.0995 -0.2520 -0.9626
vn 0.2597 -0.6577 -0.7071
vn 0.2596 -0.6575 -0.7073
vn 0.3501 -0.8868 -0.3018
vn 0.3501 -0.8868 -0.3016
vn -0.1685 -0.2122 -0.9626
vn -0.1684 -0.2120 -0.9627
vn -0.1684 -0.2120 -0.9626
vn -0.4398 -0.5537 -0.7071
vn -0.4398 -0.5538 -0.7070
vn -0.5929 -0.7467 -0.3014
vn -0.5930 -0.7466 -0.3016
vn -0.2679 0.0398 -0.9626
vn -0.2678 0.0398 -0.9627
vn -0.2677 0.0398 -0.9627
vn -0.6994 0.1040 -0.7071
vn -0.6996 0.1041 -0.7069
vn -0.9430 0.1402 -0.3019
vn -0.0994 0.2517 -0.9627
vn -0.0995 0.2519 -0.9626
vn -0.0994 0.2518 -0.9627
vn -0.2594 0.6578 -0.7071
vn -0.2597 0.6577 -0.7071
vn -0.3500 0.8868 -0.3018
vn -0.3501 0.8868 -0.3016
vn 0.1685 0.2121 -0.9626
vn 0.1684 0.2122 -0.9626
vn 0.4397 0.5537 -0.7071
vn 0.4399 0.5537 -0.7070
vn 0.5929 0.7465 -0.3019
vn 0.5930 0.7466 -0.3016
vn 0.2679 -0.0398 -0.9626
vn 0.2677 -0.0398 -0.9627
vn 0.6995 -0.1041 -0.7070
vn 0.6994 -0.1040 -0.7071
vn 0.6996 -0.1041 -0.7069
vn 0.9430 -0.1402 -0.3018
vn 0.9430 -0.1402 0.3019
vn 0.9430 -0.1402 0.3018
vn 0.6993 -0.1041 0.7072
vn 0.6994 -0.1040 0.7071
vn 0.6995 -0.1041 0.7070
vn 0.2678 -0.0398 0.9626
vn 0.2679 -0.0398 0.9626
vn 0.5931 0.7466 0.3015
vn 0.5929 0.7465 0.3019
vn 0.5929 0.7465 0.3020
vn 0.4397 0.5537 0.7071
vn 0.4398 0.5537 0.7071
vn 0.1685 0.2121 0.9626
vn 0.1684 0.2121 0.9626
vn -0.3501 0.8868 0.3016
vn -0.3500 0.8868 0.3018
vn -0.2595 0.6578 0.7071
vn -0.2596 0.6577 0.7071
vn -0.0995 0.2521 0.9626
vn -0.0993 0.2517 0.9627
vn -0.9430 0.1402 0.3019
vn -0.9430 0.1402 0.3018
vn -0.6993 0.1040 0.7072
vn -0.6994 0.1040 0.7071
vn -0.6995 0.1040 0.7070
vn -0.2678 0.0398 0.9626
vn -0.2679 0.0398 0.9626
vn -0.5931 -0.7465 0.3015
vn -0.5930 -0.7466 0.3016
vn -0.4398 -0.5537 0.7071
vn -0.4398 -0.5538 0.7070
vn -0.1684 -0.2120 0.9626
vn 0.3501 -0.8868 0.3016
vn 0.3501 -0.8867 0.3019
vn 0.2595 -0.6578 0.7070
vn 0.2597 -0.6577 0.7071
vn 0.0994 -0.2514 0.9628
vn 0.0994 -0.2518 0.9627
vn 0.0994 -0.2519 0.9626
vn 0.7351 0.6779 -0.0000
vn 0.7362 0.6767 -0.0000
vn 0.9302 0.3671 -0.0000
vn 0.9301 0.3672 -0.0000
vn 1.0000 0.0083 -0.0000
vn 0.5076 -0.8616 -0.0000
vn 0.5062 -0.8624 -0.0000
vn 0.7829 -0.6222 -0.0000
vn 0.7832 -0.6218 -0.0000
vn 0.9544 -0.2984 -0.0000
vn 0.9542 -0.2991 -0.0000
vn 0.9542 -0.2990 -0.0000
vn -0.9541 0.2995 -0.0000
vn -0.9543 0.2989 -0.0000
vn -0.7829 0.6222 -0.0000
vn -0.7832 0.6218 -0.0000
vn -0.5070 0.8619 -0.0000
vn -0.5076 0.8616 -0.0000
vn 0.4929 0.8701 -0.0000
vn 0.4934 0.8698 -0.0000
vn 0.1466 0.9892 -0.0000
vn 0.1469 0.9892 -0.0000
vn 0.1470 0.9891 -0.0000
vn -0.2186 0.9758 -0.0000
vn 0.2186 -0.9758 -0.0000
vn -0.1476 -0.9890 -0.0000
vn -0.1470 -0.9891 -0.0000
vn -0.4934 -0.8698 -0.0000
vn -0.4923 -0.8704 -0.0000
vn -1.0000 -0.0084 -0.0000
vn -1.0000 -0.0082 -0.0000
vn -0.9301 -0.3674 -0.0000
vn -0.9302 -0.3671 -0.0000
vn -0.7359 -0.6771 -0.0000
vn -0.4354 0.4920 -0.7539
vn 0.0002 0.4920 -0.8706
vn -0.2603 0.8536 -0.4512
vn 0.0002 0.8537 -0.5207
vn 0.4353 0.4919 -0.7540
vn 0.2607 0.8536 -0.4510
vn -0.7514 0.4923 -0.4394
vn -0.8696 0.4888 -0.0700
vn -0.4488 0.8541 -0.2629
vn -0.5198 0.8534 -0.0398
vn 0.7516 0.4921 -0.4393
vn 0.4495 0.8537 -0.2629
vn 0.8693 0.4894 -0.0701
vn 0.5192 0.8537 -0.0400
vn -0.0000 -0.8538 -0.5207
vn -0.4354 -0.4919 -0.7540
vn -0.0001 -0.4920 -0.8706
vn -0.5189 -0.8539 -0.0397
vn -0.8691 -0.4896 -0.0701
vn 0.2599 -0.8538 -0.4511
vn 0.4352 -0.4920 -0.7540
vn -0.4492 -0.8538 -0.2630
vn -0.7515 -0.4923 -0.4393
vn 0.4495 -0.8537 -0.2629
vn 0.7517 -0.4919 -0.4392
vn -0.2606 -0.8536 -0.4511
vn 0.5190 -0.8538 -0.0398
vn 0.8693 -0.4892 -0.0702
vn -0.0000 0.8906 0.4548
vn 0.4235 0.5314 0.7336
vn -0.0001 0.5312 0.8472
vn -0.2281 0.8904 0.3939
vn -0.4238 0.5313 0.7336
vn 0.3942 0.8904 0.2275
vn 0.4766 0.8769 0.0627
vn 0.7334 0.5316 0.4237
vn 0.8515 0.5123 0.1120
vn -0.3943 0.8904 0.2275
vn -0.7335 0.5315 0.4237
vn 0.2278 0.8903 0.3943
vn -0.4762 0.8771 0.0628
vn -0.8513 0.5125 0.1124
vn 0.4953 -0.1379 0.8577
vn -0.0000 -0.5316 0.8470
vn 0.4236 -0.5314 0.7336
vn 0.0001 -0.8905 0.4551
vn 0.2274 -0.8905 0.3942
vn 0.8514 -0.5125 0.1121
vn 0.4763 -0.8770 0.0628
vn -0.4234 -0.5314 0.7337
vn -0.2274 -0.8904 0.3944
vn 0.7337 -0.5313 0.4236
vn 0.3941 -0.8904 0.2277
vn -0.7337 -0.5313 0.4235
vn -0.3944 -0.8903 0.2277
vn -0.8515 -0.5123 0.1121
vn -0.4769 -0.8767 0.0627
vn -0.8329 0.5535 -0.0000
vn 0.6221 0.7830 -0.0000
vn 0.8722 -0.3881 -0.2977
vn 0.6849 -0.2869 -0.6697
vn 0.4165 -0.0341 -0.9085
vn 0.7152 0.1987 -0.6701
vn 0.9142 0.2753 -0.2973
vn 0.9660 -0.0609 -0.2513
vn 0.6958 -0.6536 -0.2977
vn 0.4294 -0.8674 -0.2514
vn 0.1001 -0.9494 -0.2978
vn 0.0945 -0.7365 -0.6698
vn 0.1791 -0.3780 -0.9083
vn 0.5295 -0.5202 -0.6700
vn -0.2181 -0.9294 -0.2977
vn -0.5358 -0.8060 -0.2516
vn -0.7724 -0.5610 -0.2978
vn -0.5910 -0.4495 -0.6698
vn -0.2382 -0.3438 -0.9083
vn -0.1857 -0.7189 -0.6699
vn -0.9139 -0.2761 -0.2977
vn -0.9660 0.0609 -0.2512
vn -0.8720 0.3884 -0.2979
vn -0.6849 0.2869 -0.6697
vn -0.4169 0.0343 -0.9083
vn -0.7157 -0.1987 -0.6696
vn -0.6962 0.6533 -0.2976
vn -0.4300 0.8671 -0.2513
vn -0.1001 0.9494 -0.2978
vn -0.0951 0.7364 -0.6698
vn -0.1784 0.3780 -0.9085
vn -0.5302 0.5199 -0.6697
vn 0.2182 0.9294 -0.2977
vn 0.5358 0.8060 -0.2515
vn 0.7721 0.5614 -0.2980
vn 0.5917 0.4492 -0.6694
vn 0.2377 0.3437 -0.9085
vn 0.1855 0.7189 -0.6699
vn -0.1000 0.9494 0.2978
vn -0.4306 0.8669 0.2511
vn -0.6960 0.6534 0.2977
vn -0.5300 0.5201 0.6698
vn -0.1931 0.3710 0.9083
vn -0.0941 0.7366 0.6697
vn -0.8720 0.3883 0.2979
vn -0.9661 0.0608 0.2510
vn -0.9138 -0.2762 0.2979
vn -0.7149 -0.1988 0.6704
vn -0.4175 0.0184 0.9085
vn -0.6849 0.2868 0.6698
vn -0.7721 -0.5614 0.2980
vn -0.5359 -0.8061 0.2512
vn -0.2184 -0.9294 0.2977
vn -0.1850 -0.7188 0.6701
vn -0.2245 -0.3525 0.9085
vn -0.5906 -0.4497 0.6701
vn 0.1003 -0.9493 0.2978
vn 0.4306 -0.8669 0.2512
vn 0.6955 -0.6538 0.2979
vn 0.5296 -0.5202 0.6700
vn 0.1928 -0.3711 0.9083
vn 0.0938 -0.7366 0.6698
vn 0.9142 0.2754 0.2974
vn 0.7158 0.1986 0.6695
vn 0.4181 -0.0184 0.9082
vn 0.6847 -0.2869 0.6700
vn 0.8721 -0.3883 0.2978
vn 0.7722 0.5612 0.2979
vn 0.5353 0.8064 0.2513
vn 0.2184 0.9293 0.2977
vn 0.1856 0.7187 0.6701
vn 0.2247 0.3524 0.9085
vn 0.5904 0.4498 0.6702
vn 0.4941 -0.8168 -0.2977
vn 0.3228 -0.2660 -0.9083
vn 0.7012 -0.2456 -0.6693
vn 0.9078 -0.2958 -0.2975
vn 0.7575 -0.6024 -0.2514
vn 0.1976 -0.9340 -0.2977
vn -0.1421 -0.9574 -0.2513
vn -0.4606 -0.8362 -0.2978
vn -0.3445 -0.6579 -0.6697
vn -0.0688 -0.4121 -0.9085
vn 0.1374 -0.7297 -0.6698
vn -0.7104 -0.6378 -0.2975
vn -0.9546 -0.0191 -0.2974
vn -0.7415 -0.0313 -0.6702
vn -0.3914 -0.1460 -0.9086
vn -0.5630 -0.4839 -0.6700
vn -0.9078 0.2958 -0.2975
vn -0.7575 0.6024 -0.2515
vn -0.4941 0.8168 -0.2977
vn -0.3984 0.6267 -0.6697
vn -0.3229 0.2660 -0.9083
vn -0.7005 0.2458 -0.6700
vn -0.1974 0.9340 -0.2977
vn 0.1421 0.9574 -0.2513
vn 0.4606 0.8362 -0.2977
vn 0.3445 0.6579 -0.6697
vn 0.0693 0.4121 -0.9085
vn -0.1376 0.7297 -0.6698
vn 0.7101 0.6381 -0.2976
vn 0.9004 0.3553 -0.2511
vn 0.9546 0.0191 -0.2974
vn 0.7412 0.0313 -0.6705
vn 0.3911 0.1461 -0.9087
vn 0.4597 0.8366 0.2979
vn 0.1421 0.9574 0.2513
vn -0.1978 0.9340 0.2976
vn -0.1369 0.7299 0.6697
vn 0.0538 0.4144 0.9085
vn 0.3433 0.6581 0.6700
vn -0.4942 0.8168 0.2977
vn -0.7575 0.6023 0.2516
vn -0.9077 0.2959 0.2976
vn -0.7000 0.2459 0.6705
vn -0.3316 0.2538 0.9086
vn -0.3983 0.6266 0.6699
vn -0.9545 -0.0191 0.2975
vn -0.9003 -0.3554 0.2512
vn -0.7101 -0.6380 0.2978
vn -0.5633 -0.4839 0.6697
vn -0.3861 -0.1608 0.9083
vn -0.4609 -0.8362 0.2974
vn -0.1421 -0.9574 0.2512
vn 0.1978 -0.9339 0.2977
vn 0.1380 -0.7295 0.6699
vn -0.0534 -0.4143 0.9086
vn -0.3442 -0.6578 0.6700
vn 0.9076 -0.2961 0.2977
vn 0.7006 -0.2457 0.6699
vn 0.3320 -0.2538 0.9085
vn 0.3989 -0.6265 0.6696
vn 0.4943 -0.8167 0.2977
vn 0.7576 -0.6024 0.2514
vn 0.9545 0.0191 0.2977
vn 0.9003 0.3555 0.2511
vn 0.7101 0.6381 0.2976
vn 0.5625 0.4843 0.6701
vn 0.3855 0.1608 0.9086
vn 0.7420 0.0312 0.6696
vn 0.2255 -0.1499 -0.9626
vn -0.0170 -0.2708 -0.9625
vn -0.2425 -0.1204 -0.9626
vn -0.2256 0.1497 -0.9626
vn -0.7941 0.5273 -0.3022
vn 0.0170 0.2708 -0.9625
vn 0.2425 0.1204 -0.9626
vn 0.6334 0.3143 0.7072
vn 0.2427 0.1203 0.9626
vn 0.0170 0.2704 0.9626
vn -0.0170 -0.2709 0.9625
vn 0.2256 -0.1499 0.9626
vn 0.9089 -0.4169 -0.0000
vn -0.9085 0.4180 -0.0000
vn -0.0932 0.9956 -0.0000
vn 0.0932 -0.9956 -0.0000
vn -0.5533 -0.8330 -0.0000
vn -0.2171 -0.9762 -0.0000
vn 0.2595 -0.6579 -0.7070
vn 0.3501 -0.8867 -0.3019
vn -0.1684 -0.2122 -0.9626
vn -0.5930 -0.7466 -0.3015
vn -0.0995 0.2520 -0.9626
vn -0.2599 0.6577 -0.7070
vn -0.3500 0.8868 -0.3019
vn 0.5931 0.7466 -0.3014
vn 0.5930 0.7466 0.3016
vn -0.3500 0.8868 0.3019
vn -0.2595 0.6579 0.7070
vn -0.0995 0.2520 0.9626
vn 0.2595 -0.6578 0.7071
vn 0.0995 -0.2518 0.9627
vn 0.7352 0.6779 -0.0000
vn -0.9542 0.2992 -0.0000
vn -0.7829 0.6221 -0.0000
vn 0.1471 0.9891 -0.0000
vn -0.1477 -0.9890 -0.0000
vn -1.0000 -0.0083 -0.0000
vn -0.9301 -0.3673 -0.0000
vn -0.7360 -0.6770 -0.0000
vt 0.566077 0.662663
vt 0.554044 0.657677
vt 0.560488 0.659138
vt 0.446173 0.657659
vt 0.434138 0.662642
vt 0.439728 0.659118
vt 0.357849 0.738906
vt 0.352862 0.750939
vt 0.354323 0.744495
vt 0.352845 0.858810
vt 0.357828 0.870845
vt 0.354304 0.865255
vt 0.434092 0.947134
vt 0.446125 0.952121
vt 0.439680 0.950660
vt 0.553996 0.952138
vt 0.566031 0.947155
vt 0.560441 0.950679
vt 0.642319 0.870891
vt 0.647306 0.858858
vt 0.645845 0.865303
vt 0.647324 0.750987
vt 0.642341 0.738952
vt 0.645865 0.744542
vt 0.500084 0.804899
vt 0.951806 0.695289
vt 0.722190 0.937130
vt 0.703963 0.945698
vt 0.685397 0.953501
vt 0.351992 0.962178
vt 0.333044 0.955351
vt 0.314396 0.947743
vt 0.072507 0.718173
vt 0.063937 0.699950
vt 0.056132 0.681387
vt 0.047454 0.348049
vt 0.054282 0.329106
vt 0.061892 0.310462
vt 0.291508 0.068621
vt 0.309734 0.060053
vt 0.328301 0.052250
vt 0.661706 0.043573
vt 0.680654 0.050400
vt 0.699301 0.058008
vt 0.941191 0.287578
vt 0.949760 0.305801
vt 0.957565 0.324364
vt 0.966244 0.657701
vt 0.959416 0.676645
vt 0.512516 -1.085147
vt 0.534276 -1.085147
vt 0.473863 -1.085147
vt 0.495562 -1.085147
vt 0.520653 -1.085147
vt 0.542413 -1.085147
vt 0.534443 -1.085147
vt 0.512743 -1.085147
vt 0.487652 -1.085147
vt 0.542579 -1.085147
vt 0.465892 -1.085147
vt 0.520880 -1.085147
vt 0.495789 -1.085147
vt 0.465726 -1.085147
vt 0.474029 -1.085147
vt 0.487425 -1.085147
vt 0.503347 -1.085147
vt 0.509058 -1.085147
vt 0.499204 -1.085147
vt 0.504899 -1.085147
vt 0.511484 -1.085147
vt 0.517195 -1.085147
vt 0.509102 -1.085147
vt 0.503407 -1.085147
vt 0.496821 -1.085147
vt 0.491110 -1.085147
vt 0.517239 -1.085147
vt 0.511544 -1.085147
vt 0.504958 -1.085147
vt 0.499247 -1.085147
vt 0.491067 -1.085147
vt 0.496762 -1.085147
vt 0.512264 0.811525
vt 0.519340 0.811525
vt 0.511258 0.811525
vt 0.497102 0.811525
vt 0.488911 0.811525
vt 0.495968 0.811525
vt 0.504127 0.811525
vt 0.511204 0.811525
vt 0.497048 0.811525
vt 0.488965 0.811525
vt 0.519395 0.811525
vt 0.512338 0.811525
vt 0.504201 0.811525
vt 0.504104 0.811525
vt 0.504178 0.811525
vt 0.496041 0.811525
vt 0.469215 0.781426
vt 0.469215 0.781426
vt 0.529976 0.781426
vt 0.529976 0.781427
vt 0.567314 0.485182
vt 0.485182 0.659997
vt 0.709370 0.034733
vt 0.484932 0.660013
vt 0.567322 0.484932
vt 0.710228 0.033419
vt 0.710023 0.033225
vt 0.567314 0.484682
vt 0.484682 0.660059
vt 0.669808 0.019542
vt 0.555055 0.485182
vt 0.670333 0.017985
vt 0.670050 0.017992
vt 0.554967 0.484682
vt 0.555032 0.484932
vt 0.690893 0.023743
vt 0.561621 0.485182
vt 0.691606 0.022272
vt 0.691348 0.022173
vt 0.561578 0.484682
vt 0.561609 0.484932
vt 0.445162 0.485182
vt 0.318960 0.028673
vt 0.445170 0.484932
vt 0.318637 0.027138
vt 0.318354 0.027145
vt 0.445250 0.484682
vt 0.280241 0.045901
vt 0.432901 0.485182
vt 0.279511 0.044429
vt 0.279316 0.044634
vt 0.432839 0.484682
vt 0.432885 0.484932
vt 0.298122 0.033965
vt 0.438596 0.485182
vt 0.297585 0.032421
vt 0.297334 0.032533
vt 0.438559 0.484682
vt 0.438586 0.484932
vt 0.355182 0.485182
vt 0.485182 0.737669
vt 0.038612 0.300395
vt 0.484932 0.737661
vt 0.355199 0.484932
vt 0.037298 0.299537
vt 0.037103 0.299742
vt 0.355245 0.484682
vt 0.484682 0.737669
vt 0.485182 0.749927
vt 0.023418 0.339949
vt 0.484932 0.749936
vt 0.021868 0.339707
vt 0.021861 0.339424
vt 0.484682 0.750016
vt 0.485182 0.743362
vt 0.027620 0.318868
vt 0.484932 0.743352
vt 0.026148 0.318156
vt 0.026050 0.318413
vt 0.484682 0.743325
vt 0.485182 0.859821
vt 0.032551 0.690727
vt 0.484932 0.859813
vt 0.031015 0.691049
vt 0.031023 0.691332
vt 0.484682 0.859733
vt 0.049782 0.729437
vt 0.485182 0.872082
vt 0.048310 0.730167
vt 0.048514 0.730362
vt 0.484682 0.872144
vt 0.484932 0.872098
vt 0.037844 0.711560
vt 0.485182 0.866387
vt 0.036299 0.712097
vt 0.036411 0.712348
vt 0.484682 0.866424
vt 0.484932 0.866397
vt 0.485182 0.949801
vt 0.432854 0.485182
vt 0.304327 0.971018
vt 0.432847 0.484932
vt 0.484932 0.949784
vt 0.303675 0.972526
vt 0.303470 0.972332
vt 0.432854 0.484682
vt 0.484682 0.949738
vt 0.445113 0.485182
vt 0.343890 0.986209
vt 0.445122 0.484932
vt 0.343647 0.987759
vt 0.343365 0.987766
vt 0.445201 0.484682
vt 0.438548 0.485182
vt 0.322805 0.982008
vt 0.438538 0.484932
vt 0.322092 0.983479
vt 0.322349 0.983578
vt 0.438511 0.484682
vt 0.555007 0.485182
vt 0.694738 0.977077
vt 0.554998 0.484932
vt 0.695343 0.978606
vt 0.695061 0.978613
vt 0.554918 0.484682
vt 0.733456 0.959850
vt 0.567267 0.485182
vt 0.734186 0.961322
vt 0.734381 0.961117
vt 0.567329 0.484682
vt 0.567284 0.484932
vt 0.715576 0.971786
vt 0.561572 0.485182
vt 0.716112 0.973330
vt 0.716364 0.973218
vt 0.561609 0.484682
vt 0.561582 0.484932
vt 0.485182 0.872129
vt 0.644986 0.485182
vt 0.975086 0.705356
vt 0.644970 0.484932
vt 0.484932 0.872136
vt 0.976400 0.706214
vt 0.976595 0.706009
vt 0.484682 0.872129
vt 0.644924 0.484682
vt 0.990279 0.665802
vt 0.485182 0.859870
vt 0.991837 0.666327
vt 0.991830 0.666044
vt 0.484682 0.859782
vt 0.484932 0.859846
vt 0.485182 0.866435
vt 0.986078 0.686883
vt 0.484932 0.866445
vt 0.987549 0.687595
vt 0.987648 0.687338
vt 0.484682 0.866472
vt 0.485182 0.749976
vt 0.981147 0.315024
vt 0.484932 0.749985
vt 0.982682 0.314702
vt 0.982675 0.314419
vt 0.484682 0.750064
vt 0.963916 0.276314
vt 0.485182 0.737716
vt 0.965388 0.275584
vt 0.965183 0.275389
vt 0.484682 0.737653
vt 0.484932 0.737699
vt 0.485182 0.743410
vt 0.975854 0.294191
vt 0.484932 0.743422
vt 0.977398 0.293654
vt 0.977286 0.293403
vt 0.484682 0.743453
vt 0.567098 0.660462
vt 0.492015 0.659997
vt 0.567314 0.492015
vt 0.567314 0.492515
vt 0.567377 0.660059
vt 0.492515 0.660059
vt 0.567322 0.492265
vt 0.492265 0.660013
vt 0.555055 0.492015
vt 0.554879 0.655398
vt 0.555032 0.492265
vt 0.554967 0.654917
vt 0.554967 0.492515
vt 0.561621 0.492015
vt 0.561423 0.656881
vt 0.561609 0.492265
vt 0.561578 0.656395
vt 0.561578 0.492515
vt 0.445338 0.655380
vt 0.445162 0.492015
vt 0.445162 0.654899
vt 0.445162 0.492515
vt 0.445185 0.492265
vt 0.432901 0.492015
vt 0.433117 0.660440
vt 0.432884 0.492265
vt 0.432839 0.660037
vt 0.432839 0.492515
vt 0.438596 0.492015
vt 0.438794 0.656862
vt 0.438586 0.492265
vt 0.438559 0.656408
vt 0.438559 0.492515
vt 0.355648 0.737885
vt 0.355182 0.492015
vt 0.492015 0.737669
vt 0.492515 0.737669
vt 0.355245 0.737606
vt 0.355245 0.492515
vt 0.492265 0.737661
vt 0.355199 0.492265
vt 0.492015 0.749927
vt 0.350584 0.750104
vt 0.492265 0.749951
vt 0.350102 0.750016
vt 0.492515 0.750016
vt 0.352067 0.743560
vt 0.492015 0.743362
vt 0.351581 0.743405
vt 0.492515 0.743325
vt 0.492265 0.743352
vt 0.350566 0.859645
vt 0.492015 0.859821
vt 0.350084 0.859821
vt 0.492515 0.859821
vt 0.492265 0.859797
vt 0.492015 0.872082
vt 0.355626 0.871866
vt 0.492265 0.872098
vt 0.355223 0.872144
vt 0.492515 0.872144
vt 0.492015 0.866387
vt 0.352047 0.866189
vt 0.492265 0.866397
vt 0.351594 0.866424
vt 0.492515 0.866424
vt 0.433070 0.949335
vt 0.432854 0.492015
vt 0.492015 0.949801
vt 0.432854 0.949801
vt 0.432854 0.492515
vt 0.492515 0.949738
vt 0.492265 0.949784
vt 0.432847 0.492265
vt 0.445113 0.492015
vt 0.445290 0.954399
vt 0.445137 0.492265
vt 0.445201 0.954881
vt 0.445201 0.492515
vt 0.438745 0.952916
vt 0.438548 0.492015
vt 0.438591 0.953402
vt 0.438511 0.492515
vt 0.438538 0.492265
vt 0.554830 0.954417
vt 0.555007 0.492015
vt 0.555007 0.954899
vt 0.554918 0.492515
vt 0.554998 0.492265
vt 0.567267 0.492015
vt 0.567051 0.949357
vt 0.567284 0.492265
vt 0.567330 0.949760
vt 0.567330 0.492515
vt 0.561572 0.492015
vt 0.561375 0.952936
vt 0.561582 0.492265
vt 0.561609 0.953389
vt 0.561609 0.492515
vt 0.644521 0.871913
vt 0.492015 0.872129
vt 0.644986 0.492015
vt 0.644924 0.492515
vt 0.644986 0.872129
vt 0.492515 0.872129
vt 0.492265 0.872136
vt 0.644969 0.492265
vt 0.492015 0.859870
vt 0.649585 0.859693
vt 0.492265 0.859846
vt 0.650066 0.859782
vt 0.492515 0.859782
vt 0.648101 0.866238
vt 0.492015 0.866435
vt 0.648588 0.866392
vt 0.492515 0.866472
vt 0.492265 0.866445
vt 0.649603 0.750153
vt 0.492015 0.749976
vt 0.650084 0.749976
vt 0.492515 0.749976
vt 0.492265 0.750000
vt 0.492015 0.737716
vt 0.644543 0.737931
vt 0.492265 0.737699
vt 0.644946 0.737653
vt 0.492515 0.737653
vt 0.648121 0.743608
vt 0.492015 0.743410
vt 0.648575 0.743374
vt 0.492515 0.743453
vt 0.492265 0.743422
vt 0.503994 0.493485
vt 0.504127 0.882987
vt 0.504061 0.493235
vt 0.504143 0.883487
vt 0.504109 0.492985
vt 0.511204 0.882987
vt 0.497048 0.882987
vt 0.510838 0.497415
vt 0.511188 0.883487
vt 0.511213 0.497063
vt 0.497063 0.883487
vt 0.511021 0.497231
vt 0.504104 0.882987
vt 0.514801 0.504240
vt 0.515301 0.504122
vt 0.504122 0.883487
vt 0.515051 0.504172
vt 0.512264 0.882987
vt 0.514820 0.512131
vt 0.515311 0.512280
vt 0.512280 0.883487
vt 0.515070 0.512198
vt 0.519340 0.882987
vt 0.511258 0.882987
vt 0.510891 0.518975
vt 0.519325 0.883487
vt 0.511242 0.519349
vt 0.511242 0.883487
vt 0.511074 0.519158
vt 0.504201 0.882987
vt 0.504066 0.522938
vt 0.504183 0.523438
vt 0.504183 0.883487
vt 0.504133 0.523188
vt 0.496041 0.882987
vt 0.496174 0.522957
vt 0.496026 0.523448
vt 0.496026 0.883487
vt 0.496108 0.523207
vt 0.488965 0.882987
vt 0.519395 0.882987
vt 0.489330 0.519028
vt 0.488981 0.883487
vt 0.488956 0.519379
vt 0.519379 0.883487
vt 0.489148 0.519211
vt 0.512338 0.882987
vt 0.485368 0.512203
vt 0.484868 0.512320
vt 0.512320 0.883487
vt 0.485118 0.512270
vt 0.504178 0.882987
vt 0.485349 0.504311
vt 0.484857 0.504163
vt 0.504163 0.883487
vt 0.485098 0.504245
vt 0.497102 0.882987
vt 0.488911 0.882987
vt 0.489278 0.497467
vt 0.497117 0.883487
vt 0.488926 0.497093
vt 0.488926 0.883487
vt 0.489094 0.497284
vt 0.495968 0.882987
vt 0.496103 0.493505
vt 0.495985 0.493005
vt 0.495985 0.883487
vt 0.496035 0.493255
vt 0.504127 -1.075456
vt 0.504260 0.492485
vt 0.504127 0.492985
vt 0.504127 -1.075956
vt 0.504194 0.492735
vt 0.511569 0.496681
vt 0.511204 -1.075456
vt 0.497048 -1.075456
vt 0.511386 0.496864
vt 0.511204 -1.075956
vt 0.497048 -1.075956
vt 0.511204 0.497048
vt 0.515800 0.503969
vt 0.504104 -1.075456
vt 0.515550 0.504037
vt 0.504104 -1.075956
vt 0.515301 0.504104
vt 0.515821 0.512397
vt 0.512264 -1.075456
vt 0.515570 0.512331
vt 0.512264 -1.075956
vt 0.515320 0.512264
vt 0.511625 0.519706
vt 0.519340 -1.075456
vt 0.511258 -1.075456
vt 0.511441 0.519523
vt 0.519340 -1.075956
vt 0.511258 -1.075956
vt 0.511258 0.519340
vt 0.504336 0.523937
vt 0.504201 -1.075456
vt 0.504269 0.523687
vt 0.504201 -1.075956
vt 0.504201 0.523437
vt 0.495909 0.523958
vt 0.496041 -1.075456
vt 0.495975 0.523707
vt 0.496041 -1.075956
vt 0.496041 0.523457
vt 0.488600 0.519761
vt 0.488965 -1.075456
vt 0.519395 -1.075456
vt 0.488782 0.519578
vt 0.488965 -1.075956
vt 0.519395 -1.075956
vt 0.488965 0.519395
vt 0.484368 0.512473
vt 0.512338 -1.075456
vt 0.484618 0.512406
vt 0.512338 -1.075956
vt 0.484868 0.512338
vt 0.484348 0.504045
vt 0.504178 -1.075456
vt 0.484598 0.504112
vt 0.504178 -1.075956
vt 0.484848 0.504178
vt 0.488544 0.496737
vt 0.497102 -1.075456
vt 0.488911 -1.075456
vt 0.488727 0.496919
vt 0.497102 -1.075956
vt 0.488911 -1.075956
vt 0.488911 0.497102
vt 0.495832 0.492505
vt 0.495968 -1.075456
vt 0.495900 0.492755
vt 0.495968 -1.075956
vt 0.495968 0.493005
vt 0.512384 0.461870
vt 0.512516 -1.076456
vt 0.512450 0.461620
vt 0.512532 -1.075956
vt 0.512498 0.461370
vt 0.534276 -1.076456
vt 0.473863 -1.076456
vt 0.533911 0.474230
vt 0.534261 0.473854
vt 0.534261 -1.075956
vt 0.473878 -1.076206
vt 0.534094 0.474046
vt 0.534310 0.473921
vt 0.473921 -1.075956
vt 0.495562 -1.076456
vt 0.546375 0.495697
vt 0.495580 -1.076206
vt 0.546841 0.495504
vt 0.495504 -1.075956
vt 0.546875 0.495629
vt 0.495629 -1.075956
vt 0.520653 -1.076456
vt 0.546435 0.520521
vt 0.520669 -1.076206
vt 0.546935 0.520586
vt 0.520586 -1.075956
vt 0.546902 0.520711
vt 0.520711 -1.075956
vt 0.542413 -1.076456
vt 0.534443 -1.076456
vt 0.534076 0.542048
vt 0.542398 -1.076206
vt 0.534427 0.542422
vt 0.534427 -1.075956
vt 0.542355 -1.075956
vt 0.534476 0.542355
vt 0.534259 0.542231
vt 0.512743 -1.076456
vt 0.512608 0.554512
vt 0.512725 0.555012
vt 0.512725 -1.075956
vt 0.512676 0.554762
vt 0.487652 -1.076456
vt 0.487785 0.554572
vt 0.487637 0.555063
vt 0.487637 -1.075956
vt 0.487719 0.554822
vt 0.465892 -1.076456
vt 0.542579 -1.076456
vt 0.466257 0.542213
vt 0.465908 -1.075956
vt 0.465883 0.542564
vt 0.542564 -1.075956
vt 0.466075 0.542396
vt 0.520880 -1.076456
vt 0.453794 0.520745
vt 0.453294 0.520862
vt 0.520862 -1.075956
vt 0.453544 0.520813
vt 0.495789 -1.076456
vt 0.453733 0.495922
vt 0.453242 0.495773
vt 0.495773 -1.075956
vt 0.453483 0.495855
vt 0.474029 -1.076456
vt 0.465726 -1.076456
vt 0.466093 0.474394
vt 0.474045 -1.075956
vt 0.465741 0.474020
vt 0.465741 -1.075956
vt 0.465909 0.474212
vt 0.487425 -1.076456
vt 0.487560 0.461930
vt 0.487443 0.461431
vt 0.487443 -1.075956
vt 0.487493 0.461681
vt 0.503347 0.882987
vt 0.503480 0.495425
vt 0.503347 0.495925
vt 0.503347 0.883487
vt 0.503413 0.495675
vt 0.509423 0.498837
vt 0.509058 0.882987
vt 0.499204 0.882987
vt 0.509241 0.499020
vt 0.509058 0.883487
vt 0.499204 0.883487
vt 0.509058 0.499204
vt 0.512864 0.504764
vt 0.504899 0.882987
vt 0.512614 0.504831
vt 0.504899 0.883487
vt 0.512365 0.504899
vt 0.512881 0.511617
vt 0.511484 0.882987
vt 0.512631 0.511550
vt 0.511484 0.883487
vt 0.512381 0.511484
vt 0.509469 0.517560
vt 0.517195 0.882987
vt 0.509102 0.882987
vt 0.509285 0.517378
vt 0.517195 0.883487
vt 0.509102 0.883487
vt 0.509102 0.517195
vt 0.503542 0.521001
vt 0.503407 0.882987
vt 0.503474 0.520751
vt 0.503407 0.883487
vt 0.503407 0.520501
vt 0.496689 0.521018
vt 0.496821 0.882987
vt 0.496755 0.520768
vt 0.496821 0.883487
vt 0.496821 0.520517
vt 0.490745 0.517606
vt 0.491110 0.882987
vt 0.517239 0.882987
vt 0.490928 0.517422
vt 0.491110 0.883487
vt 0.517239 0.883487
vt 0.491110 0.517239
vt 0.487304 0.511679
vt 0.511544 0.882987
vt 0.487554 0.511611
vt 0.511544 0.883487
vt 0.487804 0.511544
vt 0.487288 0.504826
vt 0.504958 0.882987
vt 0.487538 0.504892
vt 0.504958 0.883487
vt 0.487788 0.504958
vt 0.490700 0.498882
vt 0.499247 0.882987
vt 0.491067 0.882987
vt 0.490883 0.499065
vt 0.499247 0.883487
vt 0.491067 0.883487
vt 0.491067 0.499247
vt 0.496627 0.495441
vt 0.496762 0.882987
vt 0.496694 0.495691
vt 0.496762 0.883487
vt 0.496762 0.495941
vt 0.498561 0.780634
vt 0.474600 0.781087
vt 0.498561 0.781499
vt 0.474911 0.780652
vt 0.499061 0.780652
vt 0.498561 0.780876
vt 0.474963 0.780952
vt 0.498800 0.780884
vt 0.474763 0.781294
vt 0.474735 0.780862
vt 0.474886 0.781069
vt 0.498561 0.781239
vt 0.474963 0.781480
vt 0.499061 0.781480
vt 0.474977 0.781175
vt 0.498800 0.781230
vt 0.498561 0.776492
vt 0.471371 0.498561
vt 0.471613 0.776593
vt 0.498561 0.776251
vt 0.472135 0.776475
vt 0.499061 0.776475
vt 0.498800 0.776243
vt 0.471878 0.776311
vt 0.471392 0.776106
vt 0.471392 0.499061
vt 0.471870 0.498561
vt 0.498561 0.776076
vt 0.498800 0.776076
vt 0.471870 0.498800
vt 0.471870 0.776076
vt 0.471873 0.776555
vt 0.471486 0.776363
vt 0.498929 0.776197
vt 0.471741 0.776337
vt 0.466408 0.498561
vt 0.498561 0.776899
vt 0.466228 0.776932
vt 0.498561 0.776451
vt 0.465908 0.498561
vt 0.466386 0.499061
vt 0.466386 0.776421
vt 0.465908 0.498800
vt 0.498800 0.776451
vt 0.465908 0.776451
vt 0.465696 0.776881
vt 0.499061 0.776881
vt 0.498561 0.776639
vt 0.498800 0.776631
vt 0.465930 0.776686
vt 0.466325 0.776688
vt 0.465965 0.776928
vt 0.498929 0.776582
vt 0.466070 0.776694
vt 0.498561 0.781354
vt 0.498561 0.782219
vt 0.463829 0.781766
vt 0.498561 0.781614
vt 0.499061 0.781373
vt 0.463466 0.781373
vt 0.498800 0.781623
vt 0.463452 0.781677
vt 0.463518 0.782201
vt 0.499061 0.782201
vt 0.498561 0.781977
vt 0.498800 0.781796
vt 0.498800 0.781969
vt 0.463466 0.781901
vt 0.463667 0.781559
vt 0.463694 0.781991
vt 0.498929 0.781672
vt 0.463544 0.781784
vt 0.498561 0.786361
vt 0.467058 0.498561
vt 0.466816 0.786260
vt 0.498561 0.786602
vt 0.466294 0.786378
vt 0.499061 0.786378
vt 0.498800 0.786611
vt 0.466551 0.786542
vt 0.467037 0.786747
vt 0.467037 0.499061
vt 0.466559 0.498561
vt 0.498561 0.786777
vt 0.498800 0.786777
vt 0.466559 0.498800
vt 0.466559 0.786777
vt 0.466556 0.786298
vt 0.466943 0.786490
vt 0.498929 0.786656
vt 0.466689 0.786516
vt 0.472022 0.498561
vt 0.498561 0.785954
vt 0.472201 0.785921
vt 0.498561 0.786402
vt 0.472521 0.498561
vt 0.472043 0.786432
vt 0.472043 0.499061
vt 0.498800 0.786402
vt 0.472521 0.498800
vt 0.472521 0.786402
vt 0.472734 0.785973
vt 0.499061 0.785973
vt 0.498561 0.786214
vt 0.498800 0.786222
vt 0.472500 0.786168
vt 0.472104 0.786165
vt 0.472464 0.785925
vt 0.498929 0.786271
vt 0.472360 0.786159
vt 0.467058 0.482374
vt 0.482374 0.786361
vt 0.466816 0.786260
vt 0.482374 0.786777
vt 0.466559 0.482374
vt 0.467037 0.481874
vt 0.467037 0.786747
vt 0.466559 0.482135
vt 0.482135 0.786777
vt 0.466559 0.786777
vt 0.466294 0.786378
vt 0.481874 0.786378
vt 0.482374 0.786602
vt 0.482135 0.786611
vt 0.466551 0.786543
vt 0.466943 0.786490
vt 0.466556 0.786298
vt 0.482005 0.786656
vt 0.466689 0.786516
vt 0.482374 0.782218
vt 0.482374 0.781354
vt 0.463829 0.781766
vt 0.482374 0.781977
vt 0.481874 0.782201
vt 0.463518 0.782201
vt 0.482135 0.781796
vt 0.482135 0.781969
vt 0.463466 0.781901
vt 0.481874 0.781373
vt 0.463466 0.781373
vt 0.482374 0.781614
vt 0.482135 0.781623
vt 0.463452 0.781677
vt 0.463694 0.781991
vt 0.463667 0.781559
vt 0.482005 0.781672
vt 0.463544 0.781784
vt 0.482374 0.776899
vt 0.466407 0.482374
vt 0.466228 0.776932
vt 0.482374 0.776639
vt 0.481874 0.776881
vt 0.465696 0.776881
vt 0.482135 0.776631
vt 0.465930 0.776686
vt 0.466386 0.481874
vt 0.466386 0.776421
vt 0.465908 0.482374
vt 0.482374 0.776451
vt 0.482135 0.776451
vt 0.465908 0.482135
vt 0.465908 0.776451
vt 0.465965 0.776928
vt 0.466325 0.776688
vt 0.482005 0.776582
vt 0.466070 0.776694
vt 0.471371 0.482374
vt 0.482374 0.776492
vt 0.471613 0.776593
vt 0.482374 0.776076
vt 0.471870 0.482374
vt 0.471392 0.481874
vt 0.471392 0.776106
vt 0.482135 0.776076
vt 0.471870 0.482135
vt 0.471870 0.776076
vt 0.472135 0.776475
vt 0.481874 0.776475
vt 0.482374 0.776251
vt 0.482135 0.776242
vt 0.471878 0.776311
vt 0.471486 0.776363
vt 0.471873 0.776555
vt 0.482005 0.776197
vt 0.471741 0.776337
vt 0.482374 0.781499
vt 0.474600 0.781087
vt 0.482374 0.780634
vt 0.481874 0.781480
vt 0.474963 0.781480
vt 0.482374 0.781239
vt 0.474977 0.781175
vt 0.482135 0.781230
vt 0.474735 0.780862
vt 0.474763 0.781293
vt 0.474886 0.781069
vt 0.482374 0.780876
vt 0.481874 0.780652
vt 0.474911 0.780652
vt 0.474963 0.780952
vt 0.482135 0.780884
vt 0.482374 0.785954
vt 0.472022 0.482374
vt 0.472201 0.785921
vt 0.482374 0.786213
vt 0.481874 0.785973
vt 0.472734 0.785973
vt 0.482135 0.786222
vt 0.472500 0.786168
vt 0.472043 0.481874
vt 0.472043 0.786432
vt 0.472521 0.482374
vt 0.482374 0.786402
vt 0.482135 0.786402
vt 0.472521 0.482135
vt 0.472521 0.786402
vt 0.472464 0.785925
vt 0.472104 0.786165
vt 0.482005 0.786271
vt 0.472360 0.786159
vt 0.534189 0.498561
vt 0.534201 0.778070
vt 0.498561 0.778206
vt 0.534208 0.777535
vt 0.534208 0.499061
vt 0.534654 0.498561
vt 0.498561 0.777711
vt 0.534467 0.498800
vt 0.534422 0.777752
vt 0.498800 0.777718
vt 0.534453 0.778147
vt 0.534184 0.777808
vt 0.534426 0.777892
vt 0.498561 0.777919
vt 0.534724 0.778185
vt 0.499061 0.778185
vt 0.534562 0.777927
vt 0.498800 0.777909
vt 0.529563 0.498561
vt 0.528706 0.498561
vt 0.529182 0.776089
vt 0.529293 0.498561
vt 0.529543 0.499061
vt 0.529543 0.775694
vt 0.529284 0.498800
vt 0.529239 0.775706
vt 0.528723 0.775816
vt 0.528723 0.499061
vt 0.528933 0.498561
vt 0.529103 0.498800
vt 0.528941 0.498800
vt 0.529017 0.775739
vt 0.529374 0.775910
vt 0.528947 0.775973
vt 0.529233 0.498929
vt 0.529140 0.775806
vt 0.524811 0.498561
vt 0.498561 0.779728
vt 0.524957 0.779445
vt 0.524584 0.498561
vt 0.524795 0.499061
vt 0.524795 0.778935
vt 0.524577 0.498800
vt 0.524653 0.779205
vt 0.524490 0.779707
vt 0.499061 0.779707
vt 0.498561 0.779233
vt 0.524420 0.498561
vt 0.524420 0.498800
vt 0.498800 0.779233
vt 0.524420 0.779233
vt 0.524897 0.779189
vt 0.524739 0.779591
vt 0.524534 0.498929
vt 0.524691 0.779340
vt 0.498561 0.784647
vt 0.525764 0.498561
vt 0.525751 0.784783
vt 0.525299 0.498561
vt 0.498561 0.785142
vt 0.525228 0.784668
vt 0.499061 0.784668
vt 0.498800 0.785142
vt 0.525299 0.498800
vt 0.525299 0.785142
vt 0.525744 0.785317
vt 0.525744 0.499061
vt 0.525494 0.498561
vt 0.525485 0.498800
vt 0.525530 0.785101
vt 0.525499 0.784706
vt 0.525768 0.785045
vt 0.525434 0.498929
vt 0.525527 0.784961
vt 0.530390 0.498561
vt 0.531246 0.498561
vt 0.530770 0.786764
vt 0.530659 0.498561
vt 0.530409 0.499061
vt 0.530409 0.787159
vt 0.530860 0.498800
vt 0.530669 0.498800
vt 0.530714 0.787147
vt 0.531230 0.787037
vt 0.531230 0.499061
vt 0.531019 0.498561
vt 0.531011 0.498800
vt 0.530935 0.787114
vt 0.530578 0.786943
vt 0.531006 0.786880
vt 0.530968 0.498929
vt 0.530812 0.787047
vt 0.535141 0.498561
vt 0.498561 0.783125
vt 0.534995 0.783408
vt 0.498561 0.783620
vt 0.535532 0.498561
vt 0.535157 0.783918
vt 0.535157 0.499061
vt 0.498800 0.783620
vt 0.535532 0.498800
vt 0.535532 0.783620
vt 0.535462 0.783146
vt 0.499061 0.783146
vt 0.498561 0.783412
vt 0.498800 0.783422
vt 0.535381 0.783440
vt 0.535055 0.783664
vt 0.535214 0.783262
vt 0.498929 0.783476
vt 0.535262 0.783513
vt 0.531246 0.482374
vt 0.530390 0.482374
vt 0.530770 0.786764
vt 0.531019 0.482374
vt 0.531230 0.481874
vt 0.531230 0.787037
vt 0.531011 0.482135
vt 0.530935 0.787114
vt 0.530409 0.787159
vt 0.530409 0.481874
vt 0.530659 0.482374
vt 0.530860 0.482135
vt 0.530669 0.482135
vt 0.530714 0.787147
vt 0.531006 0.786880
vt 0.530578 0.786943
vt 0.530968 0.482005
vt 0.530812 0.787047
vt 0.525764 0.482374
vt 0.482374 0.784647
vt 0.525751 0.784783
vt 0.525494 0.482374
vt 0.525744 0.481874
vt 0.525744 0.785317
vt 0.525485 0.482135
vt 0.525530 0.785101
vt 0.525228 0.784668
vt 0.481874 0.784668
vt 0.482374 0.785142
vt 0.525299 0.482374
vt 0.525299 0.482135
vt 0.482135 0.785142
vt 0.525299 0.785142
vt 0.525768 0.785045
vt 0.525499 0.784706
vt 0.525434 0.482005
vt 0.525526 0.784961
vt 0.482374 0.779728
vt 0.524811 0.482374
vt 0.524957 0.779445
vt 0.524420 0.482374
vt 0.482374 0.779233
vt 0.481874 0.779707
vt 0.524490 0.779707
vt 0.482135 0.779233
vt 0.524420 0.482135
vt 0.524420 0.779233
vt 0.524795 0.778935
vt 0.524795 0.481874
vt 0.524584 0.482374
vt 0.524577 0.482135
vt 0.524653 0.779205
vt 0.524739 0.779591
vt 0.524897 0.779189
vt 0.524534 0.482005
vt 0.524691 0.779340
vt 0.528706 0.482374
vt 0.529563 0.482374
vt 0.529182 0.776089
vt 0.528933 0.482374
vt 0.528723 0.481874
vt 0.528723 0.775816
vt 0.529103 0.482135
vt 0.528941 0.482135
vt 0.529017 0.775739
vt 0.529543 0.775694
vt 0.529543 0.481874
vt 0.529293 0.482374
vt 0.529284 0.482135
vt 0.529239 0.775706
vt 0.528947 0.775973
vt 0.529374 0.775909
vt 0.529233 0.482005
vt 0.529140 0.775806
vt 0.482374 0.778206
vt 0.534202 0.778070
vt 0.534189 0.482374
vt 0.481874 0.778185
vt 0.534724 0.778185
vt 0.482374 0.777919
vt 0.534562 0.777927
vt 0.482135 0.777909
vt 0.534184 0.777808
vt 0.534453 0.778147
vt 0.534426 0.777892
vt 0.482374 0.777711
vt 0.534654 0.482374
vt 0.534208 0.481874
vt 0.534208 0.777535
vt 0.534422 0.777752
vt 0.534468 0.482135
vt 0.482135 0.777718
vt 0.482374 0.783125
vt 0.535141 0.482374
vt 0.534995 0.783408
vt 0.482374 0.783412
vt 0.481874 0.783146
vt 0.535462 0.783146
vt 0.482135 0.783422
vt 0.535381 0.783440
vt 0.535157 0.783918
vt 0.535157 0.481874
vt 0.535532 0.482374
vt 0.482374 0.783620
vt 0.482135 0.783620
vt 0.535532 0.482135
vt 0.535532 0.783620
vt 0.535214 0.783262
vt 0.535055 0.783664
vt 0.482005 0.783476
vt 0.535262 0.783513
vt 0.520489 0.506875
vt 0.506941 0.807540
vt 0.520980 0.506975
vt 0.506880 0.808040
vt 0.506925 0.807790
vt 0.517772 0.516589
vt 0.518218 0.807540
vt 0.516847 0.807541
vt 0.518171 0.516894
vt 0.518171 0.808040
vt 0.516785 0.808041
vt 0.518235 0.516785
vt 0.518205 0.807790
vt 0.516831 0.807791
vt 0.496629 0.807540
vt 0.538192 0.807540
vt 0.538191 0.496579
vt 0.497129 0.807540
vt 0.538691 0.807540
vt 0.538691 0.496619
vt 0.496619 0.808040
vt 0.538691 0.807780
vt 0.497129 0.807780
vt 0.538691 0.497129
vt 0.538186 0.807790
vt 0.538437 0.807540
vt 0.538421 0.807780
vt 0.538440 0.496601
vt 0.538173 0.497093
vt 0.538173 0.808040
vt 0.538412 0.808040
vt 0.538412 0.497110
vt 0.496629 0.755272
vt 0.538191 0.496579
vt 0.538192 0.755272
vt 0.496613 0.755027
vt 0.497129 0.755272
vt 0.538691 0.755272
vt 0.496853 0.755034
vt 0.538542 0.755034
vt 0.538167 0.497093
vt 0.538167 0.754772
vt 0.538691 0.496595
vt 0.496595 0.754772
vt 0.496841 0.754772
vt 0.538691 0.496841
vt 0.538671 0.754772
vt 0.538432 0.755272
vt 0.538180 0.755027
vt 0.496978 0.755035
vt 0.538418 0.755035
vt 0.524521 0.807540
vt 0.489577 0.807540
vt 0.489835 0.524075
vt 0.489594 0.807790
vt 0.524509 0.807790
vt 0.489641 0.808040
vt 0.489641 0.524539
vt 0.524474 0.808040
vt 0.489530 0.524474
vt 0.482349 0.516589
vt 0.516847 0.807540
vt 0.481885 0.516785
vt 0.516786 0.808040
vt 0.516894 0.808040
vt 0.481950 0.516894
vt 0.516860 0.807791
vt 0.510286 0.524075
vt 0.510544 0.807540
vt 0.510479 0.808040
vt 0.510479 0.524539
vt 0.510591 0.808041
vt 0.510591 0.524474
vt 0.510556 0.807791
vt 0.461897 0.496579
vt 0.461896 0.807541
vt 0.496629 0.807541
vt 0.461920 0.497093
vt 0.461920 0.808040
vt 0.461652 0.496595
vt 0.461680 0.808041
vt 0.461679 0.497109
vt 0.461656 0.807540
vt 0.461907 0.807786
vt 0.461670 0.807778
vt 0.461397 0.496613
vt 0.496613 0.808040
vt 0.497129 0.807540
vt 0.461397 0.807541
vt 0.461397 0.497129
vt 0.461397 0.807778
vt 0.497129 0.807778
vt 0.506941 0.807541
vt 0.479631 0.506875
vt 0.506925 0.807791
vt 0.479138 0.506880
vt 0.506880 0.808040
vt 0.500060 0.526815
vt 0.500060 0.807540
vt 0.499996 0.808040
vt 0.499996 0.527313
vt 0.500125 0.808040
vt 0.500125 0.527313
vt 0.500078 0.807790
vt 0.520489 0.506875
vt 0.506941 0.755272
vt 0.506880 0.754772
vt 0.520980 0.506975
vt 0.506950 0.755022
vt 0.518218 0.755272
vt 0.516847 0.755272
vt 0.517772 0.516589
vt 0.518205 0.755022
vt 0.516831 0.755022
vt 0.518171 0.516894
vt 0.518171 0.754772
vt 0.518235 0.516786
vt 0.516785 0.754772
vt 0.496629 0.755272
vt 0.461896 0.755272
vt 0.461897 0.496579
vt 0.497129 0.755272
vt 0.461397 0.755272
vt 0.461397 0.496619
vt 0.496619 0.754772
vt 0.461397 0.755033
vt 0.497129 0.755033
vt 0.461397 0.497129
vt 0.461901 0.755023
vt 0.461651 0.755272
vt 0.461666 0.755033
vt 0.461648 0.496601
vt 0.461914 0.497093
vt 0.461914 0.754772
vt 0.461676 0.754772
vt 0.461676 0.497110
vt 0.480943 0.495279
vt 0.479890 0.755272
vt 0.496331 0.755272
vt 0.480389 0.754772
vt 0.480389 0.495834
vt 0.480389 0.495834
vt 0.495834 0.754772
vt 0.480389 0.495834
vt 0.480389 0.754772
vt 0.495834 0.754772
vt 0.495834 0.755272
vt 0.480389 0.755272
vt 0.480230 0.755028
vt 0.480309 0.755035
vt 0.495844 0.755035
vt 0.495974 0.755028
vt 0.496099 0.755272
vt 0.480375 0.755035
vt 0.495905 0.755035
vt 0.520231 0.755272
vt 0.519178 0.495279
vt 0.496331 0.755272
vt 0.519891 0.755028
vt 0.519999 0.755272
vt 0.519812 0.755035
vt 0.495834 0.754772
vt 0.519732 0.495834
vt 0.519732 0.495834
vt 0.519732 0.754772
vt 0.519732 0.754772
vt 0.519732 0.495834
vt 0.495834 0.754772
vt 0.519732 0.755272
vt 0.495834 0.755272
vt 0.495974 0.755028
vt 0.519732 0.755035
vt 0.495834 0.755035
vt 0.480943 0.495279
vt 0.496331 0.807541
vt 0.479890 0.807541
vt 0.495834 0.808040
vt 0.480389 0.495834
vt 0.480389 0.495834
vt 0.480389 0.808040
vt 0.480389 0.495834
vt 0.495834 0.808040
vt 0.480389 0.808040
vt 0.496099 0.807541
vt 0.495974 0.807785
vt 0.495905 0.807777
vt 0.480229 0.807784
vt 0.480389 0.807540
vt 0.495834 0.807541
vt 0.495834 0.807777
vt 0.480389 0.807777
vt 0.489835 0.524075
vt 0.524521 0.755272
vt 0.489577 0.755272
vt 0.524474 0.754772
vt 0.489641 0.524539
vt 0.489641 0.754772
vt 0.489530 0.524474
vt 0.489594 0.755022
vt 0.524509 0.755022
vt 0.516847 0.755272
vt 0.482349 0.516589
vt 0.516860 0.755022
vt 0.481885 0.516785
vt 0.516786 0.754772
vt 0.481950 0.516894
vt 0.516894 0.754772
vt 0.510544 0.755272
vt 0.510286 0.524075
vt 0.510556 0.755022
vt 0.510479 0.524539
vt 0.510479 0.754772
vt 0.510591 0.524474
vt 0.510591 0.754772
vt 0.520231 0.807540
vt 0.496331 0.807540
vt 0.519178 0.495279
vt 0.519999 0.807540
vt 0.519891 0.807784
vt 0.519812 0.807777
vt 0.495974 0.807785
vt 0.519732 0.807540
vt 0.495834 0.807540
vt 0.519732 0.807777
vt 0.495834 0.807777
vt 0.519732 0.808040
vt 0.519732 0.495834
vt 0.519732 0.495834
vt 0.495834 0.808040
vt 0.495834 0.808040
vt 0.519732 0.495834
vt 0.519732 0.808040
vt 0.506941 0.755272
vt 0.479631 0.506875
vt 0.506950 0.755022
vt 0.479141 0.506975
vt 0.506975 0.754772
vt 0.500060 0.755272
vt 0.500060 0.526815
vt 0.500078 0.755022
vt 0.499996 0.527313
vt 0.499996 0.754772
vt 0.500125 0.527313
vt 0.500125 0.754772
vt 0.506364 0.807540
vt 0.517106 0.506430
vt 0.506373 0.807790
vt 0.506364 0.808040
vt 0.516606 0.506364
vt 0.514389 0.807541
vt 0.514636 0.807540
vt 0.514837 0.514895
vt 0.514402 0.807790
vt 0.514654 0.807790
vt 0.514389 0.808040
vt 0.514389 0.514636
vt 0.514636 0.808040
vt 0.493207 0.807540
vt 0.538191 0.493207
vt 0.538191 0.807540
vt 0.538691 0.493207
vt 0.493207 0.808040
vt 0.492707 0.807540
vt 0.538691 0.807540
vt 0.492968 0.808040
vt 0.538691 0.492968
vt 0.538691 0.808040
vt 0.538191 0.808040
vt 0.538191 0.492707
vt 0.538440 0.493207
vt 0.538430 0.492968
vt 0.538430 0.807909
vt 0.538440 0.807540
vt 0.538191 0.807790
vt 0.538430 0.492839
vt 0.538430 0.807780
vt 0.493207 0.755272
vt 0.538191 0.755272
vt 0.538191 0.493207
vt 0.538691 0.755272
vt 0.492707 0.755272
vt 0.493207 0.755023
vt 0.538691 0.755033
vt 0.492707 0.755033
vt 0.538191 0.755022
vt 0.538440 0.755272
vt 0.538430 0.755033
vt 0.493207 0.754772
vt 0.538691 0.493207
vt 0.538191 0.492707
vt 0.538191 0.754772
vt 0.492707 0.754772
vt 0.538430 0.754772
vt 0.538430 0.492707
vt 0.491529 0.521141
vt 0.491788 0.807540
vt 0.491788 0.520692
vt 0.491788 0.808040
vt 0.491800 0.807790
vt 0.514636 0.807541
vt 0.485732 0.807540
vt 0.485283 0.514895
vt 0.514654 0.807791
vt 0.485719 0.807791
vt 0.514636 0.808040
vt 0.485732 0.514636
vt 0.485732 0.808040
vt 0.508333 0.807541
vt 0.508592 0.521141
vt 0.508320 0.807791
vt 0.508333 0.520692
vt 0.508333 0.808040
vt 0.461897 0.493207
vt 0.493207 0.807541
vt 0.461897 0.807541
vt 0.461647 0.493207
vt 0.461897 0.492707
vt 0.461897 0.808040
vt 0.461658 0.492968
vt 0.461658 0.807909
vt 0.461397 0.807541
vt 0.492707 0.807541
vt 0.493207 0.808040
vt 0.461397 0.493207
vt 0.461397 0.492968
vt 0.492968 0.808040
vt 0.461397 0.808040
vt 0.461897 0.807790
vt 0.461647 0.807541
vt 0.461658 0.492839
vt 0.461658 0.807780
vt 0.483015 0.506430
vt 0.506364 0.807540
vt 0.506364 0.808040
vt 0.483515 0.506364
vt 0.506373 0.807791
vt 0.500060 0.807541
vt 0.500060 0.523427
vt 0.500043 0.807790
vt 0.500060 0.522909
vt 0.500060 0.808040
vt 0.506364 0.755272
vt 0.517106 0.506430
vt 0.506355 0.755022
vt 0.516606 0.506364
vt 0.506364 0.754772
vt 0.514837 0.514895
vt 0.514389 0.755272
vt 0.514636 0.755272
vt 0.514389 0.754772
vt 0.514636 0.754772
vt 0.514389 0.514636
vt 0.514402 0.755022
vt 0.514654 0.755022
vt 0.493207 0.755272
vt 0.461897 0.493207
vt 0.461897 0.755272
vt 0.461397 0.493207
vt 0.493207 0.754772
vt 0.461397 0.755272
vt 0.492707 0.755272
vt 0.461397 0.492968
vt 0.492968 0.754772
vt 0.461397 0.754772
vt 0.461897 0.754772
vt 0.461897 0.492707
vt 0.461647 0.493207
vt 0.461658 0.492968
vt 0.461658 0.754904
vt 0.461647 0.755272
vt 0.461897 0.755023
vt 0.461658 0.492839
vt 0.461658 0.755033
vt 0.493207 0.755272
vt 0.483015 0.755272
vt 0.483015 0.493207
vt 0.492958 0.755272
vt 0.493207 0.755023
vt 0.492968 0.755033
vt 0.483015 0.755023
vt 0.492707 0.755272
vt 0.483515 0.755272
vt 0.492707 0.755033
vt 0.483515 0.755033
vt 0.493207 0.754772
vt 0.483515 0.493207
vt 0.483015 0.492707
vt 0.483015 0.754772
vt 0.483515 0.754772
vt 0.483515 0.492968
vt 0.492968 0.754772
vt 0.517106 0.755272
vt 0.493207 0.755272
vt 0.517106 0.493207
vt 0.516856 0.755272
vt 0.517106 0.755023
vt 0.516867 0.755033
vt 0.493207 0.755023
vt 0.492707 0.755272
vt 0.516606 0.755272
vt 0.516606 0.755033
vt 0.492707 0.755033
vt 0.517106 0.754772
vt 0.517106 0.492707
vt 0.516606 0.493207
vt 0.493207 0.754772
vt 0.516867 0.754772
vt 0.492707 0.754772
vt 0.516867 0.492707
vt 0.483015 0.807541
vt 0.493207 0.807541
vt 0.483015 0.493207
vt 0.492707 0.807541
vt 0.483515 0.807541
vt 0.483015 0.807790
vt 0.492839 0.807780
vt 0.483254 0.807780
vt 0.493207 0.807790
vt 0.492958 0.807541
vt 0.483383 0.807780
vt 0.492968 0.807780
vt 0.483015 0.808040
vt 0.483015 0.492707
vt 0.483515 0.493207
vt 0.493207 0.808040
vt 0.492707 0.808040
vt 0.483254 0.492707
vt 0.483254 0.808040
vt 0.491788 0.755272
vt 0.491529 0.521141
vt 0.491800 0.755022
vt 0.491788 0.520692
vt 0.491788 0.754772
vt 0.485283 0.514895
vt 0.514636 0.755272
vt 0.485732 0.755272
vt 0.514636 0.754772
vt 0.485732 0.754772
vt 0.485732 0.514636
vt 0.514654 0.755022
vt 0.485719 0.755022
vt 0.508592 0.521141
vt 0.508333 0.755272
vt 0.508333 0.754772
vt 0.508333 0.520692
vt 0.508320 0.755022
vt 0.517106 0.493207
vt 0.493207 0.807540
vt 0.517106 0.807540
vt 0.493207 0.808040
vt 0.516606 0.493207
vt 0.517106 0.808040
vt 0.517106 0.492707
vt 0.516606 0.492970
vt 0.492970 0.808040
vt 0.516606 0.808040
vt 0.516606 0.807540
vt 0.492707 0.807540
vt 0.493207 0.807786
vt 0.492970 0.807778
vt 0.516735 0.807778
vt 0.517106 0.807786
vt 0.516860 0.807540
vt 0.492837 0.807778
vt 0.516868 0.807778
vt 0.483015 0.506430
vt 0.506364 0.755272
vt 0.506364 0.754772
vt 0.483515 0.506364
vt 0.506355 0.755022
vt 0.500060 0.523427
vt 0.500060 0.755272
vt 0.500060 0.754772
vt 0.500060 0.522909
vt 0.500043 0.755022
s 1
usemtl STOP
f 5146/8554/743 5212/8643/744 5216/8649/745
f 5140/8548/746 5236/8682/747 5240/8688/748
f 5149/8557/746 5200/8625/749 5204/8631/750
f 5155/8563/746 5272/8742/751 5277/8749/752
f 5134/8542/746 5260/8721/753 5264/8727/754
f 5137/8545/746 5249/8704/755 5253/8710/756
f 5140/8548/746 5233/8677/757 5141/8549/746
f 5260/8721/753 5132/8540/746 5269/8735/758
f 5137/8545/746 5245/8696/759 5138/8546/746
f 5155/8563/746 5269/8735/758 5132/8540/746
f 5152/8560/746 5281/8755/760 5153/8561/746
f 5225/8665/761 5141/8549/746 5233/8677/757
f 5146/8554/743 5209/8638/762 5147/8555/746
f 5151/8559/746 5197/8618/763 5284/8760/764
f 5139/8547/746 5245/8696/759 5236/8682/747
f 5149/8557/746 5197/8618/763 5150/8558/746
f 5143/8551/746 5221/8657/765 5144/8552/746
f 5272/8742/751 5153/8561/746 5281/8755/760
f 5134/8542/746 5257/8716/766 5135/8543/746
f 5143/8551/746 5225/8665/761 5229/8671/767
f 5212/8643/744 5144/8552/746 5221/8657/765
f 5148/8556/746 5209/8638/762 5200/8625/749
f 5249/8704/755 5135/8543/746 5257/8716/766
f 5152/8560/746 5284/8760/764 5289/8767/768
f 5155/8563/746 5132/8540/746 5133/8541/746
f 5133/8541/746 5134/8542/746 5155/8563/746
f 5134/8542/746 5135/8543/746 5155/8563/746
f 5135/8543/746 5136/8544/746 5137/8545/746
f 5137/8545/746 5138/8546/746 5139/8547/746
f 5139/8547/746 5140/8548/746 5143/8551/746
f 5140/8548/746 5141/8549/746 5143/8551/746
f 5141/8549/746 5142/8550/746 5143/8551/746
f 5143/8551/746 5144/8552/746 5145/8553/746
f 5145/8553/746 5146/8554/743 5147/8555/746
f 5147/8555/746 5148/8556/746 5149/8557/746
f 5149/8557/746 5150/8558/746 5151/8559/746
f 5151/8559/746 5152/8560/746 5155/8563/746
f 5152/8560/746 5153/8561/746 5155/8563/746
f 5153/8561/746 5154/8562/746 5155/8563/746
f 5135/8543/746 5137/8545/746 5155/8563/746
f 5137/8545/746 5139/8547/746 5155/8563/746
f 5143/8551/746 5145/8553/746 5139/8547/746
f 5145/8553/746 5147/8555/746 5139/8547/746
f 5149/8557/746 5151/8559/746 5155/8563/746
f 5139/8547/746 5149/8557/746 5155/8563/746
f 5259/8718/769 5264/8727/754 5266/8729/770
f 5262/8723/771 5264/8727/754 5260/8721/753
f 5274/8744/772 5277/8749/752 5272/8742/751
f 5271/8739/773 5277/8749/752 5279/8751/774
f 5262/8724/771 5269/8735/758 5271/8738/773
f 5235/8680/775 5240/8688/748 5242/8690/776
f 5238/8684/777 5240/8688/748 5236/8682/747
f 5259/8719/769 5249/8704/755 5257/8716/766
f 5251/8707/778 5253/8710/756 5249/8704/755
f 5247/8699/779 5253/8710/756 5255/8712/780
f 5247/8700/779 5236/8682/747 5245/8696/759
f 5211/8641/781 5216/8649/745 5218/8651/782
f 5214/8645/783 5216/8649/745 5212/8643/744
f 5227/8667/784 5233/8677/757 5235/8679/775
f 5227/8668/784 5229/8671/767 5225/8665/761
f 5223/8661/785 5229/8671/767 5231/8673/786
f 5214/8646/783 5221/8657/765 5223/8660/785
f 5286/8762/787 5289/8767/768 5284/8760/764
f 5283/8758/788 5289/8767/768 5291/8769/789
f 5274/8745/772 5281/8755/760 5283/8757/788
f 5199/8622/790 5204/8631/750 5206/8633/791
f 5202/8627/792 5204/8631/750 5200/8625/749
f 5202/8628/792 5209/8638/762 5211/8640/781
f 5286/8763/787 5197/8618/763 5199/8621/790
f 5146/8554/743 5145/8553/746 5212/8643/744
f 5140/8548/746 5139/8547/746 5236/8682/747
f 5149/8557/746 5148/8556/746 5200/8625/749
f 5155/8563/746 5154/8562/746 5272/8742/751
f 5134/8542/746 5133/8541/746 5260/8721/753
f 5137/8545/746 5136/8544/746 5249/8704/755
f 5140/8548/746 5240/8688/748 5233/8677/757
f 5260/8721/753 5133/8541/746 5132/8540/746
f 5137/8545/746 5253/8710/756 5245/8696/759
f 5155/8563/746 5277/8749/752 5269/8735/758
f 5152/8560/746 5289/8767/768 5281/8755/760
f 5225/8665/761 5142/8550/746 5141/8549/746
f 5146/8554/743 5216/8649/745 5209/8638/762
f 5151/8559/746 5150/8558/746 5197/8618/763
f 5139/8547/746 5138/8546/746 5245/8696/759
f 5149/8557/746 5204/8631/750 5197/8618/763
f 5143/8551/746 5229/8671/767 5221/8657/765
f 5272/8742/751 5154/8562/746 5153/8561/746
f 5134/8542/746 5264/8727/754 5257/8716/766
f 5143/8551/746 5142/8550/746 5225/8665/761
f 5212/8643/744 5145/8553/746 5144/8552/746
f 5148/8556/746 5147/8555/746 5209/8638/762
f 5249/8704/755 5136/8544/746 5135/8543/746
f 5152/8560/746 5151/8559/746 5284/8760/764
f 5139/8547/746 5147/8555/746 5149/8557/746
f 5259/8718/769 5257/8716/766 5264/8727/754
f 5262/8723/771 5266/8730/770 5264/8727/754
f 5274/8744/772 5279/8752/774 5277/8749/752
f 5271/8739/773 5269/8735/758 5277/8749/752
f 5262/8724/771 5260/8721/753 5269/8735/758
f 5235/8680/775 5233/8677/757 5240/8688/748
f 5238/8684/777 5242/8691/776 5240/8688/748
f 5259/8719/769 5251/8706/778 5249/8704/755
f 5251/8707/778 5255/8713/780 5253/8710/756
f 5247/8699/779 5245/8696/759 5253/8710/756
f 5247/8700/779 5238/8685/777 5236/8682/747
f 5211/8641/781 5209/8638/762 5216/8649/745
f 5214/8645/783 5218/8652/782 5216/8649/745
f 5227/8667/784 5225/8665/761 5233/8677/757
f 5227/8668/784 5231/8674/786 5229/8671/767
f 5223/8661/785 5221/8657/765 5229/8671/767
f 5214/8646/783 5212/8643/744 5221/8657/765
f 5286/8762/787 5291/8770/789 5289/8767/768
f 5283/8758/788 5281/8755/760 5289/8767/768
f 5274/8745/772 5272/8742/751 5281/8755/760
f 5199/8622/790 5197/8618/763 5204/8631/750
f 5202/8627/792 5206/8634/791 5204/8631/750
f 5202/8628/792 5200/8625/749 5209/8638/762
f 5286/8763/787 5284/8760/764 5197/8618/763
usemtl Metal
f 5237/8683/793 5341/8840/794 5332/8828/795
f 5232/8676/796 5320/8813/797 5224/8664/798
f 5261/8722/799 5360/8866/800 5265/8728/801
f 5217/8650/802 5308/8795/803 5312/8800/804
f 5241/8689/805 5332/8828/795 5336/8833/806
f 5208/8637/807 5296/8780/808 5201/8626/809
f 5280/8754/810 5368/8879/811 5273/8743/812
f 5292/8772/813 5109/8517/814 5107/8515/814
f 5201/8626/809 5300/8785/815 5205/8632/816
f 5232/8676/796 5336/8833/806 5329/8824/817
f 5265/8728/801 5353/8857/818 5256/8715/819
f 5285/8761/820 5385/8900/821 5288/8766/822
f 5268/8734/823 5356/8861/824 5261/8722/799
f 5196/8617/825 5380/8894/826 5285/8761/820
f 5248/8703/827 5349/8852/828 5252/8709/829
f 5256/8715/819 5344/8846/830 5248/8703/827
f 5220/8655/831 5308/8795/803 5213/8644/832
f 5224/8664/798 5325/8819/833 5228/8670/834
f 5288/8766/822 5377/8890/835 5280/8754/810
f 5208/8637/807 5312/8800/804 5305/8791/836
f 5228/8670/834 5317/8807/837 5220/8656/831
f 5276/8748/838 5368/8879/811 5373/8885/839
f 5252/8709/829 5341/8839/794 5244/8695/840
f 5389/8905/841 5185/8603/842 5392/8909/843
f 5333/8829/844 5119/8527/814 5117/8525/814
f 5340/8838/845 5121/8529/814 5119/8527/814
f 5381/8895/846 5130/8538/814 5384/8899/847
f 5352/8856/848 5120/8528/814 5345/8847/849
f 5352/8856/848 5124/8532/814 5122/8530/814
f 5381/8895/846 5107/8515/814 5129/8537/814
f 5345/8847/849 5121/8529/814 5348/8851/850
f 5364/8871/851 5127/8535/814 5125/8533/814
f 5357/8862/852 5124/8532/814 5361/8867/853
f 5304/8790/854 5108/8516/814 5297/8781/855
f 5309/8796/856 5112/8520/814 5313/8801/857
f 5376/8889/858 5130/8538/814 5128/8536/814
f 5364/8871/851 5123/8531/814 5357/8862/852
f 5304/8790/854 5112/8520/814 5110/8518/814
f 5309/8796/856 5113/8521/814 5111/8519/814
f 5376/8889/858 5126/8534/814 5369/8880/859
f 5297/8781/855 5109/8517/814 5301/8786/860
f 5328/8823/861 5114/8522/814 5321/8814/862
f 5369/8880/859 5127/8535/814 5372/8884/863
f 5316/8805/864 5115/8523/814 5113/8521/814
f 5321/8814/862 5115/8523/814 5324/8818/865
f 5333/8829/844 5118/8526/814 5337/8834/866
f 5328/8823/861 5118/8526/814 5116/8524/814
f 5126/8534/814 5128/8536/814 5131/8539/814
f 5124/8532/814 5123/8531/814 5131/8539/814
f 5108/8516/814 5110/8518/814 5131/8539/814
f 5112/8520/814 5111/8519/814 5131/8539/814
f 5127/8535/814 5126/8534/814 5131/8539/814
f 5129/8537/814 5107/8515/814 5131/8539/814
f 5115/8523/814 5114/8522/814 5131/8539/814
f 5125/8533/814 5127/8535/814 5131/8539/814
f 5111/8519/814 5113/8521/814 5131/8539/814
f 5113/8521/814 5115/8523/814 5131/8539/814
f 5116/8524/814 5118/8526/814 5131/8539/814
f 5114/8522/814 5116/8524/814 5131/8539/814
f 5130/8538/814 5129/8537/814 5131/8539/814
f 5118/8526/814 5117/8525/814 5131/8539/814
f 5117/8525/814 5119/8527/814 5131/8539/814
f 5128/8536/814 5130/8538/814 5131/8539/814
f 5121/8529/814 5120/8528/814 5131/8539/814
f 5120/8528/814 5122/8530/814 5131/8539/814
f 5107/8515/814 5109/8517/814 5131/8539/814
f 5119/8527/814 5121/8529/814 5131/8539/814
f 5123/8531/814 5125/8533/814 5131/8539/814
f 5122/8530/814 5124/8532/814 5131/8539/814
f 5109/8517/814 5108/8516/814 5131/8539/814
f 5110/8518/814 5112/8520/814 5131/8539/814
f 5268/8733/823 5373/8885/839 5365/8872/867
f 5449/8990/868 5181/8597/869 5180/8596/870
f 5477/9030/871 5183/8601/872 5182/8600/873
f 5465/9013/874 5187/8607/875 5186/8606/876
f 5453/8996/877 5188/8608/878 5181/8598/869
f 5485/9041/879 5157/8565/842 5488/9045/880
f 5481/9036/881 5184/8602/882 5183/8601/872
f 5469/9019/883 5190/8610/884 5187/8607/875
f 5457/9002/885 5191/8611/886 5188/8608/878
f 5437/8973/887 5489/9047/888 5440/8977/889
f 5445/8985/890 5180/8596/870 5189/8609/891
f 5473/9024/892 5182/8599/873 5190/8610/884
f 5461/9007/893 5186/8605/876 5191/8611/886
f 5496/9061/894 5160/8569/869 5500/9068/895
f 5524/9105/896 5167/8579/897 5528/9111/898
f 5512/9088/899 5164/8575/875 5516/9094/900
f 5500/9069/895 5161/8571/901 5504/9077/902
f 5537/9122/903 5168/8580/904 5532/9116/905
f 5528/9111/898 5156/8564/882 5485/9041/879
f 5516/9094/900 5165/8576/906 5520/9099/907
f 5504/9077/902 5162/8572/904 5508/9082/908
f 5488/9046/880 5158/8567/909 5492/9054/910
f 5492/9054/910 5159/8568/911 5496/9061/894
f 5520/9099/907 5166/8578/873 5524/9104/896
f 5508/9082/908 5163/8574/876 5512/9087/899
f 5436/8972/912 5185/8603/842 5184/8602/882
f 5432/8967/913 5184/8602/882 5389/8905/841
f 5420/8950/914 5190/8610/884 5424/8955/915
f 5408/8933/916 5191/8611/886 5412/8938/917
f 5392/8910/843 5189/8609/891 5396/8916/918
f 5396/8916/918 5180/8596/870 5400/8921/919
f 5424/8955/915 5182/8599/873 5428/8960/920
f 5412/8938/917 5186/8605/876 5416/8943/921
f 5400/8921/919 5181/8597/869 5404/8926/922
f 5428/8961/920 5183/8601/872 5432/8967/913
f 5416/8944/921 5187/8607/875 5420/8950/914
f 5404/8927/922 5188/8608/878 5408/8933/916
f 5541/9129/923 5169/8582/876 5537/9123/903
f 5545/9134/924 5170/8583/925 5541/9129/923
f 5573/9173/926 5177/8592/870 5569/9168/927
f 5561/9156/928 5174/8588/929 5557/9151/930
f 5549/9139/931 5171/8584/884 5545/9134/924
f 5577/9180/932 5178/8594/869 5573/9174/926
f 5565/9163/933 5175/8590/842 5561/9157/928
f 5553/9146/934 5172/8586/935 5549/9140/931
f 5580/9184/936 5689/9351/936 5592/9200/936
f 5532/9116/905 5179/8595/937 5577/9180/932
f 5569/9168/927 5176/8591/909 5565/9163/933
f 5557/9151/930 5173/8587/938 5553/9146/934
f 5417/8945/939 5556/9150/940 5413/8939/941
f 5429/8962/942 5568/9167/943 5425/8956/944
f 5401/8922/945 5540/9128/946 5397/8917/947
f 5409/8934/948 5556/9150/940 5552/9145/949
f 5425/8956/944 5564/9162/950 5421/8951/951
f 5397/8917/947 5536/9121/952 5393/8911/953
f 5388/8904/954 5576/9179/955 5433/8968/956
f 5409/8934/948 5548/9138/957 5405/8928/958
f 5421/8951/951 5560/9155/959 5417/8945/939
f 5393/8911/953 5533/9117/960 5388/8904/954
f 5433/8968/956 5572/9172/961 5429/8962/942
f 5405/8928/958 5544/9133/962 5401/8922/945
f 5604/9219/963 5688/9350/963 5677/9332/963
f 5640/9275/964 5652/9294/964 5713/9386/965
f 5616/9238/966 5676/9331/967 5665/9314/968
f 5714/9387/746 5654/9296/746 5193/8613/746
f 5617/9239/969 5653/9295/970 5628/9256/969
f 5641/9276/971 5700/9369/972 5582/9186/971
f 5724/9404/973 5833/9572/973 5736/9422/973
f 5666/9315/746 5678/9333/746 5193/8613/746
f 5690/9352/746 5701/9370/746 5193/8613/746
f 5654/9296/746 5666/9315/746 5193/8613/746
f 5678/9333/746 5690/9352/746 5193/8613/746
f 5701/9370/746 5714/9387/746 5193/8613/746
f 5581/9185/814 5192/8612/814 5642/9277/814
f 5630/9258/814 5192/8612/814 5618/9240/814
f 5606/9221/814 5192/8612/814 5594/9202/814
f 5642/9277/814 5192/8612/814 5630/9258/814
f 5618/9240/814 5192/8612/814 5606/9221/814
f 5594/9202/814 5192/8612/814 5581/9185/814
f 5748/9440/974 5832/9571/975 5821/9553/975
f 5784/9496/976 5796/9515/977 5857/9608/978
f 5749/9441/979 5809/9534/980 5760/9459/979
f 5858/9609/746 5798/9517/746 5195/8615/746
f 5761/9460/981 5797/9516/981 5772/9478/981
f 5785/9497/982 5844/9589/983 5726/9406/982
f 5868/9626/984 6025/9877/985 6021/9871/986
f 5810/9535/746 5822/9554/746 5195/8615/746
f 5834/9573/746 5845/9590/746 5195/8615/746
f 5798/9517/746 5810/9535/746 5195/8615/746
f 5822/9554/746 5834/9573/746 5195/8615/746
f 5845/9590/746 5858/9609/746 5195/8615/746
f 5725/9405/814 5194/8614/814 5786/9498/814
f 5774/9480/814 5194/8614/814 5762/9461/814
f 5750/9442/814 5194/8614/814 5738/9424/814
f 5786/9498/814 5194/8614/814 5774/9480/814
f 5762/9461/814 5194/8614/814 5750/9442/814
f 5738/9424/814 5194/8614/814 5725/9405/814
f 6002/9842/987 6029/9884/988 5878/9642/989
f 5976/9799/990 6064/9938/991 6130/10037/992
f 5901/9679/993 6057/9927/994 6052/9920/995
f 5876/9640/996 6040/9902/997 5888/9658/998
f 5928/9723/999 6061/9934/1000 5908/9693/1001
f 6002/9842/987 6021/9871/986 6152/10072/1002
f 5925/9719/1003 6057/9927/994 5904/9686/1004
f 5965/9782/1005 6085/9968/1006 5932/9730/1007
f 5869/9627/1008 5936/9736/1009 5873/9633/1010
f 5940/9744/1011 6065/9939/1012 5914/9702/1013
f 6053/9921/1014 6169/10097/1015 6080/9962/1016
f 6066/9940/1017 6105/10000/1018 6128/10035/1019
f 6145/10061/1020 6053/9921/1014 6056/9926/1021
f 6041/9903/1018 6154/10074/1022 6116/10017/1023
f 6169/10097/1015 6060/9933/1024 6080/9962/1016
f 6117/10018/1025 6020/9870/1026 6084/9967/1027
f 6165/10092/1028 6056/9925/1021 6077/9958/1029
f 6149/10068/1030 6024/9875/1031 6060/9933/1024
f 6129/10036/1032 6165/10092/1028 6077/9958/1029
f 5900/9678/1033 6016/9863/1034 5989/9819/1035
f 5953/9763/1036 5913/9701/1037 5978/9801/1038
f 5909/9694/1039 6016/9863/1034 5929/9724/1040
f 5905/9687/1041 6012/9858/1042 5924/9718/1043
f 6000/9840/1044 5890/9660/1045 5964/9781/1046
f 5873/9632/1010 5996/9833/1047 5909/9694/1039
f 5900/9677/1033 5992/9826/1048 5905/9687/1041
f 5965/9782/1005 6042/9904/1049 6118/10019/1050
f 5869/9627/1008 5966/9783/1051 5933/9731/1052
f 5988/9817/1053 6144/10059/1054 5993/9827/1055
f 6017/9864/1056 6141/10055/1057 5988/9817/1053
f 6089/9974/1058 6020/9870/1026 6024/9876/1031
f 6017/9864/1056 6148/10067/1059 6168/10096/1060
f 5908/9693/1001 6025/9877/985 5872/9631/1061
f 5952/9762/1062 6093/9981/1063 5942/9746/1064
f 6013/9859/1065 6144/10059/1054 6164/10091/1066
f 5932/9730/1007 6088/9972/1067 5937/9737/1068
f 6012/9858/1042 5977/9800/1069 5924/9718/1043
f 5997/9834/1070 6088/9972/1067 6148/10067/1059
f 5928/9723/999 6052/9920/995 6081/9963/1071
f 5976/9799/990 6076/9957/1072 5925/9719/1003
f 5952/9762/1062 6164/10091/1066 6106/10001/1049
f 5441/8979/1073 5189/8609/891 5185/8604/842
f 5472/9023/1074 5525/9106/942 5476/9028/1075
f 5456/9001/1076 5509/9083/1077 5460/9006/1078
f 5468/9018/1079 5521/9100/1080 5472/9023/1074
f 5444/8984/1081 5489/9047/888 5493/9055/1082
f 5460/9006/1078 5513/9089/1083 5464/9011/1084
f 5452/8994/1085 5505/9078/1086 5456/9001/1076
f 5464/9011/1084 5517/9095/1087 5468/9018/1079
f 5480/9035/1088 5484/9040/1089 5437/8973/887
f 5480/9035/1088 5525/9106/942 5529/9112/956
f 5448/8989/1090 5501/9070/1091 5452/8994/1085
f 5448/8989/1090 5493/9055/1082 5497/9062/1092
f 5583/9188/1093 5584/9189/1094 5580/9184/1095
f 5587/9193/1096 5585/9190/1096 5583/9187/1096
f 5581/9185/1097 5588/9194/1097 5587/9193/1098
f 5586/9192/1099 5591/9198/1100 5588/9194/1101
f 5589/9195/1102 5590/9197/1103 5582/9186/1104
f 5589/9195/1105 5585/9191/1105 5591/9199/1106
f 5585/9190/1107 5588/9194/1107 5591/9198/1107
f 5595/9203/1108 5596/9205/1109 5592/9200/1110
f 5595/9203/1111 5600/9212/1112 5597/9206/1113
f 5598/9209/1114 5599/9210/1115 5593/9201/1116
f 5602/9216/1117 5600/9214/1118 5598/9208/1119
f 5594/9202/1120 5603/9218/1121 5602/9216/1122
f 5601/9215/1123 5597/9207/1124 5603/9218/1125
f 5597/9206/1126 5600/9212/1126 5603/9217/1126
f 5607/9223/1127 5608/9224/1128 5604/9219/1129
f 5611/9231/1130 5609/9227/1130 5607/9222/1131
f 5610/9230/1132 5611/9231/1133 5605/9220/1134
f 5614/9235/1135 5612/9233/1135 5610/9229/1135
f 5606/9221/1136 5615/9237/1136 5614/9235/1137
f 5613/9234/1138 5609/9228/1139 5615/9237/1140
f 5609/9227/1141 5612/9232/1141 5615/9236/1141
f 5619/9241/1142 5620/9242/1143 5616/9238/1144
f 5619/9241/1145 5624/9250/1145 5621/9244/1146
f 5622/9247/1147 5623/9248/1148 5617/9239/1149
f 5626/9253/1150 5624/9251/1151 5622/9246/1150
f 5618/9240/1152 5627/9255/1152 5626/9253/1153
f 5625/9252/1154 5621/9245/1155 5627/9255/1156
f 5621/9244/1157 5624/9249/1157 5627/9254/1157
f 5631/9259/1158 5632/9261/1159 5628/9256/1160
f 5631/9259/1161 5636/9268/1162 5633/9262/1163
f 5634/9265/1164 5635/9266/1165 5629/9257/1166
f 5638/9272/1167 5636/9270/1168 5634/9264/1169
f 5630/9258/1170 5639/9274/1171 5638/9272/1172
f 5637/9271/1173 5633/9263/1174 5639/9274/1175
f 5633/9262/1176 5636/9268/1176 5639/9273/1176
f 5643/9279/1177 5644/9281/1178 5640/9275/1179
f 5643/9278/1180 5648/9288/1180 5645/9282/1181
f 5646/9286/1182 5647/9287/1183 5641/9276/1184
f 5650/9291/1185 5648/9289/1186 5646/9285/1187
f 5642/9277/1188 5651/9293/1188 5650/9291/1189
f 5649/9290/1190 5645/9284/1190 5651/9293/1191
f 5645/9282/1192 5648/9288/1192 5651/9292/1192
f 5655/9298/1193 5656/9299/1194 5652/9294/1195
f 5659/9306/1196 5657/9302/1196 5655/9297/1197
f 5658/9305/1198 5659/9306/1199 5653/9295/1200
f 5662/9310/1201 5660/9308/1201 5658/9304/1202
f 5654/9296/1203 5663/9312/1203 5662/9310/1204
f 5661/9309/1205 5657/9303/1206 5663/9312/1207
f 5657/9302/1208 5660/9307/1208 5663/9311/1208
f 5667/9316/1209 5668/9317/1210 5664/9313/1211
f 5671/9324/1212 5669/9320/1212 5667/9316/1213
f 5670/9322/1214 5671/9324/1215 5665/9314/1216
f 5674/9328/1217 5672/9326/1218 5670/9323/1219
f 5666/9315/1220 5675/9330/1220 5674/9328/1221
f 5673/9327/1222 5669/9321/1223 5675/9330/1224
f 5669/9319/1225 5672/9325/1226 5675/9329/1225
f 5679/9334/1227 5680/9335/1228 5676/9331/1229
f 5683/9342/1230 5681/9337/1230 5679/9334/1231
f 5682/9339/1232 5683/9341/1233 5677/9332/1234
f 5686/9347/1235 5684/9345/1236 5682/9340/1237
f 5678/9333/1238 5687/9349/1238 5686/9347/1239
f 5685/9346/1240 5681/9338/1241 5687/9349/1242
f 5681/9337/1243 5684/9343/1243 5687/9348/1243
f 5691/9354/1244 5692/9355/1245 5688/9350/1246
f 5691/9353/1247 5696/9363/1247 5693/9357/1248
f 5694/9361/1249 5695/9362/1250 5689/9351/1251
f 5698/9366/1252 5696/9364/1252 5694/9360/1253
f 5690/9352/1254 5699/9368/1255 5698/9366/1256
f 5697/9365/1257 5693/9359/1258 5699/9368/1259
f 5693/9357/1260 5696/9363/1260 5699/9367/1260
f 5703/9372/1261 5704/9374/1262 5700/9369/1263
f 5707/9378/1264 5705/9375/1265 5703/9373/1266
f 5701/9370/1267 5708/9379/1267 5707/9378/1268
f 5706/9377/1269 5711/9383/1270 5708/9379/1271
f 5709/9380/1272 5710/9381/1273 5702/9371/1274
f 5709/9380/1275 5705/9376/1275 5711/9384/1276
f 5705/9375/1277 5708/9379/1277 5711/9383/1277
f 5715/9388/1278 5716/9389/1279 5712/9385/1280
f 5715/9388/1281 5720/9397/1281 5717/9391/1282
f 5718/9393/1283 5719/9395/1284 5713/9386/1285
f 5722/9401/1286 5720/9399/1287 5718/9394/1288
f 5714/9387/1289 5723/9403/1289 5722/9401/1290
f 5721/9400/1291 5717/9392/1292 5723/9403/1293
f 5717/9391/1294 5720/9397/1294 5723/9402/1294
f 5727/9408/1295 5728/9409/1296 5724/9404/1297
f 5731/9415/1298 5729/9412/1298 5727/9407/1299
f 5725/9405/1300 5732/9416/1301 5731/9415/1302
f 5730/9414/1303 5735/9420/1304 5732/9416/1305
f 5733/9417/1306 5734/9419/1307 5726/9406/1308
f 5728/9410/1309 5735/9421/1310 5733/9417/1311
f 5729/9412/1312 5732/9416/1312 5735/9420/1312
f 5739/9425/1313 5740/9426/1314 5736/9422/1315
f 5743/9432/1316 5741/9428/1316 5739/9425/1317
f 5742/9431/1318 5743/9432/1319 5737/9423/1320
f 5746/9437/1321 5744/9435/1322 5742/9430/1323
f 5738/9424/1324 5747/9439/1324 5746/9437/1325
f 5745/9436/1326 5741/9429/1326 5747/9439/1327
f 5741/9428/1328 5744/9433/1328 5747/9438/1328
f 5751/9443/1329 5752/9444/1330 5748/9440/1331
f 5755/9451/1332 5753/9446/1332 5751/9443/1333
f 5754/9449/1334 5755/9450/1335 5749/9441/1336
f 5758/9456/1337 5756/9454/1338 5754/9448/1339
f 5750/9442/1340 5759/9458/1341 5758/9456/1342
f 5757/9455/1343 5753/9447/1344 5759/9458/1345
f 5753/9446/1346 5756/9452/1346 5759/9457/1346
f 5763/9463/1347 5764/9465/1348 5760/9459/1349
f 5767/9471/1350 5765/9467/1351 5763/9462/1352
f 5766/9470/1353 5767/9471/1354 5761/9460/1355
f 5770/9475/1356 5768/9473/1356 5766/9469/1357
f 5762/9461/1358 5771/9477/1359 5770/9475/1360
f 5769/9474/1361 5765/9468/1361 5771/9477/1362
f 5765/9467/1363 5768/9472/1363 5771/9476/1363
f 5775/9481/1364 5776/9482/1365 5772/9478/1366
f 5779/9489/1367 5777/9485/1367 5775/9481/1368
f 5778/9488/1369 5779/9489/1370 5773/9479/1371
f 5782/9493/1372 5780/9491/1373 5778/9487/1374
f 5774/9480/1375 5783/9495/1375 5782/9493/1376
f 5781/9492/1377 5777/9486/1378 5783/9495/1379
f 5777/9484/1380 5780/9490/1380 5783/9494/1381
f 5787/9500/1382 5788/9502/1383 5784/9496/1384
f 5787/9499/1385 5792/9509/1385 5789/9503/1386
f 5790/9507/1387 5791/9508/1388 5785/9497/1389
f 5794/9512/1390 5792/9510/1391 5790/9506/1392
f 5786/9498/1393 5795/9514/1393 5794/9512/1394
f 5793/9511/1395 5789/9505/1396 5795/9514/1397
f 5789/9503/1398 5792/9509/1398 5795/9513/1398
f 5799/9518/1399 5800/9519/1400 5796/9515/1401
f 5803/9525/1402 5801/9521/1402 5799/9518/1403
f 5802/9524/1404 5803/9525/1405 5797/9516/1406
f 5806/9530/1407 5804/9528/1408 5802/9523/1409
f 5798/9517/1410 5807/9532/1411 5806/9530/1412
f 5805/9529/1413 5801/9522/1414 5807/9532/1415
f 5801/9521/1416 5804/9526/1416 5807/9531/1416
f 5811/9536/1417 5812/9537/1418 5808/9533/1419
f 5815/9544/1420 5813/9539/1421 5811/9536/1422
f 5814/9542/1423 5815/9543/1424 5809/9534/1425
f 5818/9549/1426 5816/9547/1427 5814/9541/1428
f 5810/9535/1429 5819/9551/1430 5818/9549/1431
f 5817/9548/1432 5813/9540/1433 5819/9551/1434
f 5813/9539/1435 5816/9545/1435 5819/9550/1435
f 5823/9556/1436 5824/9557/1437 5820/9552/1438
f 5827/9564/1439 5825/9560/1440 5823/9555/1439
f 5826/9563/1441 5827/9564/1442 5821/9553/1443
f 5830/9568/1444 5828/9566/1445 5826/9562/1446
f 5822/9554/1447 5831/9570/1448 5830/9568/1449
f 5829/9567/1450 5825/9561/1450 5831/9570/1451
f 5825/9560/1452 5828/9565/1452 5831/9569/1452
f 5835/9574/1453 5836/9575/1454 5832/9571/1455
f 5839/9582/1456 5837/9578/1457 5835/9574/1458
f 5838/9581/1459 5839/9582/1460 5833/9572/1461
f 5842/9586/1462 5840/9584/1463 5838/9580/1464
f 5834/9573/1465 5843/9588/1466 5842/9586/1467
f 5841/9585/1468 5837/9579/1469 5843/9588/1470
f 5837/9577/1471 5840/9583/1471 5843/9587/1471
f 5847/9592/1472 5848/9594/1473 5844/9589/1474
f 5851/9598/1475 5849/9595/1475 5847/9593/1476
f 5845/9590/1477 5852/9599/1478 5851/9598/1479
f 5850/9597/1480 5855/9604/1481 5852/9599/1482
f 5853/9601/1483 5854/9602/1484 5846/9591/1485
f 5848/9594/1486 5855/9606/1486 5853/9600/1487
f 5849/9595/1488 5852/9599/1488 5855/9604/1488
f 5859/9610/1489 5860/9611/1490 5856/9607/1491
f 5863/9618/1492 5861/9613/1492 5859/9610/1493
f 5862/9616/1494 5863/9617/1495 5857/9608/1496
f 5866/9623/1497 5864/9621/1498 5862/9615/1499
f 5858/9609/1500 5867/9625/1500 5866/9623/1501
f 5865/9622/1502 5861/9614/1502 5867/9625/1503
f 5861/9613/1504 5864/9619/1504 5867/9624/1504
f 5876/9640/996 5881/9648/1505 5880/9646/1506
f 5879/9644/1507 5884/9652/1508 5881/9647/1505
f 5882/9650/1509 5883/9651/1510 5877/9641/1511
f 5882/9650/1509 5887/9656/1512 5884/9652/1508
f 5885/9653/1513 5886/9654/1514 5878/9642/989
f 5880/9645/1506 5887/9657/1512 5885/9653/1513
f 5881/9647/1505 5884/9652/1508 5887/9656/1512
f 5888/9658/998 5893/9664/1515 5892/9662/1516
f 5891/9661/1517 5896/9670/1518 5893/9664/1515
f 5894/9666/1519 5895/9668/1520 5889/9659/1521
f 5898/9674/1522 5896/9672/1518 5894/9667/1519
f 5897/9673/1523 5898/9674/1522 5890/9660/1045
f 5892/9663/1516 5899/9676/1524 5897/9673/1523
f 5893/9664/1515 5896/9670/1518 5899/9675/1524
f 5915/9703/1525 5916/9705/1526 5912/9700/1527
f 5919/9709/1528 5917/9706/1529 5915/9704/1525
f 5918/9708/1530 5919/9709/1528 5913/9701/1037
f 5922/9714/1531 5920/9710/1532 5918/9708/1530
f 5914/9702/1013 5923/9717/1533 5922/9713/1531
f 5921/9711/1534 5917/9707/1529 5923/9715/1533
f 5917/9706/1529 5920/9710/1532 5923/9716/1533
f 5940/9744/1011 5945/9752/1535 5944/9750/1536
f 5943/9748/1537 5948/9756/1538 5945/9751/1535
f 5946/9754/1539 5947/9755/1540 5941/9745/1541
f 5946/9754/1539 5951/9760/1542 5948/9756/1538
f 5949/9757/1543 5950/9758/1544 5942/9746/1064
f 5944/9749/1536 5951/9761/1542 5949/9757/1543
f 5945/9751/1535 5948/9756/1538 5951/9760/1542
f 5955/9766/1545 5956/9767/1546 5952/9762/1062
f 5959/9774/1547 5957/9770/1548 5955/9765/1545
f 5958/9773/1549 5959/9774/1547 5953/9763/1036
f 5962/9778/1550 5960/9776/1551 5958/9772/1549
f 5961/9777/1552 5962/9778/1550 5954/9764/1553
f 5961/9777/1552 5957/9771/1548 5963/9780/1554
f 5957/9770/1548 5960/9775/1551 5963/9779/1554
f 5967/9784/1555 5968/9785/1556 5964/9781/1046
f 5967/9784/1555 5972/9791/1557 5969/9786/1558
f 5970/9788/1559 5971/9789/1560 5965/9782/1005
f 5974/9796/1561 5972/9793/1557 5970/9787/1559
f 5973/9795/1562 5974/9796/1561 5966/9783/1051
f 5973/9794/1562 5969/9786/1558 5975/9797/1563
f 5969/9786/1558 5972/9791/1557 5975/9797/1563
f 5979/9803/1564 5980/9804/1565 5976/9799/990
f 5983/9810/1566 5981/9807/1567 5979/9802/1564
f 5982/9809/1568 5983/9810/1566 5977/9800/1069
f 5982/9809/1568 5987/9815/1569 5984/9811/1570
f 5985/9812/1571 5986/9813/1572 5978/9801/1038
f 5985/9812/1571 5981/9808/1567 5987/9816/1569
f 5981/9807/1567 5984/9811/1570 5987/9815/1569
f 6003/9843/1573 6004/9844/1574 6000/9840/1044
f 6007/9847/1575 6005/9845/1576 6003/9843/1573
f 6006/9846/1577 6007/9848/1575 6001/9841/1578
f 6006/9846/1577 6011/9855/1579 6008/9850/1580
f 6009/9852/1581 6010/9853/1582 6002/9842/987
f 6004/9844/1574 6011/9857/1579 6009/9851/1581
f 6005/9845/1576 6008/9849/1580 6011/9857/1579
f 6031/9887/1583 6032/9888/1584 6028/9883/1585
f 6035/9895/1586 6033/9891/1587 6031/9886/1583
f 6034/9894/1588 6035/9895/1586 6029/9884/988
f 6038/9899/1589 6036/9897/1590 6034/9893/1588
f 6037/9898/1591 6038/9899/1589 6030/9885/1592
f 6032/9889/1584 6039/9901/1593 6037/9898/1591
f 6033/9891/1587 6036/9896/1590 6039/9900/1593
f 6043/9906/1594 6044/9907/1595 6040/9902/997
f 6043/9905/1594 6048/9912/1596 6045/9908/1597
f 6046/9910/1598 6047/9911/1599 6041/9903/1018
f 6046/9910/1598 6051/9918/1600 6048/9912/1596
f 6049/9914/1601 6050/9915/1602 6042/9904/1049
f 6049/9913/1601 6045/9909/1597 6051/9917/1600
f 6045/9908/1597 6048/9912/1596 6051/9918/1600
f 6067/9941/1603 6068/9942/1604 6064/9938/991
f 6071/9949/1605 6069/9944/1606 6067/9941/1603
f 6070/9947/1607 6071/9948/1605 6065/9939/1012
f 6074/9954/1608 6072/9952/1609 6070/9946/1607
f 6073/9953/1610 6074/9954/1608 6066/9940/1017
f 6073/9953/1610 6069/9945/1606 6075/9956/1611
f 6069/9944/1606 6072/9950/1609 6075/9955/1611
f 6095/9984/1612 6096/9986/1613 6092/9980/1614
f 6095/9983/1612 6100/9993/1615 6097/9987/1616
f 6098/9991/1617 6099/9992/1618 6093/9981/1063
f 6102/9996/1619 6100/9994/1615 6098/9990/1617
f 6101/9995/1620 6102/9996/1619 6094/9982/1621
f 6096/9985/1613 6103/9998/1622 6101/9995/1620
f 6097/9987/1616 6100/9993/1615 6103/9997/1622
f 6107/10002/1623 6108/10003/1624 6104/9999/1625
f 6111/10006/1626 6109/10004/1627 6107/10002/1623
f 6110/10005/1628 6111/10007/1626 6105/10000/1018
f 6110/10005/1628 6115/10014/1629 6112/10009/1630
f 6113/10011/1631 6114/10012/1602 6106/10001/1049
f 6108/10003/1624 6115/10016/1629 6113/10010/1631
f 6109/10004/1627 6112/10008/1630 6115/10016/1629
f 6119/10020/1632 6120/10021/1619 6116/10017/1023
f 6123/10025/1633 6121/10022/1634 6119/10020/1632
f 6122/10023/1635 6123/10024/1633 6117/10018/1025
f 6126/10031/1636 6124/10027/1637 6122/10023/1635
f 6125/10029/1638 6126/10030/1636 6118/10019/1050
f 6125/10028/1638 6121/10022/1634 6127/10032/1639
f 6121/10022/1634 6124/10026/1637 6127/10032/1639
f 6131/10039/1591 6132/10040/1640 6128/10035/1019
f 6131/10038/1591 6136/10046/1641 6133/10041/1642
f 6134/10043/1643 6135/10044/1644 6129/10036/1032
f 6134/10043/1643 6139/10051/1645 6136/10046/1641
f 6137/10048/1646 6138/10049/1647 6130/10037/992
f 6132/10040/1640 6139/10053/1645 6137/10047/1646
f 6133/10042/1642 6136/10045/1641 6139/10053/1645
f 6155/10076/1648 6156/10078/1649 6152/10072/1002
f 6159/10084/1650 6157/10080/1651 6155/10075/1648
f 6158/10083/1652 6159/10084/1650 6153/10073/1653
f 6162/10088/1654 6160/10086/1655 6158/10082/1652
f 6161/10087/1656 6162/10088/1654 6154/10074/1022
f 6161/10087/1656 6157/10081/1651 6163/10090/1657
f 6157/10080/1651 6160/10085/1655 6163/10089/1657
f 5256/8715/819 5267/8732/1658 5265/8728/801
f 5258/8717/1659 5266/8731/770 5267/8732/1658
f 5261/8722/799 5267/8732/1658 5263/8726/1660
f 5263/8726/1660 5266/8731/770 5262/8725/771
f 5273/8743/812 5278/8750/1661 5275/8747/1662
f 5275/8747/1662 5279/8753/774 5274/8746/772
f 5268/8733/823 5278/8750/1661 5276/8748/838
f 5270/8737/1663 5279/8753/774 5278/8750/1661
f 5268/8734/823 5263/8726/1660 5270/8736/1663
f 5263/8726/1660 5271/8741/773 5270/8736/1663
f 5232/8676/796 5243/8693/1664 5241/8689/805
f 5234/8678/1665 5242/8692/776 5243/8693/1664
f 5237/8683/793 5243/8693/1664 5239/8687/1666
f 5239/8687/1666 5242/8692/776 5238/8686/777
f 5256/8715/819 5250/8705/1667 5258/8717/1659
f 5250/8705/1667 5259/8720/769 5258/8717/1659
f 5248/8703/827 5254/8711/1668 5250/8705/1667
f 5250/8705/1667 5255/8714/780 5251/8708/778
f 5244/8695/840 5254/8711/1668 5252/8709/829
f 5246/8697/1669 5255/8714/780 5254/8711/1668
f 5237/8683/793 5246/8698/1669 5244/8694/840
f 5239/8687/1666 5247/8702/779 5246/8698/1669
f 5208/8637/807 5219/8654/1670 5217/8650/802
f 5210/8639/1671 5218/8653/782 5219/8654/1670
f 5213/8644/832 5219/8654/1670 5215/8648/1672
f 5215/8648/1672 5218/8653/782 5214/8647/783
f 5232/8676/796 5226/8666/1673 5234/8678/1665
f 5226/8666/1673 5235/8681/775 5234/8678/1665
f 5224/8664/798 5230/8672/1674 5226/8666/1673
f 5226/8666/1673 5231/8675/786 5227/8669/784
f 5220/8656/831 5230/8672/1674 5228/8670/834
f 5222/8658/1675 5231/8675/786 5230/8672/1674
f 5213/8644/832 5222/8659/1675 5220/8655/831
f 5222/8659/1675 5214/8647/783 5223/8662/785
f 5285/8761/820 5290/8768/1676 5287/8765/1677
f 5287/8765/1677 5291/8771/789 5286/8764/787
f 5280/8754/810 5290/8768/1676 5288/8766/822
f 5282/8756/1678 5291/8771/789 5290/8768/1676
f 5280/8754/810 5275/8747/1662 5282/8756/1678
f 5275/8747/1662 5283/8759/788 5282/8756/1678
f 5196/8616/825 5207/8636/1679 5205/8632/816
f 5198/8620/1680 5206/8635/791 5207/8636/1679
f 5201/8626/809 5207/8636/1679 5203/8630/1681
f 5203/8630/1681 5206/8635/791 5202/8629/792
f 5208/8637/807 5203/8630/1681 5210/8639/1671
f 5203/8630/1681 5211/8642/781 5210/8639/1671
f 5196/8617/825 5287/8765/1677 5198/8619/1680
f 5287/8765/1677 5199/8624/790 5198/8619/1680
f 5361/8867/853 5354/8858/1682 5363/8869/1683
f 5363/8870/1683 5355/8860/1684 5362/8868/1685
f 5362/8868/1685 5353/8857/818 5360/8866/800
f 5361/8867/853 5359/8864/1686 5357/8862/852
f 5363/8870/1683 5358/8863/1687 5359/8865/1686
f 5362/8868/1685 5356/8861/824 5358/8863/1687
f 5372/8884/863 5371/8882/1688 5369/8880/859
f 5374/8887/1689 5370/8881/1690 5371/8883/1688
f 5375/8888/1691 5368/8879/811 5370/8881/1690
f 5372/8884/863 5366/8875/1692 5374/8886/1689
f 5374/8887/1689 5367/8877/1693 5375/8888/1691
f 5375/8888/1691 5365/8872/867 5373/8885/839
f 5337/8834/866 5330/8825/1694 5339/8836/1695
f 5339/8837/1695 5331/8827/1696 5338/8835/1697
f 5338/8835/1697 5329/8824/817 5336/8833/806
f 5337/8834/866 5335/8831/1698 5333/8829/844
f 5339/8837/1695 5334/8830/1699 5335/8832/1698
f 5338/8835/1697 5332/8828/795 5334/8830/1699
f 5348/8851/850 5347/8849/1700 5345/8847/849
f 5350/8854/1701 5346/8848/1702 5347/8850/1700
f 5351/8855/1703 5344/8846/830 5346/8848/1702
f 5348/8851/850 5342/8841/1704 5350/8853/1701
f 5350/8854/1701 5343/8845/1705 5351/8855/1703
f 5351/8855/1703 5341/8839/794 5349/8852/828
f 5313/8801/857 5306/8792/1706 5315/8803/1707
f 5315/8804/1707 5307/8794/1708 5314/8802/1709
f 5314/8802/1709 5305/8791/836 5312/8800/804
f 5313/8801/857 5311/8798/1710 5309/8796/856
f 5315/8804/1707 5310/8797/1711 5311/8799/1710
f 5314/8802/1709 5308/8795/803 5310/8797/1711
f 5324/8818/865 5323/8816/1712 5321/8814/862
f 5326/8821/1713 5322/8815/1714 5323/8817/1712
f 5327/8822/1715 5320/8813/797 5322/8815/1714
f 5324/8818/865 5318/8809/1716 5326/8820/1713
f 5326/8821/1713 5319/8811/1717 5327/8822/1715
f 5327/8822/1715 5317/8807/837 5325/8819/833
f 5384/8899/847 5383/8897/1718 5381/8895/846
f 5386/8902/1719 5382/8896/1720 5383/8898/1718
f 5387/8903/1721 5380/8894/826 5382/8896/1720
f 5384/8899/847 5378/8891/1722 5386/8901/1719
f 5386/8902/1719 5379/8893/1723 5387/8903/1721
f 5387/8903/1721 5377/8890/835 5385/8900/821
f 5301/8786/860 5294/8776/1724 5303/8788/1725
f 5303/8789/1725 5295/8778/1726 5302/8787/1727
f 5302/8787/1727 5293/8774/1728 5300/8785/815
f 5301/8786/860 5299/8783/1729 5297/8781/855
f 5303/8789/1725 5298/8782/1730 5299/8784/1729
f 5302/8787/1727 5296/8780/808 5298/8782/1730
f 5304/8790/854 5299/8783/1729 5306/8792/1706
f 5299/8784/1729 5307/8794/1708 5306/8793/1706
f 5298/8782/1730 5305/8791/836 5307/8794/1708
f 5381/8895/846 5294/8776/1724 5292/8772/813
f 5294/8777/1724 5382/8896/1720 5295/8779/1726
f 5295/8779/1726 5380/8894/826 5293/8773/1728
f 5309/8796/856 5318/8809/1716 5316/8805/864
f 5318/8810/1716 5310/8797/1711 5319/8812/1717
f 5319/8812/1717 5308/8795/803 5317/8806/837
f 5328/8823/861 5323/8816/1712 5330/8825/1694
f 5323/8817/1712 5331/8827/1696 5330/8826/1694
f 5322/8815/1714 5329/8824/817 5331/8827/1696
f 5340/8838/845 5335/8831/1698 5342/8841/1704
f 5342/8843/1704 5334/8830/1699 5343/8844/1705
f 5334/8830/1699 5341/8840/794 5343/8844/1705
f 5352/8856/848 5347/8849/1700 5354/8858/1682
f 5354/8859/1682 5346/8848/1702 5355/8860/1684
f 5346/8848/1702 5353/8857/818 5355/8860/1684
f 5364/8871/851 5359/8864/1686 5366/8875/1692
f 5359/8865/1686 5367/8878/1693 5366/8874/1692
f 5358/8863/1687 5365/8873/867 5367/8878/1693
f 5376/8889/858 5371/8882/1688 5378/8891/1722
f 5371/8883/1688 5379/8893/1723 5378/8892/1722
f 5370/8881/1690 5377/8890/835 5379/8893/1723
f 5388/8904/954 5395/8915/1731 5393/8911/953
f 5390/8906/1732 5394/8913/1733 5395/8915/1731
f 5391/8907/1734 5392/8909/843 5394/8912/1733
f 5393/8911/953 5399/8920/1735 5397/8917/947
f 5395/8915/1731 5398/8918/1736 5399/8920/1735
f 5398/8919/1736 5392/8910/843 5396/8916/918
f 5397/8917/947 5403/8925/1737 5401/8922/945
f 5399/8920/1735 5402/8923/1738 5403/8925/1737
f 5398/8919/1736 5400/8921/919 5402/8924/1738
f 5405/8928/958 5403/8925/1737 5407/8932/1739
f 5403/8925/1737 5406/8930/1740 5407/8932/1739
f 5406/8929/1740 5400/8921/919 5404/8926/922
f 5405/8928/958 5411/8937/1741 5409/8934/948
f 5407/8932/1739 5410/8935/1742 5411/8937/1741
f 5406/8931/1740 5408/8933/916 5410/8936/1742
f 5413/8939/941 5411/8937/1741 5415/8942/1743
f 5411/8937/1741 5414/8940/1744 5415/8942/1743
f 5410/8936/1742 5412/8938/917 5414/8941/1744
f 5413/8939/941 5419/8949/1745 5417/8945/939
f 5415/8942/1743 5418/8947/1746 5419/8949/1745
f 5414/8941/1744 5416/8943/921 5418/8946/1746
f 5417/8945/939 5423/8954/1747 5421/8951/951
f 5419/8949/1745 5422/8952/1748 5423/8954/1747
f 5418/8948/1746 5420/8950/914 5422/8953/1748
f 5421/8951/951 5427/8959/1749 5425/8956/944
f 5423/8954/1747 5426/8957/1750 5427/8959/1749
f 5422/8953/1748 5424/8955/915 5426/8958/1750
f 5425/8956/944 5431/8966/1751 5429/8962/942
f 5427/8959/1749 5430/8964/1752 5431/8966/1751
f 5430/8963/1752 5424/8955/915 5428/8960/920
f 5429/8962/942 5435/8971/1753 5433/8968/956
f 5431/8966/1751 5434/8969/1754 5435/8971/1753
f 5434/8970/1754 5428/8961/920 5432/8967/913
f 5388/8904/954 5435/8971/1753 5390/8906/1732
f 5435/8971/1753 5391/8908/1734 5390/8906/1732
f 5434/8970/1754 5389/8905/841 5391/8907/1734
f 5436/8972/912 5443/8981/1755 5441/8978/1073
f 5438/8974/1756 5442/8980/1757 5443/8983/1755
f 5439/8976/1758 5440/8977/889 5442/8980/1757
f 5441/8979/1073 5447/8987/1759 5445/8985/890
f 5443/8983/1755 5446/8986/1760 5447/8988/1759
f 5442/8980/1757 5444/8984/1081 5446/8986/1760
f 5445/8985/890 5451/8992/1761 5449/8990/868
f 5447/8988/1759 5450/8991/1762 5451/8993/1761
f 5446/8986/1760 5448/8989/1090 5450/8991/1762
f 5449/8990/868 5455/8998/1763 5453/8995/877
f 5451/8993/1761 5454/8997/1764 5455/9000/1763
f 5450/8991/1762 5452/8994/1085 5454/8997/1764
f 5453/8996/877 5459/9004/1765 5457/9002/885
f 5455/9000/1763 5458/9003/1766 5459/9005/1765
f 5454/8997/1764 5456/9001/1076 5458/9003/1766
f 5457/9002/885 5463/9009/1767 5461/9007/893
f 5459/9005/1765 5462/9008/1768 5463/9010/1767
f 5462/9008/1768 5456/9001/1076 5460/9006/1078
f 5461/9007/893 5467/9015/1769 5465/9012/874
f 5463/9010/1767 5466/9014/1770 5467/9017/1769
f 5462/9008/1768 5464/9011/1084 5466/9014/1770
f 5465/9013/874 5471/9021/1771 5469/9019/883
f 5467/9017/1769 5470/9020/1772 5471/9022/1771
f 5466/9014/1770 5468/9018/1079 5470/9020/1772
f 5473/9024/892 5471/9021/1771 5475/9026/1773
f 5471/9022/1771 5474/9025/1774 5475/9027/1773
f 5470/9020/1772 5472/9023/1074 5474/9025/1774
f 5473/9024/892 5479/9032/1775 5477/9029/871
f 5475/9027/1773 5478/9031/1776 5479/9034/1775
f 5474/9025/1774 5476/9028/1075 5478/9031/1776
f 5477/9030/871 5483/9038/1777 5481/9036/881
f 5479/9034/1775 5482/9037/1778 5483/9039/1777
f 5478/9031/1776 5480/9035/1088 5482/9037/1778
f 5481/9036/881 5438/8975/1756 5436/8972/912
f 5483/9039/1777 5439/8976/1758 5438/8974/1756
f 5482/9037/1778 5437/8973/887 5439/8976/1758
f 5484/9040/1089 5491/9051/1779 5489/9047/888
f 5486/9042/1780 5490/9048/1781 5491/9051/1779
f 5490/9049/1781 5485/9041/879 5488/9045/880
f 5493/9055/1082 5491/9052/1779 5495/9057/1782
f 5491/9053/1779 5494/9056/1783 5495/9058/1782
f 5494/9056/1783 5488/9046/880 5492/9054/910
f 5497/9062/1092 5495/9059/1782 5499/9064/1784
f 5495/9060/1782 5498/9063/1738 5499/9065/1784
f 5498/9063/1738 5492/9054/910 5496/9061/894
f 5497/9062/1092 5503/9075/1785 5501/9070/1091
f 5499/9067/1784 5502/9071/1786 5503/9074/1785
f 5502/9071/1786 5496/9061/894 5500/9068/895
f 5501/9070/1091 5507/9081/1787 5505/9078/1086
f 5503/9076/1785 5506/9079/1788 5507/9081/1787
f 5502/9073/1786 5504/9077/902 5506/9080/1788
f 5505/9078/1086 5511/9086/1743 5509/9083/1077
f 5507/9081/1787 5510/9084/1789 5511/9086/1743
f 5506/9080/1788 5508/9082/908 5510/9085/1789
f 5509/9083/1077 5515/9093/1790 5513/9089/1083
f 5511/9086/1743 5514/9091/1746 5515/9093/1790
f 5510/9085/1789 5512/9087/899 5514/9090/1746
f 5513/9089/1083 5519/9098/1791 5517/9095/1087
f 5515/9093/1790 5518/9096/1792 5519/9098/1791
f 5518/9097/1792 5512/9088/899 5516/9094/900
f 5517/9095/1087 5523/9103/1793 5521/9100/1080
f 5519/9098/1791 5522/9101/1794 5523/9103/1793
f 5518/9097/1792 5520/9099/907 5522/9102/1794
f 5521/9100/1080 5527/9110/1795 5525/9106/942
f 5523/9103/1793 5526/9108/1796 5527/9110/1795
f 5522/9102/1794 5524/9104/896 5526/9107/1796
f 5529/9112/956 5527/9110/1795 5531/9115/1797
f 5527/9110/1795 5530/9113/1798 5531/9115/1797
f 5526/9109/1796 5528/9111/898 5530/9114/1798
f 5529/9112/956 5486/9042/1780 5484/9040/1089
f 5531/9115/1797 5487/9044/1799 5486/9042/1780
f 5530/9114/1798 5485/9041/879 5487/9043/1799
f 5532/9116/905 5539/9125/1800 5537/9122/903
f 5534/9118/1801 5538/9124/1802 5539/9127/1800
f 5538/9124/1802 5533/9117/960 5536/9121/952
f 5537/9123/903 5543/9131/1803 5541/9129/923
f 5539/9127/1800 5542/9130/1804 5543/9132/1803
f 5538/9124/1802 5540/9128/946 5542/9130/1804
f 5541/9129/923 5547/9136/1805 5545/9134/924
f 5547/9137/1805 5542/9130/1804 5546/9135/1806
f 5542/9130/1804 5544/9133/962 5546/9135/1806
f 5545/9134/924 5551/9142/1807 5549/9139/931
f 5551/9144/1807 5546/9135/1806 5550/9141/1808
f 5546/9135/1806 5548/9138/957 5550/9141/1808
f 5549/9140/931 5555/9148/1809 5553/9146/934
f 5551/9144/1807 5554/9147/1810 5555/9149/1809
f 5550/9141/1808 5552/9145/949 5554/9147/1810
f 5553/9146/934 5559/9153/1811 5557/9151/930
f 5555/9149/1809 5558/9152/1812 5559/9154/1811
f 5554/9147/1810 5556/9150/940 5558/9152/1812
f 5557/9151/930 5563/9159/1813 5561/9156/928
f 5559/9154/1811 5562/9158/1814 5563/9161/1813
f 5558/9152/1812 5560/9155/959 5562/9158/1814
f 5565/9163/933 5563/9160/1813 5567/9165/1815
f 5563/9161/1813 5566/9164/1816 5567/9166/1815
f 5566/9164/1816 5560/9155/959 5564/9162/950
f 5565/9163/933 5571/9170/1817 5569/9168/927
f 5567/9166/1815 5570/9169/1818 5571/9171/1817
f 5566/9164/1816 5568/9167/943 5570/9169/1818
f 5569/9168/927 5575/9176/1819 5573/9173/926
f 5571/9171/1817 5574/9175/1820 5575/9178/1819
f 5574/9175/1820 5568/9167/943 5572/9172/961
f 5577/9180/932 5575/9177/1819 5579/9182/1821
f 5575/9178/1819 5578/9181/1822 5579/9183/1821
f 5578/9181/1822 5572/9172/961 5576/9179/955
f 5577/9180/932 5534/9119/1801 5532/9116/905
f 5579/9183/1821 5535/9120/1823 5534/9118/1801
f 5578/9181/1822 5533/9117/960 5535/9120/1823
f 5581/9185/1824 5601/9215/1825 5594/9202/1825
f 5601/9215/1826 5583/9187/1826 5596/9204/1826
f 5596/9205/1827 5580/9184/1828 5592/9200/1827
f 5606/9221/1829 5602/9216/1830 5613/9234/1831
f 5602/9216/1832 5608/9225/1833 5613/9234/1832
f 5598/9209/1834 5604/9219/1835 5608/9224/1835
f 5618/9240/1836 5614/9235/1836 5625/9252/1837
f 5625/9252/1838 5610/9229/1839 5620/9243/1838
f 5610/9230/1840 5616/9238/1841 5620/9242/1841
f 5618/9240/1842 5637/9271/1843 5630/9258/1844
f 5637/9271/1845 5622/9246/1845 5632/9260/1846
f 5632/9261/1847 5617/9239/1848 5628/9256/1847
f 5642/9277/1849 5638/9272/1850 5649/9290/1851
f 5649/9290/1852 5634/9264/1853 5644/9280/1854
f 5644/9281/1855 5629/9257/1856 5640/9275/1855
f 5581/9185/1857 5650/9291/1858 5586/9192/1859
f 5650/9291/1860 5590/9196/1860 5586/9192/1860
f 5590/9197/1861 5641/9276/1862 5582/9186/1861
f 5712/9385/1863 5703/9372/1864 5700/9369/1864
f 5703/9373/1865 5721/9400/1866 5707/9378/1865
f 5707/9378/1867 5714/9387/1868 5701/9370/1867
f 5713/9386/1869 5656/9299/1870 5718/9393/1871
f 5718/9394/1872 5661/9309/1873 5722/9401/1874
f 5661/9309/1875 5714/9387/1876 5722/9401/1876
f 5664/9313/1877 5658/9305/1878 5653/9295/1878
f 5668/9318/1879 5662/9310/1880 5658/9304/1879
f 5662/9310/1881 5666/9315/1882 5654/9296/1881
f 5665/9314/1883 5680/9335/1884 5670/9322/1883
f 5670/9323/1885 5685/9346/1886 5674/9328/1885
f 5685/9346/1887 5666/9315/1888 5674/9328/1889
f 5677/9332/1890 5692/9355/1891 5682/9339/1892
f 5682/9340/1893 5697/9365/1894 5686/9347/1895
f 5697/9365/1896 5678/9333/1897 5686/9347/1897
f 5702/9371/1898 5694/9361/1899 5689/9351/1900
f 5710/9382/1901 5698/9366/1901 5694/9360/1901
f 5698/9366/1902 5701/9370/1903 5690/9352/1904
f 5713/9386/1905 5643/9279/1906 5640/9275/1906
f 5719/9396/1907 5647/9287/1908 5643/9278/1909
f 5715/9388/1910 5641/9276/1911 5647/9287/1911
f 5580/9184/1912 5709/9380/1913 5702/9371/1914
f 5584/9189/1915 5704/9374/1915 5709/9380/1915
f 5589/9195/1916 5700/9369/1917 5704/9374/1918
f 5665/9314/1919 5619/9241/1920 5616/9238/1920
f 5671/9324/1921 5623/9248/1921 5619/9241/1921
f 5623/9248/1922 5664/9313/1923 5617/9239/1924
f 5629/9257/1925 5655/9298/1926 5652/9294/1926
f 5635/9267/1927 5659/9306/1928 5655/9297/1928
f 5659/9306/1929 5628/9256/1930 5653/9295/1929
f 5689/9351/1931 5595/9203/1932 5592/9200/1932
f 5695/9362/1933 5599/9211/1934 5595/9203/1934
f 5691/9354/1935 5593/9201/1936 5599/9210/1936
f 5676/9331/1937 5611/9231/1938 5679/9334/1937
f 5611/9231/1939 5683/9342/1940 5679/9334/1941
f 5607/9223/1942 5677/9332/1943 5683/9341/1943
f 5738/9424/1944 5731/9415/1945 5745/9436/1944
f 5745/9436/1946 5727/9407/1947 5740/9427/1946
f 5727/9408/1948 5736/9422/1949 5740/9426/1949
f 5738/9424/1950 5757/9455/1951 5750/9442/1952
f 5746/9437/1953 5752/9445/1953 5757/9455/1954
f 5742/9431/1955 5748/9440/1956 5752/9444/1956
f 5750/9442/1957 5769/9474/1958 5762/9461/1959
f 5769/9474/1960 5754/9448/1960 5764/9464/1961
f 5764/9465/1962 5749/9441/1962 5760/9459/1962
f 5774/9480/1963 5770/9475/1964 5781/9492/1965
f 5770/9475/1966 5776/9483/1967 5781/9492/1967
f 5766/9470/1968 5772/9478/1969 5776/9482/1969
f 5786/9498/1970 5782/9493/1971 5793/9511/1970
f 5782/9493/1972 5788/9501/1973 5793/9511/1973
f 5788/9502/1974 5773/9479/1975 5784/9496/1974
f 5786/9498/1976 5730/9414/1977 5725/9405/1976
f 5730/9414/1978 5790/9506/1979 5734/9418/1980
f 5790/9507/1981 5726/9406/1981 5734/9419/1981
f 5844/9589/1982 5860/9611/1983 5847/9592/1982
f 5847/9593/1984 5865/9622/1985 5851/9598/1986
f 5851/9598/1987 5858/9609/1988 5845/9590/1987
f 5796/9515/1989 5862/9616/1990 5857/9608/1991
f 5800/9520/1992 5866/9623/1993 5862/9615/1993
f 5866/9623/1994 5798/9517/1995 5858/9609/1994
f 5797/9516/1996 5812/9537/1997 5802/9524/1996
f 5812/9538/1998 5806/9530/1999 5802/9523/1999
f 5817/9548/2000 5798/9517/2001 5806/9530/2001
f 5820/9552/2002 5814/9542/2003 5809/9534/2003
f 5824/9558/2004 5818/9549/2005 5814/9541/2006
f 5818/9549/2007 5822/9554/2008 5810/9535/2007
f 5832/9571/2009 5826/9563/2010 5821/9553/2010
f 5836/9576/2011 5830/9568/2012 5826/9562/2011
f 5830/9568/2013 5834/9573/2013 5822/9554/2013
f 5833/9572/2014 5854/9602/2015 5838/9581/2014
f 5854/9603/2016 5842/9586/2017 5838/9580/2017
f 5850/9597/2018 5834/9573/2019 5842/9586/2020
f 5857/9608/2021 5787/9500/2022 5784/9496/2022
f 5863/9618/2023 5791/9508/2024 5787/9499/2023
f 5859/9610/2025 5785/9497/2025 5791/9508/2025
f 5846/9591/2026 5728/9409/2027 5853/9601/2026
f 5728/9410/2028 5848/9594/2029 5853/9600/2029
f 5733/9417/2030 5844/9589/2031 5848/9594/2032
f 5809/9534/2033 5763/9463/2034 5760/9459/2034
f 5815/9544/2035 5767/9471/2036 5763/9462/2036
f 5811/9536/2037 5761/9460/2038 5767/9471/2038
f 5773/9479/2039 5799/9518/2040 5796/9515/2040
f 5779/9489/2041 5803/9525/2042 5799/9518/2043
f 5775/9481/2044 5797/9516/2044 5803/9525/2044
f 5833/9572/2045 5739/9425/2045 5736/9422/2045
f 5839/9582/2046 5743/9432/2047 5739/9425/2047
f 5835/9574/2048 5737/9423/2049 5743/9432/2049
f 5749/9441/2050 5823/9556/2051 5820/9552/2051
f 5755/9451/2052 5827/9564/2053 5823/9555/2053
f 5751/9443/2054 5821/9553/2054 5827/9564/2054
f 5929/9724/1040 5902/9680/2055 5931/9729/2056
f 5931/9729/2056 5903/9682/2057 5930/9725/2058
f 5930/9726/2058 5901/9679/993 5928/9723/999
f 5912/9700/1527 5980/9804/1565 5915/9703/1525
f 5915/9704/1525 5985/9812/1571 5919/9709/1528
f 5919/9709/1528 5978/9801/1038 5913/9701/1037
f 5909/9694/1039 5931/9729/2056 5911/9699/2059
f 5911/9699/2059 5930/9727/2058 5910/9695/2060
f 5930/9728/2058 5908/9693/1001 5910/9696/2060
f 5924/9718/1043 5907/9692/2061 5905/9687/1041
f 5926/9720/2062 5906/9689/2063 5907/9692/2061
f 5927/9721/2064 5904/9686/1004 5906/9688/2063
f 5876/9640/996 5892/9662/1516 5879/9643/1507
f 5879/9644/1507 5897/9673/1523 5883/9651/1510
f 5897/9673/1523 5877/9641/1511 5883/9651/1510
f 5873/9632/1010 5911/9699/2059 5875/9638/2065
f 5911/9699/2059 5874/9635/2066 5875/9638/2065
f 5910/9698/2060 5872/9631/1061 5874/9634/2066
f 5905/9687/1041 5902/9681/2055 5900/9677/1033
f 5907/9692/2061 5903/9684/2057 5902/9681/2055
f 5903/9685/2057 5904/9686/1004 5901/9679/993
f 5878/9642/989 6009/9852/1581 6002/9842/987
f 5886/9655/1514 6004/9844/1574 6009/9851/1581
f 5882/9650/1509 6000/9840/1044 6004/9844/1574
f 5869/9627/1008 5875/9639/2065 5871/9630/2067
f 5871/9630/2067 5874/9636/2066 5870/9629/2068
f 5870/9628/2068 5872/9631/1061 5868/9626/984
f 5988/9817/1053 6019/9866/2069 6017/9864/1056
f 6019/9867/2069 5991/9824/2070 6018/9865/2071
f 6018/9865/2071 5989/9819/1035 6016/9863/1034
f 6013/9859/1065 5956/9767/1546 6015/9861/2072
f 6015/9862/2072 5961/9777/1552 6014/9860/2073
f 6014/9860/2073 5954/9764/1553 6012/9858/1042
f 5978/9801/1038 5958/9773/1549 5953/9763/1036
f 5986/9814/1572 5962/9778/1550 5958/9772/1549
f 5982/9809/1568 5954/9764/1553 5962/9778/1550
f 5997/9834/1070 6019/9868/2069 5999/9836/2074
f 6019/9869/2069 5998/9835/2075 5999/9837/2074
f 6018/9865/2071 5996/9833/1047 5998/9835/2075
f 5993/9827/1055 6015/9861/2072 5995/9829/2076
f 5995/9830/2076 6014/9860/2073 5994/9828/2077
f 5994/9828/2077 6012/9858/1042 5992/9826/1048
f 5964/9781/1046 6003/9843/1573 6000/9840/1044
f 6003/9843/1573 5973/9794/1562 6007/9847/1575
f 5973/9795/1562 6001/9841/1578 6007/9848/1575
f 5868/9626/984 6010/9853/1582 5870/9628/2068
f 5870/9629/2068 6006/9846/1577 5871/9630/2067
f 5871/9630/2067 6001/9841/1578 5869/9627/1008
f 5937/9737/1068 5999/9838/2074 5939/9740/2078
f 5939/9741/2078 5998/9835/2075 5938/9738/2079
f 5998/9835/2075 5936/9735/1009 5938/9738/2079
f 5993/9827/1055 5990/9823/2080 5988/9817/1053
f 5995/9832/2076 5991/9825/2070 5990/9820/2080
f 5991/9825/2070 5992/9826/1048 5989/9818/1035
f 5932/9730/1007 5970/9788/1559 5965/9782/1005
f 5934/9732/2081 5974/9796/1561 5970/9787/1559
f 5935/9734/2082 5966/9783/1051 5974/9796/1561
f 5925/9719/1003 5979/9803/1564 5976/9799/990
f 5927/9722/2064 5983/9810/1566 5979/9802/1564
f 5926/9720/2062 5977/9800/1069 5983/9810/1566
f 5937/9737/1068 5934/9733/2081 5932/9730/1007
f 5939/9743/2078 5935/9734/2082 5934/9732/2081
f 5938/9739/2079 5933/9731/1052 5935/9734/2082
f 5889/9659/1521 5971/9789/1560 5894/9666/1519
f 5894/9667/1519 5967/9784/1555 5898/9674/1522
f 5898/9674/1522 5964/9781/1046 5890/9660/1045
f 5914/9702/1013 5943/9747/1537 5940/9744/1011
f 5943/9748/1537 5918/9708/1530 5947/9755/1540
f 5918/9708/1530 5941/9745/1541 5947/9755/1540
f 5942/9746/1064 5955/9766/1545 5952/9762/1062
f 5950/9759/1544 5959/9774/1547 5955/9765/1545
f 5946/9754/1539 5953/9763/1036 5959/9774/1547
f 6052/9920/995 6083/9965/2083 6081/9963/1071
f 6083/9966/2083 6055/9924/2084 6082/9964/2085
f 6055/9924/2084 6080/9962/1016 6082/9964/2085
f 6128/10035/1019 6073/9953/1610 6066/9940/1017
f 6132/10040/1640 6068/9943/1604 6073/9953/1610
f 6137/10048/1646 6064/9938/991 6068/9942/1604
f 6081/9963/1071 6063/9936/2086 6061/9934/1000
f 6063/9937/2086 6082/9964/2085 6062/9935/2087
f 6082/9964/2085 6060/9933/1024 6062/9935/2087
f 6076/9957/1072 6059/9931/2088 6057/9927/994
f 6078/9959/2089 6058/9928/2090 6059/9930/2088
f 6079/9961/2091 6056/9925/1021 6058/9928/2090
f 6030/9885/1592 6047/9911/1599 6037/9898/1591
f 6047/9911/1599 6032/9889/1584 6037/9898/1591
f 6043/9906/1594 6028/9883/1585 6032/9888/1584
f 6025/9877/985 6063/9936/2086 6027/9881/2092
f 6063/9937/2086 6026/9878/2093 6027/9880/2092
f 6062/9935/2087 6024/9875/1031 6026/9878/2093
f 6052/9920/995 6059/9931/2088 6054/9922/2094
f 6054/9923/2094 6058/9929/2090 6055/9924/2084
f 6055/9924/2084 6056/9926/1021 6053/9921/1014
f 6030/9885/1592 6161/10087/1656 6154/10074/1022
f 6038/9899/1589 6156/10077/1649 6161/10087/1656
f 6156/10078/1649 6029/9884/988 6152/10072/1002
f 6021/9871/986 6027/9881/2092 6023/9874/2095
f 6023/9873/2095 6026/9879/2093 6022/9872/2096
f 6022/9872/2096 6024/9876/1031 6020/9870/1026
f 6140/10054/2097 6171/10100/2098 6169/10097/1015
f 6142/10056/2099 6170/10098/2100 6171/10100/2098
f 6143/10057/2101 6168/10096/1060 6170/10099/2100
f 6165/10092/1028 6108/10003/1624 6167/10095/2102
f 6167/10095/2102 6113/10010/1631 6166/10093/2103
f 6166/10094/2103 6106/10001/1049 6164/10091/1066
f 6129/10036/1032 6107/10002/1623 6104/9999/1625
f 6135/10044/1644 6111/10006/1626 6107/10002/1623
f 6111/10007/1626 6128/10035/1019 6105/10000/1018
f 6149/10068/1030 6171/10100/2098 6151/10071/2104
f 6171/10100/2098 6150/10069/2105 6151/10071/2104
f 6170/10099/2100 6148/10067/1059 6150/10070/2105
f 6145/10060/1020 6167/10095/2102 6147/10065/2106
f 6147/10065/2106 6166/10093/2103 6146/10062/2107
f 6146/10064/2107 6164/10091/1066 6144/10059/1054
f 6153/10073/1653 6123/10024/1633 6158/10083/1652
f 6123/10025/1633 6162/10088/1654 6158/10082/1652
f 6119/10020/1632 6154/10074/1022 6162/10088/1654
f 6020/9870/1026 6159/10084/1650 6022/9872/2096
f 6022/9872/2096 6155/10075/1648 6023/9873/2095
f 6023/9874/2095 6152/10072/1002 6021/9871/986
f 6149/10068/1030 6091/9978/2108 6089/9973/1058
f 6151/10071/2104 6090/9975/2109 6091/9978/2108
f 6150/10070/2105 6088/9972/1067 6090/9977/2109
f 6145/10061/1020 6142/10056/2099 6140/10054/2097
f 6147/10066/2106 6143/10058/2101 6142/10056/2099
f 6146/10064/2107 6141/10055/1057 6143/10057/2101
f 6084/9967/1027 6122/10023/1635 6117/10018/1025
f 6086/9969/2110 6126/10031/1636 6122/10023/1635
f 6087/9970/2111 6118/10019/1050 6126/10030/1636
f 6077/9958/1029 6134/10043/1643 6129/10036/1032
f 6079/9961/2091 6138/10050/1647 6134/10043/1643
f 6078/9960/2089 6130/10037/992 6138/10049/1647
f 6089/9974/1058 6086/9969/2110 6084/9967/1027
f 6091/9979/2108 6087/9971/2111 6086/9969/2110
f 6090/9977/2109 6085/9968/1006 6087/9970/2111
f 6041/9903/1018 6120/10021/1619 6046/9910/1598
f 6120/10021/1619 6050/9916/1602 6046/9910/1598
f 6125/10029/1638 6042/9904/1049 6050/9915/1602
f 6066/9940/1017 6101/9995/1620 6094/9982/1621
f 6074/9954/1608 6096/9985/1613 6101/9995/1620
f 6096/9986/1613 6065/9939/1012 6092/9980/1614
f 6094/9982/1621 6110/10005/1628 6105/10000/1018
f 6102/9996/1619 6114/10013/1602 6110/10005/1628
f 6098/9991/1617 6106/10001/1049 6114/10012/1602
f 5878/9642/989 6035/9895/1586 5885/9653/1513
f 5885/9653/1513 6031/9886/1583 5880/9645/1506
f 5880/9646/1506 6028/9883/1585 5876/9640/996
f 6040/9902/997 5891/9661/1517 5888/9658/998
f 6044/9907/1595 5895/9669/1520 5891/9661/1517
f 6049/9914/1601 5889/9659/1521 5895/9668/1520
f 6065/9939/1012 5921/9712/1534 5914/9702/1013
f 6071/9949/1605 5916/9705/1526 5921/9711/1534
f 6067/9941/1603 5912/9700/1527 5916/9705/1526
f 5942/9746/1064 6099/9992/1618 5949/9757/1543
f 5949/9757/1543 6095/9983/1612 5944/9749/1536
f 5944/9750/1536 6092/9980/1614 5940/9744/1011
f 5205/8632/816 5293/8774/1728 5196/8616/825
f 5237/8683/793 5244/8694/840 5341/8840/794
f 5232/8676/796 5329/8824/817 5320/8813/797
f 5261/8722/799 5356/8861/824 5360/8866/800
f 5217/8650/802 5213/8644/832 5308/8795/803
f 5241/8689/805 5237/8683/793 5332/8828/795
f 5208/8637/807 5305/8791/836 5296/8780/808
f 5280/8754/810 5377/8890/835 5368/8879/811
f 5292/8772/813 5301/8786/860 5109/8517/814
f 5201/8626/809 5296/8780/808 5300/8785/815
f 5232/8676/796 5241/8689/805 5336/8833/806
f 5265/8728/801 5360/8866/800 5353/8857/818
f 5285/8761/820 5380/8894/826 5385/8900/821
f 5268/8734/823 5365/8873/867 5356/8861/824
f 5196/8617/825 5293/8773/1728 5380/8894/826
f 5248/8703/827 5344/8846/830 5349/8852/828
f 5256/8715/819 5353/8857/818 5344/8846/830
f 5220/8655/831 5317/8806/837 5308/8795/803
f 5224/8664/798 5320/8813/797 5325/8819/833
f 5288/8766/822 5385/8900/821 5377/8890/835
f 5208/8637/807 5217/8650/802 5312/8800/804
f 5228/8670/834 5325/8819/833 5317/8807/837
f 5276/8748/838 5273/8743/812 5368/8879/811
f 5252/8709/829 5349/8852/828 5341/8839/794
f 5389/8905/841 5184/8602/882 5185/8603/842
f 5333/8829/844 5340/8838/845 5119/8527/814
f 5340/8838/845 5348/8851/850 5121/8529/814
f 5381/8895/846 5129/8537/814 5130/8538/814
f 5352/8856/848 5122/8530/814 5120/8528/814
f 5352/8856/848 5361/8867/853 5124/8532/814
f 5381/8895/846 5292/8772/813 5107/8515/814
f 5345/8847/849 5120/8528/814 5121/8529/814
f 5364/8871/851 5372/8884/863 5127/8535/814
f 5357/8862/852 5123/8531/814 5124/8532/814
f 5304/8790/854 5110/8518/814 5108/8516/814
f 5309/8796/856 5111/8519/814 5112/8520/814
f 5376/8889/858 5384/8899/847 5130/8538/814
f 5364/8871/851 5125/8533/814 5123/8531/814
f 5304/8790/854 5313/8801/857 5112/8520/814
f 5309/8796/856 5316/8805/864 5113/8521/814
f 5376/8889/858 5128/8536/814 5126/8534/814
f 5297/8781/855 5108/8516/814 5109/8517/814
f 5328/8823/861 5116/8524/814 5114/8522/814
f 5369/8880/859 5126/8534/814 5127/8535/814
f 5316/8805/864 5324/8818/865 5115/8523/814
f 5321/8814/862 5114/8522/814 5115/8523/814
f 5333/8829/844 5117/8525/814 5118/8526/814
f 5328/8823/861 5337/8834/866 5118/8526/814
f 5268/8733/823 5276/8748/838 5373/8885/839
f 5449/8990/868 5453/8995/877 5181/8597/869
f 5477/9030/871 5481/9036/881 5183/8601/872
f 5465/9013/874 5469/9019/883 5187/8607/875
f 5453/8996/877 5457/9002/885 5188/8608/878
f 5485/9041/879 5156/8564/882 5157/8565/842
f 5481/9036/881 5436/8972/912 5184/8602/882
f 5469/9019/883 5473/9024/892 5190/8610/884
f 5457/9002/885 5461/9007/893 5191/8611/886
f 5437/8973/887 5484/9040/1089 5489/9047/888
f 5445/8985/890 5449/8990/868 5180/8596/870
f 5473/9024/892 5477/9029/871 5182/8599/873
f 5461/9007/893 5465/9012/874 5186/8605/876
f 5496/9061/894 5159/8568/911 5160/8569/869
f 5524/9105/896 5166/8577/873 5167/8579/897
f 5512/9088/899 5163/8573/876 5164/8575/875
f 5500/9069/895 5160/8570/869 5161/8571/901
f 5537/9122/903 5169/8581/876 5168/8580/904
f 5528/9111/898 5167/8579/897 5156/8564/882
f 5516/9094/900 5164/8575/875 5165/8576/906
f 5504/9077/902 5161/8571/901 5162/8572/904
f 5488/9046/880 5157/8566/842 5158/8567/909
f 5492/9054/910 5158/8567/909 5159/8568/911
f 5520/9099/907 5165/8576/906 5166/8578/873
f 5508/9082/908 5162/8572/904 5163/8574/876
f 5436/8972/912 5441/8978/1073 5185/8603/842
f 5432/8967/913 5183/8601/872 5184/8602/882
f 5420/8950/914 5187/8607/875 5190/8610/884
f 5408/8933/916 5188/8608/878 5191/8611/886
f 5392/8910/843 5185/8604/842 5189/8609/891
f 5396/8916/918 5189/8609/891 5180/8596/870
f 5424/8955/915 5190/8610/884 5182/8599/873
f 5412/8938/917 5191/8611/886 5186/8605/876
f 5400/8921/919 5180/8596/870 5181/8597/869
f 5428/8961/920 5182/8600/873 5183/8601/872
f 5416/8944/921 5186/8606/876 5187/8607/875
f 5404/8927/922 5181/8598/869 5188/8608/878
f 5541/9129/923 5170/8583/925 5169/8582/876
f 5545/9134/924 5171/8584/884 5170/8583/925
f 5573/9173/926 5178/8593/869 5177/8592/870
f 5561/9156/928 5175/8589/842 5174/8588/929
f 5549/9139/931 5172/8585/935 5171/8584/884
f 5577/9180/932 5179/8595/937 5178/8594/869
f 5565/9163/933 5176/8591/909 5175/8590/842
f 5553/9146/934 5173/8587/938 5172/8586/935
f 5580/9184/936 5702/9371/936 5689/9351/936
f 5532/9116/905 5168/8580/904 5179/8595/937
f 5569/9168/927 5177/8592/870 5176/8591/909
f 5557/9151/930 5174/8588/929 5173/8587/938
f 5417/8945/939 5560/9155/959 5556/9150/940
f 5429/8962/942 5572/9172/961 5568/9167/943
f 5401/8922/945 5544/9133/962 5540/9128/946
f 5409/8934/948 5413/8939/941 5556/9150/940
f 5425/8956/944 5568/9167/943 5564/9162/950
f 5397/8917/947 5540/9128/946 5536/9121/952
f 5388/8904/954 5533/9117/960 5576/9179/955
f 5409/8934/948 5552/9145/949 5548/9138/957
f 5421/8951/951 5564/9162/950 5560/9155/959
f 5393/8911/953 5536/9121/952 5533/9117/960
f 5433/8968/956 5576/9179/955 5572/9172/961
f 5405/8928/958 5548/9138/957 5544/9133/962
f 5604/9219/963 5593/9201/963 5688/9350/963
f 5640/9275/964 5629/9257/964 5652/9294/964
f 5616/9238/966 5605/9220/966 5676/9331/967
f 5617/9239/969 5664/9313/2112 5653/9295/970
f 5641/9276/971 5712/9385/972 5700/9369/972
f 5724/9404/973 5846/9591/973 5833/9572/973
f 5748/9440/974 5737/9423/974 5832/9571/975
f 5784/9496/976 5773/9479/2113 5796/9515/977
f 5749/9441/979 5820/9552/980 5809/9534/980
f 5761/9460/981 5808/9533/981 5797/9516/981
f 5785/9497/982 5856/9607/983 5844/9589/983
f 5868/9626/984 5872/9631/1061 6025/9877/985
f 6002/9842/987 6152/10072/1002 6029/9884/988
f 5976/9799/990 5912/9700/1527 6064/9938/991
f 5901/9679/993 5904/9686/1004 6057/9927/994
f 5876/9640/996 6028/9883/1585 6040/9902/997
f 5928/9723/999 6081/9963/1071 6061/9934/1000
f 6002/9842/987 5868/9626/984 6021/9871/986
f 5925/9719/1003 6076/9957/1072 6057/9927/994
f 5965/9782/1005 6118/10019/1050 6085/9968/1006
f 5869/9627/1008 5933/9731/1052 5936/9736/1009
f 5940/9744/1011 6092/9980/1614 6065/9939/1012
f 6053/9921/1014 6140/10054/2097 6169/10097/1015
f 6066/9940/1017 6094/9982/1621 6105/10000/1018
f 6145/10061/1020 6140/10054/2097 6053/9921/1014
f 6041/9903/1018 6030/9885/1592 6154/10074/1022
f 6169/10097/1015 6149/10068/1030 6060/9933/1024
f 6117/10018/1025 6153/10073/1653 6020/9870/1026
f 6165/10092/1028 6145/10060/1020 6056/9925/1021
f 6149/10068/1030 6089/9973/1058 6024/9875/1031
f 6129/10036/1032 6104/9999/1625 6165/10092/1028
f 5900/9678/1033 5929/9724/1040 6016/9863/1034
f 5953/9763/1036 5941/9745/1541 5913/9701/1037
f 5909/9694/1039 5996/9833/1047 6016/9863/1034
f 5905/9687/1041 5992/9826/1048 6012/9858/1042
f 6000/9840/1044 5877/9641/1511 5890/9660/1045
f 5873/9632/1010 5936/9735/1009 5996/9833/1047
f 5900/9677/1033 5989/9818/1035 5992/9826/1048
f 5965/9782/1005 5889/9659/1521 6042/9904/1049
f 5869/9627/1008 6001/9841/1578 5966/9783/1051
f 5988/9817/1053 6141/10055/1057 6144/10059/1054
f 6017/9864/1056 6168/10096/1060 6141/10055/1057
f 6089/9974/1058 6084/9967/1027 6020/9870/1026
f 6017/9864/1056 5997/9834/1070 6148/10067/1059
f 5908/9693/1001 6061/9934/1000 6025/9877/985
f 5952/9762/1062 6106/10001/1049 6093/9981/1063
f 6013/9859/1065 5993/9827/1055 6144/10059/1054
f 5932/9730/1007 6085/9968/1006 6088/9972/1067
f 6012/9858/1042 5954/9764/1553 5977/9800/1069
f 5997/9834/1070 5937/9737/1068 6088/9972/1067
f 5928/9723/999 5901/9679/993 6052/9920/995
f 5976/9799/990 6130/10037/992 6076/9957/1072
f 5952/9762/1062 6013/9859/1065 6164/10091/1066
f 5441/8979/1073 5445/8985/890 5189/8609/891
f 5472/9023/1074 5521/9100/1080 5525/9106/942
f 5456/9001/1076 5505/9078/1086 5509/9083/1077
f 5468/9018/1079 5517/9095/1087 5521/9100/1080
f 5444/8984/1081 5440/8977/889 5489/9047/888
f 5460/9006/1078 5509/9083/1077 5513/9089/1083
f 5452/8994/1085 5501/9070/1091 5505/9078/1086
f 5464/9011/1084 5513/9089/1083 5517/9095/1087
f 5480/9035/1088 5529/9112/956 5484/9040/1089
f 5480/9035/1088 5476/9028/1075 5525/9106/942
f 5448/8989/1090 5497/9062/1092 5501/9070/1091
f 5448/8989/1090 5444/8984/1081 5493/9055/1082
f 5583/9188/1093 5585/9191/2114 5584/9189/1094
f 5587/9193/1096 5588/9194/2115 5585/9190/1096
f 5581/9185/1097 5586/9192/2116 5588/9194/1097
f 5586/9192/1099 5590/9196/2117 5591/9198/1100
f 5589/9195/1102 5591/9199/2118 5590/9197/1103
f 5589/9195/1105 5584/9189/2119 5585/9191/1105
f 5595/9203/1108 5597/9206/2120 5596/9205/1109
f 5595/9203/1111 5599/9211/2121 5600/9212/1112
f 5598/9209/1114 5600/9213/2122 5599/9210/1115
f 5602/9216/1117 5603/9218/2123 5600/9214/1118
f 5594/9202/1120 5601/9215/2124 5603/9218/1121
f 5601/9215/1123 5596/9204/2125 5597/9207/1124
f 5607/9223/1127 5609/9226/2126 5608/9224/1128
f 5611/9231/1130 5612/9232/2127 5609/9227/1130
f 5610/9230/1132 5612/9232/2128 5611/9231/1133
f 5614/9235/1135 5615/9237/2129 5612/9233/1135
f 5606/9221/1136 5613/9234/2130 5615/9237/1136
f 5613/9234/1138 5608/9225/2131 5609/9228/1139
f 5619/9241/1142 5621/9244/2132 5620/9242/1143
f 5619/9241/1145 5623/9248/2133 5624/9250/1145
f 5622/9247/1147 5624/9250/2134 5623/9248/1148
f 5626/9253/1150 5627/9255/2135 5624/9251/1151
f 5618/9240/1152 5625/9252/2136 5627/9255/1152
f 5625/9252/1154 5620/9243/2137 5621/9245/1155
f 5631/9259/1158 5633/9262/2138 5632/9261/1159
f 5631/9259/1161 5635/9267/2139 5636/9268/1162
f 5634/9265/1164 5636/9269/2140 5635/9266/1165
f 5638/9272/1167 5639/9274/2141 5636/9270/1168
f 5630/9258/1170 5637/9271/2142 5639/9274/1171
f 5637/9271/1173 5632/9260/2143 5633/9263/1174
f 5643/9279/1177 5645/9283/2144 5644/9281/1178
f 5643/9278/1180 5647/9287/2145 5648/9288/1180
f 5646/9286/1182 5648/9288/2146 5647/9287/1183
f 5650/9291/1185 5651/9293/2147 5648/9289/1186
f 5642/9277/1188 5649/9290/2148 5651/9293/1188
f 5649/9290/1190 5644/9280/2149 5645/9284/1190
f 5655/9298/1193 5657/9301/2150 5656/9299/1194
f 5659/9306/1196 5660/9307/2151 5657/9302/1196
f 5658/9305/1198 5660/9307/2152 5659/9306/1199
f 5662/9310/1201 5663/9312/2153 5660/9308/1201
f 5654/9296/1203 5661/9309/2154 5663/9312/1203
f 5661/9309/1205 5656/9300/2155 5657/9303/1206
f 5667/9316/1209 5669/9320/2156 5668/9317/1210
f 5671/9324/1212 5672/9325/2157 5669/9320/1212
f 5670/9322/1214 5672/9325/2158 5671/9324/1215
f 5674/9328/1217 5675/9330/2159 5672/9326/1218
f 5666/9315/1220 5673/9327/2160 5675/9330/1220
f 5673/9327/1222 5668/9318/2161 5669/9321/1223
f 5679/9334/1227 5681/9337/2162 5680/9335/1228
f 5683/9342/1230 5684/9343/2163 5681/9337/1230
f 5682/9339/1232 5684/9344/2164 5683/9341/1233
f 5686/9347/1235 5687/9349/2165 5684/9345/1236
f 5678/9333/1238 5685/9346/2166 5687/9349/1238
f 5685/9346/1240 5680/9336/2167 5681/9338/1241
f 5691/9354/1244 5693/9358/2168 5692/9355/1245
f 5691/9353/1247 5695/9362/2169 5696/9363/1247
f 5694/9361/1249 5696/9363/2170 5695/9362/1250
f 5698/9366/1252 5699/9368/2171 5696/9364/1252
f 5690/9352/1254 5697/9365/2172 5699/9368/1255
f 5697/9365/1257 5692/9356/2173 5693/9359/1258
f 5703/9372/1261 5705/9376/2174 5704/9374/1262
f 5707/9378/1264 5708/9379/2175 5705/9375/1265
f 5701/9370/1267 5706/9377/2176 5708/9379/1267
f 5706/9377/1269 5710/9382/2177 5711/9383/1270
f 5709/9380/1272 5711/9384/2178 5710/9381/1273
f 5709/9380/1275 5704/9374/1275 5705/9376/1275
f 5715/9388/1278 5717/9391/2179 5716/9389/1279
f 5715/9388/1281 5719/9396/2180 5720/9397/1281
f 5718/9393/1283 5720/9398/2181 5719/9395/1284
f 5722/9401/1286 5723/9403/2182 5720/9399/1287
f 5714/9387/1289 5721/9400/2183 5723/9403/1289
f 5721/9400/1291 5716/9390/2184 5717/9392/1292
f 5727/9408/1295 5729/9411/2185 5728/9409/1296
f 5731/9415/1298 5732/9416/1298 5729/9412/1298
f 5725/9405/1300 5730/9414/2186 5732/9416/1301
f 5730/9414/1303 5734/9418/2187 5735/9420/1304
f 5733/9417/1306 5735/9421/2188 5734/9419/1307
f 5728/9410/1309 5729/9413/2189 5735/9421/1310
f 5739/9425/1313 5741/9428/2190 5740/9426/1314
f 5743/9432/1316 5744/9434/2191 5741/9428/1316
f 5742/9431/1318 5744/9434/2192 5743/9432/1319
f 5746/9437/1321 5747/9439/2193 5744/9435/1322
f 5738/9424/1324 5745/9436/2194 5747/9439/1324
f 5745/9436/1326 5740/9427/2195 5741/9429/1326
f 5751/9443/1329 5753/9446/2196 5752/9444/1330
f 5755/9451/1332 5756/9452/1332 5753/9446/1332
f 5754/9449/1334 5756/9453/2197 5755/9450/1335
f 5758/9456/1337 5759/9458/2198 5756/9454/1338
f 5750/9442/1340 5757/9455/2199 5759/9458/1341
f 5757/9455/1343 5752/9445/2200 5753/9447/1344
f 5763/9463/1347 5765/9466/2201 5764/9465/1348
f 5767/9471/1350 5768/9472/2202 5765/9467/1351
f 5766/9470/1353 5768/9472/2203 5767/9471/1354
f 5770/9475/1356 5771/9477/2204 5768/9473/1356
f 5762/9461/1358 5769/9474/2205 5771/9477/1359
f 5769/9474/1361 5764/9464/2206 5765/9468/1361
f 5775/9481/1364 5777/9485/2207 5776/9482/1365
f 5779/9489/1367 5780/9490/2208 5777/9485/1367
f 5778/9488/1369 5780/9490/2209 5779/9489/1370
f 5782/9493/1372 5783/9495/2210 5780/9491/1373
f 5774/9480/1375 5781/9492/2211 5783/9495/1375
f 5781/9492/1377 5776/9483/2212 5777/9486/1378
f 5787/9500/1382 5789/9504/2213 5788/9502/1383
f 5787/9499/1385 5791/9508/2214 5792/9509/1385
f 5790/9507/1387 5792/9509/2215 5791/9508/1388
f 5794/9512/1390 5795/9514/2216 5792/9510/1391
f 5786/9498/1393 5793/9511/2217 5795/9514/1393
f 5793/9511/1395 5788/9501/1395 5789/9505/1396
f 5799/9518/1399 5801/9521/2218 5800/9519/1400
f 5803/9525/1402 5804/9527/2219 5801/9521/1402
f 5802/9524/1404 5804/9527/2220 5803/9525/1405
f 5806/9530/1407 5807/9532/2221 5804/9528/1408
f 5798/9517/1410 5805/9529/2222 5807/9532/1411
f 5805/9529/1413 5800/9520/2223 5801/9522/1414
f 5811/9536/1417 5813/9539/2224 5812/9537/1418
f 5815/9544/1420 5816/9545/2225 5813/9539/1421
f 5814/9542/1423 5816/9546/2226 5815/9543/1424
f 5818/9549/1426 5819/9551/2227 5816/9547/1427
f 5810/9535/1429 5817/9548/2228 5819/9551/1430
f 5817/9548/1432 5812/9538/2229 5813/9540/1433
f 5823/9556/1436 5825/9559/2230 5824/9557/1437
f 5827/9564/1439 5828/9565/2231 5825/9560/1440
f 5826/9563/1441 5828/9565/2232 5827/9564/1442
f 5830/9568/1444 5831/9570/2233 5828/9566/1445
f 5822/9554/1447 5829/9567/2234 5831/9570/1448
f 5829/9567/1450 5824/9558/1450 5825/9561/1450
f 5835/9574/1453 5837/9578/2235 5836/9575/1454
f 5839/9582/1456 5840/9583/2236 5837/9578/1457
f 5838/9581/1459 5840/9583/2237 5839/9582/1460
f 5842/9586/1462 5843/9588/2238 5840/9584/1463
f 5834/9573/1465 5841/9585/2239 5843/9588/1466
f 5841/9585/1468 5836/9576/2240 5837/9579/1469
f 5847/9592/1472 5849/9596/2241 5848/9594/1473
f 5851/9598/1475 5852/9599/2242 5849/9595/1475
f 5845/9590/1477 5850/9597/2243 5852/9599/1478
f 5850/9597/1480 5854/9603/2244 5855/9604/1481
f 5853/9601/1483 5855/9605/2245 5854/9602/1484
f 5848/9594/1486 5849/9596/2246 5855/9606/1486
f 5859/9610/1489 5861/9613/2247 5860/9611/1490
f 5863/9618/1492 5864/9619/2248 5861/9613/1492
f 5862/9616/1494 5864/9620/2249 5863/9617/1495
f 5866/9623/1497 5867/9625/2250 5864/9621/1498
f 5858/9609/1500 5865/9622/2251 5867/9625/1500
f 5865/9622/1502 5860/9612/2252 5861/9614/1502
f 5876/9640/996 5879/9643/1507 5881/9648/1505
f 5879/9644/1507 5883/9651/1510 5884/9652/1508
f 5882/9650/1509 5884/9652/1508 5883/9651/1510
f 5882/9650/1509 5886/9655/1514 5887/9656/1512
f 5885/9653/1513 5887/9657/1512 5886/9654/1514
f 5880/9645/1506 5881/9649/1505 5887/9657/1512
f 5888/9658/998 5891/9661/1517 5893/9664/1515
f 5891/9661/1517 5895/9669/1520 5896/9670/1518
f 5894/9666/1519 5896/9671/1518 5895/9668/1520
f 5898/9674/1522 5899/9676/1524 5896/9672/1518
f 5897/9673/1523 5899/9676/1524 5898/9674/1522
f 5892/9663/1516 5893/9665/1515 5899/9676/1524
f 5915/9703/1525 5917/9707/1529 5916/9705/1526
f 5919/9709/1528 5920/9710/1532 5917/9706/1529
f 5918/9708/1530 5920/9710/1532 5919/9709/1528
f 5922/9714/1531 5923/9716/1533 5920/9710/1532
f 5914/9702/1013 5921/9712/1534 5923/9717/1533
f 5921/9711/1534 5916/9705/1526 5917/9707/1529
f 5940/9744/1011 5943/9747/1537 5945/9752/1535
f 5943/9748/1537 5947/9755/1540 5948/9756/1538
f 5946/9754/1539 5948/9756/1538 5947/9755/1540
f 5946/9754/1539 5950/9759/1544 5951/9760/1542
f 5949/9757/1543 5951/9761/1542 5950/9758/1544
f 5944/9749/1536 5945/9753/1535 5951/9761/1542
f 5955/9766/1545 5957/9769/1548 5956/9767/1546
f 5959/9774/1547 5960/9775/1551 5957/9770/1548
f 5958/9773/1549 5960/9775/1551 5959/9774/1547
f 5962/9778/1550 5963/9780/1554 5960/9776/1551
f 5961/9777/1552 5963/9780/1554 5962/9778/1550
f 5961/9777/1552 5956/9768/1546 5957/9771/1548
f 5967/9784/1555 5969/9786/1558 5968/9785/1556
f 5967/9784/1555 5971/9790/1560 5972/9791/1557
f 5970/9788/1559 5972/9792/1557 5971/9789/1560
f 5974/9796/1561 5975/9798/1563 5972/9793/1557
f 5973/9795/1562 5975/9798/1563 5974/9796/1561
f 5973/9794/1562 5968/9785/1556 5969/9786/1558
f 5979/9803/1564 5981/9806/1567 5980/9804/1565
f 5983/9810/1566 5984/9811/1570 5981/9807/1567
f 5982/9809/1568 5984/9811/1570 5983/9810/1566
f 5982/9809/1568 5986/9814/1572 5987/9815/1569
f 5985/9812/1571 5987/9816/1569 5986/9813/1572
f 5985/9812/1571 5980/9805/1565 5981/9808/1567
f 6003/9843/1573 6005/9845/1576 6004/9844/1574
f 6007/9847/1575 6008/9849/1580 6005/9845/1576
f 6006/9846/1577 6008/9850/1580 6007/9848/1575
f 6006/9846/1577 6010/9854/1582 6011/9855/1579
f 6009/9852/1581 6011/9856/1579 6010/9853/1582
f 6004/9844/1574 6005/9845/1576 6011/9857/1579
f 6031/9887/1583 6033/9890/1587 6032/9888/1584
f 6035/9895/1586 6036/9896/1590 6033/9891/1587
f 6034/9894/1588 6036/9896/1590 6035/9895/1586
f 6038/9899/1589 6039/9901/1593 6036/9897/1590
f 6037/9898/1591 6039/9901/1593 6038/9899/1589
f 6032/9889/1584 6033/9892/1587 6039/9901/1593
f 6043/9906/1594 6045/9909/1597 6044/9907/1595
f 6043/9905/1594 6047/9911/1599 6048/9912/1596
f 6046/9910/1598 6048/9912/1596 6047/9911/1599
f 6046/9910/1598 6050/9916/1602 6051/9918/1600
f 6049/9914/1601 6051/9919/1600 6050/9915/1602
f 6049/9913/1601 6044/9907/1595 6045/9909/1597
f 6067/9941/1603 6069/9944/1606 6068/9942/1604
f 6071/9949/1605 6072/9950/1609 6069/9944/1606
f 6070/9947/1607 6072/9951/1609 6071/9948/1605
f 6074/9954/1608 6075/9956/1611 6072/9952/1609
f 6073/9953/1610 6075/9956/1611 6074/9954/1608
f 6073/9953/1610 6068/9943/1604 6069/9945/1606
f 6095/9984/1612 6097/9988/1616 6096/9986/1613
f 6095/9983/1612 6099/9992/1618 6100/9993/1615
f 6098/9991/1617 6100/9993/1615 6099/9992/1618
f 6102/9996/1619 6103/9998/1622 6100/9994/1615
f 6101/9995/1620 6103/9998/1622 6102/9996/1619
f 6096/9985/1613 6097/9989/1616 6103/9998/1622
f 6107/10002/1623 6109/10004/1627 6108/10003/1624
f 6111/10006/1626 6112/10008/1630 6109/10004/1627
f 6110/10005/1628 6112/10009/1630 6111/10007/1626
f 6110/10005/1628 6114/10013/1602 6115/10014/1629
f 6113/10011/1631 6115/10015/1629 6114/10012/1602
f 6108/10003/1624 6109/10004/1627 6115/10016/1629
f 6119/10020/1632 6121/10022/1634 6120/10021/1619
f 6123/10025/1633 6124/10026/1637 6121/10022/1634
f 6122/10023/1635 6124/10027/1637 6123/10024/1633
f 6126/10031/1636 6127/10033/1639 6124/10027/1637
f 6125/10029/1638 6127/10034/1639 6126/10030/1636
f 6125/10028/1638 6120/10021/1619 6121/10022/1634
f 6131/10039/1591 6133/10042/1642 6132/10040/1640
f 6131/10038/1591 6135/10044/1644 6136/10046/1641
f 6134/10043/1643 6136/10046/1641 6135/10044/1644
f 6134/10043/1643 6138/10050/1647 6139/10051/1645
f 6137/10048/1646 6139/10052/1645 6138/10049/1647
f 6132/10040/1640 6133/10042/1642 6139/10053/1645
f 6155/10076/1648 6157/10079/1651 6156/10078/1649
f 6159/10084/1650 6160/10085/1655 6157/10080/1651
f 6158/10083/1652 6160/10085/1655 6159/10084/1650
f 6162/10088/1654 6163/10090/1657 6160/10086/1655
f 6161/10087/1656 6163/10090/1657 6162/10088/1654
f 6161/10087/1656 6156/10077/1649 6157/10081/1651
f 5256/8715/819 5258/8717/1659 5267/8732/1658
f 5258/8717/1659 5259/8720/769 5266/8731/770
f 5261/8722/799 5265/8728/801 5267/8732/1658
f 5263/8726/1660 5267/8732/1658 5266/8731/770
f 5273/8743/812 5276/8748/838 5278/8750/1661
f 5275/8747/1662 5278/8750/1661 5279/8753/774
f 5268/8733/823 5270/8737/1663 5278/8750/1661
f 5270/8737/1663 5271/8740/773 5279/8753/774
f 5268/8734/823 5261/8722/799 5263/8726/1660
f 5263/8726/1660 5262/8725/771 5271/8741/773
f 5232/8676/796 5234/8678/1665 5243/8693/1664
f 5234/8678/1665 5235/8681/775 5242/8692/776
f 5237/8683/793 5241/8689/805 5243/8693/1664
f 5239/8687/1666 5243/8693/1664 5242/8692/776
f 5256/8715/819 5248/8703/827 5250/8705/1667
f 5250/8705/1667 5251/8708/778 5259/8720/769
f 5248/8703/827 5252/8709/829 5254/8711/1668
f 5250/8705/1667 5254/8711/1668 5255/8714/780
f 5244/8695/840 5246/8697/1669 5254/8711/1668
f 5246/8697/1669 5247/8701/779 5255/8714/780
f 5237/8683/793 5239/8687/1666 5246/8698/1669
f 5239/8687/1666 5238/8686/777 5247/8702/779
f 5208/8637/807 5210/8639/1671 5219/8654/1670
f 5210/8639/1671 5211/8642/781 5218/8653/782
f 5213/8644/832 5217/8650/802 5219/8654/1670
f 5215/8648/1672 5219/8654/1670 5218/8653/782
f 5232/8676/796 5224/8664/798 5226/8666/1673
f 5226/8666/1673 5227/8669/784 5235/8681/775
f 5224/8664/798 5228/8670/834 5230/8672/1674
f 5226/8666/1673 5230/8672/1674 5231/8675/786
f 5220/8656/831 5222/8658/1675 5230/8672/1674
f 5222/8658/1675 5223/8663/785 5231/8675/786
f 5213/8644/832 5215/8648/1672 5222/8659/1675
f 5222/8659/1675 5215/8648/1672 5214/8647/783
f 5285/8761/820 5288/8766/822 5290/8768/1676
f 5287/8765/1677 5290/8768/1676 5291/8771/789
f 5280/8754/810 5282/8756/1678 5290/8768/1676
f 5282/8756/1678 5283/8759/788 5291/8771/789
f 5280/8754/810 5273/8743/812 5275/8747/1662
f 5275/8747/1662 5274/8746/772 5283/8759/788
f 5196/8616/825 5198/8620/1680 5207/8636/1679
f 5198/8620/1680 5199/8623/790 5206/8635/791
f 5201/8626/809 5205/8632/816 5207/8636/1679
f 5203/8630/1681 5207/8636/1679 5206/8635/791
f 5208/8637/807 5201/8626/809 5203/8630/1681
f 5203/8630/1681 5202/8629/792 5211/8642/781
f 5196/8617/825 5285/8761/820 5287/8765/1677
f 5287/8765/1677 5286/8764/787 5199/8624/790
f 5361/8867/853 5352/8856/848 5354/8858/1682
f 5363/8870/1683 5354/8859/1682 5355/8860/1684
f 5362/8868/1685 5355/8860/1684 5353/8857/818
f 5361/8867/853 5363/8869/1683 5359/8864/1686
f 5363/8870/1683 5362/8868/1685 5358/8863/1687
f 5362/8868/1685 5360/8866/800 5356/8861/824
f 5372/8884/863 5374/8886/1689 5371/8882/1688
f 5374/8887/1689 5375/8888/1691 5370/8881/1690
f 5375/8888/1691 5373/8885/839 5368/8879/811
f 5372/8884/863 5364/8871/851 5366/8875/1692
f 5374/8887/1689 5366/8876/1692 5367/8877/1693
f 5375/8888/1691 5367/8877/1693 5365/8872/867
f 5337/8834/866 5328/8823/861 5330/8825/1694
f 5339/8837/1695 5330/8826/1694 5331/8827/1696
f 5338/8835/1697 5331/8827/1696 5329/8824/817
f 5337/8834/866 5339/8836/1695 5335/8831/1698
f 5339/8837/1695 5338/8835/1697 5334/8830/1699
f 5338/8835/1697 5336/8833/806 5332/8828/795
f 5348/8851/850 5350/8853/1701 5347/8849/1700
f 5350/8854/1701 5351/8855/1703 5346/8848/1702
f 5351/8855/1703 5349/8852/828 5344/8846/830
f 5348/8851/850 5340/8838/845 5342/8841/1704
f 5350/8854/1701 5342/8842/1704 5343/8845/1705
f 5351/8855/1703 5343/8845/1705 5341/8839/794
f 5313/8801/857 5304/8790/854 5306/8792/1706
f 5315/8804/1707 5306/8793/1706 5307/8794/1708
f 5314/8802/1709 5307/8794/1708 5305/8791/836
f 5313/8801/857 5315/8803/1707 5311/8798/1710
f 5315/8804/1707 5314/8802/1709 5310/8797/1711
f 5314/8802/1709 5312/8800/804 5308/8795/803
f 5324/8818/865 5326/8820/1713 5323/8816/1712
f 5326/8821/1713 5327/8822/1715 5322/8815/1714
f 5327/8822/1715 5325/8819/833 5320/8813/797
f 5324/8818/865 5316/8805/864 5318/8809/1716
f 5326/8821/1713 5318/8808/1716 5319/8811/1717
f 5327/8822/1715 5319/8811/1717 5317/8807/837
f 5384/8899/847 5386/8901/1719 5383/8897/1718
f 5386/8902/1719 5387/8903/1721 5382/8896/1720
f 5387/8903/1721 5385/8900/821 5380/8894/826
f 5384/8899/847 5376/8889/858 5378/8891/1722
f 5386/8902/1719 5378/8892/1722 5379/8893/1723
f 5387/8903/1721 5379/8893/1723 5377/8890/835
f 5301/8786/860 5292/8772/813 5294/8776/1724
f 5303/8789/1725 5294/8775/1724 5295/8778/1726
f 5302/8787/1727 5295/8778/1726 5293/8774/1728
f 5301/8786/860 5303/8788/1725 5299/8783/1729
f 5303/8789/1725 5302/8787/1727 5298/8782/1730
f 5302/8787/1727 5300/8785/815 5296/8780/808
f 5304/8790/854 5297/8781/855 5299/8783/1729
f 5299/8784/1729 5298/8782/1730 5307/8794/1708
f 5298/8782/1730 5296/8780/808 5305/8791/836
f 5381/8895/846 5383/8897/1718 5294/8776/1724
f 5294/8777/1724 5383/8898/1718 5382/8896/1720
f 5295/8779/1726 5382/8896/1720 5380/8894/826
f 5309/8796/856 5311/8798/1710 5318/8809/1716
f 5318/8810/1716 5311/8799/1710 5310/8797/1711
f 5319/8812/1717 5310/8797/1711 5308/8795/803
f 5328/8823/861 5321/8814/862 5323/8816/1712
f 5323/8817/1712 5322/8815/1714 5331/8827/1696
f 5322/8815/1714 5320/8813/797 5329/8824/817
f 5340/8838/845 5333/8829/844 5335/8831/1698
f 5342/8843/1704 5335/8832/1698 5334/8830/1699
f 5334/8830/1699 5332/8828/795 5341/8840/794
f 5352/8856/848 5345/8847/849 5347/8849/1700
f 5354/8859/1682 5347/8850/1700 5346/8848/1702
f 5346/8848/1702 5344/8846/830 5353/8857/818
f 5364/8871/851 5357/8862/852 5359/8864/1686
f 5359/8865/1686 5358/8863/1687 5367/8878/1693
f 5358/8863/1687 5356/8861/824 5365/8873/867
f 5376/8889/858 5369/8880/859 5371/8882/1688
f 5371/8883/1688 5370/8881/1690 5379/8893/1723
f 5370/8881/1690 5368/8879/811 5377/8890/835
f 5388/8904/954 5390/8906/1732 5395/8915/1731
f 5390/8906/1732 5391/8908/1734 5394/8913/1733
f 5391/8907/1734 5389/8905/841 5392/8909/843
f 5393/8911/953 5395/8915/1731 5399/8920/1735
f 5395/8915/1731 5394/8913/1733 5398/8918/1736
f 5398/8919/1736 5394/8914/1733 5392/8910/843
f 5397/8917/947 5399/8920/1735 5403/8925/1737
f 5399/8920/1735 5398/8918/1736 5402/8923/1738
f 5398/8919/1736 5396/8916/918 5400/8921/919
f 5405/8928/958 5401/8922/945 5403/8925/1737
f 5403/8925/1737 5402/8923/1738 5406/8930/1740
f 5406/8929/1740 5402/8924/1738 5400/8921/919
f 5405/8928/958 5407/8932/1739 5411/8937/1741
f 5407/8932/1739 5406/8930/1740 5410/8935/1742
f 5406/8931/1740 5404/8927/922 5408/8933/916
f 5413/8939/941 5409/8934/948 5411/8937/1741
f 5411/8937/1741 5410/8935/1742 5414/8940/1744
f 5410/8936/1742 5408/8933/916 5412/8938/917
f 5413/8939/941 5415/8942/1743 5419/8949/1745
f 5415/8942/1743 5414/8940/1744 5418/8947/1746
f 5414/8941/1744 5412/8938/917 5416/8943/921
f 5417/8945/939 5419/8949/1745 5423/8954/1747
f 5419/8949/1745 5418/8947/1746 5422/8952/1748
f 5418/8948/1746 5416/8944/921 5420/8950/914
f 5421/8951/951 5423/8954/1747 5427/8959/1749
f 5423/8954/1747 5422/8952/1748 5426/8957/1750
f 5422/8953/1748 5420/8950/914 5424/8955/915
f 5425/8956/944 5427/8959/1749 5431/8966/1751
f 5427/8959/1749 5426/8957/1750 5430/8964/1752
f 5430/8963/1752 5426/8958/1750 5424/8955/915
f 5429/8962/942 5431/8966/1751 5435/8971/1753
f 5431/8966/1751 5430/8964/1752 5434/8969/1754
f 5434/8970/1754 5430/8965/1752 5428/8961/920
f 5388/8904/954 5433/8968/956 5435/8971/1753
f 5435/8971/1753 5434/8969/1754 5391/8908/1734
f 5434/8970/1754 5432/8967/913 5389/8905/841
f 5436/8972/912 5438/8975/1756 5443/8981/1755
f 5438/8974/1756 5439/8976/1758 5442/8980/1757
f 5439/8976/1758 5437/8973/887 5440/8977/889
f 5441/8979/1073 5443/8982/1755 5447/8987/1759
f 5443/8983/1755 5442/8980/1757 5446/8986/1760
f 5442/8980/1757 5440/8977/889 5444/8984/1081
f 5445/8985/890 5447/8987/1759 5451/8992/1761
f 5447/8988/1759 5446/8986/1760 5450/8991/1762
f 5446/8986/1760 5444/8984/1081 5448/8989/1090
f 5449/8990/868 5451/8992/1761 5455/8998/1763
f 5451/8993/1761 5450/8991/1762 5454/8997/1764
f 5450/8991/1762 5448/8989/1090 5452/8994/1085
f 5453/8996/877 5455/8999/1763 5459/9004/1765
f 5455/9000/1763 5454/8997/1764 5458/9003/1766
f 5454/8997/1764 5452/8994/1085 5456/9001/1076
f 5457/9002/885 5459/9004/1765 5463/9009/1767
f 5459/9005/1765 5458/9003/1766 5462/9008/1768
f 5462/9008/1768 5458/9003/1766 5456/9001/1076
f 5461/9007/893 5463/9009/1767 5467/9015/1769
f 5463/9010/1767 5462/9008/1768 5466/9014/1770
f 5462/9008/1768 5460/9006/1078 5464/9011/1084
f 5465/9013/874 5467/9016/1769 5471/9021/1771
f 5467/9017/1769 5466/9014/1770 5470/9020/1772
f 5466/9014/1770 5464/9011/1084 5468/9018/1079
f 5473/9024/892 5469/9019/883 5471/9021/1771
f 5471/9022/1771 5470/9020/1772 5474/9025/1774
f 5470/9020/1772 5468/9018/1079 5472/9023/1074
f 5473/9024/892 5475/9026/1773 5479/9032/1775
f 5475/9027/1773 5474/9025/1774 5478/9031/1776
f 5474/9025/1774 5472/9023/1074 5476/9028/1075
f 5477/9030/871 5479/9033/1775 5483/9038/1777
f 5479/9034/1775 5478/9031/1776 5482/9037/1778
f 5478/9031/1776 5476/9028/1075 5480/9035/1088
f 5481/9036/881 5483/9038/1777 5438/8975/1756
f 5483/9039/1777 5482/9037/1778 5439/8976/1758
f 5482/9037/1778 5480/9035/1088 5437/8973/887
f 5484/9040/1089 5486/9042/1780 5491/9051/1779
f 5486/9042/1780 5487/9044/1799 5490/9048/1781
f 5490/9049/1781 5487/9043/1799 5485/9041/879
f 5493/9055/1082 5489/9047/888 5491/9052/1779
f 5491/9053/1779 5490/9050/1781 5494/9056/1783
f 5494/9056/1783 5490/9050/1781 5488/9046/880
f 5497/9062/1092 5493/9055/1082 5495/9059/1782
f 5495/9060/1782 5494/9056/1783 5498/9063/1738
f 5498/9063/1738 5494/9056/1783 5492/9054/910
f 5497/9062/1092 5499/9066/1784 5503/9075/1785
f 5499/9067/1784 5498/9063/1738 5502/9071/1786
f 5502/9071/1786 5498/9063/1738 5496/9061/894
f 5501/9070/1091 5503/9076/1785 5507/9081/1787
f 5503/9076/1785 5502/9072/1786 5506/9079/1788
f 5502/9073/1786 5500/9069/895 5504/9077/902
f 5505/9078/1086 5507/9081/1787 5511/9086/1743
f 5507/9081/1787 5506/9079/1788 5510/9084/1789
f 5506/9080/1788 5504/9077/902 5508/9082/908
f 5509/9083/1077 5511/9086/1743 5515/9093/1790
f 5511/9086/1743 5510/9084/1789 5514/9091/1746
f 5510/9085/1789 5508/9082/908 5512/9087/899
f 5513/9089/1083 5515/9093/1790 5519/9098/1791
f 5515/9093/1790 5514/9091/1746 5518/9096/1792
f 5518/9097/1792 5514/9092/1746 5512/9088/899
f 5517/9095/1087 5519/9098/1791 5523/9103/1793
f 5519/9098/1791 5518/9096/1792 5522/9101/1794
f 5518/9097/1792 5516/9094/900 5520/9099/907
f 5521/9100/1080 5523/9103/1793 5527/9110/1795
f 5523/9103/1793 5522/9101/1794 5526/9108/1796
f 5522/9102/1794 5520/9099/907 5524/9104/896
f 5529/9112/956 5525/9106/942 5527/9110/1795
f 5527/9110/1795 5526/9108/1796 5530/9113/1798
f 5526/9109/1796 5524/9105/896 5528/9111/898
f 5529/9112/956 5531/9115/1797 5486/9042/1780
f 5531/9115/1797 5530/9113/1798 5487/9044/1799
f 5530/9114/1798 5528/9111/898 5485/9041/879
f 5532/9116/905 5534/9119/1801 5539/9125/1800
f 5534/9118/1801 5535/9120/1823 5538/9124/1802
f 5538/9124/1802 5535/9120/1823 5533/9117/960
f 5537/9123/903 5539/9126/1800 5543/9131/1803
f 5539/9127/1800 5538/9124/1802 5542/9130/1804
f 5538/9124/1802 5536/9121/952 5540/9128/946
f 5541/9129/923 5543/9131/1803 5547/9136/1805
f 5547/9137/1805 5543/9132/1803 5542/9130/1804
f 5542/9130/1804 5540/9128/946 5544/9133/962
f 5545/9134/924 5547/9136/1805 5551/9142/1807
f 5551/9144/1807 5547/9137/1805 5546/9135/1806
f 5546/9135/1806 5544/9133/962 5548/9138/957
f 5549/9140/931 5551/9143/1807 5555/9148/1809
f 5551/9144/1807 5550/9141/1808 5554/9147/1810
f 5550/9141/1808 5548/9138/957 5552/9145/949
f 5553/9146/934 5555/9148/1809 5559/9153/1811
f 5555/9149/1809 5554/9147/1810 5558/9152/1812
f 5554/9147/1810 5552/9145/949 5556/9150/940
f 5557/9151/930 5559/9153/1811 5563/9159/1813
f 5559/9154/1811 5558/9152/1812 5562/9158/1814
f 5558/9152/1812 5556/9150/940 5560/9155/959
f 5565/9163/933 5561/9157/928 5563/9160/1813
f 5563/9161/1813 5562/9158/1814 5566/9164/1816
f 5566/9164/1816 5562/9158/1814 5560/9155/959
f 5565/9163/933 5567/9165/1815 5571/9170/1817
f 5567/9166/1815 5566/9164/1816 5570/9169/1818
f 5566/9164/1816 5564/9162/950 5568/9167/943
f 5569/9168/927 5571/9170/1817 5575/9176/1819
f 5571/9171/1817 5570/9169/1818 5574/9175/1820
f 5574/9175/1820 5570/9169/1818 5568/9167/943
f 5577/9180/932 5573/9174/926 5575/9177/1819
f 5575/9178/1819 5574/9175/1820 5578/9181/1822
f 5578/9181/1822 5574/9175/1820 5572/9172/961
f 5577/9180/932 5579/9182/1821 5534/9119/1801
f 5579/9183/1821 5578/9181/1822 5535/9120/1823
f 5578/9181/1822 5576/9179/955 5533/9117/960
f 5581/9185/1824 5587/9193/2253 5601/9215/1825
f 5601/9215/1826 5587/9193/1826 5583/9187/1826
f 5596/9205/1827 5583/9188/1828 5580/9184/1828
f 5606/9221/1829 5594/9202/2254 5602/9216/1830
f 5602/9216/1832 5598/9208/1832 5608/9225/1833
f 5598/9209/1834 5593/9201/1834 5604/9219/1835
f 5618/9240/1836 5606/9221/2255 5614/9235/1836
f 5625/9252/1838 5614/9235/1839 5610/9229/1839
f 5610/9230/1840 5605/9220/1840 5616/9238/1841
f 5618/9240/1842 5626/9253/2256 5637/9271/1843
f 5637/9271/1845 5626/9253/1845 5622/9246/1845
f 5632/9261/1847 5622/9247/2257 5617/9239/1848
f 5642/9277/1849 5630/9258/2258 5638/9272/1850
f 5649/9290/1852 5638/9272/1853 5634/9264/1853
f 5644/9281/1855 5634/9265/1856 5629/9257/1856
f 5581/9185/1857 5642/9277/2259 5650/9291/1858
f 5650/9291/1860 5646/9285/1860 5590/9196/1860
f 5590/9197/1861 5646/9286/1862 5641/9276/1862
f 5712/9385/1863 5716/9389/1863 5703/9372/1864
f 5703/9373/1865 5716/9390/2260 5721/9400/1866
f 5707/9378/1867 5721/9400/2261 5714/9387/1868
f 5713/9386/1869 5652/9294/1870 5656/9299/1870
f 5718/9394/1872 5656/9300/1873 5661/9309/1873
f 5661/9309/1875 5654/9296/2262 5714/9387/1876
f 5664/9313/1877 5668/9317/1877 5658/9305/1878
f 5668/9318/1879 5673/9327/1879 5662/9310/1880
f 5662/9310/1881 5673/9327/1882 5666/9315/1882
f 5665/9314/1883 5676/9331/1884 5680/9335/1884
f 5670/9323/1885 5680/9336/1886 5685/9346/1886
f 5685/9346/1887 5678/9333/1887 5666/9315/1888
f 5677/9332/1890 5688/9350/1891 5692/9355/1891
f 5682/9340/1893 5692/9356/1894 5697/9365/1894
f 5697/9365/1896 5690/9352/2263 5678/9333/1897
f 5702/9371/1898 5710/9381/1898 5694/9361/1899
f 5710/9382/1901 5706/9377/1901 5698/9366/1901
f 5698/9366/1902 5706/9377/2264 5701/9370/1903
f 5713/9386/1905 5719/9395/1905 5643/9279/1906
f 5719/9396/1907 5715/9388/1907 5647/9287/1908
f 5715/9388/1910 5712/9385/1910 5641/9276/1911
f 5580/9184/1912 5584/9189/2265 5709/9380/1913
f 5584/9189/1915 5589/9195/1915 5704/9374/1915
f 5589/9195/1916 5582/9186/1916 5700/9369/1917
f 5665/9314/1919 5671/9324/1919 5619/9241/1920
f 5671/9324/1921 5667/9316/1921 5623/9248/1921
f 5623/9248/1922 5667/9316/2266 5664/9313/1923
f 5629/9257/1925 5635/9266/2267 5655/9298/1926
f 5635/9267/1927 5631/9259/1927 5659/9306/1928
f 5659/9306/1929 5631/9259/1930 5628/9256/1930
f 5689/9351/1931 5695/9362/1931 5595/9203/1932
f 5695/9362/1933 5691/9353/1933 5599/9211/1934
f 5691/9354/1935 5688/9350/2268 5593/9201/1936
f 5676/9331/1937 5605/9220/1938 5611/9231/1938
f 5611/9231/1939 5607/9222/2269 5683/9342/1940
f 5607/9223/1942 5604/9219/2270 5677/9332/1943
f 5738/9424/1944 5725/9405/1945 5731/9415/1945
f 5745/9436/1946 5731/9415/2271 5727/9407/1947
f 5727/9408/1948 5724/9404/2272 5736/9422/1949
f 5738/9424/1950 5746/9437/2273 5757/9455/1951
f 5746/9437/1953 5742/9430/1953 5752/9445/1953
f 5742/9431/1955 5737/9423/2274 5748/9440/1956
f 5750/9442/1957 5758/9456/1957 5769/9474/1958
f 5769/9474/1960 5758/9456/1960 5754/9448/1960
f 5764/9465/1962 5754/9449/1962 5749/9441/1962
f 5774/9480/1963 5762/9461/2275 5770/9475/1964
f 5770/9475/1966 5766/9469/2276 5776/9483/1967
f 5766/9470/1968 5761/9460/2277 5772/9478/1969
f 5786/9498/1970 5774/9480/1971 5782/9493/1971
f 5782/9493/1972 5778/9487/1972 5788/9501/1973
f 5788/9502/1974 5778/9488/2278 5773/9479/1975
f 5786/9498/1976 5794/9512/1976 5730/9414/1977
f 5730/9414/1978 5794/9512/1979 5790/9506/1979
f 5790/9507/1981 5785/9497/1981 5726/9406/1981
f 5844/9589/1982 5856/9607/1983 5860/9611/1983
f 5847/9593/1984 5860/9612/1985 5865/9622/1985
f 5851/9598/1987 5865/9622/1988 5858/9609/1988
f 5796/9515/1989 5800/9519/2279 5862/9616/1990
f 5800/9520/1992 5805/9529/1992 5866/9623/1993
f 5866/9623/1994 5805/9529/1995 5798/9517/1995
f 5797/9516/1996 5808/9533/2280 5812/9537/1997
f 5812/9538/1998 5817/9548/2281 5806/9530/1999
f 5817/9548/2000 5810/9535/2282 5798/9517/2001
f 5820/9552/2002 5824/9557/2002 5814/9542/2003
f 5824/9558/2004 5829/9567/2004 5818/9549/2005
f 5818/9549/2007 5829/9567/2008 5822/9554/2008
f 5832/9571/2009 5836/9575/2009 5826/9563/2010
f 5836/9576/2011 5841/9585/2011 5830/9568/2012
f 5830/9568/2013 5841/9585/2013 5834/9573/2013
f 5833/9572/2014 5846/9591/2015 5854/9602/2015
f 5854/9603/2016 5850/9597/2283 5842/9586/2017
f 5850/9597/2018 5845/9590/2284 5834/9573/2019
f 5857/9608/2021 5863/9617/2285 5787/9500/2022
f 5863/9618/2023 5859/9610/2023 5791/9508/2024
f 5859/9610/2025 5856/9607/2025 5785/9497/2025
f 5846/9591/2026 5724/9404/2027 5728/9409/2027
f 5728/9410/2028 5733/9417/2028 5848/9594/2029
f 5733/9417/2030 5726/9406/2030 5844/9589/2031
f 5809/9534/2033 5815/9543/2286 5763/9463/2034
f 5815/9544/2035 5811/9536/2287 5767/9471/2036
f 5811/9536/2037 5808/9533/2037 5761/9460/2038
f 5773/9479/2039 5779/9489/2039 5799/9518/2040
f 5779/9489/2041 5775/9481/2288 5803/9525/2042
f 5775/9481/2044 5772/9478/2044 5797/9516/2044
f 5833/9572/2045 5839/9582/2045 5739/9425/2045
f 5839/9582/2046 5835/9574/2289 5743/9432/2047
f 5835/9574/2048 5832/9571/2048 5737/9423/2049
f 5749/9441/2050 5755/9450/2290 5823/9556/2051
f 5755/9451/2052 5751/9443/2291 5827/9564/2053
f 5751/9443/2054 5748/9440/2292 5821/9553/2054
f 5929/9724/1040 5900/9678/1033 5902/9680/2055
f 5931/9729/2056 5902/9680/2055 5903/9682/2057
f 5930/9726/2058 5903/9683/2057 5901/9679/993
f 5912/9700/1527 5976/9799/990 5980/9804/1565
f 5915/9704/1525 5980/9805/1565 5985/9812/1571
f 5919/9709/1528 5985/9812/1571 5978/9801/1038
f 5909/9694/1039 5929/9724/1040 5931/9729/2056
f 5911/9699/2059 5931/9729/2056 5930/9727/2058
f 5930/9728/2058 5928/9723/999 5908/9693/1001
f 5924/9718/1043 5926/9720/2062 5907/9692/2061
f 5926/9720/2062 5927/9722/2064 5906/9689/2063
f 5927/9721/2064 5925/9719/1003 5904/9686/1004
f 5876/9640/996 5888/9658/998 5892/9662/1516
f 5879/9644/1507 5892/9663/1516 5897/9673/1523
f 5897/9673/1523 5890/9660/1045 5877/9641/1511
f 5873/9632/1010 5909/9694/1039 5911/9699/2059
f 5911/9699/2059 5910/9697/2060 5874/9635/2066
f 5910/9698/2060 5908/9693/1001 5872/9631/1061
f 5905/9687/1041 5907/9692/2061 5902/9681/2055
f 5907/9692/2061 5906/9690/2063 5903/9684/2057
f 5903/9685/2057 5906/9691/2063 5904/9686/1004
f 5878/9642/989 5886/9654/1514 6009/9852/1581
f 5886/9655/1514 5882/9650/1509 6004/9844/1574
f 5882/9650/1509 5877/9641/1511 6000/9840/1044
f 5869/9627/1008 5873/9633/1010 5875/9639/2065
f 5871/9630/2067 5875/9639/2065 5874/9636/2066
f 5870/9628/2068 5874/9637/2066 5872/9631/1061
f 5988/9817/1053 5990/9821/2080 6019/9866/2069
f 6019/9867/2069 5990/9822/2080 5991/9824/2070
f 6018/9865/2071 5991/9824/2070 5989/9819/1035
f 6013/9859/1065 5952/9762/1062 5956/9767/1546
f 6015/9862/2072 5956/9768/1546 5961/9777/1552
f 6014/9860/2073 5961/9777/1552 5954/9764/1553
f 5978/9801/1038 5986/9813/1572 5958/9773/1549
f 5986/9814/1572 5982/9809/1568 5962/9778/1550
f 5982/9809/1568 5977/9800/1069 5954/9764/1553
f 5997/9834/1070 6017/9864/1056 6019/9868/2069
f 6019/9869/2069 6018/9865/2071 5998/9835/2075
f 6018/9865/2071 6016/9863/1034 5996/9833/1047
f 5993/9827/1055 6013/9859/1065 6015/9861/2072
f 5995/9830/2076 6015/9862/2072 6014/9860/2073
f 5994/9828/2077 6014/9860/2073 6012/9858/1042
f 5964/9781/1046 5968/9785/1556 6003/9843/1573
f 6003/9843/1573 5968/9785/1556 5973/9794/1562
f 5973/9795/1562 5966/9783/1051 6001/9841/1578
f 5868/9626/984 6002/9842/987 6010/9853/1582
f 5870/9629/2068 6010/9854/1582 6006/9846/1577
f 5871/9630/2067 6006/9846/1577 6001/9841/1578
f 5937/9737/1068 5997/9834/1070 5999/9838/2074
f 5939/9741/2078 5999/9839/2074 5998/9835/2075
f 5998/9835/2075 5996/9833/1047 5936/9735/1009
f 5993/9827/1055 5995/9831/2076 5990/9823/2080
f 5995/9832/2076 5994/9828/2077 5991/9825/2070
f 5991/9825/2070 5994/9828/2077 5992/9826/1048
f 5932/9730/1007 5934/9733/2081 5970/9788/1559
f 5934/9732/2081 5935/9734/2082 5974/9796/1561
f 5935/9734/2082 5933/9731/1052 5966/9783/1051
f 5925/9719/1003 5927/9721/2064 5979/9803/1564
f 5927/9722/2064 5926/9720/2062 5983/9810/1566
f 5926/9720/2062 5924/9718/1043 5977/9800/1069
f 5937/9737/1068 5939/9742/2078 5934/9733/2081
f 5939/9743/2078 5938/9739/2079 5935/9734/2082
f 5938/9739/2079 5936/9736/1009 5933/9731/1052
f 5889/9659/1521 5965/9782/1005 5971/9789/1560
f 5894/9667/1519 5971/9790/1560 5967/9784/1555
f 5898/9674/1522 5967/9784/1555 5964/9781/1046
f 5914/9702/1013 5922/9713/1531 5943/9747/1537
f 5943/9748/1537 5922/9714/1531 5918/9708/1530
f 5918/9708/1530 5913/9701/1037 5941/9745/1541
f 5942/9746/1064 5950/9758/1544 5955/9766/1545
f 5950/9759/1544 5946/9754/1539 5959/9774/1547
f 5946/9754/1539 5941/9745/1541 5953/9763/1036
f 6052/9920/995 6054/9922/2094 6083/9965/2083
f 6083/9966/2083 6054/9923/2094 6055/9924/2084
f 6055/9924/2084 6053/9921/1014 6080/9962/1016
f 6128/10035/1019 6132/10040/1640 6073/9953/1610
f 6132/10040/1640 6137/10047/1646 6068/9943/1604
f 6137/10048/1646 6130/10037/992 6064/9938/991
f 6081/9963/1071 6083/9965/2083 6063/9936/2086
f 6063/9937/2086 6083/9966/2083 6082/9964/2085
f 6082/9964/2085 6080/9962/1016 6060/9933/1024
f 6076/9957/1072 6078/9960/2089 6059/9931/2088
f 6078/9959/2089 6079/9961/2091 6058/9928/2090
f 6079/9961/2091 6077/9958/1029 6056/9925/1021
f 6030/9885/1592 6041/9903/1018 6047/9911/1599
f 6047/9911/1599 6043/9905/1594 6032/9889/1584
f 6043/9906/1594 6040/9902/997 6028/9883/1585
f 6025/9877/985 6061/9934/1000 6063/9936/2086
f 6063/9937/2086 6062/9935/2087 6026/9878/2093
f 6062/9935/2087 6060/9933/1024 6024/9875/1031
f 6052/9920/995 6057/9927/994 6059/9931/2088
f 6054/9923/2094 6059/9932/2088 6058/9929/2090
f 6055/9924/2084 6058/9929/2090 6056/9926/1021
f 6030/9885/1592 6038/9899/1589 6161/10087/1656
f 6038/9899/1589 6034/9893/1588 6156/10077/1649
f 6156/10078/1649 6034/9894/1588 6029/9884/988
f 6021/9871/986 6025/9877/985 6027/9881/2092
f 6023/9873/2095 6027/9882/2092 6026/9879/2093
f 6022/9872/2096 6026/9879/2093 6024/9876/1031
f 6140/10054/2097 6142/10056/2099 6171/10100/2098
f 6142/10056/2099 6143/10058/2101 6170/10098/2100
f 6143/10057/2101 6141/10055/1057 6168/10096/1060
f 6165/10092/1028 6104/9999/1625 6108/10003/1624
f 6167/10095/2102 6108/10003/1624 6113/10010/1631
f 6166/10094/2103 6113/10011/1631 6106/10001/1049
f 6129/10036/1032 6135/10044/1644 6107/10002/1623
f 6135/10044/1644 6131/10038/1591 6111/10006/1626
f 6111/10007/1626 6131/10039/1591 6128/10035/1019
f 6149/10068/1030 6169/10097/1015 6171/10100/2098
f 6171/10100/2098 6170/10098/2100 6150/10069/2105
f 6170/10099/2100 6168/10096/1060 6148/10067/1059
f 6145/10060/1020 6165/10092/1028 6167/10095/2102
f 6147/10065/2106 6167/10095/2102 6166/10093/2103
f 6146/10064/2107 6166/10094/2103 6164/10091/1066
f 6153/10073/1653 6117/10018/1025 6123/10024/1633
f 6123/10025/1633 6119/10020/1632 6162/10088/1654
f 6119/10020/1632 6116/10017/1023 6154/10074/1022
f 6020/9870/1026 6153/10073/1653 6159/10084/1650
f 6022/9872/2096 6159/10084/1650 6155/10075/1648
f 6023/9874/2095 6155/10076/1648 6152/10072/1002
f 6149/10068/1030 6151/10071/2104 6091/9978/2108
f 6151/10071/2104 6150/10069/2105 6090/9975/2109
f 6150/10070/2105 6148/10067/1059 6088/9972/1067
f 6145/10061/1020 6147/10066/2106 6142/10056/2099
f 6147/10066/2106 6146/10063/2107 6143/10058/2101
f 6146/10064/2107 6144/10059/1054 6141/10055/1057
f 6084/9967/1027 6086/9969/2110 6122/10023/1635
f 6086/9969/2110 6087/9971/2111 6126/10031/1636
f 6087/9970/2111 6085/9968/1006 6118/10019/1050
f 6077/9958/1029 6079/9961/2091 6134/10043/1643
f 6079/9961/2091 6078/9959/2089 6138/10050/1647
f 6078/9960/2089 6076/9957/1072 6130/10037/992
f 6089/9974/1058 6091/9979/2108 6086/9969/2110
f 6091/9979/2108 6090/9976/2109 6087/9971/2111
f 6090/9977/2109 6088/9972/1067 6085/9968/1006
f 6041/9903/1018 6116/10017/1023 6120/10021/1619
f 6120/10021/1619 6125/10028/1638 6050/9916/1602
f 6125/10029/1638 6118/10019/1050 6042/9904/1049
f 6066/9940/1017 6074/9954/1608 6101/9995/1620
f 6074/9954/1608 6070/9946/1607 6096/9985/1613
f 6096/9986/1613 6070/9947/1607 6065/9939/1012
f 6094/9982/1621 6102/9996/1619 6110/10005/1628
f 6102/9996/1619 6098/9990/1617 6114/10013/1602
f 6098/9991/1617 6093/9981/1063 6106/10001/1049
f 5878/9642/989 6029/9884/988 6035/9895/1586
f 5885/9653/1513 6035/9895/1586 6031/9886/1583
f 5880/9646/1506 6031/9887/1583 6028/9883/1585
f 6040/9902/997 6044/9907/1595 5891/9661/1517
f 6044/9907/1595 6049/9913/1601 5895/9669/1520
f 6049/9914/1601 6042/9904/1049 5889/9659/1521
f 6065/9939/1012 6071/9948/1605 5921/9712/1534
f 6071/9949/1605 6067/9941/1603 5916/9705/1526
f 6067/9941/1603 6064/9938/991 5912/9700/1527
f 5942/9746/1064 6093/9981/1063 6099/9992/1618
f 5949/9757/1543 6099/9992/1618 6095/9983/1612
f 5944/9750/1536 6095/9984/1612 6092/9980/1614
f 5205/8632/816 5300/8785/815 5293/8774/1728
o Street
v -7.720965 -0.432022 4.217997
v 10.164928 -0.432022 4.217997
v -7.720965 -0.432019 -13.667896
v 10.164928 -0.432019 -13.667896
vn -0.0000 1.0000 -0.0000
vt -1.470161 -1.470161
vt 2.470161 -1.470161
vt -1.470161 2.470161
vt 2.470161 2.470160
s 0
usemtl Street_Asphalt
f 6173/10102/2293 6174/10103/2293 6172/10101/2293
f 6173/10102/2293 6175/10104/2293 6174/10103/2293
