# Blender 4.3.0
# www.blender.org
mtllib model.mtl
o Cylinder
v -1.928477 -0.427414 -0.434998
v -1.930382 -0.099487 -0.311578
v -1.874444 -0.427414 -0.429676
v -1.900713 -0.099487 -0.308656
v -1.822489 -0.427414 -0.413916
v -1.872183 -0.099487 -0.300002
v -1.774606 -0.427414 -0.388322
v -1.845891 -0.099487 -0.285948
v -1.732637 -0.427414 -0.353878
v -1.822845 -0.099487 -0.267035
v -1.698194 -0.427414 -0.311909
v -1.803932 -0.099487 -0.243989
v -1.672600 -0.427414 -0.264026
v -1.789878 -0.099487 -0.217697
v -1.656839 -0.427414 -0.212071
v -1.781224 -0.099487 -0.189167
v -1.651518 -0.427414 -0.158039
v -1.778302 -0.099487 -0.159498
v -1.656839 -0.427414 -0.104007
v -1.781224 -0.099487 -0.129829
v -1.672600 -0.427414 -0.052051
v -1.789878 -0.099487 -0.101300
v -1.698194 -0.427414 -0.004169
v -1.803932 -0.099487 -0.075007
v -1.732637 -0.427414 0.037801
v -1.822845 -0.099487 -0.051961
v -1.774606 -0.427414 0.072244
v -1.845891 -0.099487 -0.033048
v -1.822489 -0.427414 0.097838
v -1.872183 -0.099487 -0.018994
v -1.874444 -0.427414 0.113599
v -1.900713 -0.099487 -0.010340
v -1.928477 -0.427414 0.118920
v -1.930382 -0.099487 -0.007418
v -1.982509 -0.427414 0.113599
v -1.960051 -0.099487 -0.010340
v -2.034464 -0.427414 0.097838
v -1.988580 -0.099487 -0.018994
v -2.082347 -0.427414 0.072244
v -2.014873 -0.099487 -0.033048
v -2.124316 -0.427414 0.037801
v -2.037919 -0.099487 -0.051961
v -2.158760 -0.427414 -0.004169
v -2.056832 -0.099487 -0.075007
v -2.184353 -0.427414 -0.052051
v -2.070886 -0.099487 -0.101300
v -2.200114 -0.427414 -0.104007
v -2.079540 -0.099487 -0.129829
v -2.205436 -0.427414 -0.158039
v -2.082462 -0.099487 -0.159498
v -2.200114 -0.427414 -0.212071
v -2.079540 -0.099487 -0.189167
v -2.184353 -0.427414 -0.264026
v -2.070886 -0.099487 -0.217697
v -2.158760 -0.427414 -0.311909
v -2.056832 -0.099487 -0.243989
v -2.124316 -0.427414 -0.353878
v -2.037919 -0.099487 -0.267035
v -2.082347 -0.427414 -0.388322
v -2.014873 -0.099487 -0.285948
v -2.034464 -0.427414 -0.413916
v -1.988580 -0.099487 -0.300002
v -1.982509 -0.427414 -0.429676
v -1.960051 -0.099487 -0.308656
v -1.928477 -0.436364 -0.434998
v -1.874444 -0.436364 -0.429676
v -1.822489 -0.436364 -0.413916
v -1.774606 -0.436364 -0.388322
v -1.732637 -0.436364 -0.353878
v -1.698194 -0.436364 -0.311909
v -1.672600 -0.436364 -0.264026
v -1.656839 -0.436364 -0.212071
v -1.651518 -0.436364 -0.158039
v -1.656839 -0.436364 -0.104007
v -1.672600 -0.436364 -0.052051
v -1.698194 -0.436364 -0.004169
v -1.732637 -0.436364 0.037801
v -1.774606 -0.436364 0.072244
v -1.822489 -0.436364 0.097838
v -1.874444 -0.436364 0.113599
v -1.928477 -0.436364 0.118920
v -1.982509 -0.436364 0.113599
v -2.034464 -0.436364 0.097838
v -2.082347 -0.436364 0.072244
v -2.124316 -0.436364 0.037801
v -2.158760 -0.436364 -0.004169
v -2.184353 -0.436364 -0.052051
v -2.200114 -0.436364 -0.104007
v -2.205436 -0.436364 -0.158039
v -2.200114 -0.436364 -0.212071
v -2.184353 -0.436364 -0.264026
v -2.158760 -0.436364 -0.311909
v -2.124316 -0.436364 -0.353878
v -2.082347 -0.436364 -0.388322
v -2.034464 -0.436364 -0.413916
v -1.982509 -0.436364 -0.429676
v -1.924897 -0.429944 -0.446903
v -1.932056 -0.429944 -0.446903
v -1.928477 -0.427414 -0.443642
v -1.927167 -0.429944 -0.447024
v -1.925978 -0.428705 -0.446476
v -1.927676 -0.428743 -0.446662
v -1.930975 -0.428705 -0.446476
v -1.929787 -0.429944 -0.447024
v -1.929277 -0.428743 -0.446662
v -1.927275 -0.427788 -0.445294
v -1.929678 -0.427788 -0.445294
v -1.928477 -0.428069 -0.446100
v -1.872758 -0.427414 -0.438154
v -1.868611 -0.429944 -0.440655
v -1.875633 -0.429944 -0.442051
v -1.871258 -0.427788 -0.439540
v -1.873614 -0.427788 -0.440009
v -1.872279 -0.428069 -0.440565
v -1.870814 -0.429944 -0.441216
v -1.869755 -0.428705 -0.440446
v -1.871384 -0.428743 -0.440960
v -1.874656 -0.428705 -0.441421
v -1.873383 -0.429944 -0.441727
v -1.872954 -0.428743 -0.441272
v -1.821240 -0.429944 -0.426285
v -1.819181 -0.427414 -0.421902
v -1.814626 -0.429944 -0.423545
v -1.820405 -0.428705 -0.425476
v -1.819097 -0.429944 -0.425528
v -1.818765 -0.428743 -0.424998
v -1.817439 -0.427788 -0.422968
v -1.819659 -0.427788 -0.423888
v -1.818240 -0.428069 -0.424173
v -1.816676 -0.429944 -0.424525
v -1.815788 -0.428705 -0.423564
v -1.817286 -0.428743 -0.424386
v -1.770968 -0.429944 -0.400210
v -1.769804 -0.427414 -0.395509
v -1.765016 -0.429944 -0.396232
v -1.770307 -0.428705 -0.399254
v -1.769014 -0.429944 -0.399049
v -1.768792 -0.428743 -0.398465
v -1.767887 -0.427788 -0.396215
v -1.769885 -0.427788 -0.397550
v -1.768438 -0.428069 -0.397553
v -1.766836 -0.429944 -0.397593
v -1.766152 -0.428705 -0.396477
v -1.767460 -0.428743 -0.397576
v -1.726749 -0.429944 -0.364828
v -1.726525 -0.427414 -0.359991
v -1.721687 -0.429944 -0.359766
v -1.726287 -0.428705 -0.363762
v -1.725060 -0.429944 -0.363308
v -1.724955 -0.428743 -0.362692
v -1.724507 -0.427788 -0.360309
v -1.726206 -0.427788 -0.362008
v -1.724786 -0.428069 -0.361729
v -1.723207 -0.429944 -0.361456
v -1.722754 -0.428705 -0.360228
v -1.723823 -0.428743 -0.361560
v -1.690283 -0.429944 -0.321500
v -1.691006 -0.427414 -0.316711
v -1.686306 -0.429944 -0.315547
v -1.690038 -0.428705 -0.320363
v -1.688922 -0.429944 -0.319680
v -1.688940 -0.428743 -0.319055
v -1.688965 -0.427788 -0.316630
v -1.690300 -0.427788 -0.318628
v -1.688962 -0.428069 -0.318077
v -1.687467 -0.429944 -0.317501
v -1.687262 -0.428705 -0.316208
v -1.688050 -0.428743 -0.317724
v -1.662970 -0.429944 -0.271890
v -1.664614 -0.427414 -0.267334
v -1.660231 -0.429944 -0.265276
v -1.662951 -0.428705 -0.270727
v -1.661991 -0.429944 -0.269839
v -1.662130 -0.428743 -0.269230
v -1.662628 -0.427788 -0.266857
v -1.663547 -0.427788 -0.269077
v -1.662342 -0.428069 -0.268275
v -1.660988 -0.429944 -0.267418
v -1.661039 -0.428705 -0.266111
v -1.661517 -0.428743 -0.267751
v -1.648361 -0.427414 -0.213757
v -1.644464 -0.429944 -0.210883
v -1.645861 -0.429944 -0.217904
v -1.646507 -0.427788 -0.212901
v -1.646975 -0.427788 -0.215258
v -1.645950 -0.428069 -0.214237
v -1.644789 -0.429944 -0.213132
v -1.645094 -0.428705 -0.211859
v -1.645243 -0.428743 -0.213561
v -1.646069 -0.428705 -0.216761
v -1.645300 -0.429944 -0.215702
v -1.645555 -0.428743 -0.215132
v -1.642874 -0.427414 -0.158039
v -1.639612 -0.429944 -0.154459
v -1.639612 -0.429944 -0.161618
v -1.641221 -0.427788 -0.156837
v -1.641221 -0.427788 -0.159240
v -1.640415 -0.428069 -0.158039
v -1.639492 -0.429944 -0.156729
v -1.640039 -0.428705 -0.155540
v -1.639853 -0.428743 -0.157238
v -1.640039 -0.428705 -0.160537
v -1.639492 -0.429944 -0.159349
v -1.639853 -0.428743 -0.158839
v -1.648361 -0.427414 -0.102320
v -1.645861 -0.429944 -0.098173
v -1.644464 -0.429944 -0.105195
v -1.646975 -0.427788 -0.100820
v -1.646507 -0.427788 -0.103176
v -1.645950 -0.428069 -0.101841
v -1.645300 -0.429944 -0.100376
v -1.646069 -0.428705 -0.099317
v -1.645555 -0.428743 -0.100946
v -1.645094 -0.428705 -0.104218
v -1.644789 -0.429944 -0.102945
v -1.645243 -0.428743 -0.102516
v -1.664614 -0.427414 -0.048743
v -1.662970 -0.429944 -0.044188
v -1.660231 -0.429944 -0.050802
v -1.663547 -0.427788 -0.047001
v -1.662628 -0.427788 -0.049221
v -1.662342 -0.428069 -0.047802
v -1.661991 -0.429944 -0.046239
v -1.662951 -0.428705 -0.045350
v -1.662130 -0.428743 -0.046848
v -1.661039 -0.428705 -0.049967
v -1.660988 -0.429944 -0.048659
v -1.661517 -0.428743 -0.048327
v -1.686306 -0.429944 -0.000530
v -1.691006 -0.427414 0.000634
v -1.690283 -0.429944 0.005422
v -1.687262 -0.428705 0.000131
v -1.687467 -0.429944 0.001423
v -1.688050 -0.428743 0.001646
v -1.690300 -0.427788 0.002551
v -1.688965 -0.427788 0.000553
v -1.688962 -0.428069 0.002000
v -1.688922 -0.429944 0.003602
v -1.690038 -0.428705 0.004286
v -1.688940 -0.428743 0.002977
v -1.721687 -0.429944 0.043688
v -1.726525 -0.427414 0.043913
v -1.726749 -0.429944 0.048750
v -1.722754 -0.428705 0.044150
v -1.723207 -0.429944 0.045378
v -1.723823 -0.428743 0.045483
v -1.726206 -0.427788 0.045931
v -1.724507 -0.427788 0.044232
v -1.724786 -0.428069 0.045652
v -1.725060 -0.429944 0.047231
v -1.726287 -0.428705 0.047684
v -1.724955 -0.428743 0.046615
v -1.765016 -0.429944 0.080155
v -1.769804 -0.427414 0.079431
v -1.770968 -0.429944 0.084132
v -1.766152 -0.428705 0.080400
v -1.766836 -0.429944 0.081516
v -1.767460 -0.428743 0.081498
v -1.769885 -0.427788 0.081473
v -1.767887 -0.427788 0.080138
v -1.768438 -0.428069 0.081476
v -1.769014 -0.429944 0.082971
v -1.770307 -0.428705 0.083176
v -1.768792 -0.428743 0.082387
v -1.814626 -0.429944 0.107468
v -1.819181 -0.427414 0.105824
v -1.821240 -0.429944 0.110207
v -1.815788 -0.428705 0.107486
v -1.816676 -0.429944 0.108447
v -1.817286 -0.428743 0.108308
v -1.819659 -0.427788 0.107810
v -1.817439 -0.427788 0.106891
v -1.818240 -0.428069 0.108095
v -1.819097 -0.429944 0.109450
v -1.820405 -0.428705 0.109399
v -1.818765 -0.428743 0.108921
v -1.868611 -0.429944 0.124577
v -1.872758 -0.427414 0.122076
v -1.875633 -0.429944 0.125974
v -1.869755 -0.428705 0.124369
v -1.870814 -0.429944 0.125138
v -1.871384 -0.428743 0.124883
v -1.873614 -0.427788 0.123931
v -1.871258 -0.427788 0.123462
v -1.872279 -0.428069 0.124488
v -1.873383 -0.429944 0.125649
v -1.874656 -0.428705 0.125344
v -1.872954 -0.428743 0.125195
v -1.928477 -0.427414 0.127564
v -1.932056 -0.429944 0.130826
v -1.924897 -0.429944 0.130826
v -1.929678 -0.427788 0.129216
v -1.927275 -0.427788 0.129216
v -1.928477 -0.428069 0.130023
v -1.929787 -0.429944 0.130946
v -1.930975 -0.428705 0.130398
v -1.929277 -0.428743 0.130584
v -1.925978 -0.428705 0.130398
v -1.927167 -0.429944 0.130946
v -1.927676 -0.428743 0.130584
v -1.984195 -0.427414 0.122076
v -1.988342 -0.429944 0.124577
v -1.981321 -0.429944 0.125974
v -1.985696 -0.427788 0.123462
v -1.983339 -0.427788 0.123931
v -1.984675 -0.428069 0.124488
v -1.986140 -0.429944 0.125138
v -1.987198 -0.428705 0.124369
v -1.985569 -0.428743 0.124883
v -1.982297 -0.428705 0.125344
v -1.983570 -0.429944 0.125649
v -1.983999 -0.428743 0.125195
v -2.037772 -0.427414 0.105824
v -2.042327 -0.429944 0.107468
v -2.035713 -0.429944 0.110207
v -2.039514 -0.427788 0.106891
v -2.037294 -0.427788 0.107810
v -2.038713 -0.428069 0.108095
v -2.040277 -0.429944 0.108447
v -2.041165 -0.428705 0.107486
v -2.039668 -0.428743 0.108308
v -2.036548 -0.428705 0.109399
v -2.037856 -0.429944 0.109450
v -2.038188 -0.428743 0.108921
v -2.087149 -0.427414 0.079431
v -2.091937 -0.429944 0.080155
v -2.085985 -0.429944 0.084132
v -2.089066 -0.427788 0.080138
v -2.087068 -0.427788 0.081473
v -2.088515 -0.428069 0.081476
v -2.090117 -0.429944 0.081516
v -2.090801 -0.428705 0.080400
v -2.089493 -0.428743 0.081498
v -2.086646 -0.428705 0.083176
v -2.087939 -0.429944 0.082971
v -2.088161 -0.428743 0.082387
v -2.130204 -0.429944 0.048750
v -2.130429 -0.427414 0.043913
v -2.135266 -0.429944 0.043688
v -2.130666 -0.428705 0.047684
v -2.131894 -0.429944 0.047231
v -2.131998 -0.428743 0.046615
v -2.132446 -0.427788 0.044232
v -2.130747 -0.427788 0.045931
v -2.132167 -0.428069 0.045651
v -2.133746 -0.429944 0.045378
v -2.134199 -0.428705 0.044150
v -2.133130 -0.428743 0.045483
v -2.166670 -0.429944 0.005422
v -2.165947 -0.427414 0.000634
v -2.170647 -0.429944 -0.000530
v -2.166915 -0.428705 0.004286
v -2.168031 -0.429944 0.003602
v -2.168013 -0.428743 0.002977
v -2.167988 -0.427788 0.000553
v -2.166653 -0.427788 0.002551
v -2.167991 -0.428069 0.002000
v -2.169487 -0.429944 0.001423
v -2.169692 -0.428705 0.000131
v -2.168903 -0.428743 0.001646
v -2.193983 -0.429944 -0.044188
v -2.192339 -0.427414 -0.048743
v -2.196723 -0.429944 -0.050802
v -2.194002 -0.428705 -0.045350
v -2.194963 -0.429944 -0.046239
v -2.194823 -0.428743 -0.046848
v -2.194325 -0.427788 -0.049221
v -2.193406 -0.427788 -0.047001
v -2.194611 -0.428069 -0.047802
v -2.195965 -0.429944 -0.048659
v -2.195914 -0.428705 -0.049967
v -2.195436 -0.428743 -0.048327
v -2.211092 -0.429944 -0.098173
v -2.208592 -0.427414 -0.102320
v -2.212489 -0.429944 -0.105195
v -2.210884 -0.428705 -0.099317
v -2.211653 -0.429944 -0.100376
v -2.211398 -0.428743 -0.100946
v -2.210447 -0.427788 -0.103176
v -2.209978 -0.427788 -0.100820
v -2.211003 -0.428069 -0.101841
v -2.212164 -0.429944 -0.102945
v -2.211859 -0.428705 -0.104218
v -2.211710 -0.428743 -0.102516
v -2.217341 -0.429944 -0.154459
v -2.214080 -0.427414 -0.158039
v -2.217341 -0.429944 -0.161618
v -2.216914 -0.428705 -0.155540
v -2.217462 -0.429944 -0.156729
v -2.217100 -0.428743 -0.157238
v -2.215732 -0.427788 -0.159240
v -2.215732 -0.427788 -0.156837
v -2.216538 -0.428069 -0.158039
v -2.217462 -0.429944 -0.159349
v -2.216914 -0.428705 -0.160537
v -2.217100 -0.428743 -0.158839
v -2.208592 -0.427414 -0.213757
v -2.211092 -0.429944 -0.217904
v -2.212489 -0.429944 -0.210883
v -2.209978 -0.427788 -0.215258
v -2.210447 -0.427788 -0.212901
v -2.211003 -0.428069 -0.214237
v -2.211653 -0.429944 -0.215702
v -2.210884 -0.428705 -0.216761
v -2.211398 -0.428743 -0.215132
v -2.211859 -0.428705 -0.211859
v -2.212164 -0.429944 -0.213132
v -2.211710 -0.428743 -0.213561
v -2.192339 -0.427414 -0.267334
v -2.193983 -0.429944 -0.271890
v -2.196723 -0.429944 -0.265276
v -2.193406 -0.427788 -0.269077
v -2.194325 -0.427788 -0.266857
v -2.194611 -0.428069 -0.268275
v -2.194963 -0.429944 -0.269839
v -2.194002 -0.428705 -0.270727
v -2.194823 -0.428743 -0.269230
v -2.195914 -0.428705 -0.266111
v -2.195965 -0.429944 -0.267418
v -2.195436 -0.428743 -0.267751
v -2.165947 -0.427414 -0.316711
v -2.166670 -0.429944 -0.321500
v -2.170647 -0.429944 -0.315547
v -2.166653 -0.427788 -0.318628
v -2.167988 -0.427788 -0.316630
v -2.167991 -0.428069 -0.318077
v -2.168031 -0.429944 -0.319680
v -2.166915 -0.428705 -0.320363
v -2.168013 -0.428743 -0.319055
v -2.169692 -0.428705 -0.316208
v -2.169487 -0.429944 -0.317501
v -2.168903 -0.428743 -0.317724
v -2.135266 -0.429944 -0.359766
v -2.130429 -0.427414 -0.359991
v -2.130204 -0.429944 -0.364828
v -2.134199 -0.428705 -0.360228
v -2.133746 -0.429944 -0.361456
v -2.133130 -0.428743 -0.361560
v -2.130747 -0.427788 -0.362008
v -2.132446 -0.427788 -0.360309
v -2.132167 -0.428069 -0.361729
v -2.131894 -0.429944 -0.363308
v -2.130666 -0.428705 -0.363762
v -2.131998 -0.428743 -0.362692
v -2.091937 -0.429944 -0.396232
v -2.087149 -0.427414 -0.395509
v -2.085985 -0.429944 -0.400210
v -2.090801 -0.428705 -0.396477
v -2.090117 -0.429944 -0.397593
v -2.089493 -0.428743 -0.397575
v -2.087068 -0.427788 -0.397550
v -2.089066 -0.427788 -0.396215
v -2.088515 -0.428069 -0.397553
v -2.087939 -0.429944 -0.399049
v -2.086646 -0.428705 -0.399254
v -2.088161 -0.428743 -0.398465
v -2.042327 -0.429944 -0.423545
v -2.037772 -0.427414 -0.421902
v -2.035713 -0.429944 -0.426285
v -2.041165 -0.428705 -0.423564
v -2.040277 -0.429944 -0.424525
v -2.039668 -0.428743 -0.424386
v -2.037294 -0.427788 -0.423888
v -2.039514 -0.427788 -0.422968
v -2.038713 -0.428069 -0.424173
v -2.037856 -0.429944 -0.425528
v -2.036548 -0.428705 -0.425476
v -2.038188 -0.428743 -0.424998
v -1.988342 -0.429944 -0.440655
v -1.984195 -0.427414 -0.438154
v -1.981321 -0.429944 -0.442051
v -1.987198 -0.428705 -0.440446
v -1.986140 -0.429944 -0.441216
v -1.985569 -0.428743 -0.440960
v -1.983339 -0.427788 -0.440009
v -1.985696 -0.427788 -0.439540
v -1.984675 -0.428069 -0.440565
v -1.983570 -0.429944 -0.441727
v -1.982297 -0.428705 -0.441421
v -1.983999 -0.428743 -0.441272
v -1.928477 -0.436364 -0.443642
v -1.932056 -0.433834 -0.446903
v -1.924897 -0.433834 -0.446903
v -1.929678 -0.435990 -0.445294
v -1.927275 -0.435990 -0.445294
v -1.928477 -0.435709 -0.446100
v -1.929787 -0.433834 -0.447024
v -1.930975 -0.435073 -0.446476
v -1.929277 -0.435035 -0.446662
v -1.925978 -0.435073 -0.446476
v -1.927167 -0.433834 -0.447024
v -1.927676 -0.435035 -0.446662
v -1.875633 -0.433834 -0.442051
v -1.868611 -0.433834 -0.440655
v -1.872758 -0.436364 -0.438154
v -1.873383 -0.433834 -0.441727
v -1.874656 -0.435073 -0.441421
v -1.872954 -0.435035 -0.441272
v -1.869755 -0.435073 -0.440446
v -1.870814 -0.433834 -0.441216
v -1.871384 -0.435035 -0.440960
v -1.873614 -0.435990 -0.440009
v -1.871258 -0.435990 -0.439540
v -1.872279 -0.435709 -0.440565
v -1.821240 -0.433834 -0.426285
v -1.814626 -0.433834 -0.423545
v -1.819181 -0.436364 -0.421902
v -1.819097 -0.433834 -0.425528
v -1.820405 -0.435073 -0.425476
v -1.818765 -0.435035 -0.424998
v -1.815788 -0.435073 -0.423564
v -1.816676 -0.433834 -0.424525
v -1.817286 -0.435035 -0.424386
v -1.819659 -0.435990 -0.423888
v -1.817439 -0.435990 -0.422968
v -1.818240 -0.435709 -0.424173
v -1.770968 -0.433834 -0.400210
v -1.765016 -0.433834 -0.396232
v -1.769804 -0.436364 -0.395509
v -1.769014 -0.433834 -0.399049
v -1.770307 -0.435073 -0.399254
v -1.768792 -0.435035 -0.398465
v -1.766152 -0.435073 -0.396477
v -1.766836 -0.433834 -0.397593
v -1.767460 -0.435035 -0.397575
v -1.769885 -0.435990 -0.397550
v -1.767887 -0.435990 -0.396215
v -1.768438 -0.435709 -0.397553
v -1.726749 -0.433834 -0.364828
v -1.721687 -0.433834 -0.359766
v -1.726525 -0.436364 -0.359991
v -1.725060 -0.433834 -0.363308
v -1.726287 -0.435073 -0.363762
v -1.724955 -0.435035 -0.362692
v -1.722754 -0.435073 -0.360228
v -1.723207 -0.433834 -0.361456
v -1.723823 -0.435035 -0.361560
v -1.726206 -0.435990 -0.362008
v -1.724507 -0.435990 -0.360309
v -1.724786 -0.435709 -0.361729
v -1.690283 -0.433834 -0.321500
v -1.686306 -0.433834 -0.315547
v -1.691006 -0.436364 -0.316711
v -1.688922 -0.433834 -0.319680
v -1.690038 -0.435073 -0.320363
v -1.688940 -0.435035 -0.319055
v -1.687262 -0.435073 -0.316208
v -1.687467 -0.433834 -0.317501
v -1.688050 -0.435035 -0.317724
v -1.690300 -0.435990 -0.318628
v -1.688965 -0.435990 -0.316630
v -1.688962 -0.435709 -0.318077
v -1.662970 -0.433834 -0.271890
v -1.660231 -0.433834 -0.265276
v -1.664614 -0.436364 -0.267334
v -1.661991 -0.433834 -0.269839
v -1.662952 -0.435073 -0.270727
v -1.662130 -0.435035 -0.269230
v -1.661039 -0.435073 -0.266111
v -1.660988 -0.433834 -0.267418
v -1.661517 -0.435035 -0.267751
v -1.663547 -0.435990 -0.269077
v -1.662628 -0.435990 -0.266857
v -1.662342 -0.435709 -0.268275
v -1.645861 -0.433834 -0.217904
v -1.644464 -0.433834 -0.210883
v -1.648361 -0.436364 -0.213757
v -1.645300 -0.433834 -0.215702
v -1.646069 -0.435073 -0.216761
v -1.645555 -0.435035 -0.215132
v -1.645094 -0.435073 -0.211859
v -1.644789 -0.433834 -0.213132
v -1.645243 -0.435035 -0.213561
v -1.646975 -0.435990 -0.215258
v -1.646507 -0.435990 -0.212901
v -1.645950 -0.435709 -0.214237
v -1.639612 -0.433834 -0.161618
v -1.639612 -0.433834 -0.154459
v -1.642874 -0.436364 -0.158039
v -1.639492 -0.433834 -0.159349
v -1.640039 -0.435073 -0.160537
v -1.639853 -0.435035 -0.158839
v -1.640039 -0.435073 -0.155540
v -1.639492 -0.433834 -0.156729
v -1.639853 -0.435035 -0.157238
v -1.641221 -0.435990 -0.159240
v -1.641221 -0.435990 -0.156837
v -1.640415 -0.435709 -0.158039
v -1.644464 -0.433834 -0.105195
v -1.645861 -0.433834 -0.098173
v -1.648361 -0.436364 -0.102320
v -1.644789 -0.433834 -0.102945
v -1.645094 -0.435073 -0.104218
v -1.645243 -0.435035 -0.102516
v -1.646069 -0.435073 -0.099317
v -1.645300 -0.433834 -0.100376
v -1.645555 -0.435035 -0.100946
v -1.646507 -0.435990 -0.103176
v -1.646975 -0.435990 -0.100820
v -1.645950 -0.435709 -0.101841
v -1.660231 -0.433834 -0.050802
v -1.662970 -0.433834 -0.044188
v -1.664614 -0.436364 -0.048743
v -1.660988 -0.433834 -0.048659
v -1.661039 -0.435073 -0.049967
v -1.661517 -0.435035 -0.048327
v -1.662951 -0.435073 -0.045350
v -1.661991 -0.433834 -0.046239
v -1.662130 -0.435035 -0.046848
v -1.662628 -0.435990 -0.049221
v -1.663547 -0.435990 -0.047001
v -1.662342 -0.435709 -0.047802
v -1.686306 -0.433834 -0.000530
v -1.690283 -0.433834 0.005422
v -1.691006 -0.436364 0.000634
v -1.687467 -0.433834 0.001423
v -1.687262 -0.435073 0.000131
v -1.688050 -0.435035 0.001646
v -1.690038 -0.435073 0.004286
v -1.688922 -0.433834 0.003602
v -1.688940 -0.435035 0.002977
v -1.688965 -0.435990 0.000553
v -1.690300 -0.435990 0.002551
v -1.688962 -0.435709 0.002000
v -1.721687 -0.433834 0.043688
v -1.726749 -0.433834 0.048750
v -1.726525 -0.436364 0.043913
v -1.723207 -0.433834 0.045378
v -1.722754 -0.435073 0.044150
v -1.723823 -0.435035 0.045483
v -1.726287 -0.435073 0.047684
v -1.725060 -0.433834 0.047231
v -1.724955 -0.435035 0.046615
v -1.724507 -0.435990 0.044232
v -1.726206 -0.435990 0.045931
v -1.724786 -0.435709 0.045652
v -1.765016 -0.433834 0.080155
v -1.770968 -0.433834 0.084132
v -1.769804 -0.436364 0.079431
v -1.766836 -0.433834 0.081516
v -1.766152 -0.435073 0.080400
v -1.767460 -0.435035 0.081498
v -1.770307 -0.435073 0.083176
v -1.769014 -0.433834 0.082971
v -1.768792 -0.435035 0.082387
v -1.767887 -0.435990 0.080138
v -1.769885 -0.435990 0.081473
v -1.768438 -0.435709 0.081476
v -1.814626 -0.433834 0.107468
v -1.821240 -0.433834 0.110207
v -1.819181 -0.436364 0.105824
v -1.816676 -0.433834 0.108447
v -1.815788 -0.435073 0.107486
v -1.817286 -0.435035 0.108308
v -1.820405 -0.435073 0.109399
v -1.819097 -0.433834 0.109450
v -1.818765 -0.435035 0.108921
v -1.817439 -0.435990 0.106891
v -1.819659 -0.435990 0.107810
v -1.818240 -0.435709 0.108095
v -1.868611 -0.433834 0.124577
v -1.875633 -0.433834 0.125974
v -1.872758 -0.436364 0.122076
v -1.870814 -0.433834 0.125138
v -1.869755 -0.435073 0.124369
v -1.871384 -0.435035 0.124883
v -1.874656 -0.435073 0.125344
v -1.873383 -0.433834 0.125649
v -1.872954 -0.435035 0.125195
v -1.871258 -0.435990 0.123462
v -1.873614 -0.435990 0.123931
v -1.872279 -0.435709 0.124488
v -1.924897 -0.433834 0.130826
v -1.932056 -0.433834 0.130826
v -1.928477 -0.436364 0.127564
v -1.927167 -0.433834 0.130946
v -1.925978 -0.435073 0.130398
v -1.927676 -0.435035 0.130584
v -1.930975 -0.435073 0.130398
v -1.929787 -0.433834 0.130946
v -1.929277 -0.435035 0.130584
v -1.927275 -0.435990 0.129216
v -1.929678 -0.435990 0.129216
v -1.928477 -0.435709 0.130023
v -1.981321 -0.433834 0.125974
v -1.988342 -0.433834 0.124577
v -1.984195 -0.436364 0.122076
v -1.983570 -0.433834 0.125649
v -1.982297 -0.435073 0.125344
v -1.983999 -0.435035 0.125195
v -1.987198 -0.435073 0.124369
v -1.986140 -0.433834 0.125138
v -1.985569 -0.435035 0.124883
v -1.983339 -0.435990 0.123931
v -1.985696 -0.435990 0.123462
v -1.984675 -0.435709 0.124488
v -2.035713 -0.433834 0.110207
v -2.042327 -0.433834 0.107468
v -2.037772 -0.436364 0.105824
v -2.037856 -0.433834 0.109450
v -2.036548 -0.435073 0.109399
v -2.038188 -0.435035 0.108921
v -2.041165 -0.435073 0.107486
v -2.040277 -0.433834 0.108447
v -2.039668 -0.435035 0.108308
v -2.037294 -0.435990 0.107810
v -2.039514 -0.435990 0.106891
v -2.038713 -0.435709 0.108095
v -2.085985 -0.433834 0.084132
v -2.091937 -0.433834 0.080155
v -2.087149 -0.436364 0.079431
v -2.087939 -0.433834 0.082971
v -2.086646 -0.435073 0.083176
v -2.088161 -0.435035 0.082387
v -2.090801 -0.435073 0.080400
v -2.090117 -0.433834 0.081516
v -2.089493 -0.435035 0.081498
v -2.087068 -0.435990 0.081473
v -2.089066 -0.435990 0.080138
v -2.088515 -0.435709 0.081476
v -2.130204 -0.433834 0.048750
v -2.135266 -0.433834 0.043688
v -2.130429 -0.436364 0.043913
v -2.131894 -0.433834 0.047231
v -2.130666 -0.435073 0.047684
v -2.131998 -0.435035 0.046615
v -2.134199 -0.435073 0.044150
v -2.133746 -0.433834 0.045378
v -2.133130 -0.435035 0.045483
v -2.130747 -0.435990 0.045931
v -2.132446 -0.435990 0.044232
v -2.132167 -0.435709 0.045652
v -2.166670 -0.433834 0.005422
v -2.170647 -0.433834 -0.000530
v -2.165947 -0.436364 0.000634
v -2.168031 -0.433834 0.003602
v -2.166915 -0.435073 0.004286
v -2.168013 -0.435035 0.002977
v -2.169692 -0.435073 0.000131
v -2.169487 -0.433834 0.001423
v -2.168903 -0.435035 0.001646
v -2.166653 -0.435990 0.002551
v -2.167988 -0.435990 0.000553
v -2.167991 -0.435709 0.002000
v -2.193983 -0.433834 -0.044188
v -2.196723 -0.433834 -0.050802
v -2.192339 -0.436364 -0.048743
v -2.194963 -0.433834 -0.046239
v -2.194002 -0.435073 -0.045350
v -2.194823 -0.435035 -0.046848
v -2.195914 -0.435073 -0.049967
v -2.195965 -0.433834 -0.048659
v -2.195436 -0.435035 -0.048327
v -2.193406 -0.435990 -0.047001
v -2.194325 -0.435990 -0.049221
v -2.194611 -0.435709 -0.047802
v -2.211092 -0.433834 -0.098173
v -2.212489 -0.433834 -0.105195
v -2.208592 -0.436364 -0.102320
v -2.211653 -0.433834 -0.100376
v -2.210884 -0.435073 -0.099317
v -2.211398 -0.435035 -0.100946
v -2.211859 -0.435073 -0.104218
v -2.212164 -0.433834 -0.102945
v -2.211710 -0.435035 -0.102516
v -2.209978 -0.435990 -0.100820
v -2.210447 -0.435990 -0.103176
v -2.211003 -0.435709 -0.101841
v -2.217341 -0.433834 -0.154459
v -2.217341 -0.433834 -0.161618
v -2.214080 -0.436364 -0.158039
v -2.217462 -0.433834 -0.156729
v -2.216914 -0.435073 -0.155540
v -2.217100 -0.435035 -0.157238
v -2.216914 -0.435073 -0.160537
v -2.217462 -0.433834 -0.159349
v -2.217100 -0.435035 -0.158839
v -2.215732 -0.435990 -0.156837
v -2.215732 -0.435990 -0.159240
v -2.216538 -0.435709 -0.158039
v -2.212489 -0.433834 -0.210883
v -2.211092 -0.433834 -0.217904
v -2.208592 -0.436364 -0.213757
v -2.212164 -0.433834 -0.213132
v -2.211859 -0.435073 -0.211859
v -2.211710 -0.435035 -0.213561
v -2.210884 -0.435073 -0.216761
v -2.211653 -0.433834 -0.215702
v -2.211398 -0.435035 -0.215132
v -2.210447 -0.435990 -0.212901
v -2.209978 -0.435990 -0.215258
v -2.211003 -0.435709 -0.214237
v -2.196723 -0.433834 -0.265276
v -2.193983 -0.433834 -0.271890
v -2.192339 -0.436364 -0.267334
v -2.195965 -0.433834 -0.267418
v -2.195914 -0.435073 -0.266111
v -2.195436 -0.435035 -0.267751
v -2.194002 -0.435073 -0.270727
v -2.194963 -0.433834 -0.269839
v -2.194823 -0.435035 -0.269230
v -2.194325 -0.435990 -0.266857
v -2.193406 -0.435990 -0.269077
v -2.194611 -0.435709 -0.268275
v -2.170647 -0.433834 -0.315547
v -2.166670 -0.433834 -0.321500
v -2.165947 -0.436364 -0.316711
v -2.169487 -0.433834 -0.317501
v -2.169692 -0.435073 -0.316208
v -2.168903 -0.435035 -0.317724
v -2.166915 -0.435073 -0.320363
v -2.168031 -0.433834 -0.319680
v -2.168013 -0.435035 -0.319055
v -2.167988 -0.435990 -0.316630
v -2.166653 -0.435990 -0.318628
v -2.167991 -0.435709 -0.318077
v -2.135266 -0.433834 -0.359766
v -2.130204 -0.433834 -0.364828
v -2.130429 -0.436364 -0.359991
v -2.133746 -0.433834 -0.361456
v -2.134199 -0.435073 -0.360228
v -2.133130 -0.435035 -0.361560
v -2.130666 -0.435073 -0.363762
v -2.131894 -0.433834 -0.363308
v -2.131998 -0.435035 -0.362692
v -2.132446 -0.435990 -0.360309
v -2.130747 -0.435990 -0.362008
v -2.132167 -0.435709 -0.361729
v -2.091937 -0.433834 -0.396232
v -2.085985 -0.433834 -0.400210
v -2.087149 -0.436364 -0.395509
v -2.090117 -0.433834 -0.397593
v -2.090801 -0.435073 -0.396477
v -2.089493 -0.435035 -0.397576
v -2.086646 -0.435073 -0.399254
v -2.087939 -0.433834 -0.399049
v -2.088161 -0.435035 -0.398465
v -2.089066 -0.435990 -0.396215
v -2.087068 -0.435990 -0.397550
v -2.088515 -0.435709 -0.397553
v -2.042327 -0.433834 -0.423545
v -2.035713 -0.433834 -0.426285
v -2.037772 -0.436364 -0.421902
v -2.040277 -0.433834 -0.424525
v -2.041165 -0.435073 -0.423564
v -2.039668 -0.435035 -0.424386
v -2.036548 -0.435073 -0.425476
v -2.037856 -0.433834 -0.425528
v -2.038188 -0.435035 -0.424998
v -2.039514 -0.435990 -0.422968
v -2.037294 -0.435990 -0.423888
v -2.038713 -0.435709 -0.424173
v -1.988342 -0.433834 -0.440655
v -1.981321 -0.433834 -0.442051
v -1.984195 -0.436364 -0.438154
v -1.986140 -0.433834 -0.441216
v -1.987198 -0.435073 -0.440446
v -1.985569 -0.435035 -0.440960
v -1.982297 -0.435073 -0.441421
v -1.983570 -0.433834 -0.441727
v -1.983999 -0.435035 -0.441272
v -1.985696 -0.435990 -0.439540
v -1.983339 -0.435990 -0.440009
v -1.984675 -0.435709 -0.440565
v -1.900713 -0.094549 -0.308656
v -1.930382 -0.094549 -0.311578
v -1.872183 -0.094549 -0.300002
v -1.845891 -0.094549 -0.285948
v -1.822845 -0.094549 -0.267035
v -1.803932 -0.094549 -0.243989
v -1.789878 -0.094549 -0.217697
v -1.781224 -0.094549 -0.189167
v -1.778302 -0.094549 -0.159498
v -1.781224 -0.094549 -0.129829
v -1.789878 -0.094549 -0.101300
v -1.803932 -0.094549 -0.075007
v -1.822845 -0.094549 -0.051961
v -1.845891 -0.094549 -0.033048
v -1.872183 -0.094549 -0.018994
v -1.900713 -0.094549 -0.010340
v -1.930382 -0.094549 -0.007418
v -1.960051 -0.094549 -0.010340
v -1.988580 -0.094549 -0.018994
v -2.014873 -0.094548 -0.033048
v -2.037919 -0.094548 -0.051961
v -2.056832 -0.094548 -0.075007
v -2.070886 -0.094548 -0.101300
v -2.079540 -0.094548 -0.129829
v -2.082462 -0.094548 -0.159498
v -2.079540 -0.094548 -0.189167
v -2.070886 -0.094548 -0.217697
v -2.056832 -0.094548 -0.243989
v -2.037919 -0.094548 -0.267035
v -2.014873 -0.094548 -0.285948
v -1.988580 -0.094549 -0.300002
v -1.960051 -0.094549 -0.308656
v -1.924622 -0.061101 -0.188452
v -1.930381 -0.061101 -0.189019
v -1.919084 -0.061101 -0.186772
v -1.913980 -0.061101 -0.184044
v -1.909507 -0.061101 -0.180373
v -1.905835 -0.061101 -0.175899
v -1.903107 -0.061101 -0.170795
v -1.901427 -0.061101 -0.165257
v -1.900860 -0.061101 -0.159498
v -1.901427 -0.061101 -0.153739
v -1.903107 -0.061101 -0.148201
v -1.905835 -0.061101 -0.143097
v -1.909507 -0.061101 -0.138624
v -1.913980 -0.061101 -0.134952
v -1.919084 -0.061101 -0.132224
v -1.924622 -0.061101 -0.130544
v -1.930381 -0.061101 -0.129977
v -1.936140 -0.061101 -0.130544
v -1.941678 -0.061101 -0.132224
v -1.946782 -0.061101 -0.134952
v -1.951255 -0.061101 -0.138624
v -1.954927 -0.061101 -0.143097
v -1.957655 -0.061101 -0.148201
v -1.959335 -0.061101 -0.153739
v -1.959902 -0.061101 -0.159498
v -1.959335 -0.061101 -0.165257
v -1.957655 -0.061101 -0.170795
v -1.954927 -0.061101 -0.175899
v -1.951255 -0.061101 -0.180373
v -1.946782 -0.061101 -0.184044
v -1.941678 -0.061101 -0.186772
v -1.936140 -0.061101 -0.188452
v -1.957165 -0.087175 -0.024852
v -1.949370 -0.077665 -0.064039
v -1.941575 -0.067000 -0.103225
v -1.952338 -0.067000 -0.106490
v -1.967628 -0.077665 -0.069577
v -1.982918 -0.087175 -0.032665
v -1.833308 -0.087175 -0.256572
v -1.861560 -0.077666 -0.228320
v -1.889811 -0.067000 -0.200068
v -1.882676 -0.067000 -0.191374
v -1.849455 -0.077665 -0.213571
v -1.816235 -0.087175 -0.235769
v -1.957165 -0.087175 -0.294144
v -1.949370 -0.077665 -0.254957
v -1.941575 -0.067000 -0.215771
v -1.930382 -0.067000 -0.216873
v -1.930382 -0.077665 -0.256828
v -1.930382 -0.087175 -0.296782
v -1.962258 -0.067000 -0.111792
v -1.984455 -0.077665 -0.078572
v -2.006653 -0.087175 -0.045351
v -1.877374 -0.067000 -0.181455
v -1.840461 -0.077666 -0.196745
v -1.803548 -0.087175 -0.212034
v -1.970952 -0.067000 -0.118928
v -1.999204 -0.077665 -0.090676
v -2.027456 -0.087175 -0.062424
v -1.874109 -0.067000 -0.170691
v -1.834923 -0.077666 -0.178486
v -1.795736 -0.087175 -0.186281
v -1.978087 -0.067000 -0.127622
v -2.011308 -0.077665 -0.105425
v -2.044529 -0.087175 -0.083227
v -1.873007 -0.067000 -0.159498
v -1.833052 -0.077666 -0.159498
v -1.793098 -0.087175 -0.159498
v -1.983389 -0.067000 -0.137542
v -2.020303 -0.077665 -0.122252
v -2.057215 -0.087175 -0.106962
v -1.874109 -0.067000 -0.148305
v -1.834923 -0.077666 -0.140510
v -1.795736 -0.087175 -0.132715
v -1.986654 -0.067000 -0.148305
v -2.025841 -0.077665 -0.140510
v -2.065028 -0.087175 -0.132715
v -1.877374 -0.067000 -0.137542
v -1.840461 -0.077666 -0.122252
v -1.803548 -0.087175 -0.106962
v -1.987757 -0.067000 -0.159498
v -2.027711 -0.077665 -0.159498
v -2.067666 -0.087175 -0.159498
v -1.882676 -0.067000 -0.127622
v -1.849455 -0.077665 -0.105425
v -1.816235 -0.087175 -0.083227
v -1.986654 -0.067000 -0.170691
v -2.025841 -0.077665 -0.178486
v -2.065028 -0.087175 -0.186281
v -1.889811 -0.067000 -0.118928
v -1.861560 -0.077665 -0.090676
v -1.833308 -0.087175 -0.062424
v -1.983389 -0.067000 -0.181455
v -2.020303 -0.077665 -0.196745
v -2.057215 -0.087175 -0.212034
v -1.898506 -0.067000 -0.111792
v -1.876308 -0.077665 -0.078572
v -1.854111 -0.087175 -0.045351
v -1.978087 -0.067000 -0.191374
v -2.011308 -0.077665 -0.213571
v -2.044529 -0.087175 -0.235769
v -1.908425 -0.067000 -0.106490
v -1.893135 -0.077665 -0.069577
v -1.877846 -0.087175 -0.032665
v -1.919188 -0.067000 -0.215771
v -1.911394 -0.077665 -0.254957
v -1.903599 -0.087175 -0.294144
v -1.970952 -0.067000 -0.200068
v -1.999204 -0.077665 -0.228320
v -2.027456 -0.087175 -0.256572
v -1.919188 -0.067000 -0.103225
v -1.911394 -0.077665 -0.064039
v -1.903599 -0.087175 -0.024852
v -1.908425 -0.067000 -0.212506
v -1.893135 -0.077665 -0.249419
v -1.877846 -0.087175 -0.286332
v -1.962258 -0.067000 -0.207204
v -1.984455 -0.077665 -0.240425
v -2.006653 -0.087175 -0.273645
v -1.930382 -0.067000 -0.102123
v -1.930382 -0.077665 -0.062169
v -1.930382 -0.087175 -0.022214
v -1.898506 -0.067000 -0.207204
v -1.876308 -0.077665 -0.240425
v -1.854111 -0.087175 -0.273645
v -1.952338 -0.067000 -0.212506
v -1.967628 -0.077665 -0.249419
v -1.982918 -0.087175 -0.286332
v -1.926076 -0.061129 -0.181139
v -1.930381 -0.061129 -0.181563
v -1.921937 -0.061129 -0.179884
v -1.918122 -0.061129 -0.177845
v -1.914779 -0.061129 -0.175100
v -1.912035 -0.061129 -0.171757
v -1.909995 -0.061129 -0.167942
v -1.908740 -0.061129 -0.163803
v -1.908316 -0.061129 -0.159498
v -1.908740 -0.061129 -0.155193
v -1.909995 -0.061129 -0.151054
v -1.912035 -0.061129 -0.147239
v -1.914779 -0.061129 -0.143896
v -1.918122 -0.061129 -0.141152
v -1.921937 -0.061129 -0.139113
v -1.926076 -0.061129 -0.137857
v -1.930381 -0.061129 -0.137433
v -1.934686 -0.061129 -0.137857
v -1.938825 -0.061129 -0.139113
v -1.942640 -0.061129 -0.141152
v -1.945983 -0.061129 -0.143896
v -1.948727 -0.061129 -0.147239
v -1.950766 -0.061129 -0.151054
v -1.952022 -0.061129 -0.155193
v -1.952446 -0.061129 -0.159498
v -1.952022 -0.061129 -0.163803
v -1.950766 -0.061129 -0.167942
v -1.948727 -0.061129 -0.171757
v -1.945983 -0.061129 -0.175100
v -1.942640 -0.061129 -0.177845
v -1.938825 -0.061129 -0.179884
v -1.934686 -0.061129 -0.181139
v -1.926076 -0.053217 -0.181139
v -1.930381 -0.053217 -0.181563
v -1.921937 -0.053217 -0.179884
v -1.918122 -0.053217 -0.177845
v -1.914779 -0.053217 -0.175100
v -1.912035 -0.053217 -0.171757
v -1.909995 -0.053217 -0.167942
v -1.908740 -0.053217 -0.163803
v -1.908316 -0.053217 -0.159498
v -1.908740 -0.053217 -0.155193
v -1.909995 -0.053217 -0.151054
v -1.912035 -0.053217 -0.147239
v -1.914779 -0.053217 -0.143896
v -1.918122 -0.053217 -0.141152
v -1.921937 -0.053217 -0.139113
v -1.926076 -0.053217 -0.137857
v -1.930381 -0.053217 -0.137433
v -1.934686 -0.053217 -0.137857
v -1.938825 -0.053217 -0.139113
v -1.942640 -0.053217 -0.141152
v -1.945983 -0.053217 -0.143896
v -1.948727 -0.053217 -0.147239
v -1.950766 -0.053217 -0.151054
v -1.952022 -0.053217 -0.155193
v -1.952446 -0.053217 -0.159498
v -1.952022 -0.053217 -0.163803
v -1.950766 -0.053217 -0.167942
v -1.948727 -0.053217 -0.171757
v -1.945983 -0.053217 -0.175100
v -1.942640 -0.053217 -0.177845
v -1.938825 -0.053217 -0.179884
v -1.934686 -0.053217 -0.181139
v -1.926076 -0.002501 -0.181139
v -1.930381 -0.002501 -0.181563
v -1.921937 -0.002501 -0.179884
v -1.918122 -0.002501 -0.177845
v -1.914779 -0.002501 -0.175100
v -1.912035 -0.002501 -0.171757
v -1.909995 -0.002501 -0.167942
v -1.908740 -0.002501 -0.163803
v -1.908316 -0.002501 -0.159498
v -1.908740 -0.002501 -0.155193
v -1.909995 -0.002501 -0.151054
v -1.912035 -0.002501 -0.147239
v -1.914779 -0.002501 -0.143896
v -1.918122 -0.002501 -0.141152
v -1.921937 -0.002501 -0.139113
v -1.926076 -0.002501 -0.137857
v -1.930381 -0.002501 -0.137433
v -1.934686 -0.002501 -0.137857
v -1.938825 -0.002501 -0.139113
v -1.942640 -0.002501 -0.141152
v -1.945983 -0.002501 -0.143896
v -1.948727 -0.002501 -0.147239
v -1.950766 -0.002501 -0.151054
v -1.952022 -0.002501 -0.155193
v -1.952446 -0.002501 -0.159498
v -1.952022 -0.002501 -0.163803
v -1.950766 -0.002501 -0.167942
v -1.948727 -0.002501 -0.171757
v -1.945983 -0.002501 -0.175100
v -1.942640 -0.002501 -0.177845
v -1.938825 -0.002501 -0.179884
v -1.934686 -0.002501 -0.181139
v -1.898644 -0.031799 -0.172644
v -1.905917 -0.048930 -0.169631
v -1.899618 -0.037555 -0.172240
v -1.902280 -0.043828 -0.171138
v -1.905917 -0.006985 -0.169631
v -1.898644 -0.024436 -0.172644
v -1.902280 -0.012239 -0.171138
v -1.899618 -0.018624 -0.172240
v -1.896689 -0.024436 -0.166200
v -1.904410 -0.006985 -0.164664
v -1.897723 -0.018624 -0.165994
v -1.900550 -0.012239 -0.165432
v -1.904410 -0.048930 -0.164664
v -1.896689 -0.031799 -0.166200
v -1.900550 -0.043828 -0.165432
v -1.897723 -0.037555 -0.165994
v -1.954671 -0.031799 -0.135208
v -1.949105 -0.048930 -0.140774
v -1.953925 -0.037555 -0.135953
v -1.951888 -0.043828 -0.137991
v -1.949105 -0.006985 -0.140774
v -1.954671 -0.024436 -0.135208
v -1.951888 -0.012239 -0.137991
v -1.953925 -0.018624 -0.135953
v -1.958943 -0.024436 -0.140413
v -1.952398 -0.006985 -0.144787
v -1.958066 -0.018624 -0.140999
v -1.955671 -0.012239 -0.142600
v -1.952398 -0.048930 -0.144787
v -1.958943 -0.031799 -0.140413
v -1.955670 -0.043828 -0.142600
v -1.958066 -0.037555 -0.140999
v -1.896029 -0.024436 -0.159498
v -1.903901 -0.006985 -0.159498
v -1.897084 -0.018624 -0.159498
v -1.899965 -0.012239 -0.159498
v -1.903901 -0.048930 -0.159498
v -1.896029 -0.031799 -0.159498
v -1.899965 -0.043828 -0.159498
v -1.897084 -0.037555 -0.159498
v -1.962118 -0.024436 -0.146352
v -1.954845 -0.006985 -0.149365
v -1.961143 -0.018624 -0.146756
v -1.958481 -0.012239 -0.147859
v -1.954845 -0.048930 -0.149365
v -1.962118 -0.031799 -0.146352
v -1.958481 -0.043828 -0.147859
v -1.961143 -0.037555 -0.146756
v -1.896689 -0.024436 -0.152796
v -1.904410 -0.006985 -0.154332
v -1.897723 -0.018624 -0.153002
v -1.900550 -0.012239 -0.153564
v -1.904410 -0.048930 -0.154332
v -1.896689 -0.031799 -0.152796
v -1.900550 -0.043828 -0.153564
v -1.897723 -0.037555 -0.153002
v -1.964073 -0.024436 -0.152796
v -1.956352 -0.006985 -0.154332
v -1.963038 -0.018624 -0.153002
v -1.960212 -0.012239 -0.153564
v -1.956352 -0.048930 -0.154332
v -1.964073 -0.031799 -0.152796
v -1.960212 -0.043828 -0.153564
v -1.963038 -0.037555 -0.153002
v -1.898644 -0.024436 -0.146352
v -1.905917 -0.006985 -0.149365
v -1.899618 -0.018624 -0.146756
v -1.902280 -0.012239 -0.147859
v -1.905917 -0.048930 -0.149365
v -1.898644 -0.031799 -0.146352
v -1.902280 -0.043828 -0.147859
v -1.899618 -0.037555 -0.146756
v -1.964733 -0.024436 -0.159498
v -1.956860 -0.006985 -0.159498
v -1.963678 -0.018624 -0.159498
v -1.960796 -0.012239 -0.159498
v -1.956860 -0.048930 -0.159498
v -1.964733 -0.031799 -0.159498
v -1.960796 -0.043828 -0.159498
v -1.963678 -0.037555 -0.159498
v -1.901818 -0.024436 -0.140413
v -1.908364 -0.006985 -0.144787
v -1.902695 -0.018624 -0.140999
v -1.905091 -0.012239 -0.142600
v -1.908364 -0.048930 -0.144787
v -1.901818 -0.031799 -0.140413
v -1.905091 -0.043828 -0.142600
v -1.902695 -0.037555 -0.140999
v -1.964073 -0.024436 -0.166200
v -1.956352 -0.006985 -0.164664
v -1.963038 -0.018624 -0.165994
v -1.960212 -0.012239 -0.165432
v -1.956352 -0.048930 -0.164664
v -1.964073 -0.031799 -0.166200
v -1.960212 -0.043828 -0.165432
v -1.963038 -0.037555 -0.165994
v -1.906090 -0.024436 -0.135208
v -1.911657 -0.006985 -0.140774
v -1.906836 -0.018624 -0.135953
v -1.908874 -0.012239 -0.137991
v -1.911657 -0.048930 -0.140774
v -1.906090 -0.031799 -0.135208
v -1.908874 -0.043828 -0.137991
v -1.906836 -0.037555 -0.135953
v -1.962118 -0.024436 -0.172644
v -1.954845 -0.006985 -0.169631
v -1.961143 -0.018624 -0.172240
v -1.958481 -0.012239 -0.171138
v -1.954845 -0.048930 -0.169631
v -1.962118 -0.031799 -0.172644
v -1.958481 -0.043828 -0.171138
v -1.961143 -0.037555 -0.172240
v -1.911296 -0.024436 -0.130936
v -1.915670 -0.006985 -0.137481
v -1.911882 -0.018624 -0.131813
v -1.913483 -0.012239 -0.134208
v -1.915670 -0.048930 -0.137481
v -1.911296 -0.031799 -0.130936
v -1.913483 -0.043828 -0.134208
v -1.911882 -0.037555 -0.131813
v -1.958943 -0.024436 -0.178583
v -1.952398 -0.006985 -0.174209
v -1.958066 -0.018624 -0.177997
v -1.955671 -0.012239 -0.176396
v -1.952398 -0.048930 -0.174209
v -1.958943 -0.031799 -0.178583
v -1.955670 -0.043828 -0.176396
v -1.958066 -0.037555 -0.177997
v -1.917235 -0.024436 -0.127761
v -1.920248 -0.006985 -0.135034
v -1.917639 -0.018624 -0.128736
v -1.918741 -0.012239 -0.131398
v -1.920248 -0.048930 -0.135034
v -1.917235 -0.031799 -0.127761
v -1.918741 -0.043828 -0.131398
v -1.917639 -0.037555 -0.128736
v -1.930381 -0.031799 -0.193850
v -1.930381 -0.048930 -0.185978
v -1.930381 -0.037555 -0.192795
v -1.930381 -0.043828 -0.189914
v -1.930381 -0.006985 -0.185978
v -1.930381 -0.024436 -0.193850
v -1.930381 -0.012239 -0.189914
v -1.930381 -0.018624 -0.192795
v -1.923679 -0.024436 -0.193190
v -1.925215 -0.006985 -0.185469
v -1.923885 -0.018624 -0.192156
v -1.924447 -0.012239 -0.189329
v -1.925215 -0.048930 -0.185469
v -1.923679 -0.031799 -0.193190
v -1.924447 -0.043828 -0.189329
v -1.923885 -0.037555 -0.192156
v -1.954671 -0.024436 -0.183789
v -1.949105 -0.006985 -0.178222
v -1.953925 -0.018624 -0.183043
v -1.951888 -0.012239 -0.181005
v -1.949105 -0.048930 -0.178222
v -1.954671 -0.031799 -0.183789
v -1.951888 -0.043828 -0.181005
v -1.953925 -0.037555 -0.183043
v -1.923679 -0.024436 -0.125806
v -1.925215 -0.006985 -0.133527
v -1.923885 -0.018624 -0.126841
v -1.924447 -0.012239 -0.129667
v -1.925215 -0.048930 -0.133528
v -1.923679 -0.031799 -0.125806
v -1.924447 -0.043828 -0.129667
v -1.923885 -0.037555 -0.126841
v -1.917235 -0.024436 -0.191235
v -1.920248 -0.006985 -0.183962
v -1.917639 -0.018624 -0.190261
v -1.918741 -0.012239 -0.187599
v -1.920248 -0.048930 -0.183962
v -1.917235 -0.031799 -0.191235
v -1.918741 -0.043828 -0.187599
v -1.917639 -0.037555 -0.190261
v -1.949466 -0.024436 -0.188061
v -1.945092 -0.006985 -0.181515
v -1.948880 -0.018624 -0.187184
v -1.947279 -0.012239 -0.184788
v -1.945092 -0.048930 -0.181515
v -1.949466 -0.031799 -0.188061
v -1.947279 -0.043828 -0.184788
v -1.948880 -0.037555 -0.187184
v -1.930381 -0.024436 -0.125146
v -1.930381 -0.006985 -0.133019
v -1.930381 -0.018624 -0.126201
v -1.930381 -0.012239 -0.129082
v -1.930381 -0.048930 -0.133019
v -1.930381 -0.031799 -0.125146
v -1.930381 -0.043828 -0.129082
v -1.930381 -0.037555 -0.126201
v -1.911296 -0.024436 -0.188061
v -1.915670 -0.006985 -0.181515
v -1.911882 -0.018624 -0.187184
v -1.913483 -0.012239 -0.184788
v -1.915670 -0.048930 -0.181515
v -1.911296 -0.031799 -0.188061
v -1.913483 -0.043828 -0.184788
v -1.911882 -0.037555 -0.187184
v -1.943527 -0.024436 -0.191235
v -1.940514 -0.006985 -0.183962
v -1.943123 -0.018624 -0.190261
v -1.942020 -0.012239 -0.187599
v -1.940514 -0.048930 -0.183962
v -1.943527 -0.031799 -0.191235
v -1.942020 -0.043828 -0.187599
v -1.943123 -0.037555 -0.190261
v -1.937083 -0.024436 -0.125806
v -1.935547 -0.006985 -0.133527
v -1.936877 -0.018624 -0.126841
v -1.936315 -0.012239 -0.129667
v -1.935547 -0.048930 -0.133528
v -1.937083 -0.031799 -0.125806
v -1.936315 -0.043828 -0.129667
v -1.936877 -0.037555 -0.126841
v -1.906090 -0.024436 -0.183789
v -1.911657 -0.006985 -0.178222
v -1.906836 -0.018624 -0.183043
v -1.908874 -0.012239 -0.181005
v -1.911657 -0.048930 -0.178222
v -1.906090 -0.031799 -0.183789
v -1.908874 -0.043828 -0.181005
v -1.906836 -0.037555 -0.183043
v -1.937083 -0.024436 -0.193190
v -1.935547 -0.006985 -0.185469
v -1.936877 -0.018624 -0.192156
v -1.936315 -0.012239 -0.189329
v -1.935547 -0.048930 -0.185469
v -1.937083 -0.031799 -0.193190
v -1.936315 -0.043828 -0.189329
v -1.936877 -0.037555 -0.192156
v -1.943527 -0.024436 -0.127761
v -1.940514 -0.006985 -0.135034
v -1.943123 -0.018624 -0.128736
v -1.942020 -0.012239 -0.131398
v -1.940514 -0.048930 -0.135034
v -1.943527 -0.031799 -0.127761
v -1.942020 -0.043828 -0.131398
v -1.943123 -0.037555 -0.128736
v -1.901818 -0.024436 -0.178583
v -1.908364 -0.006985 -0.174209
v -1.902695 -0.018624 -0.177997
v -1.905091 -0.012239 -0.176396
v -1.908364 -0.048930 -0.174209
v -1.901818 -0.031799 -0.178583
v -1.905091 -0.043828 -0.176396
v -1.902695 -0.037555 -0.177997
v -1.949466 -0.024436 -0.130936
v -1.945092 -0.006985 -0.137481
v -1.948880 -0.018624 -0.131813
v -1.947279 -0.012239 -0.134208
v -1.945092 -0.048930 -0.137481
v -1.949466 -0.031799 -0.130936
v -1.947279 -0.043828 -0.134208
v -1.948880 -0.037555 -0.131813
v -1.928477 -0.302649 -0.427847
v -1.928477 -0.386919 -0.435283
v -1.928477 -0.328687 -0.431679
v -1.928477 -0.359514 -0.434401
v -1.708042 -0.205970 -0.066732
v -1.682826 -0.282061 -0.056287
v -1.698054 -0.229309 -0.062595
v -1.688824 -0.257142 -0.058771
v -1.929664 -0.118121 -0.331745
v -1.928477 -0.184241 -0.384618
v -1.929070 -0.138146 -0.351027
v -1.928636 -0.162306 -0.370380
v -1.884273 -0.184201 -0.380264
v -1.895941 -0.118149 -0.328471
v -1.887232 -0.162273 -0.366308
v -1.891503 -0.138139 -0.347351
v -1.874389 -0.386916 -0.429956
v -1.875840 -0.302630 -0.422662
v -1.874561 -0.359506 -0.429091
v -1.875092 -0.328672 -0.426421
v -1.841769 -0.184158 -0.367370
v -1.863494 -0.118179 -0.318684
v -1.847417 -0.162238 -0.354238
v -1.855369 -0.138130 -0.336417
v -1.822380 -0.386914 -0.414179
v -1.825226 -0.302608 -0.407309
v -1.822717 -0.359497 -0.413364
v -1.823759 -0.328657 -0.410849
v -1.802596 -0.184112 -0.346432
v -1.833569 -0.118211 -0.302751
v -1.810720 -0.162200 -0.334631
v -1.822057 -0.138121 -0.318643
v -1.694465 -0.205985 -0.111491
v -1.667695 -0.282071 -0.106166
v -1.683861 -0.229322 -0.109382
v -1.674063 -0.257153 -0.107433
v -1.774448 -0.386911 -0.388559
v -1.778579 -0.302586 -0.382376
v -1.774938 -0.359488 -0.387826
v -1.776450 -0.328641 -0.385562
v -1.768261 -0.184065 -0.318254
v -1.807317 -0.118244 -0.281281
v -1.778553 -0.162162 -0.308242
v -1.792848 -0.138112 -0.294709
v -1.732435 -0.386909 -0.354080
v -1.737694 -0.302563 -0.348822
v -1.733059 -0.359479 -0.353457
v -1.734984 -0.328624 -0.351532
v -1.740083 -0.184020 -0.283919
v -1.785753 -0.118275 -0.255093
v -1.752150 -0.162125 -0.276082
v -1.768867 -0.138103 -0.265531
v -1.697956 -0.386906 -0.312068
v -1.704139 -0.302541 -0.307936
v -1.698690 -0.359470 -0.311578
v -1.700953 -0.328608 -0.310065
v -1.719145 -0.183978 -0.244747
v -1.769710 -0.118304 -0.225190
v -1.732529 -0.162090 -0.239389
v -1.751037 -0.138094 -0.232230
v -1.689880 -0.206007 -0.158039
v -1.662586 -0.282085 -0.158039
v -1.679069 -0.229342 -0.158039
v -1.669079 -0.257170 -0.158039
v -1.672336 -0.386904 -0.264136
v -1.679207 -0.302521 -0.261290
v -1.673151 -0.359462 -0.263798
v -1.675666 -0.328593 -0.262756
v -1.706251 -0.183940 -0.202242
v -1.759811 -0.118330 -0.192721
v -1.720444 -0.162059 -0.199571
v -1.740048 -0.138086 -0.196086
v -1.656559 -0.386902 -0.212127
v -1.663853 -0.302502 -0.210676
v -1.657424 -0.359455 -0.211954
v -1.660094 -0.328580 -0.211423
v -1.701898 -0.183908 -0.158039
v -1.756444 -0.118351 -0.158937
v -1.716360 -0.162033 -0.158159
v -1.736325 -0.138080 -0.158488
v -1.651232 -0.386900 -0.158039
v -1.658669 -0.302487 -0.158039
v -1.652114 -0.359449 -0.158039
v -1.654836 -0.328569 -0.158039
v -1.706251 -0.183884 -0.113835
v -1.759741 -0.118368 -0.125140
v -1.720435 -0.162013 -0.116746
v -1.740013 -0.138075 -0.120883
v -1.694465 -0.206037 -0.204587
v -1.667695 -0.282104 -0.209912
v -1.683861 -0.229369 -0.206696
v -1.674063 -0.257193 -0.208645
v -1.656559 -0.386899 -0.103951
v -1.663853 -0.302475 -0.105402
v -1.657424 -0.359444 -0.104123
v -1.660094 -0.328561 -0.104654
v -1.719145 -0.183868 -0.071331
v -1.769580 -0.118379 -0.092634
v -1.732512 -0.162000 -0.076923
v -1.750972 -0.138072 -0.084720
v -1.672336 -0.386898 -0.051942
v -1.679207 -0.302468 -0.054788
v -1.673151 -0.359441 -0.052280
v -1.675666 -0.328555 -0.053321
v -1.740083 -0.183860 -0.032158
v -1.785583 -0.118384 -0.062675
v -1.752128 -0.161994 -0.040222
v -1.768782 -0.138070 -0.051391
v -1.697956 -0.386898 -0.004010
v -1.704139 -0.302464 -0.008142
v -1.698690 -0.359440 -0.004500
v -1.700953 -0.328552 -0.006012
v -1.768261 -0.183862 0.002177
v -1.807132 -0.118383 -0.036420
v -1.778528 -0.161995 -0.008053
v -1.792755 -0.138070 -0.022181
v -1.708042 -0.206072 -0.249346
v -1.682826 -0.282126 -0.259791
v -1.698054 -0.229400 -0.253483
v -1.688824 -0.257219 -0.257306
v -1.732435 -0.386898 0.038003
v -1.737694 -0.302465 0.032744
v -1.733059 -0.359440 0.037379
v -1.734984 -0.328553 0.035454
v -1.802596 -0.183872 0.030355
v -1.833395 -0.118376 -0.014884
v -1.810697 -0.162004 0.018345
v -1.821970 -0.138072 0.001787
v -1.774448 -0.386898 0.072482
v -1.778579 -0.302470 0.066298
v -1.774938 -0.359442 0.071748
v -1.776450 -0.328557 0.069485
v -1.841769 -0.183891 0.051293
v -1.863358 -0.118363 0.001104
v -1.847399 -0.162019 0.037959
v -1.855301 -0.138076 0.019589
v -1.822380 -0.386899 0.098102
v -1.825226 -0.302479 0.091231
v -1.822717 -0.359446 0.097287
v -1.823759 -0.328563 0.094772
v -1.884273 -0.183918 0.064186
v -1.895862 -0.118344 0.010928
v -1.887221 -0.162041 0.050034
v -1.891463 -0.138082 0.030540
v -1.730091 -0.206111 -0.290596
v -1.707396 -0.282151 -0.305760
v -1.721102 -0.229435 -0.296602
v -1.712795 -0.257249 -0.302153
v -1.874389 -0.386901 0.113879
v -1.875840 -0.302492 0.106585
v -1.874561 -0.359451 0.113013
v -1.875092 -0.328573 0.110344
v -1.928477 -0.183952 0.068540
v -1.929651 -0.118321 0.014213
v -1.928634 -0.162069 0.054107
v -1.929064 -0.138089 0.034222
v -1.928477 -0.386902 0.119206
v -1.928477 -0.302508 0.111769
v -1.928477 -0.359457 0.118324
v -1.928477 -0.328585 0.115601
v -1.972680 -0.183992 0.064186
v -1.963424 -0.118294 0.010838
v -1.970044 -0.162101 0.050022
v -1.966656 -0.138097 0.030495
v -1.982564 -0.386905 0.113879
v -1.981113 -0.302527 0.106585
v -1.982392 -0.359465 0.113013
v -1.981861 -0.328598 0.110344
v -2.015184 -0.184035 0.051293
v -1.995878 -0.118264 0.000936
v -2.009860 -0.162137 0.037936
v -2.002794 -0.138106 0.019505
v -1.759763 -0.206153 -0.326752
v -1.740463 -0.282177 -0.346052
v -1.752119 -0.229473 -0.334396
v -1.745054 -0.257281 -0.341461
v -2.034574 -0.386907 0.098102
v -2.031728 -0.302549 0.091231
v -2.034236 -0.359473 0.097287
v -2.033194 -0.328614 0.094772
v -2.054357 -0.184081 0.030355
v -2.025767 -0.118232 -0.015104
v -2.046552 -0.162175 0.018316
v -2.036087 -0.138115 0.001677
v -2.082505 -0.386909 0.072482
v -2.078374 -0.302571 0.066298
v -2.082015 -0.359482 0.071748
v -2.080503 -0.328630 0.069485
v -2.088692 -0.184128 0.002177
v -2.051943 -0.118200 -0.036660
v -2.078710 -0.162213 -0.008085
v -2.065259 -0.138124 -0.022300
v -2.124518 -0.386912 0.038003
v -2.119260 -0.302593 0.032744
v -2.123894 -0.359491 0.037379
v -2.121969 -0.328646 0.035454
v -2.116870 -0.184173 -0.032158
v -2.073406 -0.118169 -0.062898
v -2.105098 -0.162250 -0.040252
v -2.089189 -0.138133 -0.051503
v -1.795920 -0.206196 -0.356424
v -1.780756 -0.282205 -0.379119
v -1.789913 -0.229512 -0.365414
v -1.784363 -0.257315 -0.373720
v -2.158997 -0.386915 -0.004010
v -2.152814 -0.302616 -0.008142
v -2.158263 -0.359500 -0.004500
v -2.156000 -0.328662 -0.006012
v -2.137808 -0.184215 -0.071331
v -2.089335 -0.118139 -0.092808
v -2.124704 -0.162285 -0.076946
v -2.106962 -0.138141 -0.084808
v -2.184617 -0.386917 -0.051942
v -2.177747 -0.302636 -0.054788
v -2.183802 -0.359508 -0.052279
v -2.181287 -0.328677 -0.053321
v -2.150702 -0.184253 -0.113835
v -2.099126 -0.118112 -0.125240
v -2.136775 -0.162316 -0.116759
v -2.117897 -0.138149 -0.120934
v -2.200394 -0.386919 -0.103951
v -2.193100 -0.302655 -0.105402
v -2.199529 -0.359516 -0.104123
v -2.196859 -0.328691 -0.104654
v -2.155055 -0.184285 -0.158039
v -2.102408 -0.118090 -0.158949
v -2.140847 -0.162342 -0.158161
v -2.121577 -0.138155 -0.158494
v -1.837170 -0.206239 -0.378473
v -1.826725 -0.282232 -0.403690
v -1.833032 -0.229551 -0.388461
v -1.829209 -0.257347 -0.397691
v -2.205721 -0.386921 -0.158039
v -2.198284 -0.302671 -0.158039
v -2.204839 -0.359522 -0.158039
v -2.202117 -0.328702 -0.158039
v -2.150702 -0.184310 -0.202242
v -2.099060 -0.118073 -0.192645
v -2.136766 -0.162362 -0.199561
v -2.117864 -0.138160 -0.196048
v -2.200394 -0.386923 -0.212127
v -2.193100 -0.302683 -0.210676
v -2.199529 -0.359527 -0.211954
v -2.196859 -0.328711 -0.211423
v -2.137808 -0.184327 -0.244747
v -2.089214 -0.118061 -0.225037
v -2.124688 -0.162376 -0.239368
v -2.106901 -0.138163 -0.232154
v -2.184617 -0.386924 -0.264136
v -2.177747 -0.302691 -0.261290
v -2.183802 -0.359531 -0.263798
v -2.181287 -0.328717 -0.262756
v -2.116870 -0.184334 -0.283919
v -2.073248 -0.118056 -0.254889
v -2.105077 -0.162382 -0.276055
v -2.089110 -0.138164 -0.265429
v -1.881929 -0.206279 -0.392050
v -1.876604 -0.282258 -0.418821
v -1.879820 -0.229587 -0.402654
v -1.877871 -0.257378 -0.412453
v -2.158997 -0.386925 -0.312068
v -2.152814 -0.302695 -0.307936
v -2.158263 -0.359532 -0.311578
v -2.156000 -0.328720 -0.310065
v -2.088692 -0.184333 -0.318254
v -2.051774 -0.118057 -0.281058
v -2.078687 -0.162381 -0.308212
v -2.065174 -0.138164 -0.294597
v -2.124518 -0.386924 -0.354080
v -2.119260 -0.302694 -0.348822
v -2.123894 -0.359532 -0.353457
v -2.121969 -0.328719 -0.351532
v -2.054357 -0.184322 -0.346432
v -2.025613 -0.118064 -0.302544
v -2.046531 -0.162372 -0.334604
v -2.036010 -0.138162 -0.318539
v -2.082505 -0.386924 -0.388559
v -2.078374 -0.302689 -0.382376
v -2.082015 -0.359530 -0.387826
v -2.080503 -0.328715 -0.385562
v -2.015184 -0.184303 -0.367370
v -1.995764 -0.118078 -0.318524
v -2.009845 -0.162356 -0.354216
v -2.002736 -0.138158 -0.336337
v -1.928477 -0.206316 -0.396635
v -1.928477 -0.282281 -0.423930
v -1.928477 -0.229620 -0.407446
v -1.928477 -0.257406 -0.417437
v -2.034574 -0.386923 -0.414179
v -2.031728 -0.302679 -0.407309
v -2.034236 -0.359526 -0.413364
v -2.033194 -0.328709 -0.410849
v -1.972680 -0.184275 -0.380264
v -1.963368 -0.118097 -0.328385
v -1.970037 -0.162334 -0.366296
v -1.966628 -0.138153 -0.347307
v -1.982564 -0.386921 -0.429956
v -1.981113 -0.302666 -0.422662
v -1.982392 -0.359520 -0.429091
v -1.981861 -0.328699 -0.426421
v -1.730091 -0.205963 -0.025482
v -1.707396 -0.282057 -0.010318
v -1.721102 -0.229302 -0.019475
v -1.712795 -0.257136 -0.013925
v -1.759763 -0.205964 0.010674
v -1.740463 -0.282058 0.029974
v -1.752119 -0.229304 0.018319
v -1.745054 -0.257137 0.025383
v -1.795920 -0.205974 0.040347
v -1.780756 -0.282064 0.063041
v -1.789913 -0.229312 0.049336
v -1.784363 -0.257145 0.057643
v -1.837170 -0.205992 0.062395
v -1.826725 -0.282075 0.087612
v -1.833032 -0.229328 0.072384
v -1.829209 -0.257158 0.081614
v -1.881929 -0.206017 0.075973
v -1.876604 -0.282091 0.102743
v -1.879820 -0.229351 0.086576
v -1.877871 -0.257177 0.096375
v -1.928477 -0.206048 0.080557
v -1.928477 -0.282111 0.107852
v -1.928477 -0.229379 0.091369
v -1.928477 -0.257201 0.101359
v -1.975024 -0.206084 0.075973
v -1.980349 -0.282134 0.102743
v -1.977134 -0.229412 0.086576
v -1.979083 -0.257229 0.096375
v -2.019783 -0.206125 0.062395
v -2.030229 -0.282160 0.087612
v -2.023921 -0.229448 0.072384
v -2.027744 -0.257260 0.081614
v -2.061033 -0.206167 0.040347
v -2.076198 -0.282187 0.063041
v -2.067040 -0.229486 0.049336
v -2.072590 -0.257293 0.057643
v -2.097190 -0.206211 0.010674
v -2.116490 -0.282214 0.029974
v -2.104834 -0.229525 0.018319
v -2.111899 -0.257326 0.025383
v -2.126862 -0.206253 -0.025482
v -2.149557 -0.282241 -0.010318
v -2.135851 -0.229563 -0.019475
v -2.144158 -0.257358 -0.013925
v -2.148911 -0.206292 -0.066732
v -2.174128 -0.282266 -0.056287
v -2.158899 -0.229599 -0.062595
v -2.168129 -0.257388 -0.058771
v -2.162488 -0.206327 -0.111491
v -2.189258 -0.282288 -0.106166
v -2.173092 -0.229631 -0.109382
v -2.182890 -0.257415 -0.107433
v -2.167073 -0.206357 -0.158039
v -2.194367 -0.282307 -0.158039
v -2.177884 -0.229657 -0.158039
v -2.187875 -0.257438 -0.158039
v -2.162488 -0.206380 -0.204587
v -2.189258 -0.282322 -0.209912
v -2.173092 -0.229678 -0.206696
v -2.182890 -0.257456 -0.208645
v -2.148911 -0.206395 -0.249346
v -2.174128 -0.282332 -0.259791
v -2.158899 -0.229692 -0.253483
v -2.168129 -0.257467 -0.257306
v -2.126862 -0.206402 -0.290596
v -2.149557 -0.282336 -0.305760
v -2.135851 -0.229698 -0.296602
v -2.144158 -0.257473 -0.302153
v -2.097190 -0.206401 -0.326752
v -2.116490 -0.282335 -0.346052
v -2.104834 -0.229697 -0.334397
v -2.111899 -0.257472 -0.341461
v -2.061033 -0.206391 -0.356424
v -2.076198 -0.282329 -0.379119
v -2.067040 -0.229688 -0.365413
v -2.072590 -0.257464 -0.373720
v -2.019783 -0.206373 -0.378473
v -2.030229 -0.282317 -0.403690
v -2.023921 -0.229672 -0.388461
v -2.027744 -0.257450 -0.397691
v -1.980349 -0.282301 -0.418821
v -1.975024 -0.206348 -0.392050
v -1.979083 -0.257431 -0.412453
v -1.977134 -0.229649 -0.402654
v -1.902330 -0.097810 -0.312683
v -1.897677 -0.097810 -0.311757
v -1.900425 -0.099487 -0.310100
v -1.899985 -0.097810 -0.312315
v -1.900056 -0.098778 -0.311955
v -1.898908 -0.098995 -0.311401
v -1.901330 -0.098995 -0.311882
v -1.928010 -0.097810 -0.315212
v -1.930382 -0.099487 -0.313050
v -1.932754 -0.097810 -0.315212
v -1.929147 -0.098995 -0.314622
v -1.930382 -0.098778 -0.314942
v -1.931616 -0.098995 -0.314622
v -1.930382 -0.097810 -0.315309
v -1.872985 -0.097810 -0.304267
v -1.868601 -0.097810 -0.302451
v -1.871620 -0.099487 -0.301362
v -1.870756 -0.097810 -0.303448
v -1.870896 -0.098778 -0.303109
v -1.869878 -0.098996 -0.302342
v -1.872159 -0.098996 -0.303287
v -1.845845 -0.097810 -0.290287
v -1.841900 -0.097810 -0.287651
v -1.845073 -0.099487 -0.287172
v -1.843818 -0.097810 -0.289050
v -1.844022 -0.098778 -0.288745
v -1.843173 -0.098996 -0.287793
v -1.845226 -0.098996 -0.289165
v -1.821953 -0.097810 -0.271282
v -1.818598 -0.097810 -0.267927
v -1.821804 -0.099487 -0.268076
v -1.820207 -0.097810 -0.269673
v -1.820467 -0.098778 -0.269413
v -1.819820 -0.098996 -0.268314
v -1.821566 -0.098996 -0.270060
v -1.802229 -0.097810 -0.247981
v -1.799593 -0.097810 -0.244035
v -1.802708 -0.099487 -0.244807
v -1.800830 -0.097810 -0.246062
v -1.801135 -0.098778 -0.245858
v -1.800715 -0.098996 -0.244654
v -1.802087 -0.098996 -0.246707
v -1.787429 -0.097810 -0.221279
v -1.785613 -0.097810 -0.216895
v -1.788518 -0.099487 -0.218260
v -1.786432 -0.097810 -0.219124
v -1.786771 -0.098778 -0.218984
v -1.786594 -0.098996 -0.217721
v -1.787538 -0.098996 -0.220002
v -1.778123 -0.097810 -0.192203
v -1.777197 -0.097810 -0.187550
v -1.779781 -0.099487 -0.189455
v -1.777565 -0.097810 -0.189895
v -1.777925 -0.098778 -0.189824
v -1.777998 -0.098996 -0.188551
v -1.778479 -0.098996 -0.190972
v -1.774668 -0.097810 -0.161870
v -1.774668 -0.097810 -0.157126
v -1.776830 -0.099487 -0.159498
v -1.774572 -0.097810 -0.159498
v -1.774938 -0.098778 -0.159498
v -1.775258 -0.098996 -0.158264
v -1.775258 -0.098996 -0.160733
v -1.777197 -0.097810 -0.131447
v -1.778123 -0.097810 -0.126793
v -1.779781 -0.099487 -0.129542
v -1.777565 -0.097810 -0.129101
v -1.777925 -0.098778 -0.129173
v -1.778479 -0.098996 -0.128024
v -1.777998 -0.098996 -0.130446
v -1.785613 -0.097810 -0.102101
v -1.787429 -0.097810 -0.097717
v -1.788518 -0.099487 -0.100736
v -1.786432 -0.097810 -0.099872
v -1.786771 -0.098778 -0.100013
v -1.787538 -0.098996 -0.098994
v -1.786594 -0.098996 -0.101275
v -1.799593 -0.097810 -0.074961
v -1.802229 -0.097810 -0.071016
v -1.802708 -0.099487 -0.074189
v -1.800830 -0.097810 -0.072935
v -1.801135 -0.098778 -0.073138
v -1.802087 -0.098996 -0.072289
v -1.800715 -0.098996 -0.074342
v -1.818598 -0.097810 -0.051069
v -1.821953 -0.097810 -0.047714
v -1.821804 -0.099487 -0.050921
v -1.820207 -0.097810 -0.049324
v -1.820467 -0.098778 -0.049583
v -1.821566 -0.098996 -0.048936
v -1.819820 -0.098996 -0.050682
v -1.841900 -0.097810 -0.031345
v -1.845845 -0.097810 -0.028709
v -1.845073 -0.099487 -0.031824
v -1.843818 -0.097810 -0.029947
v -1.844022 -0.098778 -0.030252
v -1.845226 -0.098996 -0.029831
v -1.843173 -0.098996 -0.031203
v -1.868601 -0.097810 -0.016545
v -1.872985 -0.097810 -0.014730
v -1.871620 -0.099487 -0.017635
v -1.870756 -0.097810 -0.015548
v -1.870896 -0.098778 -0.015887
v -1.872159 -0.098996 -0.015710
v -1.869878 -0.098996 -0.016655
v -1.897677 -0.097810 -0.007239
v -1.902330 -0.097810 -0.006314
v -1.900425 -0.099487 -0.008897
v -1.899985 -0.097810 -0.006682
v -1.900056 -0.098778 -0.007042
v -1.901330 -0.098996 -0.007114
v -1.898908 -0.098996 -0.007596
v -1.928010 -0.097810 -0.003785
v -1.932754 -0.097810 -0.003785
v -1.930382 -0.099487 -0.005946
v -1.930382 -0.097810 -0.003688
v -1.930382 -0.098778 -0.004055
v -1.931616 -0.098996 -0.004374
v -1.929147 -0.098995 -0.004374
v -1.958433 -0.097810 -0.006314
v -1.963087 -0.097810 -0.007239
v -1.960338 -0.099487 -0.008897
v -1.960779 -0.097810 -0.006682
v -1.960707 -0.098778 -0.007042
v -1.961856 -0.098995 -0.007596
v -1.959434 -0.098995 -0.007114
v -1.987779 -0.097810 -0.014730
v -1.992163 -0.097810 -0.016545
v -1.989144 -0.099487 -0.017635
v -1.990008 -0.097810 -0.015548
v -1.989868 -0.098778 -0.015887
v -1.990886 -0.098995 -0.016655
v -1.988605 -0.098995 -0.015710
v -2.014919 -0.097810 -0.028709
v -2.018864 -0.097810 -0.031345
v -2.015691 -0.099487 -0.031824
v -2.016946 -0.097810 -0.029947
v -2.016742 -0.098778 -0.030252
v -2.017591 -0.098995 -0.031203
v -2.015538 -0.098995 -0.029831
v -2.038811 -0.097810 -0.047714
v -2.042166 -0.097810 -0.051069
v -2.038960 -0.099487 -0.050921
v -2.040556 -0.097810 -0.049324
v -2.040297 -0.098778 -0.049583
v -2.040944 -0.098995 -0.050682
v -2.039198 -0.098995 -0.048936
v -2.058535 -0.097810 -0.071016
v -2.061171 -0.097810 -0.074961
v -2.058056 -0.099487 -0.074189
v -2.059934 -0.097810 -0.072935
v -2.059628 -0.098778 -0.073138
v -2.060049 -0.098995 -0.074342
v -2.058677 -0.098995 -0.072289
v -2.073335 -0.097810 -0.097717
v -2.075150 -0.097810 -0.102101
v -2.072245 -0.099487 -0.100736
v -2.074332 -0.097810 -0.099872
v -2.073993 -0.098778 -0.100013
v -2.074170 -0.098995 -0.101275
v -2.073225 -0.098995 -0.098994
v -2.082641 -0.097810 -0.126793
v -2.083566 -0.097810 -0.131447
v -2.080983 -0.099487 -0.129542
v -2.083199 -0.097810 -0.129101
v -2.082839 -0.098778 -0.129173
v -2.082766 -0.098995 -0.130446
v -2.082284 -0.098995 -0.128024
v -2.086096 -0.097810 -0.157126
v -2.086096 -0.097810 -0.161870
v -2.083934 -0.099487 -0.159498
v -2.086192 -0.097810 -0.159498
v -2.085825 -0.098778 -0.159498
v -2.085506 -0.098995 -0.160733
v -2.085506 -0.098995 -0.158264
v -2.083566 -0.097810 -0.187550
v -2.082641 -0.097810 -0.192203
v -2.080983 -0.099487 -0.189455
v -2.083199 -0.097810 -0.189895
v -2.082839 -0.098778 -0.189824
v -2.082284 -0.098995 -0.190972
v -2.082766 -0.098995 -0.188551
v -2.075150 -0.097810 -0.216895
v -2.073335 -0.097810 -0.221279
v -2.072245 -0.099487 -0.218260
v -2.074332 -0.097810 -0.219124
v -2.073993 -0.098778 -0.218984
v -2.073225 -0.098995 -0.220002
v -2.074170 -0.098995 -0.217721
v -2.061171 -0.097810 -0.244035
v -2.058535 -0.097810 -0.247981
v -2.058056 -0.099487 -0.244807
v -2.059934 -0.097810 -0.246062
v -2.059628 -0.098778 -0.245858
v -2.058677 -0.098995 -0.246707
v -2.060049 -0.098995 -0.244654
v -2.042166 -0.097810 -0.267927
v -2.038811 -0.097810 -0.271282
v -2.038960 -0.099487 -0.268076
v -2.040556 -0.097810 -0.269673
v -2.040297 -0.098778 -0.269413
v -2.039198 -0.098995 -0.270060
v -2.040944 -0.098995 -0.268314
v -2.018864 -0.097810 -0.287651
v -2.014919 -0.097810 -0.290287
v -2.015691 -0.099487 -0.287172
v -2.016946 -0.097810 -0.289050
v -2.016742 -0.098778 -0.288745
v -2.015538 -0.098995 -0.289165
v -2.017591 -0.098995 -0.287793
v -1.992163 -0.097810 -0.302451
v -1.987779 -0.097810 -0.304267
v -1.989144 -0.099487 -0.301362
v -1.990008 -0.097810 -0.303448
v -1.989868 -0.098778 -0.303109
v -1.988605 -0.098995 -0.303287
v -1.990886 -0.098995 -0.302342
v -1.963087 -0.097810 -0.311757
v -1.958433 -0.097810 -0.312683
v -1.960338 -0.099487 -0.310100
v -1.960779 -0.097810 -0.312315
v -1.960707 -0.098778 -0.311955
v -1.959434 -0.098995 -0.311882
v -1.961856 -0.098995 -0.311401
v -1.902330 -0.096226 -0.312683
v -1.900425 -0.094549 -0.310100
v -1.897677 -0.096226 -0.311757
v -1.901330 -0.095040 -0.311882
v -1.900056 -0.095257 -0.311955
v -1.898908 -0.095040 -0.311401
v -1.899985 -0.096226 -0.312315
v -1.928010 -0.096226 -0.315212
v -1.932754 -0.096226 -0.315212
v -1.930382 -0.094549 -0.313050
v -1.930382 -0.096226 -0.315309
v -1.930382 -0.095257 -0.314942
v -1.931616 -0.095040 -0.314622
v -1.929147 -0.095040 -0.314622
v -1.872985 -0.096226 -0.304267
v -1.871620 -0.094549 -0.301362
v -1.868601 -0.096226 -0.302451
v -1.872159 -0.095040 -0.303287
v -1.870896 -0.095257 -0.303109
v -1.869878 -0.095040 -0.302342
v -1.870756 -0.096226 -0.303448
v -1.845845 -0.096226 -0.290287
v -1.845073 -0.094549 -0.287172
v -1.841900 -0.096226 -0.287651
v -1.845226 -0.095040 -0.289165
v -1.844022 -0.095257 -0.288745
v -1.843173 -0.095040 -0.287793
v -1.843818 -0.096226 -0.289050
v -1.821953 -0.096226 -0.271282
v -1.821804 -0.094549 -0.268076
v -1.818598 -0.096226 -0.267927
v -1.821566 -0.095040 -0.270060
v -1.820467 -0.095257 -0.269413
v -1.819820 -0.095040 -0.268314
v -1.820207 -0.096226 -0.269673
v -1.802708 -0.094549 -0.244807
v -1.799593 -0.096226 -0.244035
v -1.802229 -0.096226 -0.247981
v -1.800715 -0.095040 -0.244654
v -1.801135 -0.095257 -0.245858
v -1.800830 -0.096226 -0.246062
v -1.802087 -0.095040 -0.246707
v -1.788518 -0.094549 -0.218260
v -1.785613 -0.096226 -0.216895
v -1.787429 -0.096226 -0.221279
v -1.786594 -0.095040 -0.217721
v -1.786771 -0.095257 -0.218984
v -1.786432 -0.096226 -0.219124
v -1.787538 -0.095040 -0.220002
v -1.779781 -0.094549 -0.189455
v -1.777197 -0.096226 -0.187550
v -1.778123 -0.096226 -0.192203
v -1.777998 -0.095040 -0.188551
v -1.777925 -0.095257 -0.189824
v -1.777565 -0.096226 -0.189895
v -1.778479 -0.095040 -0.190972
v -1.776830 -0.094549 -0.159498
v -1.774668 -0.096226 -0.157126
v -1.774668 -0.096226 -0.161870
v -1.775258 -0.095040 -0.158264
v -1.774938 -0.095257 -0.159498
v -1.774572 -0.096226 -0.159498
v -1.775258 -0.095040 -0.160733
v -1.779781 -0.094549 -0.129542
v -1.778123 -0.096226 -0.126793
v -1.777197 -0.096226 -0.131447
v -1.778479 -0.095040 -0.128024
v -1.777925 -0.095257 -0.129173
v -1.777565 -0.096226 -0.129101
v -1.777998 -0.095040 -0.130446
v -1.788518 -0.094549 -0.100736
v -1.787429 -0.096226 -0.097717
v -1.785613 -0.096226 -0.102101
v -1.787538 -0.095040 -0.098994
v -1.786771 -0.095257 -0.100013
v -1.786432 -0.096226 -0.099872
v -1.786594 -0.095040 -0.101275
v -1.802708 -0.094549 -0.074189
v -1.802229 -0.096226 -0.071016
v -1.799593 -0.096226 -0.074961
v -1.802087 -0.095040 -0.072289
v -1.801135 -0.095257 -0.073138
v -1.800830 -0.096226 -0.072935
v -1.800715 -0.095040 -0.074342
v -1.821804 -0.094549 -0.050921
v -1.821953 -0.096226 -0.047714
v -1.818598 -0.096226 -0.051069
v -1.821566 -0.095040 -0.048936
v -1.820467 -0.095257 -0.049583
v -1.820207 -0.096226 -0.049324
v -1.819820 -0.095040 -0.050682
v -1.845073 -0.094549 -0.031824
v -1.845845 -0.096226 -0.028709
v -1.841900 -0.096226 -0.031345
v -1.845226 -0.095040 -0.029831
v -1.844022 -0.095257 -0.030252
v -1.843818 -0.096226 -0.029947
v -1.843173 -0.095040 -0.031203
v -1.871620 -0.094549 -0.017635
v -1.872985 -0.096226 -0.014730
v -1.868601 -0.096226 -0.016545
v -1.872159 -0.095040 -0.015710
v -1.870896 -0.095257 -0.015887
v -1.870756 -0.096226 -0.015548
v -1.869878 -0.095040 -0.016655
v -1.900425 -0.094549 -0.008897
v -1.902330 -0.096226 -0.006314
v -1.897677 -0.096226 -0.007239
v -1.901330 -0.095040 -0.007114
v -1.900056 -0.095257 -0.007042
v -1.899985 -0.096226 -0.006682
v -1.898908 -0.095040 -0.007596
v -1.930382 -0.094549 -0.005946
v -1.932754 -0.096226 -0.003785
v -1.928010 -0.096226 -0.003785
v -1.931616 -0.095040 -0.004374
v -1.930382 -0.095257 -0.004055
v -1.930382 -0.096226 -0.003688
v -1.929147 -0.095040 -0.004374
v -1.960338 -0.094549 -0.008897
v -1.963087 -0.096226 -0.007239
v -1.958433 -0.096226 -0.006314
v -1.961856 -0.095040 -0.007596
v -1.960707 -0.095257 -0.007042
v -1.960779 -0.096226 -0.006682
v -1.959434 -0.095040 -0.007114
v -1.989144 -0.094549 -0.017635
v -1.992163 -0.096226 -0.016545
v -1.987779 -0.096226 -0.014730
v -1.990886 -0.095040 -0.016655
v -1.989868 -0.095257 -0.015887
v -1.990008 -0.096226 -0.015548
v -1.988605 -0.095040 -0.015710
v -2.014919 -0.096226 -0.028709
v -2.015691 -0.094548 -0.031824
v -2.018864 -0.096226 -0.031345
v -2.015538 -0.095040 -0.029831
v -2.016742 -0.095257 -0.030252
v -2.017591 -0.095040 -0.031203
v -2.016946 -0.096226 -0.029947
v -2.038811 -0.096226 -0.047714
v -2.038960 -0.094548 -0.050921
v -2.042166 -0.096226 -0.051069
v -2.039198 -0.095040 -0.048936
v -2.040297 -0.095257 -0.049583
v -2.040944 -0.095040 -0.050682
v -2.040556 -0.096226 -0.049324
v -2.058535 -0.096226 -0.071016
v -2.058056 -0.094548 -0.074189
v -2.061171 -0.096226 -0.074961
v -2.058677 -0.095040 -0.072289
v -2.059628 -0.095257 -0.073138
v -2.060049 -0.095040 -0.074342
v -2.059934 -0.096226 -0.072935
v -2.073335 -0.096226 -0.097717
v -2.072245 -0.094548 -0.100736
v -2.075150 -0.096226 -0.102101
v -2.073225 -0.095040 -0.098994
v -2.073993 -0.095257 -0.100013
v -2.074170 -0.095040 -0.101275
v -2.074332 -0.096226 -0.099872
v -2.082641 -0.096225 -0.126793
v -2.080983 -0.094548 -0.129542
v -2.083566 -0.096225 -0.131447
v -2.082284 -0.095040 -0.128024
v -2.082839 -0.095257 -0.129173
v -2.082766 -0.095040 -0.130446
v -2.083199 -0.096225 -0.129101
v -2.086096 -0.096225 -0.157126
v -2.083934 -0.094548 -0.159498
v -2.086096 -0.096225 -0.161870
v -2.085506 -0.095040 -0.158264
v -2.085825 -0.095257 -0.159498
v -2.085506 -0.095040 -0.160733
v -2.086192 -0.096225 -0.159498
v -2.083566 -0.096225 -0.187550
v -2.080983 -0.094548 -0.189455
v -2.082641 -0.096225 -0.192203
v -2.082766 -0.095040 -0.188551
v -2.082839 -0.095257 -0.189824
v -2.082284 -0.095040 -0.190972
v -2.083199 -0.096225 -0.189895
v -2.075150 -0.096226 -0.216895
v -2.072245 -0.094548 -0.218260
v -2.073335 -0.096226 -0.221279
v -2.074170 -0.095040 -0.217721
v -2.073993 -0.095257 -0.218984
v -2.073225 -0.095040 -0.220002
v -2.074332 -0.096226 -0.219124
v -2.061171 -0.096226 -0.244035
v -2.058056 -0.094548 -0.244807
v -2.058535 -0.096226 -0.247981
v -2.060049 -0.095040 -0.244654
v -2.059628 -0.095257 -0.245858
v -2.058677 -0.095040 -0.246707
v -2.059934 -0.096226 -0.246062
v -2.042166 -0.096226 -0.267927
v -2.038960 -0.094548 -0.268076
v -2.038811 -0.096226 -0.271282
v -2.040944 -0.095040 -0.268314
v -2.040297 -0.095257 -0.269413
v -2.039198 -0.095040 -0.270060
v -2.040556 -0.096226 -0.269673
v -2.018864 -0.096226 -0.287651
v -2.015691 -0.094548 -0.287172
v -2.014919 -0.096226 -0.290287
v -2.017591 -0.095040 -0.287793
v -2.016742 -0.095257 -0.288745
v -2.015538 -0.095040 -0.289165
v -2.016946 -0.096226 -0.289050
v -1.992163 -0.096226 -0.302451
v -1.989144 -0.094549 -0.301362
v -1.987779 -0.096226 -0.304267
v -1.990886 -0.095040 -0.302342
v -1.989868 -0.095257 -0.303109
v -1.988605 -0.095040 -0.303287
v -1.990008 -0.096226 -0.303448
v -1.963087 -0.096226 -0.311757
v -1.960338 -0.094549 -0.310100
v -1.958433 -0.096226 -0.312683
v -1.961856 -0.095040 -0.311401
v -1.960707 -0.095257 -0.311955
v -1.959434 -0.095040 -0.311882
v -1.960779 -0.096226 -0.312315
v -1.923801 -0.117734 -0.009777
v -1.930381 -0.117186 -0.010123
v -1.917475 -0.119356 -0.008752
v -1.911644 -0.121991 -0.007087
v -1.906533 -0.125537 -0.004847
v -1.902339 -0.129857 -0.002117
v -1.899222 -0.134786 0.000998
v -1.897303 -0.140135 0.004378
v -1.896655 -0.145697 0.007892
v -1.897303 -0.151259 0.011407
v -1.899222 -0.156608 0.014786
v -1.902339 -0.161537 0.017901
v -1.906533 -0.165857 0.020631
v -1.911644 -0.169403 0.022871
v -1.917475 -0.172038 0.024536
v -1.923801 -0.173660 0.025561
v -1.930381 -0.174208 0.025907
v -1.936960 -0.173660 0.025561
v -1.943287 -0.172038 0.024536
v -1.949118 -0.169403 0.022871
v -1.954229 -0.165857 0.020631
v -1.958423 -0.161537 0.017901
v -1.961539 -0.156608 0.014786
v -1.963459 -0.151259 0.011407
v -1.964107 -0.145697 0.007892
v -1.963459 -0.140135 0.004378
v -1.961539 -0.134786 0.000998
v -1.958423 -0.129857 -0.002117
v -1.954229 -0.125537 -0.004847
v -1.949118 -0.121991 -0.007087
v -1.943287 -0.119356 -0.008752
v -1.936960 -0.117734 -0.009777
v -1.922634 -0.071027 0.054786
v -1.929198 -0.070352 0.054366
v -1.916351 -0.072674 0.056016
v -1.910588 -0.075230 0.058009
v -1.905568 -0.078597 0.060689
v -1.901484 -0.082644 0.063952
v -1.898493 -0.087217 0.067673
v -1.896709 -0.092140 0.071710
v -1.896201 -0.097223 0.075907
v -1.896988 -0.102272 0.080102
v -1.899041 -0.107092 0.084135
v -1.902281 -0.111498 0.087850
v -1.906582 -0.115321 0.091105
v -1.911780 -0.118414 0.093775
v -1.917675 -0.120657 0.095757
v -1.924040 -0.121966 0.096974
v -1.930631 -0.122288 0.097381
v -1.937194 -0.121613 0.096961
v -1.943478 -0.119966 0.095731
v -1.949241 -0.117410 0.093738
v -1.954260 -0.114044 0.091059
v -1.958344 -0.109996 0.087795
v -1.961336 -0.105423 0.084074
v -1.963120 -0.100500 0.080038
v -1.963628 -0.095417 0.075841
v -1.962840 -0.090368 0.071646
v -1.960787 -0.085548 0.067613
v -1.957548 -0.081142 0.063898
v -1.953247 -0.077319 0.060643
v -1.948049 -0.074227 0.057973
v -1.942154 -0.071983 0.055991
v -1.935789 -0.070675 0.054773
v -1.962835 -0.129485 0.028581
v -1.961977 -0.124755 0.024041
v -1.901707 -0.145189 0.042110
v -1.906061 -0.148732 0.045601
v -1.959857 -0.120253 0.019688
v -1.911303 -0.151582 0.048450
v -1.956557 -0.116151 0.015690
v -1.917229 -0.153628 0.050548
v -1.928055 -0.106311 0.005599
v -1.921500 -0.107010 0.006109
v -1.952202 -0.112607 0.012198
v -1.923613 -0.154792 0.051814
v -1.915239 -0.108619 0.007495
v -1.946961 -0.109758 0.009349
v -1.930209 -0.155029 0.052200
v -1.909512 -0.111075 0.009703
v -1.941034 -0.107711 0.007251
v -1.936763 -0.154330 0.051690
v -1.904538 -0.114284 0.012649
v -1.934651 -0.106548 0.005985
v -1.943025 -0.152721 0.050304
v -1.900510 -0.118122 0.016220
v -1.948752 -0.150265 0.048096
v -1.897582 -0.122443 0.020277
v -1.953725 -0.147056 0.045150
v -1.895866 -0.127080 0.024667
v -1.957753 -0.143217 0.041579
v -1.895428 -0.131855 0.029218
v -1.960682 -0.138897 0.037522
v -1.896286 -0.136585 0.033758
v -1.962398 -0.134259 0.033133
v -1.898406 -0.141087 0.038111
v -1.922841 -0.114436 -0.014320
v -1.930482 -0.113800 -0.014722
v -1.915494 -0.116320 -0.013130
v -1.908723 -0.119380 -0.011196
v -1.902788 -0.123497 -0.008595
v -1.897918 -0.128514 -0.005424
v -1.894298 -0.134238 -0.001808
v -1.892070 -0.140449 0.002117
v -1.891317 -0.146909 0.006198
v -1.892070 -0.153368 0.010280
v -1.894298 -0.159579 0.014204
v -1.897918 -0.165303 0.017821
v -1.902788 -0.170320 0.020991
v -1.908723 -0.174437 0.023593
v -1.915494 -0.177497 0.025526
v -1.922841 -0.179381 0.026717
v -1.930482 -0.180017 0.027119
v -1.938122 -0.179381 0.026717
v -1.945469 -0.177497 0.025526
v -1.952240 -0.174437 0.023593
v -1.958175 -0.170320 0.020991
v -1.963045 -0.165303 0.017821
v -1.966665 -0.159579 0.014204
v -1.968893 -0.153368 0.010280
v -1.969646 -0.146909 0.006198
v -1.968893 -0.140449 0.002117
v -1.966665 -0.134238 -0.001808
v -1.963045 -0.128514 -0.005424
v -1.958175 -0.123497 -0.008595
v -1.952240 -0.119380 -0.011196
v -1.945469 -0.116320 -0.013130
v -1.938122 -0.114436 -0.014320
v -1.967346 -0.125829 0.021575
v -1.965677 -0.124875 0.023154
v -1.966817 -0.125176 0.022535
v -1.902339 -0.153604 0.046539
v -1.903281 -0.151730 0.047244
v -1.902606 -0.152710 0.047273
v -1.964904 -0.120596 0.016516
v -1.963298 -0.119865 0.018316
v -1.964386 -0.120010 0.017543
v -1.908418 -0.156921 0.049860
v -1.909133 -0.154947 0.050449
v -1.908622 -0.155994 0.050555
v -1.961092 -0.115824 0.011866
v -1.959616 -0.115305 0.013873
v -1.960603 -0.115304 0.012956
v -1.915295 -0.159305 0.052307
v -1.915767 -0.157260 0.052813
v -1.915429 -0.158354 0.052974
v -1.920452 -0.105124 0.000659
v -1.920626 -0.105136 0.003214
v -1.920417 -0.104794 0.001944
v -1.956056 -0.111698 0.007803
v -1.954770 -0.111365 0.009993
v -1.955614 -0.111236 0.008950
v -1.922705 -0.160665 0.053788
v -1.922923 -0.158577 0.054240
v -1.922766 -0.159698 0.054435
v -1.913172 -0.106980 0.002256
v -1.913662 -0.106925 0.004756
v -1.913234 -0.106636 0.003529
v -1.949989 -0.108376 0.004482
v -1.948942 -0.108195 0.006824
v -1.949609 -0.107964 0.005679
v -1.930364 -0.160947 0.054245
v -1.930322 -0.158844 0.054674
v -1.930349 -0.159973 0.054881
v -1.906506 -0.109825 0.004811
v -1.907291 -0.109657 0.007213
v -1.906660 -0.109450 0.006059
v -1.943123 -0.105984 0.002031
v -1.942353 -0.105918 0.004488
v -1.942817 -0.105613 0.003268
v -1.937977 -0.160143 0.053661
v -1.937672 -0.158051 0.054097
v -1.937885 -0.159169 0.054295
v -1.900711 -0.113548 0.008226
v -1.901757 -0.113226 0.010488
v -1.900950 -0.113130 0.009436
v -1.935721 -0.104617 0.000546
v -1.935254 -0.104622 0.003077
v -1.935499 -0.104273 0.001810
v -1.945251 -0.158283 0.052059
v -1.944687 -0.156231 0.052532
v -1.945081 -0.157317 0.052701
v -1.896012 -0.118006 0.012370
v -1.897268 -0.117494 0.014455
v -1.896321 -0.117532 0.013529
v -1.951907 -0.155438 0.049500
v -1.951090 -0.153455 0.050043
v -1.951661 -0.154489 0.050161
v -1.892590 -0.123027 0.017083
v -1.893993 -0.122301 0.018964
v -1.892951 -0.122489 0.018182
v -1.957690 -0.151718 0.046083
v -1.956634 -0.149836 0.046729
v -1.957371 -0.150796 0.046772
v -1.890576 -0.128417 0.022184
v -1.892058 -0.127466 0.023844
v -1.890969 -0.127811 0.023217
v -1.962378 -0.147265 0.041940
v -1.961106 -0.145516 0.042721
v -1.961992 -0.146380 0.042668
v -1.890048 -0.133970 0.027475
v -1.891537 -0.132793 0.028912
v -1.890451 -0.133294 0.028440
v -1.965791 -0.142251 0.037231
v -1.964338 -0.140666 0.038179
v -1.965347 -0.141413 0.038006
v -1.891026 -0.139470 0.032755
v -1.892455 -0.138081 0.033976
v -1.891419 -0.138729 0.033653
v -1.967798 -0.136869 0.032135
v -1.966212 -0.135476 0.033277
v -1.967309 -0.136086 0.032966
v -1.893472 -0.144707 0.037819
v -1.894782 -0.143128 0.038842
v -1.893837 -0.143907 0.038656
v -1.966662 -0.130145 0.028204
v -1.968323 -0.131324 0.026849
v -1.967805 -0.130603 0.027743
v -1.898436 -0.147738 0.043323
v -1.897293 -0.149480 0.042474
v -1.897614 -0.148628 0.043255
v -1.927917 -0.104358 0.002647
v -1.928066 -0.104326 0.000082
v -1.927936 -0.103996 0.001363
v -1.924154 -0.076306 0.059187
v -1.929347 -0.075772 0.058855
v -1.919181 -0.077609 0.060160
v -1.914622 -0.079632 0.061738
v -1.910650 -0.082296 0.063858
v -1.907418 -0.085498 0.066440
v -1.905051 -0.089117 0.069385
v -1.903639 -0.093012 0.072579
v -1.903237 -0.097035 0.075900
v -1.903860 -0.101030 0.079219
v -1.905485 -0.104844 0.082410
v -1.908048 -0.108331 0.085350
v -1.911452 -0.111356 0.087926
v -1.915565 -0.113803 0.090039
v -1.920229 -0.115578 0.091607
v -1.925266 -0.116613 0.092571
v -1.930481 -0.116869 0.092893
v -1.935675 -0.116334 0.092560
v -1.940647 -0.115031 0.091587
v -1.945207 -0.113009 0.090010
v -1.949179 -0.110345 0.087890
v -1.952411 -0.107142 0.085307
v -1.954778 -0.103523 0.082363
v -1.956190 -0.099628 0.079169
v -1.956592 -0.095605 0.075848
v -1.955969 -0.091610 0.072528
v -1.954344 -0.087796 0.069337
v -1.951781 -0.084310 0.066397
v -1.948377 -0.081285 0.063821
v -1.944264 -0.078838 0.061709
v -1.939600 -0.077062 0.060141
v -1.934563 -0.076027 0.059177
v -1.924321 -0.082821 0.051316
v -1.929514 -0.082286 0.050984
v -1.919348 -0.084124 0.052289
v -1.914788 -0.086146 0.053866
v -1.910816 -0.088810 0.055987
v -1.907585 -0.092013 0.058569
v -1.905217 -0.095632 0.061513
v -1.903806 -0.099527 0.064708
v -1.903404 -0.103550 0.068028
v -1.904027 -0.107545 0.071348
v -1.905651 -0.111359 0.074539
v -1.908215 -0.114845 0.077479
v -1.911618 -0.117870 0.080055
v -1.915732 -0.120317 0.082167
v -1.920396 -0.122093 0.083736
v -1.925433 -0.123128 0.084699
v -1.930648 -0.123383 0.085021
v -1.935842 -0.122849 0.084689
v -1.940814 -0.121546 0.083716
v -1.945374 -0.119523 0.082139
v -1.949346 -0.116859 0.080018
v -1.952578 -0.113657 0.077436
v -1.954945 -0.110038 0.074491
v -1.956357 -0.106143 0.071297
v -1.956759 -0.102120 0.067976
v -1.956136 -0.098125 0.064657
v -1.954511 -0.094311 0.061466
v -1.951948 -0.090824 0.058526
v -1.948544 -0.087799 0.055950
v -1.944431 -0.085352 0.053837
v -1.939766 -0.083577 0.052269
v -1.934730 -0.082542 0.051306
v -1.926962 -0.091997 0.058967
v -1.929774 -0.091708 0.058787
v -1.924270 -0.092703 0.059494
v -1.921800 -0.093798 0.060348
v -1.919650 -0.095241 0.061496
v -1.917900 -0.096975 0.062894
v -1.916618 -0.098934 0.064489
v -1.915853 -0.101044 0.066218
v -1.915636 -0.103222 0.068016
v -1.915973 -0.105385 0.069814
v -1.916853 -0.107451 0.071542
v -1.918241 -0.109338 0.073134
v -1.920084 -0.110976 0.074529
v -1.922311 -0.112302 0.075673
v -1.924837 -0.113263 0.076522
v -1.927564 -0.113823 0.077044
v -1.930388 -0.113962 0.077218
v -1.933201 -0.113672 0.077038
v -1.935893 -0.112967 0.076511
v -1.938362 -0.111871 0.075657
v -1.940513 -0.110429 0.074509
v -1.942263 -0.108695 0.073111
v -1.943545 -0.106735 0.071516
v -1.944309 -0.104626 0.069786
v -1.944527 -0.102448 0.067988
v -1.944190 -0.100284 0.066191
v -1.943310 -0.098219 0.064463
v -1.941922 -0.096331 0.062871
v -1.940079 -0.094693 0.061476
v -1.937852 -0.093368 0.060332
v -1.935326 -0.092407 0.059483
v -1.932598 -0.091846 0.058961
v -1.927715 -0.121378 0.023467
v -1.930527 -0.121089 0.023287
v -1.925022 -0.122084 0.023994
v -1.922553 -0.123179 0.024848
v -1.920402 -0.124621 0.025997
v -1.918652 -0.126356 0.027395
v -1.917371 -0.128315 0.028989
v -1.916606 -0.130424 0.030719
v -1.916389 -0.132603 0.032517
v -1.916726 -0.134766 0.034315
v -1.917606 -0.136831 0.036043
v -1.918994 -0.138719 0.037634
v -1.920837 -0.140357 0.039029
v -1.923064 -0.141682 0.040173
v -1.925590 -0.142643 0.041022
v -1.928317 -0.143204 0.041544
v -1.931141 -0.143342 0.041718
v -1.933954 -0.143053 0.041539
v -1.936646 -0.142347 0.041012
v -1.939115 -0.141252 0.040158
v -1.941266 -0.139810 0.039009
v -1.943016 -0.138075 0.037611
v -1.944298 -0.136116 0.036017
v -1.945062 -0.134007 0.034287
v -1.945280 -0.131828 0.032489
v -1.944942 -0.129665 0.030691
v -1.944063 -0.127600 0.028963
v -1.942675 -0.125712 0.027371
v -1.940832 -0.124074 0.025977
v -1.938604 -0.122749 0.024833
v -1.936079 -0.121788 0.023984
v -1.933351 -0.121227 0.023462
s 1
usemtl Material.001
f 1669 1661 1758
f 1389 1605 1633
f 1397 1577 1605
f 1405 1549 1577
f 1417 1521 1549
f 1425 1493 1521
f 1433 1465 1493
f 1449 17 15
f 1457 19 17
f 1469 21 19
f 1477 23 21
f 1677 1489 1681
f 1681 1501 1685
f 1685 1509 1689
f 1689 1517 1693
f 1693 1529 1697
f 1697 1537 1701
f 1701 1545 1705
f 1705 1557 1709
f 1709 1565 1713
f 1713 1573 1717
f 1717 1585 1721
f 1721 1593 1725
f 1725 1601 1729
f 1729 1613 1733
f 1733 1621 1737
f 1737 1629 1741
f 1629 1745 1741
f 1641 1749 1745
f 1649 1753 1749
f 867 2007 2000
f 1657 1758 1753
f 1386 1633 1661
f 1662 1394 1377
f 1410 1478 1470
f 1754 1674 1666
f 1473 1677 1381
f 1665 63 61
f 1750 1666 1654
f 1653 61 59
f 1746 1654 1646
f 1382 1486 1478
f 1645 59 57
f 1742 1646 1638
f 1670 2 1385
f 1637 57 55
f 1626 1742 1638
f 53 1637 55
f 1618 1738 1626
f 1438 1470 1458
f 51 1625 53
f 1610 1734 1618
f 1413 9 7
f 49 1617 51
f 1598 1730 1610
f 47 1609 49
f 1590 1726 1598
f 1466 1458 1450
f 45 1597 47
f 1582 1722 1590
f 1441 15 13
f 43 1589 45
f 1570 1718 1582
f 41 1581 43
f 1562 1714 1570
f 1445 1437 1465
f 39 1569 41
f 1554 1710 1562
f 1446 18 1454
f 37 1561 39
f 1542 1706 1554
f 35 1553 37
f 1534 1702 1542
f 1429 13 11
f 33 1541 35
f 1526 1698 1534
f 1434 16 1446
f 31 1533 33
f 1514 1694 1526
f 29 1525 31
f 1506 1690 1514
f 1421 11 9
f 27 1513 29
f 1498 1686 1506
f 1426 14 1434
f 25 1505 27
f 1486 1682 1498
f 23 1497 25
f 24 1490 1482
f 1453 1409 1437
f 1474 24 1482
f 1418 12 1426
f 1462 22 1474
f 1454 20 1462
f 1401 7 5
f 1494 1450 1442
f 1406 10 1418
f 1522 1442 1430
f 1550 1430 1422
f 1393 5 3
f 1578 1422 1414
f 1398 8 1406
f 1606 1414 1402
f 1634 1402 1394
f 1385 4 1390
f 1673 1 63
f 1757 1377 1674
f 26 1502 1490
f 28 1510 1502
f 30 1518 1510
f 32 1530 1518
f 34 1538 1530
f 36 1546 1538
f 38 1558 1546
f 40 1566 1558
f 42 1574 1566
f 44 1586 1574
f 46 1594 1586
f 48 1602 1594
f 50 1614 1602
f 52 1622 1614
f 54 1630 1622
f 1630 58 1642
f 1642 60 1650
f 1650 62 1658
f 1658 64 1670
f 1390 6 1398
f 1762 1999 1775
f 1866 2084 2092
f 871 2020 870
f 1951 2181 1957
f 870 2014 869
f 896 2196 895
f 1768 1985 1761
f 1859 2077 2085
f 869 2007 868
f 1944 2174 1950
f 895 2189 894
f 866 2203 896
f 894 2182 893
f 1846 2078 1852
f 865 2000 1986
f 1937 2167 1943
f 892 2182 2175
f 891 2175 2168
f 1839 2071 1845
f 1930 2160 1936
f 890 2168 2161
f 890 2154 889
f 1838 2056 2064
f 1929 2148 2153
f 889 2147 888
f 887 2147 2140
f 1825 2057 1831
f 1922 2141 2146
f 887 2133 886
f 886 2126 885
f 1461 1381 1409
f 1674 1379 1676
f 1676 1380 1675
f 1675 1378 1673
f 1385 1672 1670
f 1387 1671 1672
f 1388 1669 1671
f 1666 1676 1668
f 1668 1675 1667
f 1667 1673 1665
f 1670 1660 1658
f 1672 1659 1660
f 1671 1657 1659
f 1654 1668 1656
f 1656 1667 1655
f 1655 1665 1653
f 1658 1652 1650
f 1660 1651 1652
f 1659 1649 1651
f 1646 1656 1648
f 1648 1655 1647
f 1647 1653 1645
f 1650 1644 1642
f 1652 1643 1644
f 1651 1641 1643
f 1638 1648 1640
f 1640 1647 1639
f 1639 1645 1637
f 1642 1632 1630
f 1644 1631 1632
f 1643 1629 1631
f 1638 1628 1626
f 1640 1627 1628
f 1639 1625 1627
f 1622 1632 1624
f 1624 1631 1623
f 1623 1629 1621
f 1626 1620 1618
f 1628 1619 1620
f 1627 1617 1619
f 1614 1624 1616
f 1616 1623 1615
f 1615 1621 1613
f 1618 1612 1610
f 1620 1611 1612
f 1619 1609 1611
f 1602 1616 1604
f 1604 1615 1603
f 1603 1613 1601
f 1610 1600 1598
f 1612 1599 1600
f 1611 1597 1599
f 1594 1604 1596
f 1596 1603 1595
f 1595 1601 1593
f 1598 1592 1590
f 1600 1591 1592
f 1599 1589 1591
f 1586 1596 1588
f 1588 1595 1587
f 1587 1593 1585
f 1590 1584 1582
f 1592 1583 1584
f 1591 1581 1583
f 1574 1588 1576
f 1576 1587 1575
f 1575 1585 1573
f 1582 1572 1570
f 1584 1571 1572
f 1583 1569 1571
f 1566 1576 1568
f 1568 1575 1567
f 1567 1573 1565
f 1570 1564 1562
f 1572 1563 1564
f 1571 1561 1563
f 1558 1568 1560
f 1560 1567 1559
f 1559 1565 1557
f 1562 1556 1554
f 1564 1555 1556
f 1563 1553 1555
f 1546 1560 1548
f 1548 1559 1547
f 1547 1557 1545
f 1554 1544 1542
f 1556 1543 1544
f 1555 1541 1543
f 1538 1548 1540
f 1540 1547 1539
f 1539 1545 1537
f 1542 1536 1534
f 1544 1535 1536
f 1543 1533 1535
f 1530 1540 1532
f 1532 1539 1531
f 1531 1537 1529
f 1534 1528 1526
f 1536 1527 1528
f 1535 1525 1527
f 1518 1532 1520
f 1520 1531 1519
f 1519 1529 1517
f 1526 1516 1514
f 1528 1515 1516
f 1527 1513 1515
f 1510 1520 1512
f 1512 1519 1511
f 1511 1517 1509
f 1514 1508 1506
f 1516 1507 1508
f 1515 1505 1507
f 1502 1512 1504
f 1504 1511 1503
f 1503 1509 1501
f 1506 1500 1498
f 1508 1499 1500
f 1507 1497 1499
f 1490 1504 1492
f 1492 1503 1491
f 1491 1501 1489
f 1498 1488 1486
f 1500 1487 1488
f 1499 1485 1487
f 1482 1492 1484
f 1484 1491 1483
f 1483 1489 1481
f 1478 1488 1480
f 1480 1487 1479
f 1479 1485 1477
f 1482 1476 1474
f 1484 1475 1476
f 1483 1473 1475
f 1470 1480 1472
f 1472 1479 1471
f 1471 1477 1469
f 1474 1464 1462
f 1476 1463 1464
f 1475 1461 1463
f 1458 1472 1460
f 1460 1471 1459
f 1459 1469 1457
f 1462 1456 1454
f 1464 1455 1456
f 1463 1453 1455
f 1450 1460 1452
f 1452 1459 1451
f 1451 1457 1449
f 1454 1448 1446
f 1456 1447 1448
f 1455 1445 1447
f 1442 1452 1444
f 1444 1451 1443
f 1443 1449 1441
f 1446 1436 1434
f 1448 1435 1436
f 1447 1433 1435
f 1430 1444 1432
f 1432 1443 1431
f 1431 1441 1429
f 1434 1428 1426
f 1436 1427 1428
f 1435 1425 1427
f 1422 1432 1424
f 1424 1431 1423
f 1423 1429 1421
f 1426 1420 1418
f 1428 1419 1420
f 1427 1417 1419
f 1414 1424 1416
f 1416 1423 1415
f 1415 1421 1413
f 1418 1408 1406
f 1420 1407 1408
f 1419 1405 1407
f 1402 1416 1404
f 1404 1415 1403
f 1403 1413 1401
f 1406 1400 1398
f 1408 1399 1400
f 1407 1397 1399
f 1394 1404 1396
f 1396 1403 1395
f 1395 1401 1393
f 1398 1392 1390
f 1400 1391 1392
f 1399 1389 1391
f 1377 1396 1379
f 1379 1395 1380
f 1380 1393 1378
f 1390 1387 1385
f 1392 1388 1387
f 1391 1386 1388
f 1758 1663 1760
f 1760 1664 1759
f 1759 1662 1757
f 1661 1635 1663
f 1663 1636 1664
f 1664 1634 1662
f 1633 1607 1635
f 1635 1608 1636
f 1636 1606 1634
f 1605 1579 1607
f 1607 1580 1608
f 1608 1578 1606
f 1577 1551 1579
f 1579 1552 1580
f 1580 1550 1578
f 1549 1523 1551
f 1551 1524 1552
f 1552 1522 1550
f 1521 1495 1523
f 1523 1496 1524
f 1524 1494 1522
f 1493 1467 1495
f 1495 1468 1496
f 1496 1466 1494
f 1465 1439 1467
f 1467 1440 1468
f 1468 1438 1466
f 1437 1411 1439
f 1439 1412 1440
f 1440 1410 1438
f 1409 1383 1411
f 1411 1384 1412
f 1412 1382 1410
f 1381 1679 1383
f 1383 1680 1384
f 1384 1678 1382
f 1681 1679 1677
f 1683 1680 1679
f 1684 1678 1680
f 1685 1683 1681
f 1687 1684 1683
f 1688 1682 1684
f 1689 1687 1685
f 1691 1688 1687
f 1692 1686 1688
f 1693 1691 1689
f 1695 1692 1691
f 1696 1690 1692
f 1697 1695 1693
f 1699 1696 1695
f 1700 1694 1696
f 1701 1699 1697
f 1703 1700 1699
f 1704 1698 1700
f 1705 1703 1701
f 1707 1704 1703
f 1708 1702 1704
f 1709 1707 1705
f 1711 1708 1707
f 1712 1706 1708
f 1713 1711 1709
f 1715 1712 1711
f 1716 1710 1712
f 1717 1715 1713
f 1719 1716 1715
f 1720 1714 1716
f 1721 1719 1717
f 1723 1720 1719
f 1724 1718 1720
f 1725 1723 1721
f 1727 1724 1723
f 1728 1722 1724
f 1729 1727 1725
f 1731 1728 1727
f 1732 1726 1728
f 1733 1731 1729
f 1735 1732 1731
f 1736 1730 1732
f 1737 1735 1733
f 1739 1736 1735
f 1740 1734 1736
f 1741 1739 1737
f 1743 1740 1739
f 1744 1738 1740
f 1741 1747 1743
f 1743 1748 1744
f 1744 1746 1742
f 1745 1751 1747
f 1747 1752 1748
f 1748 1750 1746
f 1749 1755 1751
f 1751 1756 1752
f 1752 1754 1750
f 1753 1760 1755
f 1755 1759 1756
f 1756 1757 1754
f 1378 3 1
f 14 1798 1805
f 30 1868 32
f 48 1931 50
f 4 1777 6
f 8 1777 1784
f 22 1840 24
f 40 1903 42
f 58 1966 60
f 16 1805 1812
f 32 1875 34
f 50 1938 52
f 64 1769 2
f 24 1847 26
f 42 1910 44
f 60 1973 62
f 18 1812 1819
f 34 1882 36
f 54 1938 1945
f 8 1791 10
f 26 1854 28
f 44 1917 46
f 64 1973 1980
f 20 1819 1826
f 38 1882 1889
f 54 1952 56
f 10 1798 12
f 30 1854 1861
f 46 1924 48
f 866 1986 1994
f 22 1826 1833
f 38 1896 40
f 56 1959 58
f 871 2034 2027
f 873 2034 872
f 1958 2188 1964
f 1867 2099 1873
f 1776 2006 1782
f 874 2041 873
f 875 2048 874
f 1971 2190 2195
f 1880 2098 2106
f 1783 2013 1789
f 876 2055 875
f 876 2069 2062
f 1972 2202 1978
f 1881 2113 1887
f 1790 2022 1796
f 878 2069 877
f 879 2076 878
f 1979 1993 1770
f 1894 2112 2118
f 1797 2029 1803
f 879 2090 2083
f 881 2090 880
f 1901 2120 2125
f 1804 2036 1810
f 882 2097 881
f 883 2104 882
f 1902 2132 1908
f 1817 2035 2043
f 884 2111 883
f 885 2119 884
f 1909 2139 1915
f 1818 2050 1824
f 1764 1767 1761
f 1766 1764 1762
f 1763 1765 1766
f 1771 1774 1768
f 1769 1772 1771
f 1774 1773 1770
f 1778 1781 1775
f 1780 1778 1776
f 1777 1779 1780
f 1785 1788 1782
f 1787 1785 1783
f 1784 1786 1787
f 1792 1795 1789
f 1794 1792 1790
f 1791 1793 1794
f 1799 1802 1796
f 1801 1799 1797
f 1798 1800 1801
f 1806 1809 1803
f 1808 1806 1804
f 1805 1807 1808
f 1813 1816 1810
f 1815 1813 1811
f 1812 1814 1815
f 1820 1823 1817
f 1822 1820 1818
f 1819 1821 1822
f 1827 1830 1824
f 1829 1827 1825
f 1826 1828 1829
f 1834 1837 1831
f 1836 1834 1832
f 1833 1835 1836
f 1841 1844 1838
f 1843 1841 1839
f 1840 1842 1843
f 1848 1851 1845
f 1850 1848 1846
f 1847 1849 1850
f 1855 1858 1852
f 1857 1855 1853
f 1854 1856 1857
f 1862 1865 1859
f 1864 1862 1860
f 1861 1863 1864
f 1869 1872 1866
f 1871 1869 1867
f 1868 1870 1871
f 1876 1879 1873
f 1878 1876 1874
f 1875 1877 1878
f 1883 1886 1880
f 1885 1883 1881
f 1882 1884 1885
f 1890 1893 1887
f 1892 1890 1888
f 1889 1891 1892
f 1897 1900 1894
f 1899 1897 1895
f 1896 1898 1899
f 1904 1907 1901
f 1906 1904 1902
f 1903 1905 1906
f 1911 1914 1908
f 1913 1911 1909
f 1910 1912 1913
f 1918 1921 1915
f 1920 1918 1916
f 1917 1919 1920
f 1925 1928 1922
f 1927 1925 1923
f 1924 1926 1927
f 1932 1935 1929
f 1934 1932 1930
f 1931 1933 1934
f 1939 1942 1936
f 1941 1939 1937
f 1938 1940 1941
f 1946 1949 1943
f 1948 1946 1944
f 1945 1947 1948
f 1953 1956 1950
f 1955 1953 1951
f 1952 1954 1955
f 1960 1963 1957
f 1962 1960 1958
f 1959 1961 1962
f 1967 1970 1964
f 1969 1967 1965
f 1966 1968 1969
f 1974 1977 1971
f 1976 1974 1972
f 1973 1975 1976
f 1981 1984 1978
f 1983 1981 1979
f 1980 1982 1983
f 1988 1991 1985
f 1986 1989 1988
f 1991 1990 1987
f 1995 1998 1992
f 1997 1995 1993
f 1994 1996 1997
f 2002 2005 1999
f 2000 2003 2002
f 2005 2004 2001
f 2009 2012 2006
f 2007 2010 2009
f 2012 2011 2008
f 2016 2019 2013
f 2014 2017 2016
f 2019 2018 2015
f 2020 2024 2026
f 2025 2023 2021
f 2026 2025 2022
f 2027 2031 2033
f 2032 2030 2028
f 2033 2032 2029
f 2034 2038 2040
f 2039 2037 2035
f 2040 2039 2036
f 2041 2045 2047
f 2046 2044 2042
f 2047 2046 2043
f 2048 2052 2054
f 2053 2051 2049
f 2054 2053 2050
f 2055 2059 2061
f 2060 2058 2056
f 2061 2060 2057
f 2062 2066 2068
f 2067 2065 2063
f 2068 2067 2064
f 2069 2073 2075
f 2074 2072 2070
f 2075 2074 2071
f 2076 2080 2082
f 2081 2079 2077
f 2082 2081 2078
f 2083 2087 2089
f 2088 2086 2084
f 2089 2088 2085
f 2090 2094 2096
f 2095 2093 2091
f 2096 2095 2092
f 2097 2101 2103
f 2102 2100 2098
f 2103 2102 2099
f 2104 2108 2110
f 2109 2107 2105
f 2110 2109 2106
f 2111 2115 2117
f 2116 2114 2112
f 2117 2116 2113
f 2121 2124 2118
f 2119 2122 2121
f 2124 2123 2120
f 2128 2131 2125
f 2126 2129 2128
f 2131 2130 2127
f 2135 2138 2132
f 2133 2136 2135
f 2138 2137 2134
f 2142 2145 2139
f 2140 2143 2142
f 2145 2144 2141
f 2149 2152 2146
f 2147 2150 2149
f 2152 2151 2148
f 2156 2159 2153
f 2154 2157 2156
f 2159 2158 2155
f 2163 2166 2160
f 2161 2164 2163
f 2166 2165 2162
f 2170 2173 2167
f 2168 2171 2170
f 2173 2172 2169
f 2177 2180 2174
f 2175 2178 2177
f 2180 2179 2176
f 2184 2187 2181
f 2182 2185 2184
f 2187 2186 2183
f 2191 2194 2188
f 2189 2192 2191
f 2194 2193 2190
f 2198 2201 2195
f 2196 2199 2198
f 2201 2200 2197
f 2205 2208 2202
f 2203 2206 2205
f 2208 2207 2204
f 1763 1771 1767
f 1771 1761 1767
f 1763 1781 1777
f 1766 1775 1781
f 1777 1788 1784
f 1780 1782 1788
f 1791 1787 1795
f 1787 1789 1795
f 1798 1794 1802
f 1802 1790 1796
f 1798 1809 1805
f 1801 1803 1809
f 1805 1816 1812
f 1808 1810 1816
f 1819 1815 1823
f 1823 1811 1817
f 1819 1830 1826
f 1822 1824 1830
f 1826 1837 1833
f 1829 1831 1837
f 1833 1844 1840
f 1844 1832 1838
f 1847 1843 1851
f 1851 1839 1845
f 1847 1858 1854
f 1858 1846 1852
f 1861 1857 1865
f 1857 1859 1865
f 1868 1864 1872
f 1872 1860 1866
f 1875 1871 1879
f 1879 1867 1873
f 1882 1878 1886
f 1878 1880 1886
f 1889 1885 1893
f 1893 1881 1887
f 1896 1892 1900
f 1900 1888 1894
f 1903 1899 1907
f 1899 1901 1907
f 1910 1906 1914
f 1906 1908 1914
f 1917 1913 1921
f 1913 1915 1921
f 1924 1920 1928
f 1920 1922 1928
f 1931 1927 1935
f 1927 1929 1935
f 1931 1942 1938
f 1934 1936 1942
f 1945 1941 1949
f 1941 1943 1949
f 1945 1956 1952
f 1956 1944 1950
f 1959 1955 1963
f 1963 1951 1957
f 1959 1970 1966
f 1970 1958 1964
f 1966 1977 1973
f 1977 1965 1971
f 1973 1984 1980
f 1976 1978 1984
f 1980 1773 1769
f 1773 1979 1770
f 1992 1988 1985
f 1988 1994 1986
f 1987 2002 1999
f 2002 1986 2000
f 2006 2004 2009
f 2004 2007 2009
f 2008 2016 2013
f 2011 2014 2016
f 2015 2026 2022
f 2026 2014 2020
f 2021 2033 2029
f 2023 2027 2033
f 2028 2040 2036
f 2040 2027 2034
f 2035 2047 2043
f 2037 2041 2047
f 2050 2044 2054
f 2044 2048 2054
f 2049 2061 2057
f 2061 2048 2055
f 2064 2058 2068
f 2068 2055 2062
f 2063 2075 2071
f 2075 2062 2069
f 2078 2072 2082
f 2082 2069 2076
f 2085 2079 2089
f 2089 2076 2083
f 2084 2096 2092
f 2096 2083 2090
f 2099 2093 2103
f 2093 2097 2103
f 2106 2100 2110
f 2100 2104 2110
f 2105 2117 2113
f 2117 2104 2111
f 2112 2121 2118
f 2114 2119 2121
f 2125 2123 2128
f 2128 2119 2126
f 2132 2130 2135
f 2130 2133 2135
f 2134 2142 2139
f 2137 2140 2142
f 2146 2144 2149
f 2144 2147 2149
f 2148 2156 2153
f 2151 2154 2156
f 2155 2163 2160
f 2158 2161 2163
f 2162 2170 2167
f 2165 2168 2170
f 2169 2177 2174
f 2177 2168 2175
f 2181 2179 2184
f 2179 2182 2184
f 2183 2191 2188
f 2186 2189 2191
f 2190 2198 2195
f 2198 2189 2196
f 2197 2205 2202
f 2200 2203 2205
f 2204 1997 1993
f 1997 2203 1994
f 2013 1792 1789
f 2019 1790 1792
f 1797 2025 2021
f 1799 2022 2025
f 2078 1855 1852
f 2081 1853 1855
f 1860 2088 2084
f 1862 2085 2088
f 2139 1918 1915
f 2145 1916 1918
f 1923 2152 2148
f 1925 2146 2152
f 1993 1774 1770
f 1995 1768 1774
f 1762 1991 1987
f 1764 1985 1991
f 2202 1981 1978
f 2208 1979 1981
f 2050 1827 1824
f 2053 1825 1827
f 1832 2060 2056
f 1834 2057 2060
f 2113 1890 1887
f 2116 1888 1890
f 1895 2124 2120
f 1897 2118 2124
f 2174 1953 1950
f 2180 1951 1953
f 1958 2187 2183
f 1960 2181 2187
f 1804 2032 2028
f 1806 2029 2032
f 1867 2095 2091
f 1869 2092 2095
f 1930 2159 2155
f 1932 2153 2159
f 1776 2005 2001
f 1778 1999 2005
f 1839 2067 2063
f 1841 2064 2067
f 1902 2131 2127
f 1904 2125 2131
f 1965 2194 2190
f 1967 2188 2194
f 1811 2039 2035
f 1813 2036 2039
f 1874 2102 2098
f 1876 2099 2102
f 1937 2166 2162
f 1939 2160 2166
f 1783 2012 2008
f 1785 2006 2012
f 1846 2074 2070
f 1848 2071 2074
f 1909 2138 2134
f 1911 2132 2138
f 1972 2201 2197
f 1974 2195 2201
f 1818 2046 2042
f 1820 2043 2046
f 1881 2109 2105
f 2109 1880 2106
f 1944 2173 2169
f 1946 2167 2173
f 2 1763 4
f 2225 2233 2210
f 2247 2438 2439
f 2274 2265 2266
f 2275 2253 2276
f 2277 2266 2267
f 2276 2254 2278
f 2279 2267 2268
f 2278 2255 2280
f 2281 2241 2282
f 2283 2268 2269
f 2280 2256 2284
f 2282 2243 2285
f 2286 2269 2270
f 2287 2256 2257
f 2285 2244 2288
f 2289 2270 2271
f 2290 2257 2258
f 2288 2245 2291
f 2292 2271 2272
f 2293 2258 2259
f 2291 2246 2294
f 2292 2242 2281
f 2295 2259 2260
f 2294 2247 2296
f 2297 2260 2261
f 2296 2248 2298
f 2299 2261 2262
f 2298 2249 2300
f 2301 2262 2263
f 2300 2250 2302
f 2303 2263 2264
f 2302 2251 2304
f 2273 2264 2265
f 2304 2252 2275
f 2209 2307 2211
f 2237 2332 2333
f 2279 2344 2277
f 2304 2416 2302
f 2210 2305 2209
f 2236 2331 2332
f 2330 2425 2337
f 2314 2421 2315
f 2234 2331 2235
f 2316 2340 2317
f 2329 2418 2425
f 2233 2330 2234
f 2332 2343 2349
f 2315 2428 2316
f 2232 2329 2233
f 2318 2352 2319
f 2231 2328 2232
f 2286 2359 2283
f 2230 2327 2231
f 2333 2349 2358
f 2229 2326 2230
f 2319 2361 2320
f 2228 2325 2229
f 2305 2431 2355
f 2227 2324 2228
f 2334 2358 2367
f 2226 2323 2227
f 2320 2370 2321
f 2225 2322 2226
f 2307 2373 2308
f 2335 2367 2376
f 2225 2320 2321
f 2275 2422 2304
f 2303 2424 2419
f 2301 2419 2413
f 2302 2410 2300
f 2299 2413 2407
f 2300 2404 2298
f 2297 2407 2401
f 2298 2398 2296
f 2295 2401 2395
f 2296 2392 2294
f 2293 2395 2389
f 2281 2386 2292
f 2291 2392 2383
f 2290 2389 2380
f 2323 2379 2388
f 2292 2377 2289
f 2288 2383 2374
f 2287 2380 2371
f 2289 2368 2286
f 2285 2374 2365
f 2287 2362 2284
f 2281 2356 2430
f 2282 2365 2356
f 2284 2353 2280
f 2307 2355 2364
f 2283 2350 2279
f 2280 2347 2278
f 2276 2427 2275
f 2278 2341 2276
f 2317 2346 2318
f 2331 2337 2343
f 2328 2412 2418
f 2274 2344 2338
f 2238 2333 2334
f 2211 2308 2212
f 2313 2415 2314
f 2239 2334 2335
f 2212 2309 2213
f 2327 2406 2412
f 2240 2335 2336
f 2213 2310 2214
f 2312 2409 2313
f 2210 2336 2306
f 2214 2311 2215
f 2326 2400 2406
f 2311 2403 2312
f 2215 2312 2216
f 2325 2394 2400
f 2217 2312 2313
f 2310 2397 2311
f 2218 2313 2314
f 2219 2314 2315
f 2324 2388 2394
f 2220 2315 2316
f 2306 2385 2431
f 2221 2316 2317
f 2309 2391 2310
f 2222 2317 2318
f 2336 2376 2385
f 2223 2318 2319
f 2308 2382 2309
f 2224 2319 2320
f 2322 2370 2379
f 2427 2423 2422
f 2429 2421 2423
f 2419 2426 2420
f 2420 2425 2418
f 2422 2417 2416
f 2423 2415 2417
f 2413 2420 2414
f 2414 2418 2412
f 2416 2411 2410
f 2417 2409 2411
f 2407 2414 2408
f 2408 2412 2406
f 2410 2405 2404
f 2411 2403 2405
f 2401 2408 2402
f 2402 2406 2400
f 2404 2399 2398
f 2405 2397 2399
f 2395 2402 2396
f 2396 2400 2394
f 2398 2393 2392
f 2399 2391 2393
f 2389 2396 2390
f 2390 2394 2388
f 2386 2432 2387
f 2387 2431 2385
f 2383 2393 2384
f 2393 2382 2384
f 2380 2390 2381
f 2381 2388 2379
f 2386 2378 2377
f 2378 2385 2376
f 2374 2384 2375
f 2375 2382 2373
f 2371 2381 2372
f 2372 2379 2370
f 2377 2369 2368
f 2369 2376 2367
f 2365 2375 2366
f 2366 2373 2364
f 2371 2363 2362
f 2372 2361 2363
f 2368 2360 2359
f 2360 2367 2358
f 2356 2366 2357
f 2357 2364 2355
f 2362 2354 2353
f 2363 2352 2354
f 2350 2360 2351
f 2351 2358 2349
f 2430 2357 2432
f 2432 2355 2431
f 2353 2348 2347
f 2354 2346 2348
f 2344 2351 2345
f 2345 2349 2343
f 2347 2342 2341
f 2348 2340 2342
f 2338 2345 2339
f 2339 2343 2337
f 2341 2429 2427
f 2342 2428 2429
f 2424 2339 2426
f 2426 2337 2425
f 2273 2338 2424
f 2456 2489 2457
f 2261 2452 2453
f 2248 2439 2440
f 2262 2453 2454
f 2249 2440 2441
f 2263 2454 2455
f 2249 2442 2250
f 2264 2455 2456
f 2250 2443 2251
f 2265 2456 2457
f 2251 2444 2252
f 2265 2458 2266
f 2252 2445 2253
f 2266 2459 2267
f 2253 2446 2254
f 2267 2460 2268
f 2254 2447 2255
f 2241 2434 2433
f 2268 2461 2269
f 2255 2448 2256
f 2243 2433 2435
f 2269 2462 2270
f 2256 2449 2257
f 2244 2435 2436
f 2270 2463 2271
f 2258 2449 2450
f 2245 2436 2437
f 2271 2464 2272
f 2259 2450 2451
f 2246 2437 2438
f 2272 2434 2242
f 2260 2451 2452
f 2485 2516 2517
f 2444 2475 2476
f 2457 2490 2458
f 2445 2476 2477
f 2458 2491 2459
f 2446 2477 2478
f 2459 2492 2460
f 2447 2478 2479
f 2433 2466 2465
f 2460 2493 2461
f 2448 2479 2480
f 2435 2465 2467
f 2461 2494 2462
f 2449 2480 2481
f 2436 2467 2468
f 2462 2495 2463
f 2449 2482 2450
f 2437 2468 2469
f 2463 2496 2464
f 2450 2483 2451
f 2438 2469 2470
f 2464 2466 2434
f 2451 2484 2452
f 2439 2470 2471
f 2452 2485 2453
f 2440 2471 2472
f 2453 2486 2454
f 2441 2472 2473
f 2454 2487 2455
f 2442 2473 2474
f 2455 2488 2456
f 2443 2474 2475
f 2519 2552 2520
f 2478 2511 2479
f 2465 2498 2497
f 2486 2517 2518
f 2479 2512 2480
f 2467 2497 2499
f 2487 2518 2519
f 2480 2513 2481
f 2468 2499 2500
f 2488 2519 2520
f 2482 2513 2514
f 2489 2520 2521
f 2469 2500 2501
f 2483 2514 2515
f 2470 2501 2502
f 2489 2522 2490
f 2471 2502 2503
f 2490 2523 2491
f 2472 2503 2504
f 2491 2524 2492
f 2473 2504 2505
f 2492 2525 2493
f 2493 2526 2494
f 2473 2506 2474
f 2494 2527 2495
f 2474 2507 2475
f 2495 2528 2496
f 2475 2508 2476
f 2496 2498 2466
f 2476 2509 2477
f 2484 2515 2516
f 2477 2510 2478
f 2547 2539 2531
f 2507 2538 2539
f 2520 2553 2521
f 2508 2539 2540
f 2521 2554 2522
f 2509 2540 2541
f 2522 2555 2523
f 2510 2541 2542
f 2523 2556 2524
f 2511 2542 2543
f 2497 2530 2529
f 2524 2557 2525
f 2512 2543 2544
f 2499 2529 2531
f 2525 2558 2526
f 2513 2544 2545
f 2500 2531 2532
f 2526 2559 2527
f 2513 2546 2514
f 2501 2532 2533
f 2527 2560 2528
f 2514 2547 2515
f 2502 2533 2534
f 2528 2530 2498
f 2515 2548 2516
f 2503 2534 2535
f 2516 2549 2517
f 2504 2535 2536
f 2517 2550 2518
f 2505 2536 2537
f 2518 2551 2519
f 2506 2537 2538
f 1669 1386 1661
f 1389 1397 1605
f 1397 1405 1577
f 1405 1417 1549
f 1417 1425 1521
f 1425 1433 1493
f 1433 1445 1465
f 1449 1457 17
f 1457 1469 19
f 1469 1477 21
f 1477 1485 23
f 1677 1481 1489
f 1681 1489 1501
f 1685 1501 1509
f 1689 1509 1517
f 1693 1517 1529
f 1697 1529 1537
f 1701 1537 1545
f 1705 1545 1557
f 1709 1557 1565
f 1713 1565 1573
f 1717 1573 1585
f 1721 1585 1593
f 1725 1593 1601
f 1729 1601 1613
f 1733 1613 1621
f 1737 1621 1629
f 1629 1641 1745
f 1641 1649 1749
f 1649 1657 1753
f 867 868 2007
f 1657 1669 1758
f 1386 1389 1633
f 1662 1634 1394
f 1410 1382 1478
f 1754 1757 1674
f 1473 1481 1677
f 1665 1673 63
f 1750 1754 1666
f 1653 1665 61
f 1746 1750 1654
f 1382 1678 1486
f 1645 1653 59
f 1742 1746 1646
f 1670 64 2
f 1637 1645 57
f 1626 1738 1742
f 53 1625 1637
f 1618 1734 1738
f 1438 1410 1470
f 51 1617 1625
f 1610 1730 1734
f 1413 1421 9
f 49 1609 1617
f 1598 1726 1730
f 47 1597 1609
f 1590 1722 1726
f 1466 1438 1458
f 45 1589 1597
f 1582 1718 1722
f 1441 1449 15
f 43 1581 1589
f 1570 1714 1718
f 41 1569 1581
f 1562 1710 1714
f 1445 1453 1437
f 39 1561 1569
f 1554 1706 1710
f 1446 16 18
f 37 1553 1561
f 1542 1702 1706
f 35 1541 1553
f 1534 1698 1702
f 1429 1441 13
f 33 1533 1541
f 1526 1694 1698
f 1434 14 16
f 31 1525 1533
f 1514 1690 1694
f 29 1513 1525
f 1506 1686 1690
f 1421 1429 11
f 27 1505 1513
f 1498 1682 1686
f 1426 12 14
f 25 1497 1505
f 1486 1678 1682
f 23 1485 1497
f 24 26 1490
f 1453 1461 1409
f 1474 22 24
f 1418 10 12
f 1462 20 22
f 1454 18 20
f 1401 1413 7
f 1494 1466 1450
f 1406 8 10
f 1522 1494 1442
f 1550 1522 1430
f 1393 1401 5
f 1578 1550 1422
f 1398 6 8
f 1606 1578 1414
f 1634 1606 1402
f 1385 2 4
f 1673 1378 1
f 1757 1662 1377
f 26 28 1502
f 28 30 1510
f 30 32 1518
f 32 34 1530
f 34 36 1538
f 36 38 1546
f 38 40 1558
f 40 42 1566
f 42 44 1574
f 44 46 1586
f 46 48 1594
f 48 50 1602
f 50 52 1614
f 52 54 1622
f 54 56 1630
f 1630 56 58
f 1642 58 60
f 1650 60 62
f 1658 62 64
f 1390 4 6
f 1762 1987 1999
f 1866 1860 2084
f 871 2027 2020
f 1951 2176 2181
f 870 2020 2014
f 896 2203 2196
f 1768 1992 1985
f 1859 1853 2077
f 869 2014 2007
f 1944 2169 2174
f 895 2196 2189
f 866 1994 2203
f 894 2189 2182
f 1846 2070 2078
f 865 867 2000
f 1937 2162 2167
f 892 893 2182
f 891 892 2175
f 1839 2063 2071
f 1930 2155 2160
f 890 891 2168
f 890 2161 2154
f 1838 1832 2056
f 1929 1923 2148
f 889 2154 2147
f 887 888 2147
f 1825 2049 2057
f 1922 1916 2141
f 887 2140 2133
f 886 2133 2126
f 1461 1473 1381
f 1674 1377 1379
f 1676 1379 1380
f 1675 1380 1378
f 1385 1387 1672
f 1387 1388 1671
f 1388 1386 1669
f 1666 1674 1676
f 1668 1676 1675
f 1667 1675 1673
f 1670 1672 1660
f 1672 1671 1659
f 1671 1669 1657
f 1654 1666 1668
f 1656 1668 1667
f 1655 1667 1665
f 1658 1660 1652
f 1660 1659 1651
f 1659 1657 1649
f 1646 1654 1656
f 1648 1656 1655
f 1647 1655 1653
f 1650 1652 1644
f 1652 1651 1643
f 1651 1649 1641
f 1638 1646 1648
f 1640 1648 1647
f 1639 1647 1645
f 1642 1644 1632
f 1644 1643 1631
f 1643 1641 1629
f 1638 1640 1628
f 1640 1639 1627
f 1639 1637 1625
f 1622 1630 1632
f 1624 1632 1631
f 1623 1631 1629
f 1626 1628 1620
f 1628 1627 1619
f 1627 1625 1617
f 1614 1622 1624
f 1616 1624 1623
f 1615 1623 1621
f 1618 1620 1612
f 1620 1619 1611
f 1619 1617 1609
f 1602 1614 1616
f 1604 1616 1615
f 1603 1615 1613
f 1610 1612 1600
f 1612 1611 1599
f 1611 1609 1597
f 1594 1602 1604
f 1596 1604 1603
f 1595 1603 1601
f 1598 1600 1592
f 1600 1599 1591
f 1599 1597 1589
f 1586 1594 1596
f 1588 1596 1595
f 1587 1595 1593
f 1590 1592 1584
f 1592 1591 1583
f 1591 1589 1581
f 1574 1586 1588
f 1576 1588 1587
f 1575 1587 1585
f 1582 1584 1572
f 1584 1583 1571
f 1583 1581 1569
f 1566 1574 1576
f 1568 1576 1575
f 1567 1575 1573
f 1570 1572 1564
f 1572 1571 1563
f 1571 1569 1561
f 1558 1566 1568
f 1560 1568 1567
f 1559 1567 1565
f 1562 1564 1556
f 1564 1563 1555
f 1563 1561 1553
f 1546 1558 1560
f 1548 1560 1559
f 1547 1559 1557
f 1554 1556 1544
f 1556 1555 1543
f 1555 1553 1541
f 1538 1546 1548
f 1540 1548 1547
f 1539 1547 1545
f 1542 1544 1536
f 1544 1543 1535
f 1543 1541 1533
f 1530 1538 1540
f 1532 1540 1539
f 1531 1539 1537
f 1534 1536 1528
f 1536 1535 1527
f 1535 1533 1525
f 1518 1530 1532
f 1520 1532 1531
f 1519 1531 1529
f 1526 1528 1516
f 1528 1527 1515
f 1527 1525 1513
f 1510 1518 1520
f 1512 1520 1519
f 1511 1519 1517
f 1514 1516 1508
f 1516 1515 1507
f 1515 1513 1505
f 1502 1510 1512
f 1504 1512 1511
f 1503 1511 1509
f 1506 1508 1500
f 1508 1507 1499
f 1507 1505 1497
f 1490 1502 1504
f 1492 1504 1503
f 1491 1503 1501
f 1498 1500 1488
f 1500 1499 1487
f 1499 1497 1485
f 1482 1490 1492
f 1484 1492 1491
f 1483 1491 1489
f 1478 1486 1488
f 1480 1488 1487
f 1479 1487 1485
f 1482 1484 1476
f 1484 1483 1475
f 1483 1481 1473
f 1470 1478 1480
f 1472 1480 1479
f 1471 1479 1477
f 1474 1476 1464
f 1476 1475 1463
f 1475 1473 1461
f 1458 1470 1472
f 1460 1472 1471
f 1459 1471 1469
f 1462 1464 1456
f 1464 1463 1455
f 1463 1461 1453
f 1450 1458 1460
f 1452 1460 1459
f 1451 1459 1457
f 1454 1456 1448
f 1456 1455 1447
f 1455 1453 1445
f 1442 1450 1452
f 1444 1452 1451
f 1443 1451 1449
f 1446 1448 1436
f 1448 1447 1435
f 1447 1445 1433
f 1430 1442 1444
f 1432 1444 1443
f 1431 1443 1441
f 1434 1436 1428
f 1436 1435 1427
f 1435 1433 1425
f 1422 1430 1432
f 1424 1432 1431
f 1423 1431 1429
f 1426 1428 1420
f 1428 1427 1419
f 1427 1425 1417
f 1414 1422 1424
f 1416 1424 1423
f 1415 1423 1421
f 1418 1420 1408
f 1420 1419 1407
f 1419 1417 1405
f 1402 1414 1416
f 1404 1416 1415
f 1403 1415 1413
f 1406 1408 1400
f 1408 1407 1399
f 1407 1405 1397
f 1394 1402 1404
f 1396 1404 1403
f 1395 1403 1401
f 1398 1400 1392
f 1400 1399 1391
f 1399 1397 1389
f 1377 1394 1396
f 1379 1396 1395
f 1380 1395 1393
f 1390 1392 1387
f 1392 1391 1388
f 1391 1389 1386
f 1758 1661 1663
f 1760 1663 1664
f 1759 1664 1662
f 1661 1633 1635
f 1663 1635 1636
f 1664 1636 1634
f 1633 1605 1607
f 1635 1607 1608
f 1636 1608 1606
f 1605 1577 1579
f 1607 1579 1580
f 1608 1580 1578
f 1577 1549 1551
f 1579 1551 1552
f 1580 1552 1550
f 1549 1521 1523
f 1551 1523 1524
f 1552 1524 1522
f 1521 1493 1495
f 1523 1495 1496
f 1524 1496 1494
f 1493 1465 1467
f 1495 1467 1468
f 1496 1468 1466
f 1465 1437 1439
f 1467 1439 1440
f 1468 1440 1438
f 1437 1409 1411
f 1439 1411 1412
f 1440 1412 1410
f 1409 1381 1383
f 1411 1383 1384
f 1412 1384 1382
f 1381 1677 1679
f 1383 1679 1680
f 1384 1680 1678
f 1681 1683 1679
f 1683 1684 1680
f 1684 1682 1678
f 1685 1687 1683
f 1687 1688 1684
f 1688 1686 1682
f 1689 1691 1687
f 1691 1692 1688
f 1692 1690 1686
f 1693 1695 1691
f 1695 1696 1692
f 1696 1694 1690
f 1697 1699 1695
f 1699 1700 1696
f 1700 1698 1694
f 1701 1703 1699
f 1703 1704 1700
f 1704 1702 1698
f 1705 1707 1703
f 1707 1708 1704
f 1708 1706 1702
f 1709 1711 1707
f 1711 1712 1708
f 1712 1710 1706
f 1713 1715 1711
f 1715 1716 1712
f 1716 1714 1710
f 1717 1719 1715
f 1719 1720 1716
f 1720 1718 1714
f 1721 1723 1719
f 1723 1724 1720
f 1724 1722 1718
f 1725 1727 1723
f 1727 1728 1724
f 1728 1726 1722
f 1729 1731 1727
f 1731 1732 1728
f 1732 1730 1726
f 1733 1735 1731
f 1735 1736 1732
f 1736 1734 1730
f 1737 1739 1735
f 1739 1740 1736
f 1740 1738 1734
f 1741 1743 1739
f 1743 1744 1740
f 1744 1742 1738
f 1741 1745 1747
f 1743 1747 1748
f 1744 1748 1746
f 1745 1749 1751
f 1747 1751 1752
f 1748 1752 1750
f 1749 1753 1755
f 1751 1755 1756
f 1752 1756 1754
f 1753 1758 1760
f 1755 1760 1759
f 1756 1759 1757
f 1378 1393 3
f 14 12 1798
f 30 1861 1868
f 48 1924 1931
f 4 1763 1777
f 8 6 1777
f 22 1833 1840
f 40 1896 1903
f 58 1959 1966
f 16 14 1805
f 32 1868 1875
f 50 1931 1938
f 64 1980 1769
f 24 1840 1847
f 42 1903 1910
f 60 1966 1973
f 18 16 1812
f 34 1875 1882
f 54 52 1938
f 8 1784 1791
f 26 1847 1854
f 44 1910 1917
f 64 62 1973
f 20 18 1819
f 38 36 1882
f 54 1945 1952
f 10 1791 1798
f 30 28 1854
f 46 1917 1924
f 866 865 1986
f 22 20 1826
f 38 1889 1896
f 56 1952 1959
f 871 872 2034
f 873 2041 2034
f 1958 2183 2188
f 1867 2091 2099
f 1776 2001 2006
f 874 2048 2041
f 875 2055 2048
f 1971 1965 2190
f 1880 1874 2098
f 1783 2008 2013
f 876 2062 2055
f 876 877 2069
f 1972 2197 2202
f 1881 2105 2113
f 1790 2015 2022
f 878 2076 2069
f 879 2083 2076
f 1979 2204 1993
f 1894 1888 2112
f 1797 2021 2029
f 879 880 2090
f 881 2097 2090
f 1901 1895 2120
f 1804 2028 2036
f 882 2104 2097
f 883 2111 2104
f 1902 2127 2132
f 1817 1811 2035
f 884 2119 2111
f 885 2126 2119
f 1909 2134 2139
f 1818 2042 2050
f 1764 1765 1767
f 1766 1765 1764
f 1763 1767 1765
f 1771 1772 1774
f 1769 1773 1772
f 1774 1772 1773
f 1778 1779 1781
f 1780 1779 1778
f 1777 1781 1779
f 1785 1786 1788
f 1787 1786 1785
f 1784 1788 1786
f 1792 1793 1795
f 1794 1793 1792
f 1791 1795 1793
f 1799 1800 1802
f 1801 1800 1799
f 1798 1802 1800
f 1806 1807 1809
f 1808 1807 1806
f 1805 1809 1807
f 1813 1814 1816
f 1815 1814 1813
f 1812 1816 1814
f 1820 1821 1823
f 1822 1821 1820
f 1819 1823 1821
f 1827 1828 1830
f 1829 1828 1827
f 1826 1830 1828
f 1834 1835 1837
f 1836 1835 1834
f 1833 1837 1835
f 1841 1842 1844
f 1843 1842 1841
f 1840 1844 1842
f 1848 1849 1851
f 1850 1849 1848
f 1847 1851 1849
f 1855 1856 1858
f 1857 1856 1855
f 1854 1858 1856
f 1862 1863 1865
f 1864 1863 1862
f 1861 1865 1863
f 1869 1870 1872
f 1871 1870 1869
f 1868 1872 1870
f 1876 1877 1879
f 1878 1877 1876
f 1875 1879 1877
f 1883 1884 1886
f 1885 1884 1883
f 1882 1886 1884
f 1890 1891 1893
f 1892 1891 1890
f 1889 1893 1891
f 1897 1898 1900
f 1899 1898 1897
f 1896 1900 1898
f 1904 1905 1907
f 1906 1905 1904
f 1903 1907 1905
f 1911 1912 1914
f 1913 1912 1911
f 1910 1914 1912
f 1918 1919 1921
f 1920 1919 1918
f 1917 1921 1919
f 1925 1926 1928
f 1927 1926 1925
f 1924 1928 1926
f 1932 1933 1935
f 1934 1933 1932
f 1931 1935 1933
f 1939 1940 1942
f 1941 1940 1939
f 1938 1942 1940
f 1946 1947 1949
f 1948 1947 1946
f 1945 1949 1947
f 1953 1954 1956
f 1955 1954 1953
f 1952 1956 1954
f 1960 1961 1963
f 1962 1961 1960
f 1959 1963 1961
f 1967 1968 1970
f 1969 1968 1967
f 1966 1970 1968
f 1974 1975 1977
f 1976 1975 1974
f 1973 1977 1975
f 1981 1982 1984
f 1983 1982 1981
f 1980 1984 1982
f 1988 1989 1991
f 1986 1990 1989
f 1991 1989 1990
f 1995 1996 1998
f 1997 1996 1995
f 1994 1998 1996
f 2002 2003 2005
f 2000 2004 2003
f 2005 2003 2004
f 2009 2010 2012
f 2007 2011 2010
f 2012 2010 2011
f 2016 2017 2019
f 2014 2018 2017
f 2019 2017 2018
f 2020 2023 2024
f 2025 2024 2023
f 2026 2024 2025
f 2027 2030 2031
f 2032 2031 2030
f 2033 2031 2032
f 2034 2037 2038
f 2039 2038 2037
f 2040 2038 2039
f 2041 2044 2045
f 2046 2045 2044
f 2047 2045 2046
f 2048 2051 2052
f 2053 2052 2051
f 2054 2052 2053
f 2055 2058 2059
f 2060 2059 2058
f 2061 2059 2060
f 2062 2065 2066
f 2067 2066 2065
f 2068 2066 2067
f 2069 2072 2073
f 2074 2073 2072
f 2075 2073 2074
f 2076 2079 2080
f 2081 2080 2079
f 2082 2080 2081
f 2083 2086 2087
f 2088 2087 2086
f 2089 2087 2088
f 2090 2093 2094
f 2095 2094 2093
f 2096 2094 2095
f 2097 2100 2101
f 2102 2101 2100
f 2103 2101 2102
f 2104 2107 2108
f 2109 2108 2107
f 2110 2108 2109
f 2111 2114 2115
f 2116 2115 2114
f 2117 2115 2116
f 2121 2122 2124
f 2119 2123 2122
f 2124 2122 2123
f 2128 2129 2131
f 2126 2130 2129
f 2131 2129 2130
f 2135 2136 2138
f 2133 2137 2136
f 2138 2136 2137
f 2142 2143 2145
f 2140 2144 2143
f 2145 2143 2144
f 2149 2150 2152
f 2147 2151 2150
f 2152 2150 2151
f 2156 2157 2159
f 2154 2158 2157
f 2159 2157 2158
f 2163 2164 2166
f 2161 2165 2164
f 2166 2164 2165
f 2170 2171 2173
f 2168 2172 2171
f 2173 2171 2172
f 2177 2178 2180
f 2175 2179 2178
f 2180 2178 2179
f 2184 2185 2187
f 2182 2186 2185
f 2187 2185 2186
f 2191 2192 2194
f 2189 2193 2192
f 2194 2192 2193
f 2198 2199 2201
f 2196 2200 2199
f 2201 2199 2200
f 2205 2206 2208
f 2203 2207 2206
f 2208 2206 2207
f 1763 1769 1771
f 1771 1768 1761
f 1763 1766 1781
f 1766 1762 1775
f 1777 1780 1788
f 1780 1776 1782
f 1791 1784 1787
f 1787 1783 1789
f 1798 1791 1794
f 1802 1794 1790
f 1798 1801 1809
f 1801 1797 1803
f 1805 1808 1816
f 1808 1804 1810
f 1819 1812 1815
f 1823 1815 1811
f 1819 1822 1830
f 1822 1818 1824
f 1826 1829 1837
f 1829 1825 1831
f 1833 1836 1844
f 1844 1836 1832
f 1847 1840 1843
f 1851 1843 1839
f 1847 1850 1858
f 1858 1850 1846
f 1861 1854 1857
f 1857 1853 1859
f 1868 1861 1864
f 1872 1864 1860
f 1875 1868 1871
f 1879 1871 1867
f 1882 1875 1878
f 1878 1874 1880
f 1889 1882 1885
f 1893 1885 1881
f 1896 1889 1892
f 1900 1892 1888
f 1903 1896 1899
f 1899 1895 1901
f 1910 1903 1906
f 1906 1902 1908
f 1917 1910 1913
f 1913 1909 1915
f 1924 1917 1920
f 1920 1916 1922
f 1931 1924 1927
f 1927 1923 1929
f 1931 1934 1942
f 1934 1930 1936
f 1945 1938 1941
f 1941 1937 1943
f 1945 1948 1956
f 1956 1948 1944
f 1959 1952 1955
f 1963 1955 1951
f 1959 1962 1970
f 1970 1962 1958
f 1966 1969 1977
f 1977 1969 1965
f 1973 1976 1984
f 1976 1972 1978
f 1980 1983 1773
f 1773 1983 1979
f 1992 1998 1988
f 1988 1998 1994
f 1987 1990 2002
f 2002 1990 1986
f 2006 2001 2004
f 2004 2000 2007
f 2008 2011 2016
f 2011 2007 2014
f 2015 2018 2026
f 2026 2018 2014
f 2021 2023 2033
f 2023 2020 2027
f 2028 2030 2040
f 2040 2030 2027
f 2035 2037 2047
f 2037 2034 2041
f 2050 2042 2044
f 2044 2041 2048
f 2049 2051 2061
f 2061 2051 2048
f 2064 2056 2058
f 2068 2058 2055
f 2063 2065 2075
f 2075 2065 2062
f 2078 2070 2072
f 2082 2072 2069
f 2085 2077 2079
f 2089 2079 2076
f 2084 2086 2096
f 2096 2086 2083
f 2099 2091 2093
f 2093 2090 2097
f 2106 2098 2100
f 2100 2097 2104
f 2105 2107 2117
f 2117 2107 2104
f 2112 2114 2121
f 2114 2111 2119
f 2125 2120 2123
f 2128 2123 2119
f 2132 2127 2130
f 2130 2126 2133
f 2134 2137 2142
f 2137 2133 2140
f 2146 2141 2144
f 2144 2140 2147
f 2148 2151 2156
f 2151 2147 2154
f 2155 2158 2163
f 2158 2154 2161
f 2162 2165 2170
f 2165 2161 2168
f 2169 2172 2177
f 2177 2172 2168
f 2181 2176 2179
f 2179 2175 2182
f 2183 2186 2191
f 2186 2182 2189
f 2190 2193 2198
f 2198 2193 2189
f 2197 2200 2205
f 2200 2196 2203
f 2204 2207 1997
f 1997 2207 2203
f 2013 2019 1792
f 2019 2015 1790
f 1797 1799 2025
f 1799 1796 2022
f 2078 2081 1855
f 2081 2077 1853
f 1860 1862 2088
f 1862 1859 2085
f 2139 2145 1918
f 2145 2141 1916
f 1923 1925 2152
f 1925 1922 2146
f 1993 1995 1774
f 1995 1992 1768
f 1762 1764 1991
f 1764 1761 1985
f 2202 2208 1981
f 2208 2204 1979
f 2050 2053 1827
f 2053 2049 1825
f 1832 1834 2060
f 1834 1831 2057
f 2113 2116 1890
f 2116 2112 1888
f 1895 1897 2124
f 1897 1894 2118
f 2174 2180 1953
f 2180 2176 1951
f 1958 1960 2187
f 1960 1957 2181
f 1804 1806 2032
f 1806 1803 2029
f 1867 1869 2095
f 1869 1866 2092
f 1930 1932 2159
f 1932 1929 2153
f 1776 1778 2005
f 1778 1775 1999
f 1839 1841 2067
f 1841 1838 2064
f 1902 1904 2131
f 1904 1901 2125
f 1965 1967 2194
f 1967 1964 2188
f 1811 1813 2039
f 1813 1810 2036
f 1874 1876 2102
f 1876 1873 2099
f 1937 1939 2166
f 1939 1936 2160
f 1783 1785 2012
f 1785 1782 2006
f 1846 1848 2074
f 1848 1845 2071
f 1909 1911 2138
f 1911 1908 2132
f 1972 1974 2201
f 1974 1971 2195
f 1818 1820 2046
f 1820 1817 2043
f 1881 1883 2109
f 2109 1883 1880
f 1944 1946 2173
f 1946 1943 2167
f 2 1769 1763
f 2210 2209 2211
f 2211 2212 2213
f 2213 2214 2215
f 2215 2216 2217
f 2217 2218 2219
f 2219 2220 2221
f 2221 2222 2223
f 2223 2224 2225
f 2225 2226 2227
f 2227 2228 2229
f 2229 2230 2231
f 2231 2232 2233
f 2233 2234 2235
f 2235 2236 2237
f 2237 2238 2239
f 2239 2240 2210
f 2210 2211 2213
f 2213 2215 2217
f 2217 2219 2221
f 2221 2223 2225
f 2225 2227 2229
f 2229 2231 2233
f 2233 2235 2237
f 2237 2239 2210
f 2210 2213 2217
f 2217 2221 2225
f 2225 2229 2233
f 2233 2237 2210
f 2210 2217 2225
f 2247 2246 2438
f 2274 2273 2265
f 2275 2252 2253
f 2277 2274 2266
f 2276 2253 2254
f 2279 2277 2267
f 2278 2254 2255
f 2281 2242 2241
f 2283 2279 2268
f 2280 2255 2256
f 2282 2241 2243
f 2286 2283 2269
f 2287 2284 2256
f 2285 2243 2244
f 2289 2286 2270
f 2290 2287 2257
f 2288 2244 2245
f 2292 2289 2271
f 2293 2290 2258
f 2291 2245 2246
f 2292 2272 2242
f 2295 2293 2259
f 2294 2246 2247
f 2297 2295 2260
f 2296 2247 2248
f 2299 2297 2261
f 2298 2248 2249
f 2301 2299 2262
f 2300 2249 2250
f 2303 2301 2263
f 2302 2250 2251
f 2273 2303 2264
f 2304 2251 2252
f 2209 2305 2307
f 2237 2236 2332
f 2279 2350 2344
f 2304 2422 2416
f 2210 2306 2305
f 2236 2235 2331
f 2330 2329 2425
f 2314 2415 2421
f 2234 2330 2331
f 2316 2428 2340
f 2329 2328 2418
f 2233 2329 2330
f 2332 2331 2343
f 2315 2421 2428
f 2232 2328 2329
f 2318 2346 2352
f 2231 2327 2328
f 2286 2368 2359
f 2230 2326 2327
f 2333 2332 2349
f 2229 2325 2326
f 2319 2352 2361
f 2228 2324 2325
f 2305 2306 2431
f 2227 2323 2324
f 2334 2333 2358
f 2226 2322 2323
f 2320 2361 2370
f 2225 2321 2322
f 2307 2364 2373
f 2335 2334 2367
f 2225 2224 2320
f 2275 2427 2422
f 2303 2273 2424
f 2301 2303 2419
f 2302 2416 2410
f 2299 2301 2413
f 2300 2410 2404
f 2297 2299 2407
f 2298 2404 2398
f 2295 2297 2401
f 2296 2398 2392
f 2293 2295 2395
f 2281 2430 2386
f 2291 2294 2392
f 2290 2293 2389
f 2323 2322 2379
f 2292 2386 2377
f 2288 2291 2383
f 2287 2290 2380
f 2289 2377 2368
f 2285 2288 2374
f 2287 2371 2362
f 2281 2282 2356
f 2282 2285 2365
f 2284 2362 2353
f 2307 2305 2355
f 2283 2359 2350
f 2280 2353 2347
f 2276 2341 2427
f 2278 2347 2341
f 2317 2340 2346
f 2331 2330 2337
f 2328 2327 2412
f 2274 2277 2344
f 2238 2237 2333
f 2211 2307 2308
f 2313 2409 2415
f 2239 2238 2334
f 2212 2308 2309
f 2327 2326 2406
f 2240 2239 2335
f 2213 2309 2310
f 2312 2403 2409
f 2210 2240 2336
f 2214 2310 2311
f 2326 2325 2400
f 2311 2397 2403
f 2215 2311 2312
f 2325 2324 2394
f 2217 2216 2312
f 2310 2391 2397
f 2218 2217 2313
f 2219 2218 2314
f 2324 2323 2388
f 2220 2219 2315
f 2306 2336 2385
f 2221 2220 2316
f 2309 2382 2391
f 2222 2221 2317
f 2336 2335 2376
f 2223 2222 2318
f 2308 2373 2382
f 2224 2223 2319
f 2322 2321 2370
f 2427 2429 2423
f 2429 2428 2421
f 2419 2424 2426
f 2420 2426 2425
f 2422 2423 2417
f 2423 2421 2415
f 2413 2419 2420
f 2414 2420 2418
f 2416 2417 2411
f 2417 2415 2409
f 2407 2413 2414
f 2408 2414 2412
f 2410 2411 2405
f 2411 2409 2403
f 2401 2407 2408
f 2402 2408 2406
f 2404 2405 2399
f 2405 2403 2397
f 2395 2401 2402
f 2396 2402 2400
f 2398 2399 2393
f 2399 2397 2391
f 2389 2395 2396
f 2390 2396 2394
f 2386 2430 2432
f 2387 2432 2431
f 2383 2392 2393
f 2393 2391 2382
f 2380 2389 2390
f 2381 2390 2388
f 2386 2387 2378
f 2378 2387 2385
f 2374 2383 2384
f 2375 2384 2382
f 2371 2380 2381
f 2372 2381 2379
f 2377 2378 2369
f 2369 2378 2376
f 2365 2374 2375
f 2366 2375 2373
f 2371 2372 2363
f 2372 2370 2361
f 2368 2369 2360
f 2360 2369 2367
f 2356 2365 2366
f 2357 2366 2364
f 2362 2363 2354
f 2363 2361 2352
f 2350 2359 2360
f 2351 2360 2358
f 2430 2356 2357
f 2432 2357 2355
f 2353 2354 2348
f 2354 2352 2346
f 2344 2350 2351
f 2345 2351 2349
f 2347 2348 2342
f 2348 2346 2340
f 2338 2344 2345
f 2339 2345 2343
f 2341 2342 2429
f 2342 2340 2428
f 2424 2338 2339
f 2426 2339 2337
f 2273 2274 2338
f 2456 2488 2489
f 2261 2260 2452
f 2248 2247 2439
f 2262 2261 2453
f 2249 2248 2440
f 2263 2262 2454
f 2249 2441 2442
f 2264 2263 2455
f 2250 2442 2443
f 2265 2264 2456
f 2251 2443 2444
f 2265 2457 2458
f 2252 2444 2445
f 2266 2458 2459
f 2253 2445 2446
f 2267 2459 2460
f 2254 2446 2447
f 2241 2242 2434
f 2268 2460 2461
f 2255 2447 2448
f 2243 2241 2433
f 2269 2461 2462
f 2256 2448 2449
f 2244 2243 2435
f 2270 2462 2463
f 2258 2257 2449
f 2245 2244 2436
f 2271 2463 2464
f 2259 2258 2450
f 2246 2245 2437
f 2272 2464 2434
f 2260 2259 2451
f 2485 2484 2516
f 2444 2443 2475
f 2457 2489 2490
f 2445 2444 2476
f 2458 2490 2491
f 2446 2445 2477
f 2459 2491 2492
f 2447 2446 2478
f 2433 2434 2466
f 2460 2492 2493
f 2448 2447 2479
f 2435 2433 2465
f 2461 2493 2494
f 2449 2448 2480
f 2436 2435 2467
f 2462 2494 2495
f 2449 2481 2482
f 2437 2436 2468
f 2463 2495 2496
f 2450 2482 2483
f 2438 2437 2469
f 2464 2496 2466
f 2451 2483 2484
f 2439 2438 2470
f 2452 2484 2485
f 2440 2439 2471
f 2453 2485 2486
f 2441 2440 2472
f 2454 2486 2487
f 2442 2441 2473
f 2455 2487 2488
f 2443 2442 2474
f 2519 2551 2552
f 2478 2510 2511
f 2465 2466 2498
f 2486 2485 2517
f 2479 2511 2512
f 2467 2465 2497
f 2487 2486 2518
f 2480 2512 2513
f 2468 2467 2499
f 2488 2487 2519
f 2482 2481 2513
f 2489 2488 2520
f 2469 2468 2500
f 2483 2482 2514
f 2470 2469 2501
f 2489 2521 2522
f 2471 2470 2502
f 2490 2522 2523
f 2472 2471 2503
f 2491 2523 2524
f 2473 2472 2504
f 2492 2524 2525
f 2493 2525 2526
f 2473 2505 2506
f 2494 2526 2527
f 2474 2506 2507
f 2495 2527 2528
f 2475 2507 2508
f 2496 2528 2498
f 2476 2508 2509
f 2484 2483 2515
f 2477 2509 2510
f 2531 2529 2530
f 2530 2560 2559
f 2559 2558 2557
f 2557 2556 2555
f 2555 2554 2553
f 2553 2552 2551
f 2551 2550 2549
f 2549 2548 2547
f 2547 2546 2545
f 2545 2544 2543
f 2543 2542 2541
f 2541 2540 2539
f 2539 2538 2537
f 2537 2536 2535
f 2535 2534 2533
f 2533 2532 2531
f 2531 2530 2559
f 2559 2557 2555
f 2555 2553 2551
f 2551 2549 2547
f 2547 2545 2543
f 2543 2541 2539
f 2539 2537 2535
f 2535 2533 2531
f 2531 2559 2555
f 2555 2551 2547
f 2547 2543 2539
f 2539 2535 2531
f 2531 2555 2547
f 2507 2506 2538
f 2520 2552 2553
f 2508 2507 2539
f 2521 2553 2554
f 2509 2508 2540
f 2522 2554 2555
f 2510 2509 2541
f 2523 2555 2556
f 2511 2510 2542
f 2497 2498 2530
f 2524 2556 2557
f 2512 2511 2543
f 2499 2497 2529
f 2525 2557 2558
f 2513 2512 2544
f 2500 2499 2531
f 2526 2558 2559
f 2513 2545 2546
f 2501 2500 2532
f 2527 2559 2560
f 2514 2546 2547
f 2502 2501 2533
f 2528 2560 2530
f 2515 2547 2548
f 2503 2502 2534
f 2516 2548 2549
f 2504 2503 2535
f 2517 2549 2550
f 2505 2504 2536
f 2518 2550 2551
f 2506 2505 2537
usemtl Material.005
f 291 662 279
f 80 88 96
f 89 783 90
f 183 554 171
f 88 771 89
f 87 759 88
f 385 758 375
f 277 650 267
f 86 747 87
f 169 542 159
f 85 735 86
f 98 854 471
f 85 711 723
f 373 746 363
f 265 638 255
f 83 711 84
f 157 530 147
f 83 687 699
f 469 842 459
f 82 675 687
f 361 734 351
f 80 675 81
f 253 626 243
f 145 518 135
f 79 663 80
f 457 830 447
f 78 651 79
f 349 722 339
f 241 614 231
f 77 639 78
f 133 506 123
f 77 615 627
f 445 818 435
f 13 158 11
f 29 278 266
f 49 374 47
f 63 99 470
f 5 109 3
f 23 217 21
f 41 325 39
f 57 446 434
f 13 181 170
f 31 289 278
f 51 386 49
f 7 122 5
f 25 230 23
f 41 350 338
f 61 446 59
f 17 181 15
f 35 289 33
f 53 397 51
f 9 134 7
f 25 254 242
f 45 350 43
f 61 470 458
f 19 193 17
f 37 301 35
f 55 409 53
f 9 158 146
f 29 254 27
f 45 374 362
f 66 481 495
f 21 205 19
f 39 313 37
f 57 421 55
f 399 770 387
f 91 783 795
f 91 807 92
f 195 566 182
f 93 807 819
f 303 674 290
f 96 481 65
f 411 782 398
f 93 831 94
f 67 519 68
f 94 843 95
f 207 578 194
f 69 519 531
f 95 855 96
f 315 686 302
f 69 543 70
f 111 483 97
f 423 794 410
f 70 555 71
f 67 495 507
f 71 567 72
f 219 590 206
f 327 698 314
f 72 579 73
f 433 806 422
f 73 591 74
f 121 494 110
f 75 591 603
f 229 602 218
f 337 710 326
f 75 615 76
f 100 101 97
f 104 102 100
f 103 104 98
f 107 105 103
f 106 107 99
f 106 102 108
f 102 105 108
f 112 113 109
f 112 117 114
f 115 116 110
f 115 120 117
f 118 119 111
f 113 120 118
f 114 117 120
f 124 125 121
f 128 126 124
f 127 128 122
f 127 132 129
f 130 131 123
f 125 132 130
f 126 129 132
f 136 137 133
f 140 138 136
f 139 140 134
f 139 144 141
f 142 143 135
f 137 144 142
f 138 141 144
f 148 149 145
f 152 150 148
f 151 152 146
f 151 156 153
f 154 155 147
f 149 156 154
f 150 153 156
f 160 161 157
f 164 162 160
f 163 164 158
f 163 168 165
f 166 167 159
f 166 162 168
f 162 165 168
f 172 173 169
f 176 174 172
f 175 176 170
f 175 180 177
f 178 179 171
f 178 174 180
f 174 177 180
f 184 185 181
f 184 189 186
f 187 188 182
f 191 189 187
f 190 191 183
f 185 192 190
f 186 189 192
f 196 197 193
f 196 201 198
f 199 200 194
f 203 201 199
f 202 203 195
f 197 204 202
f 198 201 204
f 208 209 205
f 208 213 210
f 211 212 206
f 211 216 213
f 214 215 207
f 209 216 214
f 210 213 216
f 220 221 217
f 220 225 222
f 223 224 218
f 227 225 223
f 226 227 219
f 221 228 226
f 222 225 228
f 232 233 229
f 236 234 232
f 235 236 230
f 235 240 237
f 238 239 231
f 233 240 238
f 234 237 240
f 244 245 241
f 248 246 244
f 247 248 242
f 247 252 249
f 250 251 243
f 245 252 250
f 246 249 252
f 256 257 253
f 260 258 256
f 259 260 254
f 259 264 261
f 262 263 255
f 262 258 264
f 258 261 264
f 268 269 265
f 272 270 268
f 271 272 266
f 271 276 273
f 274 275 267
f 274 270 276
f 270 273 276
f 280 281 277
f 284 282 280
f 283 284 278
f 283 288 285
f 286 287 279
f 286 282 288
f 282 285 288
f 292 293 289
f 292 297 294
f 295 296 290
f 299 297 295
f 298 299 291
f 293 300 298
f 294 297 300
f 304 305 301
f 304 309 306
f 307 308 302
f 307 312 309
f 310 311 303
f 305 312 310
f 306 309 312
f 316 317 313
f 316 321 318
f 319 320 314
f 323 321 319
f 322 323 315
f 317 324 322
f 318 321 324
f 328 329 325
f 328 333 330
f 331 332 326
f 335 333 331
f 334 335 327
f 329 336 334
f 330 333 336
f 340 341 337
f 344 342 340
f 343 344 338
f 343 348 345
f 346 347 339
f 341 348 346
f 342 345 348
f 352 353 349
f 356 354 352
f 355 356 350
f 355 360 357
f 358 359 351
f 358 354 360
f 354 357 360
f 364 365 361
f 368 366 364
f 367 368 362
f 367 372 369
f 370 371 363
f 370 366 372
f 366 369 372
f 376 377 373
f 380 378 376
f 379 380 374
f 379 384 381
f 382 383 375
f 382 378 384
f 378 381 384
f 388 389 385
f 392 390 388
f 391 392 386
f 391 396 393
f 394 395 387
f 394 390 396
f 390 393 396
f 400 401 397
f 400 405 402
f 403 404 398
f 403 408 405
f 406 407 399
f 401 408 406
f 402 405 408
f 412 413 409
f 412 417 414
f 415 416 410
f 419 417 415
f 418 419 411
f 413 420 418
f 414 417 420
f 424 425 421
f 424 429 426
f 427 428 422
f 431 429 427
f 430 431 423
f 425 432 430
f 426 429 432
f 436 437 433
f 440 438 436
f 439 440 434
f 439 444 441
f 442 443 435
f 437 444 442
f 438 441 444
f 448 449 445
f 452 450 448
f 451 452 446
f 451 456 453
f 454 455 447
f 454 450 456
f 450 453 456
f 460 461 457
f 464 462 460
f 463 464 458
f 463 468 465
f 466 467 459
f 466 462 468
f 462 465 468
f 472 473 469
f 476 474 472
f 475 476 470
f 475 480 477
f 478 479 471
f 478 474 480
f 474 477 480
f 484 485 481
f 484 489 486
f 487 488 482
f 487 492 489
f 490 491 483
f 485 492 490
f 486 489 492
f 496 497 493
f 496 501 498
f 499 500 494
f 503 501 499
f 502 503 495
f 502 498 504
f 498 501 504
f 508 509 505
f 512 510 508
f 511 512 506
f 515 513 511
f 514 515 507
f 514 510 516
f 510 513 516
f 520 521 517
f 524 522 520
f 523 524 518
f 527 525 523
f 526 527 519
f 526 522 528
f 522 525 528
f 532 533 529
f 536 534 532
f 535 536 530
f 539 537 535
f 538 539 531
f 538 534 540
f 534 537 540
f 544 545 541
f 544 549 546
f 547 548 542
f 551 549 547
f 550 551 543
f 550 546 552
f 546 549 552
f 556 557 553
f 556 561 558
f 559 560 554
f 563 561 559
f 562 563 555
f 562 558 564
f 558 561 564
f 568 569 565
f 572 570 568
f 571 572 566
f 575 573 571
f 574 575 567
f 574 570 576
f 570 573 576
f 580 581 577
f 584 582 580
f 583 584 578
f 587 585 583
f 586 587 579
f 586 582 588
f 582 585 588
f 592 593 589
f 592 597 594
f 595 596 590
f 599 597 595
f 598 599 591
f 598 594 600
f 594 597 600
f 604 605 601
f 608 606 604
f 607 608 602
f 611 609 607
f 610 611 603
f 610 606 612
f 606 609 612
f 616 617 613
f 620 618 616
f 619 620 614
f 623 621 619
f 622 623 615
f 622 618 624
f 618 621 624
f 628 629 625
f 632 630 628
f 631 632 626
f 635 633 631
f 634 635 627
f 634 630 636
f 630 633 636
f 640 641 637
f 640 645 642
f 643 644 638
f 647 645 643
f 646 647 639
f 646 642 648
f 642 645 648
f 652 653 649
f 652 657 654
f 655 656 650
f 659 657 655
f 658 659 651
f 658 654 660
f 654 657 660
f 664 665 661
f 664 669 666
f 667 668 662
f 671 669 667
f 670 671 663
f 670 666 672
f 666 669 672
f 676 677 673
f 680 678 676
f 679 680 674
f 683 681 679
f 682 683 675
f 682 678 684
f 678 681 684
f 688 689 685
f 688 693 690
f 691 692 686
f 695 693 691
f 694 695 687
f 694 690 696
f 690 693 696
f 700 701 697
f 704 702 700
f 703 704 698
f 707 705 703
f 706 707 699
f 706 702 708
f 702 705 708
f 712 713 709
f 716 714 712
f 715 716 710
f 719 717 715
f 718 719 711
f 718 714 720
f 714 717 720
f 724 725 721
f 728 726 724
f 727 728 722
f 731 729 727
f 730 731 723
f 730 726 732
f 726 729 732
f 736 737 733
f 736 741 738
f 739 740 734
f 743 741 739
f 742 743 735
f 742 738 744
f 738 741 744
f 748 749 745
f 748 753 750
f 751 752 746
f 755 753 751
f 754 755 747
f 754 750 756
f 750 753 756
f 760 761 757
f 760 765 762
f 763 764 758
f 767 765 763
f 766 767 759
f 766 762 768
f 762 765 768
f 772 773 769
f 772 777 774
f 775 776 770
f 779 777 775
f 778 779 771
f 778 774 780
f 774 777 780
f 784 785 781
f 784 789 786
f 787 788 782
f 791 789 787
f 790 791 783
f 790 786 792
f 786 789 792
f 796 797 793
f 800 798 796
f 799 800 794
f 803 801 799
f 802 803 795
f 802 798 804
f 798 801 804
f 808 809 805
f 812 810 808
f 811 812 806
f 815 813 811
f 814 815 807
f 814 810 816
f 810 813 816
f 820 821 817
f 824 822 820
f 823 824 818
f 827 825 823
f 826 827 819
f 826 822 828
f 822 825 828
f 832 833 829
f 832 837 834
f 835 836 830
f 839 837 835
f 838 839 831
f 838 834 840
f 834 837 840
f 844 845 841
f 844 849 846
f 847 848 842
f 851 849 847
f 850 851 843
f 850 846 852
f 846 849 852
f 856 857 853
f 856 861 858
f 859 860 854
f 863 861 859
f 862 863 855
f 862 858 864
f 858 861 864
f 99 113 106
f 113 101 106
f 101 111 97
f 122 112 109
f 112 124 116
f 124 110 116
f 134 127 122
f 140 131 127
f 131 133 123
f 134 152 139
f 152 143 139
f 148 135 143
f 146 164 151
f 151 160 155
f 155 157 147
f 158 176 163
f 176 167 163
f 172 159 167
f 170 185 175
f 185 179 175
f 190 171 179
f 181 197 184
f 184 202 188
f 202 182 188
f 205 196 193
f 196 214 200
f 214 194 200
f 217 208 205
f 208 226 212
f 226 206 212
f 230 220 217
f 236 224 220
f 224 229 218
f 230 248 235
f 248 239 235
f 244 231 239
f 242 260 247
f 247 256 251
f 251 253 243
f 254 272 259
f 272 263 259
f 268 255 263
f 266 284 271
f 284 275 271
f 275 277 267
f 289 283 278
f 283 298 287
f 298 279 287
f 289 305 292
f 305 296 292
f 296 303 290
f 313 304 301
f 304 322 308
f 322 302 308
f 325 316 313
f 329 320 316
f 320 327 314
f 325 344 328
f 344 332 328
f 340 326 332
f 338 356 343
f 343 352 347
f 347 349 339
f 350 368 355
f 368 359 355
f 364 351 359
f 362 380 367
f 380 371 367
f 371 373 363
f 374 392 379
f 379 388 383
f 383 385 375
f 397 391 386
f 401 395 391
f 395 399 387
f 409 400 397
f 413 404 400
f 418 398 404
f 421 412 409
f 425 416 412
f 416 423 410
f 421 440 424
f 440 428 424
f 436 422 428
f 434 452 439
f 439 448 443
f 443 445 435
f 446 464 451
f 464 455 451
f 460 447 455
f 458 476 463
f 476 467 463
f 467 469 459
f 99 475 470
f 475 103 479
f 103 471 479
f 493 490 483
f 490 502 485
f 485 495 481
f 505 499 494
f 509 503 499
f 503 507 495
f 517 511 506
f 511 526 515
f 526 507 515
f 529 523 518
f 523 538 527
f 527 531 519
f 541 535 530
f 545 539 535
f 550 531 539
f 542 557 547
f 557 551 547
f 562 543 551
f 565 559 554
f 569 563 559
f 574 555 563
f 577 571 566
f 581 575 571
f 586 567 575
f 589 583 578
f 583 598 587
f 587 591 579
f 601 595 590
f 605 599 595
f 599 603 591
f 613 607 602
f 607 622 611
f 622 603 611
f 625 619 614
f 619 634 623
f 623 627 615
f 637 631 626
f 641 635 631
f 646 627 635
f 638 653 643
f 653 647 643
f 658 639 647
f 661 655 650
f 665 659 655
f 670 651 659
f 673 667 662
f 677 671 667
f 682 663 671
f 685 679 674
f 679 694 683
f 683 687 675
f 697 691 686
f 701 695 691
f 695 699 687
f 709 703 698
f 703 718 707
f 718 699 707
f 721 715 710
f 715 730 719
f 719 723 711
f 733 727 722
f 737 731 727
f 742 723 731
f 734 749 739
f 749 743 739
f 754 735 743
f 757 751 746
f 761 755 751
f 766 747 755
f 769 763 758
f 773 767 763
f 778 759 767
f 770 785 775
f 785 779 775
f 790 771 779
f 793 787 782
f 797 791 787
f 791 795 783
f 805 799 794
f 799 814 803
f 814 795 803
f 817 811 806
f 811 826 815
f 815 819 807
f 829 823 818
f 833 827 823
f 838 819 827
f 830 845 835
f 845 839 835
f 850 831 839
f 853 847 842
f 857 851 847
f 862 843 851
f 482 859 854
f 488 863 859
f 484 855 863
f 542 166 159
f 166 544 161
f 161 541 157
f 145 532 529
f 149 536 532
f 154 530 536
f 650 274 267
f 274 652 269
f 269 649 265
f 637 257 640
f 640 262 644
f 262 638 644
f 758 382 375
f 382 760 377
f 377 757 373
f 745 365 748
f 748 370 752
f 370 746 752
f 110 500 115
f 500 119 115
f 119 493 111
f 98 487 482
f 104 491 487
f 100 483 491
f 853 473 856
f 856 478 860
f 478 854 860
f 218 608 223
f 223 604 227
f 604 219 227
f 589 215 592
f 215 596 592
f 596 206 590
f 326 716 331
f 331 712 335
f 712 327 335
f 315 700 697
f 700 319 704
f 704 314 698
f 818 442 435
f 824 437 442
f 820 433 437
f 423 808 805
f 808 427 812
f 812 422 806
f 554 178 171
f 178 556 173
f 173 553 169
f 662 286 279
f 286 664 281
f 281 661 277
f 770 394 387
f 776 389 394
f 772 385 389
f 123 512 130
f 130 508 125
f 508 121 125
f 231 620 238
f 238 616 233
f 616 229 233
f 722 346 339
f 728 341 346
f 724 337 341
f 830 454 447
f 454 832 449
f 449 829 445
f 566 187 182
f 187 568 191
f 568 183 191
f 674 295 290
f 680 299 295
f 676 291 299
f 398 788 403
f 788 407 403
f 407 781 399
f 135 524 142
f 142 520 137
f 520 133 137
f 626 250 243
f 632 245 250
f 628 241 245
f 734 358 351
f 358 736 353
f 353 733 349
f 842 466 459
f 466 844 461
f 461 841 457
f 578 199 194
f 584 203 199
f 580 195 203
f 302 692 307
f 692 311 307
f 311 685 303
f 410 800 415
f 415 796 419
f 796 411 419
f 3 99 1
f 931 915 932
f 898 1056 1026
f 938 901 902
f 944 928 898
f 932 916 947
f 950 902 903
f 947 917 953
f 956 903 904
f 953 918 959
f 962 904 905
f 959 919 965
f 962 906 968
f 965 920 971
f 968 907 974
f 971 921 977
f 974 908 980
f 983 921 922
f 980 909 986
f 989 922 923
f 986 910 992
f 995 923 924
f 992 911 998
f 1001 898 897
f 1004 924 925
f 998 912 1007
f 1010 897 899
f 1013 925 926
f 1007 913 1016
f 1019 899 900
f 1022 926 927
f 1016 914 931
f 937 900 901
f 943 927 928
f 895 941 896
f 941 1023 942
f 942 1022 943
f 868 935 869
f 935 1020 936
f 936 1019 937
f 881 929 882
f 1018 930 929
f 1017 931 930
f 895 1015 1024
f 1024 1014 1023
f 1023 1013 1022
f 867 1021 868
f 1021 1011 1020
f 1020 1010 1019
f 880 1018 881
f 1009 1017 1018
f 1008 1016 1017
f 894 1006 1015
f 1015 1005 1014
f 1014 1004 1013
f 867 1003 1012
f 1012 1002 1011
f 1011 1001 1010
f 879 1009 880
f 1000 1008 1009
f 999 1007 1008
f 892 1006 893
f 1006 996 1005
f 1005 995 1004
f 866 1003 865
f 1003 945 1002
f 1002 944 1001
f 879 994 1000
f 994 999 1000
f 993 998 999
f 891 997 892
f 997 990 996
f 990 995 996
f 877 994 878
f 988 993 994
f 987 992 993
f 891 985 991
f 991 984 990
f 990 983 989
f 876 988 877
f 982 987 988
f 981 986 987
f 889 985 890
f 985 978 984
f 984 977 983
f 875 982 876
f 976 981 982
f 975 980 981
f 888 979 889
f 979 972 978
f 972 977 978
f 875 970 976
f 970 975 976
f 969 974 975
f 887 973 888
f 967 972 973
f 966 971 972
f 874 964 970
f 964 969 970
f 963 968 969
f 887 961 967
f 961 966 967
f 960 965 966
f 872 964 873
f 958 963 964
f 957 962 963
f 885 961 886
f 955 960 961
f 954 959 960
f 872 952 958
f 958 951 957
f 957 950 956
f 885 949 955
f 949 954 955
f 948 953 954
f 870 952 871
f 952 939 951
f 951 938 950
f 883 949 884
f 934 948 949
f 933 947 948
f 866 941 946
f 946 942 945
f 945 943 944
f 870 935 940
f 940 936 939
f 939 937 938
f 883 929 934
f 929 933 934
f 930 932 933
f 1029 1060 1061
f 915 1044 916
f 903 1030 1031
f 916 1045 917
f 904 1031 1032
f 917 1046 918
f 905 1032 1033
f 918 1047 919
f 905 1034 906
f 919 1048 920
f 906 1035 907
f 921 1048 1049
f 907 1036 908
f 921 1050 922
f 908 1037 909
f 923 1050 1051
f 909 1038 910
f 924 1051 1052
f 910 1039 911
f 897 1026 1025
f 925 1052 1053
f 911 1040 912
f 899 1025 1027
f 926 1053 1054
f 912 1041 913
f 900 1027 1028
f 927 1054 1055
f 913 1042 914
f 901 1028 1029
f 928 1055 1056
f 914 1043 915
f 902 1029 1030
f 1056 1087 1088
f 1042 1075 1043
f 1030 1061 1062
f 1026 1088 1058
f 1043 1076 1044
f 1031 1062 1063
f 1044 1077 1045
f 1031 1064 1032
f 1045 1078 1046
f 1032 1065 1033
f 1046 1079 1047
f 1033 1066 1034
f 1047 1080 1048
f 1034 1067 1035
f 1048 1081 1049
f 1035 1068 1036
f 1049 1082 1050
f 1036 1069 1037
f 1051 1082 1083
f 1037 1070 1038
f 1052 1083 1084
f 1038 1071 1039
f 1025 1058 1057
f 1053 1084 1085
f 1039 1072 1040
f 1027 1057 1059
f 1054 1085 1086
f 1040 1073 1041
f 1028 1059 1060
f 1055 1086 1087
f 1041 1074 1042
f 291 673 662
f 96 65 66
f 66 67 68
f 68 69 70
f 70 71 72
f 72 73 74
f 74 75 76
f 76 77 78
f 78 79 80
f 80 81 82
f 82 83 84
f 84 85 86
f 86 87 88
f 88 89 90
f 90 91 92
f 92 93 94
f 94 95 96
f 96 66 68
f 68 70 72
f 72 74 76
f 76 78 80
f 80 82 84
f 84 86 88
f 88 90 92
f 92 94 96
f 96 68 72
f 72 76 80
f 80 84 88
f 88 92 96
f 96 72 80
f 89 771 783
f 183 565 554
f 88 759 771
f 87 747 759
f 385 769 758
f 277 661 650
f 86 735 747
f 169 553 542
f 85 723 735
f 98 482 854
f 85 84 711
f 373 757 746
f 265 649 638
f 83 699 711
f 157 541 530
f 83 82 687
f 469 853 842
f 82 81 675
f 361 745 734
f 80 663 675
f 253 637 626
f 145 529 518
f 79 651 663
f 457 841 830
f 78 639 651
f 349 733 722
f 241 625 614
f 77 627 639
f 133 517 506
f 77 76 615
f 445 829 818
f 13 170 158
f 29 31 278
f 49 386 374
f 63 1 99
f 5 122 109
f 23 230 217
f 41 338 325
f 57 59 446
f 13 15 181
f 31 33 289
f 51 397 386
f 7 134 122
f 25 242 230
f 41 43 350
f 61 458 446
f 17 193 181
f 35 301 289
f 53 409 397
f 9 146 134
f 25 27 254
f 45 362 350
f 61 63 470
f 19 205 193
f 37 313 301
f 55 421 409
f 9 11 158
f 29 266 254
f 45 47 374
f 66 65 481
f 21 217 205
f 39 325 313
f 57 434 421
f 399 781 770
f 91 90 783
f 91 795 807
f 195 577 566
f 93 92 807
f 303 685 674
f 96 855 481
f 411 793 782
f 93 819 831
f 67 507 519
f 94 831 843
f 207 589 578
f 69 68 519
f 95 843 855
f 315 697 686
f 69 531 543
f 111 493 483
f 423 805 794
f 70 543 555
f 67 66 495
f 71 555 567
f 219 601 590
f 327 709 698
f 72 567 579
f 433 817 806
f 73 579 591
f 121 505 494
f 75 74 591
f 229 613 602
f 337 721 710
f 75 603 615
f 100 102 101
f 104 105 102
f 103 105 104
f 107 108 105
f 106 108 107
f 106 101 102
f 112 114 113
f 112 116 117
f 115 117 116
f 115 119 120
f 118 120 119
f 113 114 120
f 124 126 125
f 128 129 126
f 127 129 128
f 127 131 132
f 130 132 131
f 125 126 132
f 136 138 137
f 140 141 138
f 139 141 140
f 139 143 144
f 142 144 143
f 137 138 144
f 148 150 149
f 152 153 150
f 151 153 152
f 151 155 156
f 154 156 155
f 149 150 156
f 160 162 161
f 164 165 162
f 163 165 164
f 163 167 168
f 166 168 167
f 166 161 162
f 172 174 173
f 176 177 174
f 175 177 176
f 175 179 180
f 178 180 179
f 178 173 174
f 184 186 185
f 184 188 189
f 187 189 188
f 191 192 189
f 190 192 191
f 185 186 192
f 196 198 197
f 196 200 201
f 199 201 200
f 203 204 201
f 202 204 203
f 197 198 204
f 208 210 209
f 208 212 213
f 211 213 212
f 211 215 216
f 214 216 215
f 209 210 216
f 220 222 221
f 220 224 225
f 223 225 224
f 227 228 225
f 226 228 227
f 221 222 228
f 232 234 233
f 236 237 234
f 235 237 236
f 235 239 240
f 238 240 239
f 233 234 240
f 244 246 245
f 248 249 246
f 247 249 248
f 247 251 252
f 250 252 251
f 245 246 252
f 256 258 257
f 260 261 258
f 259 261 260
f 259 263 264
f 262 264 263
f 262 257 258
f 268 270 269
f 272 273 270
f 271 273 272
f 271 275 276
f 274 276 275
f 274 269 270
f 280 282 281
f 284 285 282
f 283 285 284
f 283 287 288
f 286 288 287
f 286 281 282
f 292 294 293
f 292 296 297
f 295 297 296
f 299 300 297
f 298 300 299
f 293 294 300
f 304 306 305
f 304 308 309
f 307 309 308
f 307 311 312
f 310 312 311
f 305 306 312
f 316 318 317
f 316 320 321
f 319 321 320
f 323 324 321
f 322 324 323
f 317 318 324
f 328 330 329
f 328 332 333
f 331 333 332
f 335 336 333
f 334 336 335
f 329 330 336
f 340 342 341
f 344 345 342
f 343 345 344
f 343 347 348
f 346 348 347
f 341 342 348
f 352 354 353
f 356 357 354
f 355 357 356
f 355 359 360
f 358 360 359
f 358 353 354
f 364 366 365
f 368 369 366
f 367 369 368
f 367 371 372
f 370 372 371
f 370 365 366
f 376 378 377
f 380 381 378
f 379 381 380
f 379 383 384
f 382 384 383
f 382 377 378
f 388 390 389
f 392 393 390
f 391 393 392
f 391 395 396
f 394 396 395
f 394 389 390
f 400 402 401
f 400 404 405
f 403 405 404
f 403 407 408
f 406 408 407
f 401 402 408
f 412 414 413
f 412 416 417
f 415 417 416
f 419 420 417
f 418 420 419
f 413 414 420
f 424 426 425
f 424 428 429
f 427 429 428
f 431 432 429
f 430 432 431
f 425 426 432
f 436 438 437
f 440 441 438
f 439 441 440
f 439 443 444
f 442 444 443
f 437 438 444
f 448 450 449
f 452 453 450
f 451 453 452
f 451 455 456
f 454 456 455
f 454 449 450
f 460 462 461
f 464 465 462
f 463 465 464
f 463 467 468
f 466 468 467
f 466 461 462
f 472 474 473
f 476 477 474
f 475 477 476
f 475 479 480
f 478 480 479
f 478 473 474
f 484 486 485
f 484 488 489
f 487 489 488
f 487 491 492
f 490 492 491
f 485 486 492
f 496 498 497
f 496 500 501
f 499 501 500
f 503 504 501
f 502 504 503
f 502 497 498
f 508 510 509
f 512 513 510
f 511 513 512
f 515 516 513
f 514 516 515
f 514 509 510
f 520 522 521
f 524 525 522
f 523 525 524
f 527 528 525
f 526 528 527
f 526 521 522
f 532 534 533
f 536 537 534
f 535 537 536
f 539 540 537
f 538 540 539
f 538 533 534
f 544 546 545
f 544 548 549
f 547 549 548
f 551 552 549
f 550 552 551
f 550 545 546
f 556 558 557
f 556 560 561
f 559 561 560
f 563 564 561
f 562 564 563
f 562 557 558
f 568 570 569
f 572 573 570
f 571 573 572
f 575 576 573
f 574 576 575
f 574 569 570
f 580 582 581
f 584 585 582
f 583 585 584
f 587 588 585
f 586 588 587
f 586 581 582
f 592 594 593
f 592 596 597
f 595 597 596
f 599 600 597
f 598 600 599
f 598 593 594
f 604 606 605
f 608 609 606
f 607 609 608
f 611 612 609
f 610 612 611
f 610 605 606
f 616 618 617
f 620 621 618
f 619 621 620
f 623 624 621
f 622 624 623
f 622 617 618
f 628 630 629
f 632 633 630
f 631 633 632
f 635 636 633
f 634 636 635
f 634 629 630
f 640 642 641
f 640 644 645
f 643 645 644
f 647 648 645
f 646 648 647
f 646 641 642
f 652 654 653
f 652 656 657
f 655 657 656
f 659 660 657
f 658 660 659
f 658 653 654
f 664 666 665
f 664 668 669
f 667 669 668
f 671 672 669
f 670 672 671
f 670 665 666
f 676 678 677
f 680 681 678
f 679 681 680
f 683 684 681
f 682 684 683
f 682 677 678
f 688 690 689
f 688 692 693
f 691 693 692
f 695 696 693
f 694 696 695
f 694 689 690
f 700 702 701
f 704 705 702
f 703 705 704
f 707 708 705
f 706 708 707
f 706 701 702
f 712 714 713
f 716 717 714
f 715 717 716
f 719 720 717
f 718 720 719
f 718 713 714
f 724 726 725
f 728 729 726
f 727 729 728
f 731 732 729
f 730 732 731
f 730 725 726
f 736 738 737
f 736 740 741
f 739 741 740
f 743 744 741
f 742 744 743
f 742 737 738
f 748 750 749
f 748 752 753
f 751 753 752
f 755 756 753
f 754 756 755
f 754 749 750
f 760 762 761
f 760 764 765
f 763 765 764
f 767 768 765
f 766 768 767
f 766 761 762
f 772 774 773
f 772 776 777
f 775 777 776
f 779 780 777
f 778 780 779
f 778 773 774
f 784 786 785
f 784 788 789
f 787 789 788
f 791 792 789
f 790 792 791
f 790 785 786
f 796 798 797
f 800 801 798
f 799 801 800
f 803 804 801
f 802 804 803
f 802 797 798
f 808 810 809
f 812 813 810
f 811 813 812
f 815 816 813
f 814 816 815
f 814 809 810
f 820 822 821
f 824 825 822
f 823 825 824
f 827 828 825
f 826 828 827
f 826 821 822
f 832 834 833
f 832 836 837
f 835 837 836
f 839 840 837
f 838 840 839
f 838 833 834
f 844 846 845
f 844 848 849
f 847 849 848
f 851 852 849
f 850 852 851
f 850 845 846
f 856 858 857
f 856 860 861
f 859 861 860
f 863 864 861
f 862 864 863
f 862 857 858
f 99 109 113
f 113 118 101
f 101 118 111
f 122 128 112
f 112 128 124
f 124 121 110
f 134 140 127
f 140 136 131
f 131 136 133
f 134 146 152
f 152 148 143
f 148 145 135
f 146 158 164
f 151 164 160
f 155 160 157
f 158 170 176
f 176 172 167
f 172 169 159
f 170 181 185
f 185 190 179
f 190 183 171
f 181 193 197
f 184 197 202
f 202 195 182
f 205 209 196
f 196 209 214
f 214 207 194
f 217 221 208
f 208 221 226
f 226 219 206
f 230 236 220
f 236 232 224
f 224 232 229
f 230 242 248
f 248 244 239
f 244 241 231
f 242 254 260
f 247 260 256
f 251 256 253
f 254 266 272
f 272 268 263
f 268 265 255
f 266 278 284
f 284 280 275
f 275 280 277
f 289 293 283
f 283 293 298
f 298 291 279
f 289 301 305
f 305 310 296
f 296 310 303
f 313 317 304
f 304 317 322
f 322 315 302
f 325 329 316
f 329 334 320
f 320 334 327
f 325 338 344
f 344 340 332
f 340 337 326
f 338 350 356
f 343 356 352
f 347 352 349
f 350 362 368
f 368 364 359
f 364 361 351
f 362 374 380
f 380 376 371
f 371 376 373
f 374 386 392
f 379 392 388
f 383 388 385
f 397 401 391
f 401 406 395
f 395 406 399
f 409 413 400
f 413 418 404
f 418 411 398
f 421 425 412
f 425 430 416
f 416 430 423
f 421 434 440
f 440 436 428
f 436 433 422
f 434 446 452
f 439 452 448
f 443 448 445
f 446 458 464
f 464 460 455
f 460 457 447
f 458 470 476
f 476 472 467
f 467 472 469
f 99 107 475
f 475 107 103
f 103 98 471
f 493 497 490
f 490 497 502
f 485 502 495
f 505 509 499
f 509 514 503
f 503 514 507
f 517 521 511
f 511 521 526
f 526 519 507
f 529 533 523
f 523 533 538
f 527 538 531
f 541 545 535
f 545 550 539
f 550 543 531
f 542 553 557
f 557 562 551
f 562 555 543
f 565 569 559
f 569 574 563
f 574 567 555
f 577 581 571
f 581 586 575
f 586 579 567
f 589 593 583
f 583 593 598
f 587 598 591
f 601 605 595
f 605 610 599
f 599 610 603
f 613 617 607
f 607 617 622
f 622 615 603
f 625 629 619
f 619 629 634
f 623 634 627
f 637 641 631
f 641 646 635
f 646 639 627
f 638 649 653
f 653 658 647
f 658 651 639
f 661 665 655
f 665 670 659
f 670 663 651
f 673 677 667
f 677 682 671
f 682 675 663
f 685 689 679
f 679 689 694
f 683 694 687
f 697 701 691
f 701 706 695
f 695 706 699
f 709 713 703
f 703 713 718
f 718 711 699
f 721 725 715
f 715 725 730
f 719 730 723
f 733 737 727
f 737 742 731
f 742 735 723
f 734 745 749
f 749 754 743
f 754 747 735
f 757 761 751
f 761 766 755
f 766 759 747
f 769 773 763
f 773 778 767
f 778 771 759
f 770 781 785
f 785 790 779
f 790 783 771
f 793 797 787
f 797 802 791
f 791 802 795
f 805 809 799
f 799 809 814
f 814 807 795
f 817 821 811
f 811 821 826
f 815 826 819
f 829 833 823
f 833 838 827
f 838 831 819
f 830 841 845
f 845 850 839
f 850 843 831
f 853 857 847
f 857 862 851
f 862 855 843
f 482 488 859
f 488 484 863
f 484 481 855
f 542 548 166
f 166 548 544
f 161 544 541
f 145 149 532
f 149 154 536
f 154 147 530
f 650 656 274
f 274 656 652
f 269 652 649
f 637 253 257
f 640 257 262
f 262 255 638
f 758 764 382
f 382 764 760
f 377 760 757
f 745 361 365
f 748 365 370
f 370 363 746
f 110 494 500
f 500 496 119
f 119 496 493
f 98 104 487
f 104 100 491
f 100 97 483
f 853 469 473
f 856 473 478
f 478 471 854
f 218 602 608
f 223 608 604
f 604 601 219
f 589 207 215
f 215 211 596
f 596 211 206
f 326 710 716
f 331 716 712
f 712 709 327
f 315 323 700
f 700 323 319
f 704 319 314
f 818 824 442
f 824 820 437
f 820 817 433
f 423 431 808
f 808 431 427
f 812 427 422
f 554 560 178
f 178 560 556
f 173 556 553
f 662 668 286
f 286 668 664
f 281 664 661
f 770 776 394
f 776 772 389
f 772 769 385
f 123 506 512
f 130 512 508
f 508 505 121
f 231 614 620
f 238 620 616
f 616 613 229
f 722 728 346
f 728 724 341
f 724 721 337
f 830 836 454
f 454 836 832
f 449 832 829
f 566 572 187
f 187 572 568
f 568 565 183
f 674 680 295
f 680 676 299
f 676 673 291
f 398 782 788
f 788 784 407
f 407 784 781
f 135 518 524
f 142 524 520
f 520 517 133
f 626 632 250
f 632 628 245
f 628 625 241
f 734 740 358
f 358 740 736
f 353 736 733
f 842 848 466
f 466 848 844
f 461 844 841
f 578 584 199
f 584 580 203
f 580 577 195
f 302 686 692
f 692 688 311
f 311 688 685
f 410 794 800
f 415 800 796
f 796 793 411
f 3 109 99
f 931 914 915
f 898 928 1056
f 938 937 901
f 944 943 928
f 932 915 916
f 950 938 902
f 947 916 917
f 956 950 903
f 953 917 918
f 962 956 904
f 959 918 919
f 962 905 906
f 965 919 920
f 968 906 907
f 971 920 921
f 974 907 908
f 983 977 921
f 980 908 909
f 989 983 922
f 986 909 910
f 995 989 923
f 992 910 911
f 1001 944 898
f 1004 995 924
f 998 911 912
f 1010 1001 897
f 1013 1004 925
f 1007 912 913
f 1019 1010 899
f 1022 1013 926
f 1016 913 914
f 937 1019 900
f 943 1022 927
f 895 1024 941
f 941 1024 1023
f 942 1023 1022
f 868 1021 935
f 935 1021 1020
f 936 1020 1019
f 881 1018 929
f 1018 1017 930
f 1017 1016 931
f 895 894 1015
f 1024 1015 1014
f 1023 1014 1013
f 867 1012 1021
f 1021 1012 1011
f 1020 1011 1010
f 880 1009 1018
f 1009 1008 1017
f 1008 1007 1016
f 894 893 1006
f 1015 1006 1005
f 1014 1005 1004
f 867 865 1003
f 1012 1003 1002
f 1011 1002 1001
f 879 1000 1009
f 1000 999 1008
f 999 998 1007
f 892 997 1006
f 1006 997 996
f 1005 996 995
f 866 946 1003
f 1003 946 945
f 1002 945 944
f 879 878 994
f 994 993 999
f 993 992 998
f 891 991 997
f 997 991 990
f 990 989 995
f 877 988 994
f 988 987 993
f 987 986 992
f 891 890 985
f 991 985 984
f 990 984 983
f 876 982 988
f 982 981 987
f 981 980 986
f 889 979 985
f 985 979 978
f 984 978 977
f 875 976 982
f 976 975 981
f 975 974 980
f 888 973 979
f 979 973 972
f 972 971 977
f 875 874 970
f 970 969 975
f 969 968 974
f 887 967 973
f 967 966 972
f 966 965 971
f 874 873 964
f 964 963 969
f 963 962 968
f 887 886 961
f 961 960 966
f 960 959 965
f 872 958 964
f 958 957 963
f 957 956 962
f 885 955 961
f 955 954 960
f 954 953 959
f 872 871 952
f 958 952 951
f 957 951 950
f 885 884 949
f 949 948 954
f 948 947 953
f 870 940 952
f 952 940 939
f 951 939 938
f 883 934 949
f 934 933 948
f 933 932 947
f 866 896 941
f 946 941 942
f 945 942 943
f 870 869 935
f 940 935 936
f 939 936 937
f 883 882 929
f 929 930 933
f 930 931 932
f 1029 1028 1060
f 915 1043 1044
f 903 902 1030
f 916 1044 1045
f 904 903 1031
f 917 1045 1046
f 905 904 1032
f 918 1046 1047
f 905 1033 1034
f 919 1047 1048
f 906 1034 1035
f 921 920 1048
f 907 1035 1036
f 921 1049 1050
f 908 1036 1037
f 923 922 1050
f 909 1037 1038
f 924 923 1051
f 910 1038 1039
f 897 898 1026
f 925 924 1052
f 911 1039 1040
f 899 897 1025
f 926 925 1053
f 912 1040 1041
f 900 899 1027
f 927 926 1054
f 913 1041 1042
f 901 900 1028
f 928 927 1055
f 914 1042 1043
f 902 901 1029
f 1056 1055 1087
f 1042 1074 1075
f 1030 1029 1061
f 1026 1056 1088
f 1043 1075 1076
f 1031 1030 1062
f 1044 1076 1077
f 1031 1063 1064
f 1045 1077 1078
f 1032 1064 1065
f 1046 1078 1079
f 1033 1065 1066
f 1047 1079 1080
f 1034 1066 1067
f 1048 1080 1081
f 1035 1067 1068
f 1049 1081 1082
f 1036 1068 1069
f 1051 1050 1082
f 1037 1069 1070
f 1052 1051 1083
f 1038 1070 1071
f 1025 1026 1058
f 1053 1052 1084
f 1039 1071 1072
f 1027 1025 1057
f 1054 1053 1085
f 1040 1072 1073
f 1028 1027 1059
f 1055 1054 1086
f 1041 1073 1074
usemtl Material.004
f 1154 1096 1097
f 1107 1099 1091
f 1162 1110 1111
f 1134 1153 1158
f 1150 1161 1166
f 1158 1169 1174
f 1166 1177 1182
f 1174 1185 1190
f 1182 1193 1198
f 1206 1185 1201
f 1198 1209 1214
f 1206 1217 1222
f 1230 1209 1225
f 1222 1233 1238
f 1230 1241 1246
f 1238 1249 1254
f 1266 1091 1290
f 1246 1273 1278
f 1254 1281 1286
f 1294 1265 1289
f 1302 1273 1297
f 1310 1281 1305
f 1318 1289 1313
f 1302 1321 1326
f 1310 1329 1334
f 1342 1313 1337
f 1326 1345 1350
f 1334 1353 1358
f 1342 1361 1366
f 1261 1089 1266
f 1358 1369 1374
f 1130 1095 1096
f 1146 1109 1110
f 1137 1145 1150
f 1141 1108 1109
f 1121 1129 1134
f 1362 1095 1125
f 1075 1373 1076
f 1257 1265 1270
f 1346 1090 1261
f 1370 1107 1108
f 1062 1341 1365
f 1338 1094 1362
f 1074 1357 1075
f 1354 1106 1107
f 1088 1325 1349
f 1322 1120 1346
f 1061 1317 1341
f 1314 1093 1338
f 1073 1333 1074
f 1330 1105 1106
f 1087 1301 1325
f 1298 1119 1322
f 1060 1293 1317
f 1290 1092 1314
f 1072 1309 1073
f 1306 1104 1105
f 1086 1277 1301
f 1274 1118 1298
f 1059 1269 1293
f 1057 1258 1269
f 1071 1285 1072
f 1282 1103 1104
f 1085 1245 1277
f 1058 1349 1258
f 1350 1262 1257
f 1242 1117 1274
f 1070 1253 1071
f 1250 1102 1103
f 1084 1229 1245
f 1226 1116 1242
f 1069 1237 1070
f 1234 1101 1102
f 1083 1213 1229
f 1210 1115 1226
f 1068 1221 1069
f 1218 1100 1101
f 1082 1197 1213
f 1194 1114 1210
f 1067 1205 1068
f 1202 1099 1100
f 1081 1181 1197
f 1178 1113 1194
f 1066 1189 1067
f 1186 1098 1099
f 1080 1165 1181
f 1162 1112 1178
f 1065 1173 1066
f 1170 1097 1098
f 1078 1165 1079
f 1077 1149 1078
f 1064 1157 1065
f 1076 1138 1077
f 1374 1142 1137
f 1063 1365 1122
f 1121 1361 1126
f 1137 1376 1374
f 1139 1375 1376
f 1140 1373 1375
f 1370 1143 1372
f 1372 1144 1371
f 1371 1142 1369
f 1366 1123 1368
f 1368 1124 1367
f 1367 1122 1365
f 1125 1364 1362
f 1127 1363 1364
f 1363 1126 1361
f 1374 1360 1358
f 1376 1359 1360
f 1375 1357 1359
f 1354 1372 1356
f 1356 1371 1355
f 1355 1369 1353
f 1350 1259 1352
f 1352 1260 1351
f 1351 1258 1349
f 1261 1348 1346
f 1263 1347 1348
f 1264 1345 1347
f 1342 1368 1344
f 1344 1367 1343
f 1343 1365 1341
f 1338 1364 1340
f 1340 1363 1339
f 1363 1337 1339
f 1358 1336 1334
f 1360 1335 1336
f 1359 1333 1335
f 1330 1356 1332
f 1332 1355 1331
f 1331 1353 1329
f 1326 1352 1328
f 1328 1351 1327
f 1327 1349 1325
f 1346 1324 1322
f 1348 1323 1324
f 1347 1321 1323
f 1318 1344 1320
f 1320 1343 1319
f 1319 1341 1317
f 1338 1316 1314
f 1340 1315 1316
f 1339 1313 1315
f 1310 1336 1312
f 1336 1311 1312
f 1335 1309 1311
f 1306 1332 1308
f 1332 1307 1308
f 1331 1305 1307
f 1302 1328 1304
f 1304 1327 1303
f 1303 1325 1301
f 1322 1300 1298
f 1324 1299 1300
f 1323 1297 1299
f 1294 1320 1296
f 1296 1319 1295
f 1295 1317 1293
f 1314 1292 1290
f 1316 1291 1292
f 1291 1313 1289
f 1310 1288 1286
f 1312 1287 1288
f 1311 1285 1287
f 1282 1308 1284
f 1284 1307 1283
f 1283 1305 1281
f 1278 1304 1280
f 1280 1303 1279
f 1279 1301 1277
f 1298 1276 1274
f 1300 1275 1276
f 1299 1273 1275
f 1270 1296 1272
f 1272 1295 1271
f 1271 1293 1269
f 1290 1268 1266
f 1292 1267 1268
f 1291 1265 1267
f 1286 1256 1254
f 1288 1255 1256
f 1287 1253 1255
f 1250 1284 1252
f 1252 1283 1251
f 1251 1281 1249
f 1278 1248 1246
f 1248 1279 1247
f 1247 1277 1245
f 1274 1244 1242
f 1244 1275 1243
f 1275 1241 1243
f 1257 1272 1259
f 1259 1271 1260
f 1260 1269 1258
f 1266 1263 1261
f 1268 1264 1263
f 1267 1262 1264
f 1254 1240 1238
f 1256 1239 1240
f 1255 1237 1239
f 1234 1252 1236
f 1236 1251 1235
f 1235 1249 1233
f 1230 1248 1232
f 1232 1247 1231
f 1231 1245 1229
f 1242 1228 1226
f 1244 1227 1228
f 1243 1225 1227
f 1238 1224 1222
f 1240 1223 1224
f 1239 1221 1223
f 1218 1236 1220
f 1220 1235 1219
f 1219 1233 1217
f 1230 1216 1214
f 1216 1231 1215
f 1215 1229 1213
f 1226 1212 1210
f 1228 1211 1212
f 1227 1209 1211
f 1222 1208 1206
f 1224 1207 1208
f 1223 1205 1207
f 1202 1220 1204
f 1204 1219 1203
f 1203 1217 1201
f 1198 1216 1200
f 1200 1215 1199
f 1199 1213 1197
f 1210 1196 1194
f 1212 1195 1196
f 1211 1193 1195
f 1206 1192 1190
f 1208 1191 1192
f 1207 1189 1191
f 1186 1204 1188
f 1204 1187 1188
f 1203 1185 1187
f 1198 1184 1182
f 1200 1183 1184
f 1183 1197 1181
f 1178 1196 1180
f 1196 1179 1180
f 1195 1177 1179
f 1190 1176 1174
f 1192 1175 1176
f 1191 1173 1175
f 1170 1188 1172
f 1172 1187 1171
f 1171 1185 1169
f 1166 1184 1168
f 1168 1183 1167
f 1167 1181 1165
f 1178 1164 1162
f 1180 1163 1164
f 1179 1161 1163
f 1174 1160 1158
f 1176 1159 1160
f 1175 1157 1159
f 1170 1156 1154
f 1172 1155 1156
f 1155 1169 1153
f 1166 1152 1150
f 1168 1151 1152
f 1167 1149 1151
f 1162 1148 1146
f 1164 1147 1148
f 1147 1161 1145
f 1158 1136 1134
f 1160 1135 1136
f 1159 1133 1135
f 1130 1156 1132
f 1132 1155 1131
f 1155 1129 1131
f 1150 1139 1137
f 1152 1140 1139
f 1151 1138 1140
f 1141 1148 1143
f 1143 1147 1144
f 1144 1145 1142
f 1134 1123 1121
f 1136 1124 1123
f 1135 1122 1124
f 1130 1127 1125
f 1132 1128 1127
f 1128 1129 1126
f 1064 1122 1133
f 1154 1130 1096
f 1091 1089 1090
f 1090 1120 1119
f 1119 1118 1117
f 1117 1116 1115
f 1115 1114 1113
f 1113 1112 1111
f 1111 1110 1109
f 1109 1108 1107
f 1107 1106 1105
f 1105 1104 1103
f 1103 1102 1101
f 1101 1100 1099
f 1099 1098 1097
f 1097 1096 1095
f 1095 1094 1093
f 1093 1092 1091
f 1091 1090 1119
f 1119 1117 1115
f 1115 1113 1111
f 1111 1109 1107
f 1107 1105 1103
f 1103 1101 1099
f 1099 1097 1095
f 1095 1093 1091
f 1091 1119 1115
f 1115 1111 1107
f 1107 1103 1099
f 1099 1095 1091
f 1091 1115 1107
f 1162 1146 1110
f 1134 1129 1153
f 1150 1145 1161
f 1158 1153 1169
f 1166 1161 1177
f 1174 1169 1185
f 1182 1177 1193
f 1206 1190 1185
f 1198 1193 1209
f 1206 1201 1217
f 1230 1214 1209
f 1222 1217 1233
f 1230 1225 1241
f 1238 1233 1249
f 1266 1089 1091
f 1246 1241 1273
f 1254 1249 1281
f 1294 1270 1265
f 1302 1278 1273
f 1310 1286 1281
f 1318 1294 1289
f 1302 1297 1321
f 1310 1305 1329
f 1342 1318 1313
f 1326 1321 1345
f 1334 1329 1353
f 1342 1337 1361
f 1261 1090 1089
f 1358 1353 1369
f 1130 1125 1095
f 1146 1141 1109
f 1137 1142 1145
f 1141 1370 1108
f 1121 1126 1129
f 1362 1094 1095
f 1075 1357 1373
f 1257 1262 1265
f 1346 1120 1090
f 1370 1354 1107
f 1062 1061 1341
f 1338 1093 1094
f 1074 1333 1357
f 1354 1330 1106
f 1088 1087 1325
f 1322 1119 1120
f 1061 1060 1317
f 1314 1092 1093
f 1073 1309 1333
f 1330 1306 1105
f 1087 1086 1301
f 1298 1118 1119
f 1060 1059 1293
f 1290 1091 1092
f 1072 1285 1309
f 1306 1282 1104
f 1086 1085 1277
f 1274 1117 1118
f 1059 1057 1269
f 1057 1058 1258
f 1071 1253 1285
f 1282 1250 1103
f 1085 1084 1245
f 1058 1088 1349
f 1350 1345 1262
f 1242 1116 1117
f 1070 1237 1253
f 1250 1234 1102
f 1084 1083 1229
f 1226 1115 1116
f 1069 1221 1237
f 1234 1218 1101
f 1083 1082 1213
f 1210 1114 1115
f 1068 1205 1221
f 1218 1202 1100
f 1082 1081 1197
f 1194 1113 1114
f 1067 1189 1205
f 1202 1186 1099
f 1081 1080 1181
f 1178 1112 1113
f 1066 1173 1189
f 1186 1170 1098
f 1080 1079 1165
f 1162 1111 1112
f 1065 1157 1173
f 1170 1154 1097
f 1078 1149 1165
f 1077 1138 1149
f 1064 1133 1157
f 1076 1373 1138
f 1374 1369 1142
f 1063 1062 1365
f 1121 1366 1361
f 1137 1139 1376
f 1139 1140 1375
f 1140 1138 1373
f 1370 1141 1143
f 1372 1143 1144
f 1371 1144 1142
f 1366 1121 1123
f 1368 1123 1124
f 1367 1124 1122
f 1125 1127 1364
f 1127 1128 1363
f 1363 1128 1126
f 1374 1376 1360
f 1376 1375 1359
f 1375 1373 1357
f 1354 1370 1372
f 1356 1372 1371
f 1355 1371 1369
f 1350 1257 1259
f 1352 1259 1260
f 1351 1260 1258
f 1261 1263 1348
f 1263 1264 1347
f 1264 1262 1345
f 1342 1366 1368
f 1344 1368 1367
f 1343 1367 1365
f 1338 1362 1364
f 1340 1364 1363
f 1363 1361 1337
f 1358 1360 1336
f 1360 1359 1335
f 1359 1357 1333
f 1330 1354 1356
f 1332 1356 1355
f 1331 1355 1353
f 1326 1350 1352
f 1328 1352 1351
f 1327 1351 1349
f 1346 1348 1324
f 1348 1347 1323
f 1347 1345 1321
f 1318 1342 1344
f 1320 1344 1343
f 1319 1343 1341
f 1338 1340 1316
f 1340 1339 1315
f 1339 1337 1313
f 1310 1334 1336
f 1336 1335 1311
f 1335 1333 1309
f 1306 1330 1332
f 1332 1331 1307
f 1331 1329 1305
f 1302 1326 1328
f 1304 1328 1327
f 1303 1327 1325
f 1322 1324 1300
f 1324 1323 1299
f 1323 1321 1297
f 1294 1318 1320
f 1296 1320 1319
f 1295 1319 1317
f 1314 1316 1292
f 1316 1315 1291
f 1291 1315 1313
f 1310 1312 1288
f 1312 1311 1287
f 1311 1309 1285
f 1282 1306 1308
f 1284 1308 1307
f 1283 1307 1305
f 1278 1302 1304
f 1280 1304 1303
f 1279 1303 1301
f 1298 1300 1276
f 1300 1299 1275
f 1299 1297 1273
f 1270 1294 1296
f 1272 1296 1295
f 1271 1295 1293
f 1290 1292 1268
f 1292 1291 1267
f 1291 1289 1265
f 1286 1288 1256
f 1288 1287 1255
f 1287 1285 1253
f 1250 1282 1284
f 1252 1284 1283
f 1251 1283 1281
f 1278 1280 1248
f 1248 1280 1279
f 1247 1279 1277
f 1274 1276 1244
f 1244 1276 1275
f 1275 1273 1241
f 1257 1270 1272
f 1259 1272 1271
f 1260 1271 1269
f 1266 1268 1263
f 1268 1267 1264
f 1267 1265 1262
f 1254 1256 1240
f 1256 1255 1239
f 1255 1253 1237
f 1234 1250 1252
f 1236 1252 1251
f 1235 1251 1249
f 1230 1246 1248
f 1232 1248 1247
f 1231 1247 1245
f 1242 1244 1228
f 1244 1243 1227
f 1243 1241 1225
f 1238 1240 1224
f 1240 1239 1223
f 1239 1237 1221
f 1218 1234 1236
f 1220 1236 1235
f 1219 1235 1233
f 1230 1232 1216
f 1216 1232 1231
f 1215 1231 1229
f 1226 1228 1212
f 1228 1227 1211
f 1227 1225 1209
f 1222 1224 1208
f 1224 1223 1207
f 1223 1221 1205
f 1202 1218 1220
f 1204 1220 1219
f 1203 1219 1217
f 1198 1214 1216
f 1200 1216 1215
f 1199 1215 1213
f 1210 1212 1196
f 1212 1211 1195
f 1211 1209 1193
f 1206 1208 1192
f 1208 1207 1191
f 1207 1205 1189
f 1186 1202 1204
f 1204 1203 1187
f 1203 1201 1185
f 1198 1200 1184
f 1200 1199 1183
f 1183 1199 1197
f 1178 1194 1196
f 1196 1195 1179
f 1195 1193 1177
f 1190 1192 1176
f 1192 1191 1175
f 1191 1189 1173
f 1170 1186 1188
f 1172 1188 1187
f 1171 1187 1185
f 1166 1182 1184
f 1168 1184 1183
f 1167 1183 1181
f 1178 1180 1164
f 1180 1179 1163
f 1179 1177 1161
f 1174 1176 1160
f 1176 1175 1159
f 1175 1173 1157
f 1170 1172 1156
f 1172 1171 1155
f 1155 1171 1169
f 1166 1168 1152
f 1168 1167 1151
f 1167 1165 1149
f 1162 1164 1148
f 1164 1163 1147
f 1147 1163 1161
f 1158 1160 1136
f 1160 1159 1135
f 1159 1157 1133
f 1130 1154 1156
f 1132 1156 1155
f 1155 1153 1129
f 1150 1152 1139
f 1152 1151 1140
f 1151 1149 1138
f 1141 1146 1148
f 1143 1148 1147
f 1144 1147 1145
f 1134 1136 1123
f 1136 1135 1124
f 1135 1133 1122
f 1130 1132 1127
f 1132 1131 1128
f 1128 1131 1129
f 1064 1063 1122
