# Blender 4.5.2 LTS
# www.blender.org
o Cylinder
v -1.928477 -0.427414 -0.434998
v -1.930382 -0.099487 -0.311578
v -1.874444 -0.427414 -0.429676
v -1.900713 -0.099487 -0.308656
v -1.822489 -0.427414 -0.413916
v -1.872183 -0.099487 -0.300002
v -1.774606 -0.427414 -0.388322
v -1.845891 -0.099487 -0.285948
v -1.732637 -0.427414 -0.353878
v -1.822845 -0.099487 -0.267035
v -1.698194 -0.427414 -0.311909
v -1.803932 -0.099487 -0.243989
v -1.672600 -0.427414 -0.264026
v -1.789878 -0.099487 -0.217697
v -1.656839 -0.427414 -0.212071
v -1.781224 -0.099487 -0.189167
v -1.651518 -0.427414 -0.158039
v -1.778302 -0.099487 -0.159498
v -1.656839 -0.427414 -0.104007
v -1.781224 -0.099487 -0.129829
v -1.672600 -0.427414 -0.052051
v -1.789878 -0.099487 -0.101300
v -1.698194 -0.427414 -0.004169
v -1.803932 -0.099487 -0.075007
v -1.732637 -0.427414 0.037801
v -1.822845 -0.099487 -0.051961
v -1.774606 -0.427414 0.072244
v -1.845891 -0.099487 -0.033048
v -1.822489 -0.427414 0.097838
v -1.872183 -0.099487 -0.018994
v -1.874444 -0.427414 0.113599
v -1.900713 -0.099487 -0.010340
v -1.928477 -0.427414 0.118920
v -1.930382 -0.099487 -0.007418
v -1.982509 -0.427414 0.113599
v -1.960051 -0.099487 -0.010340
v -2.034464 -0.427414 0.097838
v -1.988580 -0.099487 -0.018994
v -2.082347 -0.427414 0.072244
v -2.014873 -0.099487 -0.033048
v -2.124316 -0.427414 0.037801
v -2.037919 -0.099487 -0.051961
v -2.158760 -0.427414 -0.004169
v -2.056832 -0.099487 -0.075007
v -2.184353 -0.427414 -0.052051
v -2.070886 -0.099487 -0.101300
v -2.200114 -0.427414 -0.104007
v -2.079540 -0.099487 -0.129829
v -2.205436 -0.427414 -0.158039
v -2.082462 -0.099487 -0.159498
v -2.200114 -0.427414 -0.212071
v -2.079540 -0.099487 -0.189167
v -2.184353 -0.427414 -0.264026
v -2.070886 -0.099487 -0.217697
v -2.158760 -0.427414 -0.311909
v -2.056832 -0.099487 -0.243989
v -2.124316 -0.427414 -0.353878
v -2.037919 -0.099487 -0.267035
v -2.082347 -0.427414 -0.388322
v -2.014873 -0.099487 -0.285948
v -2.034464 -0.427414 -0.413916
v -1.988580 -0.099487 -0.300002
v -1.982509 -0.427414 -0.429676
v -1.960051 -0.099487 -0.308656
v -1.928477 -0.436364 -0.434998
v -1.874444 -0.436364 -0.429676
v -1.822489 -0.436364 -0.413916
v -1.774606 -0.436364 -0.388322
v -1.732637 -0.436364 -0.353878
v -1.698194 -0.436364 -0.311909
v -1.672600 -0.436364 -0.264026
v -1.656839 -0.436364 -0.212071
v -1.651518 -0.436364 -0.158039
v -1.656839 -0.436364 -0.104007
v -1.672600 -0.436364 -0.052051
v -1.698194 -0.436364 -0.004169
v -1.732637 -0.436364 0.037801
v -1.774606 -0.436364 0.072244
v -1.822489 -0.436364 0.097838
v -1.874444 -0.436364 0.113599
v -1.928477 -0.436364 0.118920
v -1.982509 -0.436364 0.113599
v -2.034464 -0.436364 0.097838
v -2.082347 -0.436364 0.072244
v -2.124316 -0.436364 0.037801
v -2.158760 -0.436364 -0.004169
v -2.184353 -0.436364 -0.052051
v -2.200114 -0.436364 -0.104007
v -2.205436 -0.436364 -0.158039
v -2.200114 -0.436364 -0.212071
v -2.184353 -0.436364 -0.264026
v -2.158760 -0.436364 -0.311909
v -2.124316 -0.436364 -0.353878
v -2.082347 -0.436364 -0.388322
v -2.034464 -0.436364 -0.413916
v -1.982509 -0.436364 -0.429676
v -1.924897 -0.429944 -0.446903
v -1.932056 -0.429944 -0.446903
v -1.928477 -0.427414 -0.443642
v -1.927167 -0.429944 -0.447024
v -1.925978 -0.428705 -0.446476
v -1.927676 -0.428743 -0.446662
v -1.930975 -0.428705 -0.446476
v -1.929787 -0.429944 -0.447024
v -1.929277 -0.428743 -0.446662
v -1.927275 -0.427788 -0.445294
v -1.929678 -0.427788 -0.445294
v -1.928477 -0.428069 -0.446100
v -1.872758 -0.427414 -0.438154
v -1.868611 -0.429944 -0.440655
v -1.875633 -0.429944 -0.442051
v -1.871258 -0.427788 -0.439540
v -1.873614 -0.427788 -0.440009
v -1.872279 -0.428069 -0.440565
v -1.870814 -0.429944 -0.441216
v -1.869755 -0.428705 -0.440446
v -1.871384 -0.428743 -0.440960
v -1.874656 -0.428705 -0.441421
v -1.873383 -0.429944 -0.441727
v -1.872954 -0.428743 -0.441272
v -1.821240 -0.429944 -0.426285
v -1.819181 -0.427414 -0.421902
v -1.814626 -0.429944 -0.423545
v -1.820405 -0.428705 -0.425476
v -1.819097 -0.429944 -0.425528
v -1.818765 -0.428743 -0.424998
v -1.817439 -0.427788 -0.422968
v -1.819659 -0.427788 -0.423888
v -1.818240 -0.428069 -0.424173
v -1.816676 -0.429944 -0.424525
v -1.815788 -0.428705 -0.423564
v -1.817286 -0.428743 -0.424386
v -1.770968 -0.429944 -0.400210
v -1.769804 -0.427414 -0.395509
v -1.765016 -0.429944 -0.396232
v -1.770307 -0.428705 -0.399254
v -1.769014 -0.429944 -0.399049
v -1.768792 -0.428743 -0.398465
v -1.767887 -0.427788 -0.396215
v -1.769885 -0.427788 -0.397550
v -1.768438 -0.428069 -0.397553
v -1.766836 -0.429944 -0.397593
v -1.766152 -0.428705 -0.396477
v -1.767460 -0.428743 -0.397576
v -1.726749 -0.429944 -0.364828
v -1.726525 -0.427414 -0.359991
v -1.721687 -0.429944 -0.359766
v -1.726287 -0.428705 -0.363762
v -1.725060 -0.429944 -0.363308
v -1.724955 -0.428743 -0.362692
v -1.724507 -0.427788 -0.360309
v -1.726206 -0.427788 -0.362008
v -1.724786 -0.428069 -0.361729
v -1.723207 -0.429944 -0.361456
v -1.722754 -0.428705 -0.360228
v -1.723823 -0.428743 -0.361560
v -1.690283 -0.429944 -0.321500
v -1.691006 -0.427414 -0.316711
v -1.686306 -0.429944 -0.315547
v -1.690038 -0.428705 -0.320363
v -1.688922 -0.429944 -0.319680
v -1.688940 -0.428743 -0.319055
v -1.688965 -0.427788 -0.316630
v -1.690300 -0.427788 -0.318628
v -1.688962 -0.428069 -0.318077
v -1.687467 -0.429944 -0.317501
v -1.687262 -0.428705 -0.316208
v -1.688050 -0.428743 -0.317724
v -1.662970 -0.429944 -0.271890
v -1.664614 -0.427414 -0.267334
v -1.660231 -0.429944 -0.265276
v -1.662951 -0.428705 -0.270727
v -1.661991 -0.429944 -0.269839
v -1.662130 -0.428743 -0.269230
v -1.662628 -0.427788 -0.266857
v -1.663547 -0.427788 -0.269077
v -1.662342 -0.428069 -0.268275
v -1.660988 -0.429944 -0.267418
v -1.661039 -0.428705 -0.266111
v -1.661517 -0.428743 -0.267751
v -1.648361 -0.427414 -0.213757
v -1.644464 -0.429944 -0.210883
v -1.645861 -0.429944 -0.217904
v -1.646507 -0.427788 -0.212901
v -1.646975 -0.427788 -0.215258
v -1.645950 -0.428069 -0.214237
v -1.644789 -0.429944 -0.213132
v -1.645094 -0.428705 -0.211859
v -1.645243 -0.428743 -0.213561
v -1.646069 -0.428705 -0.216761
v -1.645300 -0.429944 -0.215702
v -1.645555 -0.428743 -0.215132
v -1.642874 -0.427414 -0.158039
v -1.639612 -0.429944 -0.154459
v -1.639612 -0.429944 -0.161618
v -1.641221 -0.427788 -0.156837
v -1.641221 -0.427788 -0.159240
v -1.640415 -0.428069 -0.158039
v -1.639492 -0.429944 -0.156729
v -1.640039 -0.428705 -0.155540
v -1.639853 -0.428743 -0.157238
v -1.640039 -0.428705 -0.160537
v -1.639492 -0.429944 -0.159349
v -1.639853 -0.428743 -0.158839
v -1.648361 -0.427414 -0.102320
v -1.645861 -0.429944 -0.098173
v -1.644464 -0.429944 -0.105195
v -1.646975 -0.427788 -0.100820
v -1.646507 -0.427788 -0.103176
v -1.645950 -0.428069 -0.101841
v -1.645300 -0.429944 -0.100376
v -1.646069 -0.428705 -0.099317
v -1.645555 -0.428743 -0.100946
v -1.645094 -0.428705 -0.104218
v -1.644789 -0.429944 -0.102945
v -1.645243 -0.428743 -0.102516
v -1.664614 -0.427414 -0.048743
v -1.662970 -0.429944 -0.044188
v -1.660231 -0.429944 -0.050802
v -1.663547 -0.427788 -0.047001
v -1.662628 -0.427788 -0.049221
v -1.662342 -0.428069 -0.047802
v -1.661991 -0.429944 -0.046239
v -1.662951 -0.428705 -0.045350
v -1.662130 -0.428743 -0.046848
v -1.661039 -0.428705 -0.049967
v -1.660988 -0.429944 -0.048659
v -1.661517 -0.428743 -0.048327
v -1.686306 -0.429944 -0.000530
v -1.691006 -0.427414 0.000634
v -1.690283 -0.429944 0.005422
v -1.687262 -0.428705 0.000131
v -1.687467 -0.429944 0.001423
v -1.688050 -0.428743 0.001646
v -1.690300 -0.427788 0.002551
v -1.688965 -0.427788 0.000553
v -1.688962 -0.428069 0.002000
v -1.688922 -0.429944 0.003602
v -1.690038 -0.428705 0.004286
v -1.688940 -0.428743 0.002977
v -1.721687 -0.429944 0.043688
v -1.726525 -0.427414 0.043913
v -1.726749 -0.429944 0.048750
v -1.722754 -0.428705 0.044150
v -1.723207 -0.429944 0.045378
v -1.723823 -0.428743 0.045483
v -1.726206 -0.427788 0.045931
v -1.724507 -0.427788 0.044232
v -1.724786 -0.428069 0.045652
v -1.725060 -0.429944 0.047231
v -1.726287 -0.428705 0.047684
v -1.724955 -0.428743 0.046615
v -1.765016 -0.429944 0.080155
v -1.769804 -0.427414 0.079431
v -1.770968 -0.429944 0.084132
v -1.766152 -0.428705 0.080400
v -1.766836 -0.429944 0.081516
v -1.767460 -0.428743 0.081498
v -1.769885 -0.427788 0.081473
v -1.767887 -0.427788 0.080138
v -1.768438 -0.428069 0.081476
v -1.769014 -0.429944 0.082971
v -1.770307 -0.428705 0.083176
v -1.768792 -0.428743 0.082387
v -1.814626 -0.429944 0.107468
v -1.819181 -0.427414 0.105824
v -1.821240 -0.429944 0.110207
v -1.815788 -0.428705 0.107486
v -1.816676 -0.429944 0.108447
v -1.817286 -0.428743 0.108308
v -1.819659 -0.427788 0.107810
v -1.817439 -0.427788 0.106891
v -1.818240 -0.428069 0.108095
v -1.819097 -0.429944 0.109450
v -1.820405 -0.428705 0.109399
v -1.818765 -0.428743 0.108921
v -1.868611 -0.429944 0.124577
v -1.872758 -0.427414 0.122076
v -1.875633 -0.429944 0.125974
v -1.869755 -0.428705 0.124369
v -1.870814 -0.429944 0.125138
v -1.871384 -0.428743 0.124883
v -1.873614 -0.427788 0.123931
v -1.871258 -0.427788 0.123462
v -1.872279 -0.428069 0.124488
v -1.873383 -0.429944 0.125649
v -1.874656 -0.428705 0.125344
v -1.872954 -0.428743 0.125195
v -1.928477 -0.427414 0.127564
v -1.932056 -0.429944 0.130826
v -1.924897 -0.429944 0.130826
v -1.929678 -0.427788 0.129216
v -1.927275 -0.427788 0.129216
v -1.928477 -0.428069 0.130023
v -1.929787 -0.429944 0.130946
v -1.930975 -0.428705 0.130398
v -1.929277 -0.428743 0.130584
v -1.925978 -0.428705 0.130398
v -1.927167 -0.429944 0.130946
v -1.927676 -0.428743 0.130584
v -1.984195 -0.427414 0.122076
v -1.988342 -0.429944 0.124577
v -1.981321 -0.429944 0.125974
v -1.985696 -0.427788 0.123462
v -1.983339 -0.427788 0.123931
v -1.984675 -0.428069 0.124488
v -1.986140 -0.429944 0.125138
v -1.987198 -0.428705 0.124369
v -1.985569 -0.428743 0.124883
v -1.982297 -0.428705 0.125344
v -1.983570 -0.429944 0.125649
v -1.983999 -0.428743 0.125195
v -2.037772 -0.427414 0.105824
v -2.042327 -0.429944 0.107468
v -2.035713 -0.429944 0.110207
v -2.039514 -0.427788 0.106891
v -2.037294 -0.427788 0.107810
v -2.038713 -0.428069 0.108095
v -2.040277 -0.429944 0.108447
v -2.041165 -0.428705 0.107486
v -2.039668 -0.428743 0.108308
v -2.036548 -0.428705 0.109399
v -2.037856 -0.429944 0.109450
v -2.038188 -0.428743 0.108921
v -2.087149 -0.427414 0.079431
v -2.091937 -0.429944 0.080155
v -2.085985 -0.429944 0.084132
v -2.089066 -0.427788 0.080138
v -2.087068 -0.427788 0.081473
v -2.088515 -0.428069 0.081476
v -2.090117 -0.429944 0.081516
v -2.090801 -0.428705 0.080400
v -2.089493 -0.428743 0.081498
v -2.086646 -0.428705 0.083176
v -2.087939 -0.429944 0.082971
v -2.088161 -0.428743 0.082387
v -2.130204 -0.429944 0.048750
v -2.130429 -0.427414 0.043913
v -2.135266 -0.429944 0.043688
v -2.130666 -0.428705 0.047684
v -2.131894 -0.429944 0.047231
v -2.131998 -0.428743 0.046615
v -2.132446 -0.427788 0.044232
v -2.130747 -0.427788 0.045931
v -2.132167 -0.428069 0.045651
v -2.133746 -0.429944 0.045378
v -2.134199 -0.428705 0.044150
v -2.133130 -0.428743 0.045483
v -2.166670 -0.429944 0.005422
v -2.165947 -0.427414 0.000634
v -2.170647 -0.429944 -0.000530
v -2.166915 -0.428705 0.004286
v -2.168031 -0.429944 0.003602
v -2.168013 -0.428743 0.002977
v -2.167988 -0.427788 0.000553
v -2.166653 -0.427788 0.002551
v -2.167991 -0.428069 0.002000
v -2.169487 -0.429944 0.001423
v -2.169692 -0.428705 0.000131
v -2.168903 -0.428743 0.001646
v -2.193983 -0.429944 -0.044188
v -2.192339 -0.427414 -0.048743
v -2.196723 -0.429944 -0.050802
v -2.194002 -0.428705 -0.045350
v -2.194963 -0.429944 -0.046239
v -2.194823 -0.428743 -0.046848
v -2.194325 -0.427788 -0.049221
v -2.193406 -0.427788 -0.047001
v -2.194611 -0.428069 -0.047802
v -2.195965 -0.429944 -0.048659
v -2.195914 -0.428705 -0.049967
v -2.195436 -0.428743 -0.048327
v -2.211092 -0.429944 -0.098173
v -2.208592 -0.427414 -0.102320
v -2.212489 -0.429944 -0.105195
v -2.210884 -0.428705 -0.099317
v -2.211653 -0.429944 -0.100376
v -2.211398 -0.428743 -0.100946
v -2.210447 -0.427788 -0.103176
v -2.209978 -0.427788 -0.100820
v -2.211003 -0.428069 -0.101841
v -2.212164 -0.429944 -0.102945
v -2.211859 -0.428705 -0.104218
v -2.211710 -0.428743 -0.102516
v -2.217341 -0.429944 -0.154459
v -2.214080 -0.427414 -0.158039
v -2.217341 -0.429944 -0.161618
v -2.216914 -0.428705 -0.155540
v -2.217462 -0.429944 -0.156729
v -2.217100 -0.428743 -0.157238
v -2.215732 -0.427788 -0.159240
v -2.215732 -0.427788 -0.156837
v -2.216538 -0.428069 -0.158039
v -2.217462 -0.429944 -0.159349
v -2.216914 -0.428705 -0.160537
v -2.217100 -0.428743 -0.158839
v -2.208592 -0.427414 -0.213757
v -2.211092 -0.429944 -0.217904
v -2.212489 -0.429944 -0.210883
v -2.209978 -0.427788 -0.215258
v -2.210447 -0.427788 -0.212901
v -2.211003 -0.428069 -0.214237
v -2.211653 -0.429944 -0.215702
v -2.210884 -0.428705 -0.216761
v -2.211398 -0.428743 -0.215132
v -2.211859 -0.428705 -0.211859
v -2.212164 -0.429944 -0.213132
v -2.211710 -0.428743 -0.213561
v -2.192339 -0.427414 -0.267334
v -2.193983 -0.429944 -0.271890
v -2.196723 -0.429944 -0.265276
v -2.193406 -0.427788 -0.269077
v -2.194325 -0.427788 -0.266857
v -2.194611 -0.428069 -0.268275
v -2.194963 -0.429944 -0.269839
v -2.194002 -0.428705 -0.270727
v -2.194823 -0.428743 -0.269230
v -2.195914 -0.428705 -0.266111
v -2.195965 -0.429944 -0.267418
v -2.195436 -0.428743 -0.267751
v -2.165947 -0.427414 -0.316711
v -2.166670 -0.429944 -0.321500
v -2.170647 -0.429944 -0.315547
v -2.166653 -0.427788 -0.318628
v -2.167988 -0.427788 -0.316630
v -2.167991 -0.428069 -0.318077
v -2.168031 -0.429944 -0.319680
v -2.166915 -0.428705 -0.320363
v -2.168013 -0.428743 -0.319055
v -2.169692 -0.428705 -0.316208
v -2.169487 -0.429944 -0.317501
v -2.168903 -0.428743 -0.317724
v -2.135266 -0.429944 -0.359766
v -2.130429 -0.427414 -0.359991
v -2.130204 -0.429944 -0.364828
v -2.134199 -0.428705 -0.360228
v -2.133746 -0.429944 -0.361456
v -2.133130 -0.428743 -0.361560
v -2.130747 -0.427788 -0.362008
v -2.132446 -0.427788 -0.360309
v -2.132167 -0.428069 -0.361729
v -2.131894 -0.429944 -0.363308
v -2.130666 -0.428705 -0.363762
v -2.131998 -0.428743 -0.362692
v -2.091937 -0.429944 -0.396232
v -2.087149 -0.427414 -0.395509
v -2.085985 -0.429944 -0.400210
v -2.090801 -0.428705 -0.396477
v -2.090117 -0.429944 -0.397593
v -2.089493 -0.428743 -0.397575
v -2.087068 -0.427788 -0.397550
v -2.089066 -0.427788 -0.396215
v -2.088515 -0.428069 -0.397553
v -2.087939 -0.429944 -0.399049
v -2.086646 -0.428705 -0.399254
v -2.088161 -0.428743 -0.398465
v -2.042327 -0.429944 -0.423545
v -2.037772 -0.427414 -0.421902
v -2.035713 -0.429944 -0.426285
v -2.041165 -0.428705 -0.423564
v -2.040277 -0.429944 -0.424525
v -2.039668 -0.428743 -0.424386
v -2.037294 -0.427788 -0.423888
v -2.039514 -0.427788 -0.422968
v -2.038713 -0.428069 -0.424173
v -2.037856 -0.429944 -0.425528
v -2.036548 -0.428705 -0.425476
v -2.038188 -0.428743 -0.424998
v -1.988342 -0.429944 -0.440655
v -1.984195 -0.427414 -0.438154
v -1.981321 -0.429944 -0.442051
v -1.987198 -0.428705 -0.440446
v -1.986140 -0.429944 -0.441216
v -1.985569 -0.428743 -0.440960
v -1.983339 -0.427788 -0.440009
v -1.985696 -0.427788 -0.439540
v -1.984675 -0.428069 -0.440565
v -1.983570 -0.429944 -0.441727
v -1.982297 -0.428705 -0.441421
v -1.983999 -0.428743 -0.441272
v -1.928477 -0.436364 -0.443642
v -1.932056 -0.433834 -0.446903
v -1.924897 -0.433834 -0.446903
v -1.929678 -0.435990 -0.445294
v -1.927275 -0.435990 -0.445294
v -1.928477 -0.435709 -0.446100
v -1.929787 -0.433834 -0.447024
v -1.930975 -0.435073 -0.446476
v -1.929277 -0.435035 -0.446662
v -1.925978 -0.435073 -0.446476
v -1.927167 -0.433834 -0.447024
v -1.927676 -0.435035 -0.446662
v -1.875633 -0.433834 -0.442051
v -1.868611 -0.433834 -0.440655
v -1.872758 -0.436364 -0.438154
v -1.873383 -0.433834 -0.441727
v -1.874656 -0.435073 -0.441421
v -1.872954 -0.435035 -0.441272
v -1.869755 -0.435073 -0.440446
v -1.870814 -0.433834 -0.441216
v -1.871384 -0.435035 -0.440960
v -1.873614 -0.435990 -0.440009
v -1.871258 -0.435990 -0.439540
v -1.872279 -0.435709 -0.440565
v -1.821240 -0.433834 -0.426285
v -1.814626 -0.433834 -0.423545
v -1.819181 -0.436364 -0.421902
v -1.819097 -0.433834 -0.425528
v -1.820405 -0.435073 -0.425476
v -1.818765 -0.435035 -0.424998
v -1.815788 -0.435073 -0.423564
v -1.816676 -0.433834 -0.424525
v -1.817286 -0.435035 -0.424386
v -1.819659 -0.435990 -0.423888
v -1.817439 -0.435990 -0.422968
v -1.818240 -0.435709 -0.424173
v -1.770968 -0.433834 -0.400210
v -1.765016 -0.433834 -0.396232
v -1.769804 -0.436364 -0.395509
v -1.769014 -0.433834 -0.399049
v -1.770307 -0.435073 -0.399254
v -1.768792 -0.435035 -0.398465
v -1.766152 -0.435073 -0.396477
v -1.766836 -0.433834 -0.397593
v -1.767460 -0.435035 -0.397575
v -1.769885 -0.435990 -0.397550
v -1.767887 -0.435990 -0.396215
v -1.768438 -0.435709 -0.397553
v -1.726749 -0.433834 -0.364828
v -1.721687 -0.433834 -0.359766
v -1.726525 -0.436364 -0.359991
v -1.725060 -0.433834 -0.363308
v -1.726287 -0.435073 -0.363762
v -1.724955 -0.435035 -0.362692
v -1.722754 -0.435073 -0.360228
v -1.723207 -0.433834 -0.361456
v -1.723823 -0.435035 -0.361560
v -1.726206 -0.435990 -0.362008
v -1.724507 -0.435990 -0.360309
v -1.724786 -0.435709 -0.361729
v -1.690283 -0.433834 -0.321500
v -1.686306 -0.433834 -0.315547
v -1.691006 -0.436364 -0.316711
v -1.688922 -0.433834 -0.319680
v -1.690038 -0.435073 -0.320363
v -1.688940 -0.435035 -0.319055
v -1.687262 -0.435073 -0.316208
v -1.687467 -0.433834 -0.317501
v -1.688050 -0.435035 -0.317724
v -1.690300 -0.435990 -0.318628
v -1.688965 -0.435990 -0.316630
v -1.688962 -0.435709 -0.318077
v -1.662970 -0.433834 -0.271890
v -1.660231 -0.433834 -0.265276
v -1.664614 -0.436364 -0.267334
v -1.661991 -0.433834 -0.269839
v -1.662952 -0.435073 -0.270727
v -1.662130 -0.435035 -0.269230
v -1.661039 -0.435073 -0.266111
v -1.660988 -0.433834 -0.267418
v -1.661517 -0.435035 -0.267751
v -1.663547 -0.435990 -0.269077
v -1.662628 -0.435990 -0.266857
v -1.662342 -0.435709 -0.268275
v -1.645861 -0.433834 -0.217904
v -1.644464 -0.433834 -0.210883
v -1.648361 -0.436364 -0.213757
v -1.645300 -0.433834 -0.215702
v -1.646069 -0.435073 -0.216761
v -1.645555 -0.435035 -0.215132
v -1.645094 -0.435073 -0.211859
v -1.644789 -0.433834 -0.213132
v -1.645243 -0.435035 -0.213561
v -1.646975 -0.435990 -0.215258
v -1.646507 -0.435990 -0.212901
v -1.645950 -0.435709 -0.214237
v -1.639612 -0.433834 -0.161618
v -1.639612 -0.433834 -0.154459
v -1.642874 -0.436364 -0.158039
v -1.639492 -0.433834 -0.159349
v -1.640039 -0.435073 -0.160537
v -1.639853 -0.435035 -0.158839
v -1.640039 -0.435073 -0.155540
v -1.639492 -0.433834 -0.156729
v -1.639853 -0.435035 -0.157238
v -1.641221 -0.435990 -0.159240
v -1.641221 -0.435990 -0.156837
v -1.640415 -0.435709 -0.158039
v -1.644464 -0.433834 -0.105195
v -1.645861 -0.433834 -0.098173
v -1.648361 -0.436364 -0.102320
v -1.644789 -0.433834 -0.102945
v -1.645094 -0.435073 -0.104218
v -1.645243 -0.435035 -0.102516
v -1.646069 -0.435073 -0.099317
v -1.645300 -0.433834 -0.100376
v -1.645555 -0.435035 -0.100946
v -1.646507 -0.435990 -0.103176
v -1.646975 -0.435990 -0.100820
v -1.645950 -0.435709 -0.101841
v -1.660231 -0.433834 -0.050802
v -1.662970 -0.433834 -0.044188
v -1.664614 -0.436364 -0.048743
v -1.660988 -0.433834 -0.048659
v -1.661039 -0.435073 -0.049967
v -1.661517 -0.435035 -0.048327
v -1.662951 -0.435073 -0.045350
v -1.661991 -0.433834 -0.046239
v -1.662130 -0.435035 -0.046848
v -1.662628 -0.435990 -0.049221
v -1.663547 -0.435990 -0.047001
v -1.662342 -0.435709 -0.047802
v -1.686306 -0.433834 -0.000530
v -1.690283 -0.433834 0.005422
v -1.691006 -0.436364 0.000634
v -1.687467 -0.433834 0.001423
v -1.687262 -0.435073 0.000131
v -1.688050 -0.435035 0.001646
v -1.690038 -0.435073 0.004286
v -1.688922 -0.433834 0.003602
v -1.688940 -0.435035 0.002977
v -1.688965 -0.435990 0.000553
v -1.690300 -0.435990 0.002551
v -1.688962 -0.435709 0.002000
v -1.721687 -0.433834 0.043688
v -1.726749 -0.433834 0.048750
v -1.726525 -0.436364 0.043913
v -1.723207 -0.433834 0.045378
v -1.722754 -0.435073 0.044150
v -1.723823 -0.435035 0.045483
v -1.726287 -0.435073 0.047684
v -1.725060 -0.433834 0.047231
v -1.724955 -0.435035 0.046615
v -1.724507 -0.435990 0.044232
v -1.726206 -0.435990 0.045931
v -1.724786 -0.435709 0.045652
v -1.765016 -0.433834 0.080155
v -1.770968 -0.433834 0.084132
v -1.769804 -0.436364 0.079431
v -1.766836 -0.433834 0.081516
v -1.766152 -0.435073 0.080400
v -1.767460 -0.435035 0.081498
v -1.770307 -0.435073 0.083176
v -1.769014 -0.433834 0.082971
v -1.768792 -0.435035 0.082387
v -1.767887 -0.435990 0.080138
v -1.769885 -0.435990 0.081473
v -1.768438 -0.435709 0.081476
v -1.814626 -0.433834 0.107468
v -1.821240 -0.433834 0.110207
v -1.819181 -0.436364 0.105824
v -1.816676 -0.433834 0.108447
v -1.815788 -0.435073 0.107486
v -1.817286 -0.435035 0.108308
v -1.820405 -0.435073 0.109399
v -1.819097 -0.433834 0.109450
v -1.818765 -0.435035 0.108921
v -1.817439 -0.435990 0.106891
v -1.819659 -0.435990 0.107810
v -1.818240 -0.435709 0.108095
v -1.868611 -0.433834 0.124577
v -1.875633 -0.433834 0.125974
v -1.872758 -0.436364 0.122076
v -1.870814 -0.433834 0.125138
v -1.869755 -0.435073 0.124369
v -1.871384 -0.435035 0.124883
v -1.874656 -0.435073 0.125344
v -1.873383 -0.433834 0.125649
v -1.872954 -0.435035 0.125195
v -1.871258 -0.435990 0.123462
v -1.873614 -0.435990 0.123931
v -1.872279 -0.435709 0.124488
v -1.924897 -0.433834 0.130826
v -1.932056 -0.433834 0.130826
v -1.928477 -0.436364 0.127564
v -1.927167 -0.433834 0.130946
v -1.925978 -0.435073 0.130398
v -1.927676 -0.435035 0.130584
v -1.930975 -0.435073 0.130398
v -1.929787 -0.433834 0.130946
v -1.929277 -0.435035 0.130584
v -1.927275 -0.435990 0.129216
v -1.929678 -0.435990 0.129216
v -1.928477 -0.435709 0.130023
v -1.981321 -0.433834 0.125974
v -1.988342 -0.433834 0.124577
v -1.984195 -0.436364 0.122076
v -1.983570 -0.433834 0.125649
v -1.982297 -0.435073 0.125344
v -1.983999 -0.435035 0.125195
v -1.987198 -0.435073 0.124369
v -1.986140 -0.433834 0.125138
v -1.985569 -0.435035 0.124883
v -1.983339 -0.435990 0.123931
v -1.985696 -0.435990 0.123462
v -1.984675 -0.435709 0.124488
v -2.035713 -0.433834 0.110207
v -2.042327 -0.433834 0.107468
v -2.037772 -0.436364 0.105824
v -2.037856 -0.433834 0.109450
v -2.036548 -0.435073 0.109399
v -2.038188 -0.435035 0.108921
v -2.041165 -0.435073 0.107486
v -2.040277 -0.433834 0.108447
v -2.039668 -0.435035 0.108308
v -2.037294 -0.435990 0.107810
v -2.039514 -0.435990 0.106891
v -2.038713 -0.435709 0.108095
v -2.085985 -0.433834 0.084132
v -2.091937 -0.433834 0.080155
v -2.087149 -0.436364 0.079431
v -2.087939 -0.433834 0.082971
v -2.086646 -0.435073 0.083176
v -2.088161 -0.435035 0.082387
v -2.090801 -0.435073 0.080400
v -2.090117 -0.433834 0.081516
v -2.089493 -0.435035 0.081498
v -2.087068 -0.435990 0.081473
v -2.089066 -0.435990 0.080138
v -2.088515 -0.435709 0.081476
v -2.130204 -0.433834 0.048750
v -2.135266 -0.433834 0.043688
v -2.130429 -0.436364 0.043913
v -2.131894 -0.433834 0.047231
v -2.130666 -0.435073 0.047684
v -2.131998 -0.435035 0.046615
v -2.134199 -0.435073 0.044150
v -2.133746 -0.433834 0.045378
v -2.133130 -0.435035 0.045483
v -2.130747 -0.435990 0.045931
v -2.132446 -0.435990 0.044232
v -2.132167 -0.435709 0.045652
v -2.166670 -0.433834 0.005422
v -2.170647 -0.433834 -0.000530
v -2.165947 -0.436364 0.000634
v -2.168031 -0.433834 0.003602
v -2.166915 -0.435073 0.004286
v -2.168013 -0.435035 0.002977
v -2.169692 -0.435073 0.000131
v -2.169487 -0.433834 0.001423
v -2.168903 -0.435035 0.001646
v -2.166653 -0.435990 0.002551
v -2.167988 -0.435990 0.000553
v -2.167991 -0.435709 0.002000
v -2.193983 -0.433834 -0.044188
v -2.196723 -0.433834 -0.050802
v -2.192339 -0.436364 -0.048743
v -2.194963 -0.433834 -0.046239
v -2.194002 -0.435073 -0.045350
v -2.194823 -0.435035 -0.046848
v -2.195914 -0.435073 -0.049967
v -2.195965 -0.433834 -0.048659
v -2.195436 -0.435035 -0.048327
v -2.193406 -0.435990 -0.047001
v -2.194325 -0.435990 -0.049221
v -2.194611 -0.435709 -0.047802
v -2.211092 -0.433834 -0.098173
v -2.212489 -0.433834 -0.105195
v -2.208592 -0.436364 -0.102320
v -2.211653 -0.433834 -0.100376
v -2.210884 -0.435073 -0.099317
v -2.211398 -0.435035 -0.100946
v -2.211859 -0.435073 -0.104218
v -2.212164 -0.433834 -0.102945
v -2.211710 -0.435035 -0.102516
v -2.209978 -0.435990 -0.100820
v -2.210447 -0.435990 -0.103176
v -2.211003 -0.435709 -0.101841
v -2.217341 -0.433834 -0.154459
v -2.217341 -0.433834 -0.161618
v -2.214080 -0.436364 -0.158039
v -2.217462 -0.433834 -0.156729
v -2.216914 -0.435073 -0.155540
v -2.217100 -0.435035 -0.157238
v -2.216914 -0.435073 -0.160537
v -2.217462 -0.433834 -0.159349
v -2.217100 -0.435035 -0.158839
v -2.215732 -0.435990 -0.156837
v -2.215732 -0.435990 -0.159240
v -2.216538 -0.435709 -0.158039
v -2.212489 -0.433834 -0.210883
v -2.211092 -0.433834 -0.217904
v -2.208592 -0.436364 -0.213757
v -2.212164 -0.433834 -0.213132
v -2.211859 -0.435073 -0.211859
v -2.211710 -0.435035 -0.213561
v -2.210884 -0.435073 -0.216761
v -2.211653 -0.433834 -0.215702
v -2.211398 -0.435035 -0.215132
v -2.210447 -0.435990 -0.212901
v -2.209978 -0.435990 -0.215258
v -2.211003 -0.435709 -0.214237
v -2.196723 -0.433834 -0.265276
v -2.193983 -0.433834 -0.271890
v -2.192339 -0.436364 -0.267334
v -2.195965 -0.433834 -0.267418
v -2.195914 -0.435073 -0.266111
v -2.195436 -0.435035 -0.267751
v -2.194002 -0.435073 -0.270727
v -2.194963 -0.433834 -0.269839
v -2.194823 -0.435035 -0.269230
v -2.194325 -0.435990 -0.266857
v -2.193406 -0.435990 -0.269077
v -2.194611 -0.435709 -0.268275
v -2.170647 -0.433834 -0.315547
v -2.166670 -0.433834 -0.321500
v -2.165947 -0.436364 -0.316711
v -2.169487 -0.433834 -0.317501
v -2.169692 -0.435073 -0.316208
v -2.168903 -0.435035 -0.317724
v -2.166915 -0.435073 -0.320363
v -2.168031 -0.433834 -0.319680
v -2.168013 -0.435035 -0.319055
v -2.167988 -0.435990 -0.316630
v -2.166653 -0.435990 -0.318628
v -2.167991 -0.435709 -0.318077
v -2.135266 -0.433834 -0.359766
v -2.130204 -0.433834 -0.364828
v -2.130429 -0.436364 -0.359991
v -2.133746 -0.433834 -0.361456
v -2.134199 -0.435073 -0.360228
v -2.133130 -0.435035 -0.361560
v -2.130666 -0.435073 -0.363762
v -2.131894 -0.433834 -0.363308
v -2.131998 -0.435035 -0.362692
v -2.132446 -0.435990 -0.360309
v -2.130747 -0.435990 -0.362008
v -2.132167 -0.435709 -0.361729
v -2.091937 -0.433834 -0.396232
v -2.085985 -0.433834 -0.400210
v -2.087149 -0.436364 -0.395509
v -2.090117 -0.433834 -0.397593
v -2.090801 -0.435073 -0.396477
v -2.089493 -0.435035 -0.397576
v -2.086646 -0.435073 -0.399254
v -2.087939 -0.433834 -0.399049
v -2.088161 -0.435035 -0.398465
v -2.089066 -0.435990 -0.396215
v -2.087068 -0.435990 -0.397550
v -2.088515 -0.435709 -0.397553
v -2.042327 -0.433834 -0.423545
v -2.035713 -0.433834 -0.426285
v -2.037772 -0.436364 -0.421902
v -2.040277 -0.433834 -0.424525
v -2.041165 -0.435073 -0.423564
v -2.039668 -0.435035 -0.424386
v -2.036548 -0.435073 -0.425476
v -2.037856 -0.433834 -0.425528
v -2.038188 -0.435035 -0.424998
v -2.039514 -0.435990 -0.422968
v -2.037294 -0.435990 -0.423888
v -2.038713 -0.435709 -0.424173
v -1.988342 -0.433834 -0.440655
v -1.981321 -0.433834 -0.442051
v -1.984195 -0.436364 -0.438154
v -1.986140 -0.433834 -0.441216
v -1.987198 -0.435073 -0.440446
v -1.985569 -0.435035 -0.440960
v -1.982297 -0.435073 -0.441421
v -1.983570 -0.433834 -0.441727
v -1.983999 -0.435035 -0.441272
v -1.985696 -0.435990 -0.439540
v -1.983339 -0.435990 -0.440009
v -1.984675 -0.435709 -0.440565
v -1.900713 -0.094549 -0.308656
v -1.930382 -0.094549 -0.311578
v -1.872183 -0.094549 -0.300002
v -1.845891 -0.094549 -0.285948
v -1.822845 -0.094549 -0.267035
v -1.803932 -0.094549 -0.243989
v -1.789878 -0.094549 -0.217697
v -1.781224 -0.094549 -0.189167
v -1.778302 -0.094549 -0.159498
v -1.781224 -0.094549 -0.129829
v -1.789878 -0.094549 -0.101300
v -1.803932 -0.094549 -0.075007
v -1.822845 -0.094549 -0.051961
v -1.845891 -0.094549 -0.033048
v -1.872183 -0.094549 -0.018994
v -1.900713 -0.094549 -0.010340
v -1.930382 -0.094549 -0.007418
v -1.960051 -0.094549 -0.010340
v -1.988580 -0.094549 -0.018994
v -2.014873 -0.094548 -0.033048
v -2.037919 -0.094548 -0.051961
v -2.056832 -0.094548 -0.075007
v -2.070886 -0.094548 -0.101300
v -2.079540 -0.094548 -0.129829
v -2.082462 -0.094548 -0.159498
v -2.079540 -0.094548 -0.189167
v -2.070886 -0.094548 -0.217697
v -2.056832 -0.094548 -0.243989
v -2.037919 -0.094548 -0.267035
v -2.014873 -0.094548 -0.285948
v -1.988580 -0.094549 -0.300002
v -1.960051 -0.094549 -0.308656
v -1.924622 -0.061101 -0.188452
v -1.930381 -0.061101 -0.189019
v -1.919084 -0.061101 -0.186772
v -1.913980 -0.061101 -0.184044
v -1.909507 -0.061101 -0.180373
v -1.905835 -0.061101 -0.175899
v -1.903107 -0.061101 -0.170795
v -1.901427 -0.061101 -0.165257
v -1.900860 -0.061101 -0.159498
v -1.901427 -0.061101 -0.153739
v -1.903107 -0.061101 -0.148201
v -1.905835 -0.061101 -0.143097
v -1.909507 -0.061101 -0.138624
v -1.913980 -0.061101 -0.134952
v -1.919084 -0.061101 -0.132224
v -1.924622 -0.061101 -0.130544
v -1.930381 -0.061101 -0.129977
v -1.936140 -0.061101 -0.130544
v -1.941678 -0.061101 -0.132224
v -1.946782 -0.061101 -0.134952
v -1.951255 -0.061101 -0.138624
v -1.954927 -0.061101 -0.143097
v -1.957655 -0.061101 -0.148201
v -1.959335 -0.061101 -0.153739
v -1.959902 -0.061101 -0.159498
v -1.959335 -0.061101 -0.165257
v -1.957655 -0.061101 -0.170795
v -1.954927 -0.061101 -0.175899
v -1.951255 -0.061101 -0.180373
v -1.946782 -0.061101 -0.184044
v -1.941678 -0.061101 -0.186772
v -1.936140 -0.061101 -0.188452
v -1.957165 -0.087175 -0.024852
v -1.949370 -0.077665 -0.064039
v -1.941575 -0.067000 -0.103225
v -1.952338 -0.067000 -0.106490
v -1.967628 -0.077665 -0.069577
v -1.982918 -0.087175 -0.032665
v -1.833308 -0.087175 -0.256572
v -1.861560 -0.077666 -0.228320
v -1.889811 -0.067000 -0.200068
v -1.882676 -0.067000 -0.191374
v -1.849455 -0.077665 -0.213571
v -1.816235 -0.087175 -0.235769
v -1.957165 -0.087175 -0.294144
v -1.949370 -0.077665 -0.254957
v -1.941575 -0.067000 -0.215771
v -1.930382 -0.067000 -0.216873
v -1.930382 -0.077665 -0.256828
v -1.930382 -0.087175 -0.296782
v -1.962258 -0.067000 -0.111792
v -1.984455 -0.077665 -0.078572
v -2.006653 -0.087175 -0.045351
v -1.877374 -0.067000 -0.181455
v -1.840461 -0.077666 -0.196745
v -1.803548 -0.087175 -0.212034
v -1.970952 -0.067000 -0.118928
v -1.999204 -0.077665 -0.090676
v -2.027456 -0.087175 -0.062424
v -1.874109 -0.067000 -0.170691
v -1.834923 -0.077666 -0.178486
v -1.795736 -0.087175 -0.186281
v -1.978087 -0.067000 -0.127622
v -2.011308 -0.077665 -0.105425
v -2.044529 -0.087175 -0.083227
v -1.873007 -0.067000 -0.159498
v -1.833052 -0.077666 -0.159498
v -1.793098 -0.087175 -0.159498
v -1.983389 -0.067000 -0.137542
v -2.020303 -0.077665 -0.122252
v -2.057215 -0.087175 -0.106962
v -1.874109 -0.067000 -0.148305
v -1.834923 -0.077666 -0.140510
v -1.795736 -0.087175 -0.132715
v -1.986654 -0.067000 -0.148305
v -2.025841 -0.077665 -0.140510
v -2.065028 -0.087175 -0.132715
v -1.877374 -0.067000 -0.137542
v -1.840461 -0.077666 -0.122252
v -1.803548 -0.087175 -0.106962
v -1.987757 -0.067000 -0.159498
v -2.027711 -0.077665 -0.159498
v -2.067666 -0.087175 -0.159498
v -1.882676 -0.067000 -0.127622
v -1.849455 -0.077665 -0.105425
v -1.816235 -0.087175 -0.083227
v -1.986654 -0.067000 -0.170691
v -2.025841 -0.077665 -0.178486
v -2.065028 -0.087175 -0.186281
v -1.889811 -0.067000 -0.118928
v -1.861560 -0.077665 -0.090676
v -1.833308 -0.087175 -0.062424
v -1.983389 -0.067000 -0.181455
v -2.020303 -0.077665 -0.196745
v -2.057215 -0.087175 -0.212034
v -1.898506 -0.067000 -0.111792
v -1.876308 -0.077665 -0.078572
v -1.854111 -0.087175 -0.045351
v -1.978087 -0.067000 -0.191374
v -2.011308 -0.077665 -0.213571
v -2.044529 -0.087175 -0.235769
v -1.908425 -0.067000 -0.106490
v -1.893135 -0.077665 -0.069577
v -1.877846 -0.087175 -0.032665
v -1.919188 -0.067000 -0.215771
v -1.911394 -0.077665 -0.254957
v -1.903599 -0.087175 -0.294144
v -1.970952 -0.067000 -0.200068
v -1.999204 -0.077665 -0.228320
v -2.027456 -0.087175 -0.256572
v -1.919188 -0.067000 -0.103225
v -1.911394 -0.077665 -0.064039
v -1.903599 -0.087175 -0.024852
v -1.908425 -0.067000 -0.212506
v -1.893135 -0.077665 -0.249419
v -1.877846 -0.087175 -0.286332
v -1.962258 -0.067000 -0.207204
v -1.984455 -0.077665 -0.240425
v -2.006653 -0.087175 -0.273645
v -1.930382 -0.067000 -0.102123
v -1.930382 -0.077665 -0.062169
v -1.930382 -0.087175 -0.022214
v -1.898506 -0.067000 -0.207204
v -1.876308 -0.077665 -0.240425
v -1.854111 -0.087175 -0.273645
v -1.952338 -0.067000 -0.212506
v -1.967628 -0.077665 -0.249419
v -1.982918 -0.087175 -0.286332
v -1.926076 -0.061129 -0.181139
v -1.930381 -0.061129 -0.181563
v -1.921937 -0.061129 -0.179884
v -1.918122 -0.061129 -0.177845
v -1.914779 -0.061129 -0.175100
v -1.912035 -0.061129 -0.171757
v -1.909995 -0.061129 -0.167942
v -1.908740 -0.061129 -0.163803
v -1.908316 -0.061129 -0.159498
v -1.908740 -0.061129 -0.155193
v -1.909995 -0.061129 -0.151054
v -1.912035 -0.061129 -0.147239
v -1.914779 -0.061129 -0.143896
v -1.918122 -0.061129 -0.141152
v -1.921937 -0.061129 -0.139113
v -1.926076 -0.061129 -0.137857
v -1.930381 -0.061129 -0.137433
v -1.934686 -0.061129 -0.137857
v -1.938825 -0.061129 -0.139113
v -1.942640 -0.061129 -0.141152
v -1.945983 -0.061129 -0.143896
v -1.948727 -0.061129 -0.147239
v -1.950766 -0.061129 -0.151054
v -1.952022 -0.061129 -0.155193
v -1.952446 -0.061129 -0.159498
v -1.952022 -0.061129 -0.163803
v -1.950766 -0.061129 -0.167942
v -1.948727 -0.061129 -0.171757
v -1.945983 -0.061129 -0.175100
v -1.942640 -0.061129 -0.177845
v -1.938825 -0.061129 -0.179884
v -1.934686 -0.061129 -0.181139
v -1.926076 -0.053217 -0.181139
v -1.930381 -0.053217 -0.181563
v -1.921937 -0.053217 -0.179884
v -1.918122 -0.053217 -0.177845
v -1.914779 -0.053217 -0.175100
v -1.912035 -0.053217 -0.171757
v -1.909995 -0.053217 -0.167942
v -1.908740 -0.053217 -0.163803
v -1.908316 -0.053217 -0.159498
v -1.908740 -0.053217 -0.155193
v -1.909995 -0.053217 -0.151054
v -1.912035 -0.053217 -0.147239
v -1.914779 -0.053217 -0.143896
v -1.918122 -0.053217 -0.141152
v -1.921937 -0.053217 -0.139113
v -1.926076 -0.053217 -0.137857
v -1.930381 -0.053217 -0.137433
v -1.934686 -0.053217 -0.137857
v -1.938825 -0.053217 -0.139113
v -1.942640 -0.053217 -0.141152
v -1.945983 -0.053217 -0.143896
v -1.948727 -0.053217 -0.147239
v -1.950766 -0.053217 -0.151054
v -1.952022 -0.053217 -0.155193
v -1.952446 -0.053217 -0.159498
v -1.952022 -0.053217 -0.163803
v -1.950766 -0.053217 -0.167942
v -1.948727 -0.053217 -0.171757
v -1.945983 -0.053217 -0.175100
v -1.942640 -0.053217 -0.177845
v -1.938825 -0.053217 -0.179884
v -1.934686 -0.053217 -0.181139
v -1.926076 -0.002501 -0.181139
v -1.930381 -0.002501 -0.181563
v -1.921937 -0.002501 -0.179884
v -1.918122 -0.002501 -0.177845
v -1.914779 -0.002501 -0.175100
v -1.912035 -0.002501 -0.171757
v -1.909995 -0.002501 -0.167942
v -1.908740 -0.002501 -0.163803
v -1.908316 -0.002501 -0.159498
v -1.908740 -0.002501 -0.155193
v -1.909995 -0.002501 -0.151054
v -1.912035 -0.002501 -0.147239
v -1.914779 -0.002501 -0.143896
v -1.918122 -0.002501 -0.141152
v -1.921937 -0.002501 -0.139113
v -1.926076 -0.002501 -0.137857
v -1.930381 -0.002501 -0.137433
v -1.934686 -0.002501 -0.137857
v -1.938825 -0.002501 -0.139113
v -1.942640 -0.002501 -0.141152
v -1.945983 -0.002501 -0.143896
v -1.948727 -0.002501 -0.147239
v -1.950766 -0.002501 -0.151054
v -1.952022 -0.002501 -0.155193
v -1.952446 -0.002501 -0.159498
v -1.952022 -0.002501 -0.163803
v -1.950766 -0.002501 -0.167942
v -1.948727 -0.002501 -0.171757
v -1.945983 -0.002501 -0.175100
v -1.942640 -0.002501 -0.177845
v -1.938825 -0.002501 -0.179884
v -1.934686 -0.002501 -0.181139
v -1.898644 -0.031799 -0.172644
v -1.905917 -0.048930 -0.169631
v -1.899618 -0.037555 -0.172240
v -1.902280 -0.043828 -0.171138
v -1.905917 -0.006985 -0.169631
v -1.898644 -0.024436 -0.172644
v -1.902280 -0.012239 -0.171138
v -1.899618 -0.018624 -0.172240
v -1.896689 -0.024436 -0.166200
v -1.904410 -0.006985 -0.164664
v -1.897723 -0.018624 -0.165994
v -1.900550 -0.012239 -0.165432
v -1.904410 -0.048930 -0.164664
v -1.896689 -0.031799 -0.166200
v -1.900550 -0.043828 -0.165432
v -1.897723 -0.037555 -0.165994
v -1.954671 -0.031799 -0.135208
v -1.949105 -0.048930 -0.140774
v -1.953925 -0.037555 -0.135953
v -1.951888 -0.043828 -0.137991
v -1.949105 -0.006985 -0.140774
v -1.954671 -0.024436 -0.135208
v -1.951888 -0.012239 -0.137991
v -1.953925 -0.018624 -0.135953
v -1.958943 -0.024436 -0.140413
v -1.952398 -0.006985 -0.144787
v -1.958066 -0.018624 -0.140999
v -1.955671 -0.012239 -0.142600
v -1.952398 -0.048930 -0.144787
v -1.958943 -0.031799 -0.140413
v -1.955670 -0.043828 -0.142600
v -1.958066 -0.037555 -0.140999
v -1.896029 -0.024436 -0.159498
v -1.903901 -0.006985 -0.159498
v -1.897084 -0.018624 -0.159498
v -1.899965 -0.012239 -0.159498
v -1.903901 -0.048930 -0.159498
v -1.896029 -0.031799 -0.159498
v -1.899965 -0.043828 -0.159498
v -1.897084 -0.037555 -0.159498
v -1.962118 -0.024436 -0.146352
v -1.954845 -0.006985 -0.149365
v -1.961143 -0.018624 -0.146756
v -1.958481 -0.012239 -0.147859
v -1.954845 -0.048930 -0.149365
v -1.962118 -0.031799 -0.146352
v -1.958481 -0.043828 -0.147859
v -1.961143 -0.037555 -0.146756
v -1.896689 -0.024436 -0.152796
v -1.904410 -0.006985 -0.154332
v -1.897723 -0.018624 -0.153002
v -1.900550 -0.012239 -0.153564
v -1.904410 -0.048930 -0.154332
v -1.896689 -0.031799 -0.152796
v -1.900550 -0.043828 -0.153564
v -1.897723 -0.037555 -0.153002
v -1.964073 -0.024436 -0.152796
v -1.956352 -0.006985 -0.154332
v -1.963038 -0.018624 -0.153002
v -1.960212 -0.012239 -0.153564
v -1.956352 -0.048930 -0.154332
v -1.964073 -0.031799 -0.152796
v -1.960212 -0.043828 -0.153564
v -1.963038 -0.037555 -0.153002
v -1.898644 -0.024436 -0.146352
v -1.905917 -0.006985 -0.149365
v -1.899618 -0.018624 -0.146756
v -1.902280 -0.012239 -0.147859
v -1.905917 -0.048930 -0.149365
v -1.898644 -0.031799 -0.146352
v -1.902280 -0.043828 -0.147859
v -1.899618 -0.037555 -0.146756
v -1.964733 -0.024436 -0.159498
v -1.956860 -0.006985 -0.159498
v -1.963678 -0.018624 -0.159498
v -1.960796 -0.012239 -0.159498
v -1.956860 -0.048930 -0.159498
v -1.964733 -0.031799 -0.159498
v -1.960796 -0.043828 -0.159498
v -1.963678 -0.037555 -0.159498
v -1.901818 -0.024436 -0.140413
v -1.908364 -0.006985 -0.144787
v -1.902695 -0.018624 -0.140999
v -1.905091 -0.012239 -0.142600
v -1.908364 -0.048930 -0.144787
v -1.901818 -0.031799 -0.140413
v -1.905091 -0.043828 -0.142600
v -1.902695 -0.037555 -0.140999
v -1.964073 -0.024436 -0.166200
v -1.956352 -0.006985 -0.164664
v -1.963038 -0.018624 -0.165994
v -1.960212 -0.012239 -0.165432
v -1.956352 -0.048930 -0.164664
v -1.964073 -0.031799 -0.166200
v -1.960212 -0.043828 -0.165432
v -1.963038 -0.037555 -0.165994
v -1.906090 -0.024436 -0.135208
v -1.911657 -0.006985 -0.140774
v -1.906836 -0.018624 -0.135953
v -1.908874 -0.012239 -0.137991
v -1.911657 -0.048930 -0.140774
v -1.906090 -0.031799 -0.135208
v -1.908874 -0.043828 -0.137991
v -1.906836 -0.037555 -0.135953
v -1.962118 -0.024436 -0.172644
v -1.954845 -0.006985 -0.169631
v -1.961143 -0.018624 -0.172240
v -1.958481 -0.012239 -0.171138
v -1.954845 -0.048930 -0.169631
v -1.962118 -0.031799 -0.172644
v -1.958481 -0.043828 -0.171138
v -1.961143 -0.037555 -0.172240
v -1.911296 -0.024436 -0.130936
v -1.915670 -0.006985 -0.137481
v -1.911882 -0.018624 -0.131813
v -1.913483 -0.012239 -0.134208
v -1.915670 -0.048930 -0.137481
v -1.911296 -0.031799 -0.130936
v -1.913483 -0.043828 -0.134208
v -1.911882 -0.037555 -0.131813
v -1.958943 -0.024436 -0.178583
v -1.952398 -0.006985 -0.174209
v -1.958066 -0.018624 -0.177997
v -1.955671 -0.012239 -0.176396
v -1.952398 -0.048930 -0.174209
v -1.958943 -0.031799 -0.178583
v -1.955670 -0.043828 -0.176396
v -1.958066 -0.037555 -0.177997
v -1.917235 -0.024436 -0.127761
v -1.920248 -0.006985 -0.135034
v -1.917639 -0.018624 -0.128736
v -1.918741 -0.012239 -0.131398
v -1.920248 -0.048930 -0.135034
v -1.917235 -0.031799 -0.127761
v -1.918741 -0.043828 -0.131398
v -1.917639 -0.037555 -0.128736
v -1.930381 -0.031799 -0.193850
v -1.930381 -0.048930 -0.185978
v -1.930381 -0.037555 -0.192795
v -1.930381 -0.043828 -0.189914
v -1.930381 -0.006985 -0.185978
v -1.930381 -0.024436 -0.193850
v -1.930381 -0.012239 -0.189914
v -1.930381 -0.018624 -0.192795
v -1.923679 -0.024436 -0.193190
v -1.925215 -0.006985 -0.185469
v -1.923885 -0.018624 -0.192156
v -1.924447 -0.012239 -0.189329
v -1.925215 -0.048930 -0.185469
v -1.923679 -0.031799 -0.193190
v -1.924447 -0.043828 -0.189329
v -1.923885 -0.037555 -0.192156
v -1.954671 -0.024436 -0.183789
v -1.949105 -0.006985 -0.178222
v -1.953925 -0.018624 -0.183043
v -1.951888 -0.012239 -0.181005
v -1.949105 -0.048930 -0.178222
v -1.954671 -0.031799 -0.183789
v -1.951888 -0.043828 -0.181005
v -1.953925 -0.037555 -0.183043
v -1.923679 -0.024436 -0.125806
v -1.925215 -0.006985 -0.133527
v -1.923885 -0.018624 -0.126841
v -1.924447 -0.012239 -0.129667
v -1.925215 -0.048930 -0.133528
v -1.923679 -0.031799 -0.125806
v -1.924447 -0.043828 -0.129667
v -1.923885 -0.037555 -0.126841
v -1.917235 -0.024436 -0.191235
v -1.920248 -0.006985 -0.183962
v -1.917639 -0.018624 -0.190261
v -1.918741 -0.012239 -0.187599
v -1.920248 -0.048930 -0.183962
v -1.917235 -0.031799 -0.191235
v -1.918741 -0.043828 -0.187599
v -1.917639 -0.037555 -0.190261
v -1.949466 -0.024436 -0.188061
v -1.945092 -0.006985 -0.181515
v -1.948880 -0.018624 -0.187184
v -1.947279 -0.012239 -0.184788
v -1.945092 -0.048930 -0.181515
v -1.949466 -0.031799 -0.188061
v -1.947279 -0.043828 -0.184788
v -1.948880 -0.037555 -0.187184
v -1.930381 -0.024436 -0.125146
v -1.930381 -0.006985 -0.133019
v -1.930381 -0.018624 -0.126201
v -1.930381 -0.012239 -0.129082
v -1.930381 -0.048930 -0.133019
v -1.930381 -0.031799 -0.125146
v -1.930381 -0.043828 -0.129082
v -1.930381 -0.037555 -0.126201
v -1.911296 -0.024436 -0.188061
v -1.915670 -0.006985 -0.181515
v -1.911882 -0.018624 -0.187184
v -1.913483 -0.012239 -0.184788
v -1.915670 -0.048930 -0.181515
v -1.911296 -0.031799 -0.188061
v -1.913483 -0.043828 -0.184788
v -1.911882 -0.037555 -0.187184
v -1.943527 -0.024436 -0.191235
v -1.940514 -0.006985 -0.183962
v -1.943123 -0.018624 -0.190261
v -1.942020 -0.012239 -0.187599
v -1.940514 -0.048930 -0.183962
v -1.943527 -0.031799 -0.191235
v -1.942020 -0.043828 -0.187599
v -1.943123 -0.037555 -0.190261
v -1.937083 -0.024436 -0.125806
v -1.935547 -0.006985 -0.133527
v -1.936877 -0.018624 -0.126841
v -1.936315 -0.012239 -0.129667
v -1.935547 -0.048930 -0.133528
v -1.937083 -0.031799 -0.125806
v -1.936315 -0.043828 -0.129667
v -1.936877 -0.037555 -0.126841
v -1.906090 -0.024436 -0.183789
v -1.911657 -0.006985 -0.178222
v -1.906836 -0.018624 -0.183043
v -1.908874 -0.012239 -0.181005
v -1.911657 -0.048930 -0.178222
v -1.906090 -0.031799 -0.183789
v -1.908874 -0.043828 -0.181005
v -1.906836 -0.037555 -0.183043
v -1.937083 -0.024436 -0.193190
v -1.935547 -0.006985 -0.185469
v -1.936877 -0.018624 -0.192156
v -1.936315 -0.012239 -0.189329
v -1.935547 -0.048930 -0.185469
v -1.937083 -0.031799 -0.193190
v -1.936315 -0.043828 -0.189329
v -1.936877 -0.037555 -0.192156
v -1.943527 -0.024436 -0.127761
v -1.940514 -0.006985 -0.135034
v -1.943123 -0.018624 -0.128736
v -1.942020 -0.012239 -0.131398
v -1.940514 -0.048930 -0.135034
v -1.943527 -0.031799 -0.127761
v -1.942020 -0.043828 -0.131398
v -1.943123 -0.037555 -0.128736
v -1.901818 -0.024436 -0.178583
v -1.908364 -0.006985 -0.174209
v -1.902695 -0.018624 -0.177997
v -1.905091 -0.012239 -0.176396
v -1.908364 -0.048930 -0.174209
v -1.901818 -0.031799 -0.178583
v -1.905091 -0.043828 -0.176396
v -1.902695 -0.037555 -0.177997
v -1.949466 -0.024436 -0.130936
v -1.945092 -0.006985 -0.137481
v -1.948880 -0.018624 -0.131813
v -1.947279 -0.012239 -0.134208
v -1.945092 -0.048930 -0.137481
v -1.949466 -0.031799 -0.130936
v -1.947279 -0.043828 -0.134208
v -1.948880 -0.037555 -0.131813
v -1.928477 -0.302649 -0.427847
v -1.928477 -0.386919 -0.435283
v -1.928477 -0.328687 -0.431679
v -1.928477 -0.359514 -0.434401
v -1.708042 -0.205970 -0.066732
v -1.682826 -0.282061 -0.056287
v -1.698054 -0.229309 -0.062595
v -1.688824 -0.257142 -0.058771
v -1.929664 -0.118121 -0.331745
v -1.928477 -0.184241 -0.384618
v -1.929070 -0.138146 -0.351027
v -1.928636 -0.162306 -0.370380
v -1.884273 -0.184201 -0.380264
v -1.895941 -0.118149 -0.328471
v -1.887232 -0.162273 -0.366308
v -1.891503 -0.138139 -0.347351
v -1.874389 -0.386916 -0.429956
v -1.875840 -0.302630 -0.422662
v -1.874561 -0.359506 -0.429091
v -1.875092 -0.328672 -0.426421
v -1.841769 -0.184158 -0.367370
v -1.863494 -0.118179 -0.318684
v -1.847417 -0.162238 -0.354238
v -1.855369 -0.138130 -0.336417
v -1.822380 -0.386914 -0.414179
v -1.825226 -0.302608 -0.407309
v -1.822717 -0.359497 -0.413364
v -1.823759 -0.328657 -0.410849
v -1.802596 -0.184112 -0.346432
v -1.833569 -0.118211 -0.302751
v -1.810720 -0.162200 -0.334631
v -1.822057 -0.138121 -0.318643
v -1.694465 -0.205985 -0.111491
v -1.667695 -0.282071 -0.106166
v -1.683861 -0.229322 -0.109382
v -1.674063 -0.257153 -0.107433
v -1.774448 -0.386911 -0.388559
v -1.778579 -0.302586 -0.382376
v -1.774938 -0.359488 -0.387826
v -1.776450 -0.328641 -0.385562
v -1.768261 -0.184065 -0.318254
v -1.807317 -0.118244 -0.281281
v -1.778553 -0.162162 -0.308242
v -1.792848 -0.138112 -0.294709
v -1.732435 -0.386909 -0.354080
v -1.737694 -0.302563 -0.348822
v -1.733059 -0.359479 -0.353457
v -1.734984 -0.328624 -0.351532
v -1.740083 -0.184020 -0.283919
v -1.785753 -0.118275 -0.255093
v -1.752150 -0.162125 -0.276082
v -1.768867 -0.138103 -0.265531
v -1.697956 -0.386906 -0.312068
v -1.704139 -0.302541 -0.307936
v -1.698690 -0.359470 -0.311578
v -1.700953 -0.328608 -0.310065
v -1.719145 -0.183978 -0.244747
v -1.769710 -0.118304 -0.225190
v -1.732529 -0.162090 -0.239389
v -1.751037 -0.138094 -0.232230
v -1.689880 -0.206007 -0.158039
v -1.662586 -0.282085 -0.158039
v -1.679069 -0.229342 -0.158039
v -1.669079 -0.257170 -0.158039
v -1.672336 -0.386904 -0.264136
v -1.679207 -0.302521 -0.261290
v -1.673151 -0.359462 -0.263798
v -1.675666 -0.328593 -0.262756
v -1.706251 -0.183940 -0.202242
v -1.759811 -0.118330 -0.192721
v -1.720444 -0.162059 -0.199571
v -1.740048 -0.138086 -0.196086
v -1.656559 -0.386902 -0.212127
v -1.663853 -0.302502 -0.210676
v -1.657424 -0.359455 -0.211954
v -1.660094 -0.328580 -0.211423
v -1.701898 -0.183908 -0.158039
v -1.756444 -0.118351 -0.158937
v -1.716360 -0.162033 -0.158159
v -1.736325 -0.138080 -0.158488
v -1.651232 -0.386900 -0.158039
v -1.658669 -0.302487 -0.158039
v -1.652114 -0.359449 -0.158039
v -1.654836 -0.328569 -0.158039
v -1.706251 -0.183884 -0.113835
v -1.759741 -0.118368 -0.125140
v -1.720435 -0.162013 -0.116746
v -1.740013 -0.138075 -0.120883
v -1.694465 -0.206037 -0.204587
v -1.667695 -0.282104 -0.209912
v -1.683861 -0.229369 -0.206696
v -1.674063 -0.257193 -0.208645
v -1.656559 -0.386899 -0.103951
v -1.663853 -0.302475 -0.105402
v -1.657424 -0.359444 -0.104123
v -1.660094 -0.328561 -0.104654
v -1.719145 -0.183868 -0.071331
v -1.769580 -0.118379 -0.092634
v -1.732512 -0.162000 -0.076923
v -1.750972 -0.138072 -0.084720
v -1.672336 -0.386898 -0.051942
v -1.679207 -0.302468 -0.054788
v -1.673151 -0.359441 -0.052280
v -1.675666 -0.328555 -0.053321
v -1.740083 -0.183860 -0.032158
v -1.785583 -0.118384 -0.062675
v -1.752128 -0.161994 -0.040222
v -1.768782 -0.138070 -0.051391
v -1.697956 -0.386898 -0.004010
v -1.704139 -0.302464 -0.008142
v -1.698690 -0.359440 -0.004500
v -1.700953 -0.328552 -0.006012
v -1.768261 -0.183862 0.002177
v -1.807132 -0.118383 -0.036420
v -1.778528 -0.161995 -0.008053
v -1.792755 -0.138070 -0.022181
v -1.708042 -0.206072 -0.249346
v -1.682826 -0.282126 -0.259791
v -1.698054 -0.229400 -0.253483
v -1.688824 -0.257219 -0.257306
v -1.732435 -0.386898 0.038003
v -1.737694 -0.302465 0.032744
v -1.733059 -0.359440 0.037379
v -1.734984 -0.328553 0.035454
v -1.802596 -0.183872 0.030355
v -1.833395 -0.118376 -0.014884
v -1.810697 -0.162004 0.018345
v -1.821970 -0.138072 0.001787
v -1.774448 -0.386898 0.072482
v -1.778579 -0.302470 0.066298
v -1.774938 -0.359442 0.071748
v -1.776450 -0.328557 0.069485
v -1.841769 -0.183891 0.051293
v -1.863358 -0.118363 0.001104
v -1.847399 -0.162019 0.037959
v -1.855301 -0.138076 0.019589
v -1.822380 -0.386899 0.098102
v -1.825226 -0.302479 0.091231
v -1.822717 -0.359446 0.097287
v -1.823759 -0.328563 0.094772
v -1.884273 -0.183918 0.064186
v -1.895862 -0.118344 0.010928
v -1.887221 -0.162041 0.050034
v -1.891463 -0.138082 0.030540
v -1.730091 -0.206111 -0.290596
v -1.707396 -0.282151 -0.305760
v -1.721102 -0.229435 -0.296602
v -1.712795 -0.257249 -0.302153
v -1.874389 -0.386901 0.113879
v -1.875840 -0.302492 0.106585
v -1.874561 -0.359451 0.113013
v -1.875092 -0.328573 0.110344
v -1.928477 -0.183952 0.068540
v -1.929651 -0.118321 0.014213
v -1.928634 -0.162069 0.054107
v -1.929064 -0.138089 0.034222
v -1.928477 -0.386902 0.119206
v -1.928477 -0.302508 0.111769
v -1.928477 -0.359457 0.118324
v -1.928477 -0.328585 0.115601
v -1.972680 -0.183992 0.064186
v -1.963424 -0.118294 0.010838
v -1.970044 -0.162101 0.050022
v -1.966656 -0.138097 0.030495
v -1.982564 -0.386905 0.113879
v -1.981113 -0.302527 0.106585
v -1.982392 -0.359465 0.113013
v -1.981861 -0.328598 0.110344
v -2.015184 -0.184035 0.051293
v -1.995878 -0.118264 0.000936
v -2.009860 -0.162137 0.037936
v -2.002794 -0.138106 0.019505
v -1.759763 -0.206153 -0.326752
v -1.740463 -0.282177 -0.346052
v -1.752119 -0.229473 -0.334396
v -1.745054 -0.257281 -0.341461
v -2.034574 -0.386907 0.098102
v -2.031728 -0.302549 0.091231
v -2.034236 -0.359473 0.097287
v -2.033194 -0.328614 0.094772
v -2.054357 -0.184081 0.030355
v -2.025767 -0.118232 -0.015104
v -2.046552 -0.162175 0.018316
v -2.036087 -0.138115 0.001677
v -2.082505 -0.386909 0.072482
v -2.078374 -0.302571 0.066298
v -2.082015 -0.359482 0.071748
v -2.080503 -0.328630 0.069485
v -2.088692 -0.184128 0.002177
v -2.051943 -0.118200 -0.036660
v -2.078710 -0.162213 -0.008085
v -2.065259 -0.138124 -0.022300
v -2.124518 -0.386912 0.038003
v -2.119260 -0.302593 0.032744
v -2.123894 -0.359491 0.037379
v -2.121969 -0.328646 0.035454
v -2.116870 -0.184173 -0.032158
v -2.073406 -0.118169 -0.062898
v -2.105098 -0.162250 -0.040252
v -2.089189 -0.138133 -0.051503
v -1.795920 -0.206196 -0.356424
v -1.780756 -0.282205 -0.379119
v -1.789913 -0.229512 -0.365414
v -1.784363 -0.257315 -0.373720
v -2.158997 -0.386915 -0.004010
v -2.152814 -0.302616 -0.008142
v -2.158263 -0.359500 -0.004500
v -2.156000 -0.328662 -0.006012
v -2.137808 -0.184215 -0.071331
v -2.089335 -0.118139 -0.092808
v -2.124704 -0.162285 -0.076946
v -2.106962 -0.138141 -0.084808
v -2.184617 -0.386917 -0.051942
v -2.177747 -0.302636 -0.054788
v -2.183802 -0.359508 -0.052279
v -2.181287 -0.328677 -0.053321
v -2.150702 -0.184253 -0.113835
v -2.099126 -0.118112 -0.125240
v -2.136775 -0.162316 -0.116759
v -2.117897 -0.138149 -0.120934
v -2.200394 -0.386919 -0.103951
v -2.193100 -0.302655 -0.105402
v -2.199529 -0.359516 -0.104123
v -2.196859 -0.328691 -0.104654
v -2.155055 -0.184285 -0.158039
v -2.102408 -0.118090 -0.158949
v -2.140847 -0.162342 -0.158161
v -2.121577 -0.138155 -0.158494
v -1.837170 -0.206239 -0.378473
v -1.826725 -0.282232 -0.403690
v -1.833032 -0.229551 -0.388461
v -1.829209 -0.257347 -0.397691
v -2.205721 -0.386921 -0.158039
v -2.198284 -0.302671 -0.158039
v -2.204839 -0.359522 -0.158039
v -2.202117 -0.328702 -0.158039
v -2.150702 -0.184310 -0.202242
v -2.099060 -0.118073 -0.192645
v -2.136766 -0.162362 -0.199561
v -2.117864 -0.138160 -0.196048
v -2.200394 -0.386923 -0.212127
v -2.193100 -0.302683 -0.210676
v -2.199529 -0.359527 -0.211954
v -2.196859 -0.328711 -0.211423
v -2.137808 -0.184327 -0.244747
v -2.089214 -0.118061 -0.225037
v -2.124688 -0.162376 -0.239368
v -2.106901 -0.138163 -0.232154
v -2.184617 -0.386924 -0.264136
v -2.177747 -0.302691 -0.261290
v -2.183802 -0.359531 -0.263798
v -2.181287 -0.328717 -0.262756
v -2.116870 -0.184334 -0.283919
v -2.073248 -0.118056 -0.254889
v -2.105077 -0.162382 -0.276055
v -2.089110 -0.138164 -0.265429
v -1.881929 -0.206279 -0.392050
v -1.876604 -0.282258 -0.418821
v -1.879820 -0.229587 -0.402654
v -1.877871 -0.257378 -0.412453
v -2.158997 -0.386925 -0.312068
v -2.152814 -0.302695 -0.307936
v -2.158263 -0.359532 -0.311578
v -2.156000 -0.328720 -0.310065
v -2.088692 -0.184333 -0.318254
v -2.051774 -0.118057 -0.281058
v -2.078687 -0.162381 -0.308212
v -2.065174 -0.138164 -0.294597
v -2.124518 -0.386924 -0.354080
v -2.119260 -0.302694 -0.348822
v -2.123894 -0.359532 -0.353457
v -2.121969 -0.328719 -0.351532
v -2.054357 -0.184322 -0.346432
v -2.025613 -0.118064 -0.302544
v -2.046531 -0.162372 -0.334604
v -2.036010 -0.138162 -0.318539
v -2.082505 -0.386924 -0.388559
v -2.078374 -0.302689 -0.382376
v -2.082015 -0.359530 -0.387826
v -2.080503 -0.328715 -0.385562
v -2.015184 -0.184303 -0.367370
v -1.995764 -0.118078 -0.318524
v -2.009845 -0.162356 -0.354216
v -2.002736 -0.138158 -0.336337
v -1.928477 -0.206316 -0.396635
v -1.928477 -0.282281 -0.423930
v -1.928477 -0.229620 -0.407446
v -1.928477 -0.257406 -0.417437
v -2.034574 -0.386923 -0.414179
v -2.031728 -0.302679 -0.407309
v -2.034236 -0.359526 -0.413364
v -2.033194 -0.328709 -0.410849
v -1.972680 -0.184275 -0.380264
v -1.963368 -0.118097 -0.328385
v -1.970037 -0.162334 -0.366296
v -1.966628 -0.138153 -0.347307
v -1.982564 -0.386921 -0.429956
v -1.981113 -0.302666 -0.422662
v -1.982392 -0.359520 -0.429091
v -1.981861 -0.328699 -0.426421
v -1.730091 -0.205963 -0.025482
v -1.707396 -0.282057 -0.010318
v -1.721102 -0.229302 -0.019475
v -1.712795 -0.257136 -0.013925
v -1.759763 -0.205964 0.010674
v -1.740463 -0.282058 0.029974
v -1.752119 -0.229304 0.018319
v -1.745054 -0.257137 0.025383
v -1.795920 -0.205974 0.040347
v -1.780756 -0.282064 0.063041
v -1.789913 -0.229312 0.049336
v -1.784363 -0.257145 0.057643
v -1.837170 -0.205992 0.062395
v -1.826725 -0.282075 0.087612
v -1.833032 -0.229328 0.072384
v -1.829209 -0.257158 0.081614
v -1.881929 -0.206017 0.075973
v -1.876604 -0.282091 0.102743
v -1.879820 -0.229351 0.086576
v -1.877871 -0.257177 0.096375
v -1.928477 -0.206048 0.080557
v -1.928477 -0.282111 0.107852
v -1.928477 -0.229379 0.091369
v -1.928477 -0.257201 0.101359
v -1.975024 -0.206084 0.075973
v -1.980349 -0.282134 0.102743
v -1.977134 -0.229412 0.086576
v -1.979083 -0.257229 0.096375
v -2.019783 -0.206125 0.062395
v -2.030229 -0.282160 0.087612
v -2.023921 -0.229448 0.072384
v -2.027744 -0.257260 0.081614
v -2.061033 -0.206167 0.040347
v -2.076198 -0.282187 0.063041
v -2.067040 -0.229486 0.049336
v -2.072590 -0.257293 0.057643
v -2.097190 -0.206211 0.010674
v -2.116490 -0.282214 0.029974
v -2.104834 -0.229525 0.018319
v -2.111899 -0.257326 0.025383
v -2.126862 -0.206253 -0.025482
v -2.149557 -0.282241 -0.010318
v -2.135851 -0.229563 -0.019475
v -2.144158 -0.257358 -0.013925
v -2.148911 -0.206292 -0.066732
v -2.174128 -0.282266 -0.056287
v -2.158899 -0.229599 -0.062595
v -2.168129 -0.257388 -0.058771
v -2.162488 -0.206327 -0.111491
v -2.189258 -0.282288 -0.106166
v -2.173092 -0.229631 -0.109382
v -2.182890 -0.257415 -0.107433
v -2.167073 -0.206357 -0.158039
v -2.194367 -0.282307 -0.158039
v -2.177884 -0.229657 -0.158039
v -2.187875 -0.257438 -0.158039
v -2.162488 -0.206380 -0.204587
v -2.189258 -0.282322 -0.209912
v -2.173092 -0.229678 -0.206696
v -2.182890 -0.257456 -0.208645
v -2.148911 -0.206395 -0.249346
v -2.174128 -0.282332 -0.259791
v -2.158899 -0.229692 -0.253483
v -2.168129 -0.257467 -0.257306
v -2.126862 -0.206402 -0.290596
v -2.149557 -0.282336 -0.305760
v -2.135851 -0.229698 -0.296602
v -2.144158 -0.257473 -0.302153
v -2.097190 -0.206401 -0.326752
v -2.116490 -0.282335 -0.346052
v -2.104834 -0.229697 -0.334397
v -2.111899 -0.257472 -0.341461
v -2.061033 -0.206391 -0.356424
v -2.076198 -0.282329 -0.379119
v -2.067040 -0.229688 -0.365413
v -2.072590 -0.257464 -0.373720
v -2.019783 -0.206373 -0.378473
v -2.030229 -0.282317 -0.403690
v -2.023921 -0.229672 -0.388461
v -2.027744 -0.257450 -0.397691
v -1.980349 -0.282301 -0.418821
v -1.975024 -0.206348 -0.392050
v -1.979083 -0.257431 -0.412453
v -1.977134 -0.229649 -0.402654
v -1.902330 -0.097810 -0.312683
v -1.897677 -0.097810 -0.311757
v -1.900425 -0.099487 -0.310100
v -1.899985 -0.097810 -0.312315
v -1.900056 -0.098778 -0.311955
v -1.898908 -0.098995 -0.311401
v -1.901330 -0.098995 -0.311882
v -1.928010 -0.097810 -0.315212
v -1.930382 -0.099487 -0.313050
v -1.932754 -0.097810 -0.315212
v -1.929147 -0.098995 -0.314622
v -1.930382 -0.098778 -0.314942
v -1.931616 -0.098995 -0.314622
v -1.930382 -0.097810 -0.315309
v -1.872985 -0.097810 -0.304267
v -1.868601 -0.097810 -0.302451
v -1.871620 -0.099487 -0.301362
v -1.870756 -0.097810 -0.303448
v -1.870896 -0.098778 -0.303109
v -1.869878 -0.098996 -0.302342
v -1.872159 -0.098996 -0.303287
v -1.845845 -0.097810 -0.290287
v -1.841900 -0.097810 -0.287651
v -1.845073 -0.099487 -0.287172
v -1.843818 -0.097810 -0.289050
v -1.844022 -0.098778 -0.288745
v -1.843173 -0.098996 -0.287793
v -1.845226 -0.098996 -0.289165
v -1.821953 -0.097810 -0.271282
v -1.818598 -0.097810 -0.267927
v -1.821804 -0.099487 -0.268076
v -1.820207 -0.097810 -0.269673
v -1.820467 -0.098778 -0.269413
v -1.819820 -0.098996 -0.268314
v -1.821566 -0.098996 -0.270060
v -1.802229 -0.097810 -0.247981
v -1.799593 -0.097810 -0.244035
v -1.802708 -0.099487 -0.244807
v -1.800830 -0.097810 -0.246062
v -1.801135 -0.098778 -0.245858
v -1.800715 -0.098996 -0.244654
v -1.802087 -0.098996 -0.246707
v -1.787429 -0.097810 -0.221279
v -1.785613 -0.097810 -0.216895
v -1.788518 -0.099487 -0.218260
v -1.786432 -0.097810 -0.219124
v -1.786771 -0.098778 -0.218984
v -1.786594 -0.098996 -0.217721
v -1.787538 -0.098996 -0.220002
v -1.778123 -0.097810 -0.192203
v -1.777197 -0.097810 -0.187550
v -1.779781 -0.099487 -0.189455
v -1.777565 -0.097810 -0.189895
v -1.777925 -0.098778 -0.189824
v -1.777998 -0.098996 -0.188551
v -1.778479 -0.098996 -0.190972
v -1.774668 -0.097810 -0.161870
v -1.774668 -0.097810 -0.157126
v -1.776830 -0.099487 -0.159498
v -1.774572 -0.097810 -0.159498
v -1.774938 -0.098778 -0.159498
v -1.775258 -0.098996 -0.158264
v -1.775258 -0.098996 -0.160733
v -1.777197 -0.097810 -0.131447
v -1.778123 -0.097810 -0.126793
v -1.779781 -0.099487 -0.129542
v -1.777565 -0.097810 -0.129101
v -1.777925 -0.098778 -0.129173
v -1.778479 -0.098996 -0.128024
v -1.777998 -0.098996 -0.130446
v -1.785613 -0.097810 -0.102101
v -1.787429 -0.097810 -0.097717
v -1.788518 -0.099487 -0.100736
v -1.786432 -0.097810 -0.099872
v -1.786771 -0.098778 -0.100013
v -1.787538 -0.098996 -0.098994
v -1.786594 -0.098996 -0.101275
v -1.799593 -0.097810 -0.074961
v -1.802229 -0.097810 -0.071016
v -1.802708 -0.099487 -0.074189
v -1.800830 -0.097810 -0.072935
v -1.801135 -0.098778 -0.073138
v -1.802087 -0.098996 -0.072289
v -1.800715 -0.098996 -0.074342
v -1.818598 -0.097810 -0.051069
v -1.821953 -0.097810 -0.047714
v -1.821804 -0.099487 -0.050921
v -1.820207 -0.097810 -0.049324
v -1.820467 -0.098778 -0.049583
v -1.821566 -0.098996 -0.048936
v -1.819820 -0.098996 -0.050682
v -1.841900 -0.097810 -0.031345
v -1.845845 -0.097810 -0.028709
v -1.845073 -0.099487 -0.031824
v -1.843818 -0.097810 -0.029947
v -1.844022 -0.098778 -0.030252
v -1.845226 -0.098996 -0.029831
v -1.843173 -0.098996 -0.031203
v -1.868601 -0.097810 -0.016545
v -1.872985 -0.097810 -0.014730
v -1.871620 -0.099487 -0.017635
v -1.870756 -0.097810 -0.015548
v -1.870896 -0.098778 -0.015887
v -1.872159 -0.098996 -0.015710
v -1.869878 -0.098996 -0.016655
v -1.897677 -0.097810 -0.007239
v -1.902330 -0.097810 -0.006314
v -1.900425 -0.099487 -0.008897
v -1.899985 -0.097810 -0.006682
v -1.900056 -0.098778 -0.007042
v -1.901330 -0.098996 -0.007114
v -1.898908 -0.098996 -0.007596
v -1.928010 -0.097810 -0.003785
v -1.932754 -0.097810 -0.003785
v -1.930382 -0.099487 -0.005946
v -1.930382 -0.097810 -0.003688
v -1.930382 -0.098778 -0.004055
v -1.931616 -0.098996 -0.004374
v -1.929147 -0.098995 -0.004374
v -1.958433 -0.097810 -0.006314
v -1.963087 -0.097810 -0.007239
v -1.960338 -0.099487 -0.008897
v -1.960779 -0.097810 -0.006682
v -1.960707 -0.098778 -0.007042
v -1.961856 -0.098995 -0.007596
v -1.959434 -0.098995 -0.007114
v -1.987779 -0.097810 -0.014730
v -1.992163 -0.097810 -0.016545
v -1.989144 -0.099487 -0.017635
v -1.990008 -0.097810 -0.015548
v -1.989868 -0.098778 -0.015887
v -1.990886 -0.098995 -0.016655
v -1.988605 -0.098995 -0.015710
v -2.014919 -0.097810 -0.028709
v -2.018864 -0.097810 -0.031345
v -2.015691 -0.099487 -0.031824
v -2.016946 -0.097810 -0.029947
v -2.016742 -0.098778 -0.030252
v -2.017591 -0.098995 -0.031203
v -2.015538 -0.098995 -0.029831
v -2.038811 -0.097810 -0.047714
v -2.042166 -0.097810 -0.051069
v -2.038960 -0.099487 -0.050921
v -2.040556 -0.097810 -0.049324
v -2.040297 -0.098778 -0.049583
v -2.040944 -0.098995 -0.050682
v -2.039198 -0.098995 -0.048936
v -2.058535 -0.097810 -0.071016
v -2.061171 -0.097810 -0.074961
v -2.058056 -0.099487 -0.074189
v -2.059934 -0.097810 -0.072935
v -2.059628 -0.098778 -0.073138
v -2.060049 -0.098995 -0.074342
v -2.058677 -0.098995 -0.072289
v -2.073335 -0.097810 -0.097717
v -2.075150 -0.097810 -0.102101
v -2.072245 -0.099487 -0.100736
v -2.074332 -0.097810 -0.099872
v -2.073993 -0.098778 -0.100013
v -2.074170 -0.098995 -0.101275
v -2.073225 -0.098995 -0.098994
v -2.082641 -0.097810 -0.126793
v -2.083566 -0.097810 -0.131447
v -2.080983 -0.099487 -0.129542
v -2.083199 -0.097810 -0.129101
v -2.082839 -0.098778 -0.129173
v -2.082766 -0.098995 -0.130446
v -2.082284 -0.098995 -0.128024
v -2.086096 -0.097810 -0.157126
v -2.086096 -0.097810 -0.161870
v -2.083934 -0.099487 -0.159498
v -2.086192 -0.097810 -0.159498
v -2.085825 -0.098778 -0.159498
v -2.085506 -0.098995 -0.160733
v -2.085506 -0.098995 -0.158264
v -2.083566 -0.097810 -0.187550
v -2.082641 -0.097810 -0.192203
v -2.080983 -0.099487 -0.189455
v -2.083199 -0.097810 -0.189895
v -2.082839 -0.098778 -0.189824
v -2.082284 -0.098995 -0.190972
v -2.082766 -0.098995 -0.188551
v -2.075150 -0.097810 -0.216895
v -2.073335 -0.097810 -0.221279
v -2.072245 -0.099487 -0.218260
v -2.074332 -0.097810 -0.219124
v -2.073993 -0.098778 -0.218984
v -2.073225 -0.098995 -0.220002
v -2.074170 -0.098995 -0.217721
v -2.061171 -0.097810 -0.244035
v -2.058535 -0.097810 -0.247981
v -2.058056 -0.099487 -0.244807
v -2.059934 -0.097810 -0.246062
v -2.059628 -0.098778 -0.245858
v -2.058677 -0.098995 -0.246707
v -2.060049 -0.098995 -0.244654
v -2.042166 -0.097810 -0.267927
v -2.038811 -0.097810 -0.271282
v -2.038960 -0.099487 -0.268076
v -2.040556 -0.097810 -0.269673
v -2.040297 -0.098778 -0.269413
v -2.039198 -0.098995 -0.270060
v -2.040944 -0.098995 -0.268314
v -2.018864 -0.097810 -0.287651
v -2.014919 -0.097810 -0.290287
v -2.015691 -0.099487 -0.287172
v -2.016946 -0.097810 -0.289050
v -2.016742 -0.098778 -0.288745
v -2.015538 -0.098995 -0.289165
v -2.017591 -0.098995 -0.287793
v -1.992163 -0.097810 -0.302451
v -1.987779 -0.097810 -0.304267
v -1.989144 -0.099487 -0.301362
v -1.990008 -0.097810 -0.303448
v -1.989868 -0.098778 -0.303109
v -1.988605 -0.098995 -0.303287
v -1.990886 -0.098995 -0.302342
v -1.963087 -0.097810 -0.311757
v -1.958433 -0.097810 -0.312683
v -1.960338 -0.099487 -0.310100
v -1.960779 -0.097810 -0.312315
v -1.960707 -0.098778 -0.311955
v -1.959434 -0.098995 -0.311882
v -1.961856 -0.098995 -0.311401
v -1.902330 -0.096226 -0.312683
v -1.900425 -0.094549 -0.310100
v -1.897677 -0.096226 -0.311757
v -1.901330 -0.095040 -0.311882
v -1.900056 -0.095257 -0.311955
v -1.898908 -0.095040 -0.311401
v -1.899985 -0.096226 -0.312315
v -1.928010 -0.096226 -0.315212
v -1.932754 -0.096226 -0.315212
v -1.930382 -0.094549 -0.313050
v -1.930382 -0.096226 -0.315309
v -1.930382 -0.095257 -0.314942
v -1.931616 -0.095040 -0.314622
v -1.929147 -0.095040 -0.314622
v -1.872985 -0.096226 -0.304267
v -1.871620 -0.094549 -0.301362
v -1.868601 -0.096226 -0.302451
v -1.872159 -0.095040 -0.303287
v -1.870896 -0.095257 -0.303109
v -1.869878 -0.095040 -0.302342
v -1.870756 -0.096226 -0.303448
v -1.845845 -0.096226 -0.290287
v -1.845073 -0.094549 -0.287172
v -1.841900 -0.096226 -0.287651
v -1.845226 -0.095040 -0.289165
v -1.844022 -0.095257 -0.288745
v -1.843173 -0.095040 -0.287793
v -1.843818 -0.096226 -0.289050
v -1.821953 -0.096226 -0.271282
v -1.821804 -0.094549 -0.268076
v -1.818598 -0.096226 -0.267927
v -1.821566 -0.095040 -0.270060
v -1.820467 -0.095257 -0.269413
v -1.819820 -0.095040 -0.268314
v -1.820207 -0.096226 -0.269673
v -1.802708 -0.094549 -0.244807
v -1.799593 -0.096226 -0.244035
v -1.802229 -0.096226 -0.247981
v -1.800715 -0.095040 -0.244654
v -1.801135 -0.095257 -0.245858
v -1.800830 -0.096226 -0.246062
v -1.802087 -0.095040 -0.246707
v -1.788518 -0.094549 -0.218260
v -1.785613 -0.096226 -0.216895
v -1.787429 -0.096226 -0.221279
v -1.786594 -0.095040 -0.217721
v -1.786771 -0.095257 -0.218984
v -1.786432 -0.096226 -0.219124
v -1.787538 -0.095040 -0.220002
v -1.779781 -0.094549 -0.189455
v -1.777197 -0.096226 -0.187550
v -1.778123 -0.096226 -0.192203
v -1.777998 -0.095040 -0.188551
v -1.777925 -0.095257 -0.189824
v -1.777565 -0.096226 -0.189895
v -1.778479 -0.095040 -0.190972
v -1.776830 -0.094549 -0.159498
v -1.774668 -0.096226 -0.157126
v -1.774668 -0.096226 -0.161870
v -1.775258 -0.095040 -0.158264
v -1.774938 -0.095257 -0.159498
v -1.774572 -0.096226 -0.159498
v -1.775258 -0.095040 -0.160733
v -1.779781 -0.094549 -0.129542
v -1.778123 -0.096226 -0.126793
v -1.777197 -0.096226 -0.131447
v -1.778479 -0.095040 -0.128024
v -1.777925 -0.095257 -0.129173
v -1.777565 -0.096226 -0.129101
v -1.777998 -0.095040 -0.130446
v -1.788518 -0.094549 -0.100736
v -1.787429 -0.096226 -0.097717
v -1.785613 -0.096226 -0.102101
v -1.787538 -0.095040 -0.098994
v -1.786771 -0.095257 -0.100013
v -1.786432 -0.096226 -0.099872
v -1.786594 -0.095040 -0.101275
v -1.802708 -0.094549 -0.074189
v -1.802229 -0.096226 -0.071016
v -1.799593 -0.096226 -0.074961
v -1.802087 -0.095040 -0.072289
v -1.801135 -0.095257 -0.073138
v -1.800830 -0.096226 -0.072935
v -1.800715 -0.095040 -0.074342
v -1.821804 -0.094549 -0.050921
v -1.821953 -0.096226 -0.047714
v -1.818598 -0.096226 -0.051069
v -1.821566 -0.095040 -0.048936
v -1.820467 -0.095257 -0.049583
v -1.820207 -0.096226 -0.049324
v -1.819820 -0.095040 -0.050682
v -1.845073 -0.094549 -0.031824
v -1.845845 -0.096226 -0.028709
v -1.841900 -0.096226 -0.031345
v -1.845226 -0.095040 -0.029831
v -1.844022 -0.095257 -0.030252
v -1.843818 -0.096226 -0.029947
v -1.843173 -0.095040 -0.031203
v -1.871620 -0.094549 -0.017635
v -1.872985 -0.096226 -0.014730
v -1.868601 -0.096226 -0.016545
v -1.872159 -0.095040 -0.015710
v -1.870896 -0.095257 -0.015887
v -1.870756 -0.096226 -0.015548
v -1.869878 -0.095040 -0.016655
v -1.900425 -0.094549 -0.008897
v -1.902330 -0.096226 -0.006314
v -1.897677 -0.096226 -0.007239
v -1.901330 -0.095040 -0.007114
v -1.900056 -0.095257 -0.007042
v -1.899985 -0.096226 -0.006682
v -1.898908 -0.095040 -0.007596
v -1.930382 -0.094549 -0.005946
v -1.932754 -0.096226 -0.003785
v -1.928010 -0.096226 -0.003785
v -1.931616 -0.095040 -0.004374
v -1.930382 -0.095257 -0.004055
v -1.930382 -0.096226 -0.003688
v -1.929147 -0.095040 -0.004374
v -1.960338 -0.094549 -0.008897
v -1.963087 -0.096226 -0.007239
v -1.958433 -0.096226 -0.006314
v -1.961856 -0.095040 -0.007596
v -1.960707 -0.095257 -0.007042
v -1.960779 -0.096226 -0.006682
v -1.959434 -0.095040 -0.007114
v -1.989144 -0.094549 -0.017635
v -1.992163 -0.096226 -0.016545
v -1.987779 -0.096226 -0.014730
v -1.990886 -0.095040 -0.016655
v -1.989868 -0.095257 -0.015887
v -1.990008 -0.096226 -0.015548
v -1.988605 -0.095040 -0.015710
v -2.014919 -0.096226 -0.028709
v -2.015691 -0.094548 -0.031824
v -2.018864 -0.096226 -0.031345
v -2.015538 -0.095040 -0.029831
v -2.016742 -0.095257 -0.030252
v -2.017591 -0.095040 -0.031203
v -2.016946 -0.096226 -0.029947
v -2.038811 -0.096226 -0.047714
v -2.038960 -0.094548 -0.050921
v -2.042166 -0.096226 -0.051069
v -2.039198 -0.095040 -0.048936
v -2.040297 -0.095257 -0.049583
v -2.040944 -0.095040 -0.050682
v -2.040556 -0.096226 -0.049324
v -2.058535 -0.096226 -0.071016
v -2.058056 -0.094548 -0.074189
v -2.061171 -0.096226 -0.074961
v -2.058677 -0.095040 -0.072289
v -2.059628 -0.095257 -0.073138
v -2.060049 -0.095040 -0.074342
v -2.059934 -0.096226 -0.072935
v -2.073335 -0.096226 -0.097717
v -2.072245 -0.094548 -0.100736
v -2.075150 -0.096226 -0.102101
v -2.073225 -0.095040 -0.098994
v -2.073993 -0.095257 -0.100013
v -2.074170 -0.095040 -0.101275
v -2.074332 -0.096226 -0.099872
v -2.082641 -0.096225 -0.126793
v -2.080983 -0.094548 -0.129542
v -2.083566 -0.096225 -0.131447
v -2.082284 -0.095040 -0.128024
v -2.082839 -0.095257 -0.129173
v -2.082766 -0.095040 -0.130446
v -2.083199 -0.096225 -0.129101
v -2.086096 -0.096225 -0.157126
v -2.083934 -0.094548 -0.159498
v -2.086096 -0.096225 -0.161870
v -2.085506 -0.095040 -0.158264
v -2.085825 -0.095257 -0.159498
v -2.085506 -0.095040 -0.160733
v -2.086192 -0.096225 -0.159498
v -2.083566 -0.096225 -0.187550
v -2.080983 -0.094548 -0.189455
v -2.082641 -0.096225 -0.192203
v -2.082766 -0.095040 -0.188551
v -2.082839 -0.095257 -0.189824
v -2.082284 -0.095040 -0.190972
v -2.083199 -0.096225 -0.189895
v -2.075150 -0.096226 -0.216895
v -2.072245 -0.094548 -0.218260
v -2.073335 -0.096226 -0.221279
v -2.074170 -0.095040 -0.217721
v -2.073993 -0.095257 -0.218984
v -2.073225 -0.095040 -0.220002
v -2.074332 -0.096226 -0.219124
v -2.061171 -0.096226 -0.244035
v -2.058056 -0.094548 -0.244807
v -2.058535 -0.096226 -0.247981
v -2.060049 -0.095040 -0.244654
v -2.059628 -0.095257 -0.245858
v -2.058677 -0.095040 -0.246707
v -2.059934 -0.096226 -0.246062
v -2.042166 -0.096226 -0.267927
v -2.038960 -0.094548 -0.268076
v -2.038811 -0.096226 -0.271282
v -2.040944 -0.095040 -0.268314
v -2.040297 -0.095257 -0.269413
v -2.039198 -0.095040 -0.270060
v -2.040556 -0.096226 -0.269673
v -2.018864 -0.096226 -0.287651
v -2.015691 -0.094548 -0.287172
v -2.014919 -0.096226 -0.290287
v -2.017591 -0.095040 -0.287793
v -2.016742 -0.095257 -0.288745
v -2.015538 -0.095040 -0.289165
v -2.016946 -0.096226 -0.289050
v -1.992163 -0.096226 -0.302451
v -1.989144 -0.094549 -0.301362
v -1.987779 -0.096226 -0.304267
v -1.990886 -0.095040 -0.302342
v -1.989868 -0.095257 -0.303109
v -1.988605 -0.095040 -0.303287
v -1.990008 -0.096226 -0.303448
v -1.963087 -0.096226 -0.311757
v -1.960338 -0.094549 -0.310100
v -1.958433 -0.096226 -0.312683
v -1.961856 -0.095040 -0.311401
v -1.960707 -0.095257 -0.311955
v -1.959434 -0.095040 -0.311882
v -1.960779 -0.096226 -0.312315
v -1.923801 -0.117734 -0.009777
v -1.930381 -0.117186 -0.010123
v -1.917475 -0.119356 -0.008752
v -1.911644 -0.121991 -0.007087
v -1.906533 -0.125537 -0.004847
v -1.902339 -0.129857 -0.002117
v -1.899222 -0.134786 0.000998
v -1.897303 -0.140135 0.004378
v -1.896655 -0.145697 0.007892
v -1.897303 -0.151259 0.011407
v -1.899222 -0.156608 0.014786
v -1.902339 -0.161537 0.017901
v -1.906533 -0.165857 0.020631
v -1.911644 -0.169403 0.022871
v -1.917475 -0.172038 0.024536
v -1.923801 -0.173660 0.025561
v -1.930381 -0.174208 0.025907
v -1.936960 -0.173660 0.025561
v -1.943287 -0.172038 0.024536
v -1.949118 -0.169403 0.022871
v -1.954229 -0.165857 0.020631
v -1.958423 -0.161537 0.017901
v -1.961539 -0.156608 0.014786
v -1.963459 -0.151259 0.011407
v -1.964107 -0.145697 0.007892
v -1.963459 -0.140135 0.004378
v -1.961539 -0.134786 0.000998
v -1.958423 -0.129857 -0.002117
v -1.954229 -0.125537 -0.004847
v -1.949118 -0.121991 -0.007087
v -1.943287 -0.119356 -0.008752
v -1.936960 -0.117734 -0.009777
v -1.922634 -0.071027 0.054786
v -1.929198 -0.070352 0.054366
v -1.916351 -0.072674 0.056016
v -1.910588 -0.075230 0.058009
v -1.905568 -0.078597 0.060689
v -1.901484 -0.082644 0.063952
v -1.898493 -0.087217 0.067673
v -1.896709 -0.092140 0.071710
v -1.896201 -0.097223 0.075907
v -1.896988 -0.102272 0.080102
v -1.899041 -0.107092 0.084135
v -1.902281 -0.111498 0.087850
v -1.906582 -0.115321 0.091105
v -1.911780 -0.118414 0.093775
v -1.917675 -0.120657 0.095757
v -1.924040 -0.121966 0.096974
v -1.930631 -0.122288 0.097381
v -1.937194 -0.121613 0.096961
v -1.943478 -0.119966 0.095731
v -1.949241 -0.117410 0.093738
v -1.954260 -0.114044 0.091059
v -1.958344 -0.109996 0.087795
v -1.961336 -0.105423 0.084074
v -1.963120 -0.100500 0.080038
v -1.963628 -0.095417 0.075841
v -1.962840 -0.090368 0.071646
v -1.960787 -0.085548 0.067613
v -1.957548 -0.081142 0.063898
v -1.953247 -0.077319 0.060643
v -1.948049 -0.074227 0.057973
v -1.942154 -0.071983 0.055991
v -1.935789 -0.070675 0.054773
v -1.962835 -0.129485 0.028581
v -1.961977 -0.124755 0.024041
v -1.901707 -0.145189 0.042110
v -1.906061 -0.148732 0.045601
v -1.959857 -0.120253 0.019688
v -1.911303 -0.151582 0.048450
v -1.956557 -0.116151 0.015690
v -1.917229 -0.153628 0.050548
v -1.928055 -0.106311 0.005599
v -1.921500 -0.107010 0.006109
v -1.952202 -0.112607 0.012198
v -1.923613 -0.154792 0.051814
v -1.915239 -0.108619 0.007495
v -1.946961 -0.109758 0.009349
v -1.930209 -0.155029 0.052200
v -1.909512 -0.111075 0.009703
v -1.941034 -0.107711 0.007251
v -1.936763 -0.154330 0.051690
v -1.904538 -0.114284 0.012649
v -1.934651 -0.106548 0.005985
v -1.943025 -0.152721 0.050304
v -1.900510 -0.118122 0.016220
v -1.948752 -0.150265 0.048096
v -1.897582 -0.122443 0.020277
v -1.953725 -0.147056 0.045150
v -1.895866 -0.127080 0.024667
v -1.957753 -0.143217 0.041579
v -1.895428 -0.131855 0.029218
v -1.960682 -0.138897 0.037522
v -1.896286 -0.136585 0.033758
v -1.962398 -0.134259 0.033133
v -1.898406 -0.141087 0.038111
v -1.922841 -0.114436 -0.014320
v -1.930482 -0.113800 -0.014722
v -1.915494 -0.116320 -0.013130
v -1.908723 -0.119380 -0.011196
v -1.902788 -0.123497 -0.008595
v -1.897918 -0.128514 -0.005424
v -1.894298 -0.134238 -0.001808
v -1.892070 -0.140449 0.002117
v -1.891317 -0.146909 0.006198
v -1.892070 -0.153368 0.010280
v -1.894298 -0.159579 0.014204
v -1.897918 -0.165303 0.017821
v -1.902788 -0.170320 0.020991
v -1.908723 -0.174437 0.023593
v -1.915494 -0.177497 0.025526
v -1.922841 -0.179381 0.026717
v -1.930482 -0.180017 0.027119
v -1.938122 -0.179381 0.026717
v -1.945469 -0.177497 0.025526
v -1.952240 -0.174437 0.023593
v -1.958175 -0.170320 0.020991
v -1.963045 -0.165303 0.017821
v -1.966665 -0.159579 0.014204
v -1.968893 -0.153368 0.010280
v -1.969646 -0.146909 0.006198
v -1.968893 -0.140449 0.002117
v -1.966665 -0.134238 -0.001808
v -1.963045 -0.128514 -0.005424
v -1.958175 -0.123497 -0.008595
v -1.952240 -0.119380 -0.011196
v -1.945469 -0.116320 -0.013130
v -1.938122 -0.114436 -0.014320
v -1.967346 -0.125829 0.021575
v -1.965677 -0.124875 0.023154
v -1.966817 -0.125176 0.022535
v -1.902339 -0.153604 0.046539
v -1.903281 -0.151730 0.047244
v -1.902606 -0.152710 0.047273
v -1.964904 -0.120596 0.016516
v -1.963298 -0.119865 0.018316
v -1.964386 -0.120010 0.017543
v -1.908418 -0.156921 0.049860
v -1.909133 -0.154947 0.050449
v -1.908622 -0.155994 0.050555
v -1.961092 -0.115824 0.011866
v -1.959616 -0.115305 0.013873
v -1.960603 -0.115304 0.012956
v -1.915295 -0.159305 0.052307
v -1.915767 -0.157260 0.052813
v -1.915429 -0.158354 0.052974
v -1.920452 -0.105124 0.000659
v -1.920626 -0.105136 0.003214
v -1.920417 -0.104794 0.001944
v -1.956056 -0.111698 0.007803
v -1.954770 -0.111365 0.009993
v -1.955614 -0.111236 0.008950
v -1.922705 -0.160665 0.053788
v -1.922923 -0.158577 0.054240
v -1.922766 -0.159698 0.054435
v -1.913172 -0.106980 0.002256
v -1.913662 -0.106925 0.004756
v -1.913234 -0.106636 0.003529
v -1.949989 -0.108376 0.004482
v -1.948942 -0.108195 0.006824
v -1.949609 -0.107964 0.005679
v -1.930364 -0.160947 0.054245
v -1.930322 -0.158844 0.054674
v -1.930349 -0.159973 0.054881
v -1.906506 -0.109825 0.004811
v -1.907291 -0.109657 0.007213
v -1.906660 -0.109450 0.006059
v -1.943123 -0.105984 0.002031
v -1.942353 -0.105918 0.004488
v -1.942817 -0.105613 0.003268
v -1.937977 -0.160143 0.053661
v -1.937672 -0.158051 0.054097
v -1.937885 -0.159169 0.054295
v -1.900711 -0.113548 0.008226
v -1.901757 -0.113226 0.010488
v -1.900950 -0.113130 0.009436
v -1.935721 -0.104617 0.000546
v -1.935254 -0.104622 0.003077
v -1.935499 -0.104273 0.001810
v -1.945251 -0.158283 0.052059
v -1.944687 -0.156231 0.052532
v -1.945081 -0.157317 0.052701
v -1.896012 -0.118006 0.012370
v -1.897268 -0.117494 0.014455
v -1.896321 -0.117532 0.013529
v -1.951907 -0.155438 0.049500
v -1.951090 -0.153455 0.050043
v -1.951661 -0.154489 0.050161
v -1.892590 -0.123027 0.017083
v -1.893993 -0.122301 0.018964
v -1.892951 -0.122489 0.018182
v -1.957690 -0.151718 0.046083
v -1.956634 -0.149836 0.046729
v -1.957371 -0.150796 0.046772
v -1.890576 -0.128417 0.022184
v -1.892058 -0.127466 0.023844
v -1.890969 -0.127811 0.023217
v -1.962378 -0.147265 0.041940
v -1.961106 -0.145516 0.042721
v -1.961992 -0.146380 0.042668
v -1.890048 -0.133970 0.027475
v -1.891537 -0.132793 0.028912
v -1.890451 -0.133294 0.028440
v -1.965791 -0.142251 0.037231
v -1.964338 -0.140666 0.038179
v -1.965347 -0.141413 0.038006
v -1.891026 -0.139470 0.032755
v -1.892455 -0.138081 0.033976
v -1.891419 -0.138729 0.033653
v -1.967798 -0.136869 0.032135
v -1.966212 -0.135476 0.033277
v -1.967309 -0.136086 0.032966
v -1.893472 -0.144707 0.037819
v -1.894782 -0.143128 0.038842
v -1.893837 -0.143907 0.038656
v -1.966662 -0.130145 0.028204
v -1.968323 -0.131324 0.026849
v -1.967805 -0.130603 0.027743
v -1.898436 -0.147738 0.043323
v -1.897293 -0.149480 0.042474
v -1.897614 -0.148628 0.043255
v -1.927917 -0.104358 0.002647
v -1.928066 -0.104326 0.000082
v -1.927936 -0.103996 0.001363
v -1.924154 -0.076306 0.059187
v -1.929347 -0.075772 0.058855
v -1.919181 -0.077609 0.060160
v -1.914622 -0.079632 0.061738
v -1.910650 -0.082296 0.063858
v -1.907418 -0.085498 0.066440
v -1.905051 -0.089117 0.069385
v -1.903639 -0.093012 0.072579
v -1.903237 -0.097035 0.075900
v -1.903860 -0.101030 0.079219
v -1.905485 -0.104844 0.082410
v -1.908048 -0.108331 0.085350
v -1.911452 -0.111356 0.087926
v -1.915565 -0.113803 0.090039
v -1.920229 -0.115578 0.091607
v -1.925266 -0.116613 0.092571
v -1.930481 -0.116869 0.092893
v -1.935675 -0.116334 0.092560
v -1.940647 -0.115031 0.091587
v -1.945207 -0.113009 0.090010
v -1.949179 -0.110345 0.087890
v -1.952411 -0.107142 0.085307
v -1.954778 -0.103523 0.082363
v -1.956190 -0.099628 0.079169
v -1.956592 -0.095605 0.075848
v -1.955969 -0.091610 0.072528
v -1.954344 -0.087796 0.069337
v -1.951781 -0.084310 0.066397
v -1.948377 -0.081285 0.063821
v -1.944264 -0.078838 0.061709
v -1.939600 -0.077062 0.060141
v -1.934563 -0.076027 0.059177
v -1.924321 -0.082821 0.051316
v -1.929514 -0.082286 0.050984
v -1.919348 -0.084124 0.052289
v -1.914788 -0.086146 0.053866
v -1.910816 -0.088810 0.055987
v -1.907585 -0.092013 0.058569
v -1.905217 -0.095632 0.061513
v -1.903806 -0.099527 0.064708
v -1.903404 -0.103550 0.068028
v -1.904027 -0.107545 0.071348
v -1.905651 -0.111359 0.074539
v -1.908215 -0.114845 0.077479
v -1.911618 -0.117870 0.080055
v -1.915732 -0.120317 0.082167
v -1.920396 -0.122093 0.083736
v -1.925433 -0.123128 0.084699
v -1.930648 -0.123383 0.085021
v -1.935842 -0.122849 0.084689
v -1.940814 -0.121546 0.083716
v -1.945374 -0.119523 0.082139
v -1.949346 -0.116859 0.080018
v -1.952578 -0.113657 0.077436
v -1.954945 -0.110038 0.074491
v -1.956357 -0.106143 0.071297
v -1.956759 -0.102120 0.067976
v -1.956136 -0.098125 0.064657
v -1.954511 -0.094311 0.061466
v -1.951948 -0.090824 0.058526
v -1.948544 -0.087799 0.055950
v -1.944431 -0.085352 0.053837
v -1.939766 -0.083577 0.052269
v -1.934730 -0.082542 0.051306
v -1.926962 -0.091997 0.058967
v -1.929774 -0.091708 0.058787
v -1.924270 -0.092703 0.059494
v -1.921800 -0.093798 0.060348
v -1.919650 -0.095241 0.061496
v -1.917900 -0.096975 0.062894
v -1.916618 -0.098934 0.064489
v -1.915853 -0.101044 0.066218
v -1.915636 -0.103222 0.068016
v -1.915973 -0.105385 0.069814
v -1.916853 -0.107451 0.071542
v -1.918241 -0.109338 0.073134
v -1.920084 -0.110976 0.074529
v -1.922311 -0.112302 0.075673
v -1.924837 -0.113263 0.076522
v -1.927564 -0.113823 0.077044
v -1.930388 -0.113962 0.077218
v -1.933201 -0.113672 0.077038
v -1.935893 -0.112967 0.076511
v -1.938362 -0.111871 0.075657
v -1.940513 -0.110429 0.074509
v -1.942263 -0.108695 0.073111
v -1.943545 -0.106735 0.071516
v -1.944309 -0.104626 0.069786
v -1.944527 -0.102448 0.067988
v -1.944190 -0.100284 0.066191
v -1.943310 -0.098219 0.064463
v -1.941922 -0.096331 0.062871
v -1.940079 -0.094693 0.061476
v -1.937852 -0.093368 0.060332
v -1.935326 -0.092407 0.059483
v -1.932598 -0.091846 0.058961
v -1.927715 -0.121378 0.023467
v -1.930527 -0.121089 0.023287
v -1.925022 -0.122084 0.023994
v -1.922553 -0.123179 0.024848
v -1.920402 -0.124621 0.025997
v -1.918652 -0.126356 0.027395
v -1.917371 -0.128315 0.028989
v -1.916606 -0.130424 0.030719
v -1.916389 -0.132603 0.032517
v -1.916726 -0.134766 0.034315
v -1.917606 -0.136831 0.036043
v -1.918994 -0.138719 0.037634
v -1.920837 -0.140357 0.039029
v -1.923064 -0.141682 0.040173
v -1.925590 -0.142643 0.041022
v -1.928317 -0.143204 0.041544
v -1.931141 -0.143342 0.041718
v -1.933954 -0.143053 0.041539
v -1.936646 -0.142347 0.041012
v -1.939115 -0.141252 0.040158
v -1.941266 -0.139810 0.039009
v -1.943016 -0.138075 0.037611
v -1.944298 -0.136116 0.036017
v -1.945062 -0.134007 0.034287
v -1.945280 -0.131828 0.032489
v -1.944942 -0.129665 0.030691
v -1.944063 -0.127600 0.028963
v -1.942675 -0.125712 0.027371
v -1.940832 -0.124074 0.025977
v -1.938604 -0.122749 0.024833
v -1.936079 -0.121788 0.023984
v -1.933351 -0.121227 0.023462
vn -0.1680 0.5108 -0.8431
vn -0.0003 0.4493 -0.8934
vn -0.1745 0.4494 -0.8761
vn 0.1673 0.5116 -0.8428
vn 0.3415 0.4492 -0.8256
vn 0.1739 0.4493 -0.8763
vn 0.3284 0.5120 -0.7937
vn 0.4960 0.4492 -0.7431
vn 0.4767 0.5125 -0.7142
vn 0.6315 0.4491 -0.6321
vn 0.6067 0.5130 -0.6072
vn 0.7427 0.4490 -0.4967
vn 0.7133 0.5135 -0.4770
vn 0.8254 0.4490 -0.3423
vn 0.7924 0.5139 -0.3286
vn 0.8763 0.4489 -0.1746
vn 0.9807 0.0125 -0.1951
vn 1.0000 -0.0070 -0.0000
vn 0.9808 -0.0070 -0.1951
vn 0.9999 0.0125 -0.0000
vn 0.9808 -0.0070 0.1951
vn 0.9807 0.0125 0.1951
vn 0.9239 -0.0070 0.3827
vn 0.9238 0.0125 0.3827
vn 0.8314 -0.0070 0.5556
vn 0.7430 0.4488 0.4964
vn 0.6061 0.5151 0.6061
vn 0.6318 0.4488 0.6319
vn 0.4761 0.5150 0.7128
vn 0.4964 0.4489 0.7431
vn 0.3279 0.5148 0.7921
vn 0.3418 0.4489 0.8256
vn 0.1670 0.5145 0.8411
vn 0.1741 0.4489 0.8765
vn -0.0003 0.5141 0.8577
vn -0.0003 0.4490 0.8936
vn -0.1677 0.5137 0.8414
vn -0.1747 0.4490 0.8763
vn -0.3288 0.5133 0.7927
vn -0.3423 0.4491 0.8253
vn -0.4773 0.5128 0.7136
vn -0.4967 0.4491 0.7427
vn -0.6075 0.5124 0.6070
vn -0.6320 0.4492 0.6315
vn -0.7145 0.5119 0.4770
vn -0.7431 0.4492 0.4960
vn -0.7940 0.5114 0.3285
vn -0.8255 0.4493 0.3416
vn -0.8431 0.5111 0.1674
vn -0.8763 0.4493 0.1740
vn -0.8597 0.5107 -0.0002
vn -0.8933 0.4494 -0.0002
vn -0.8433 0.5105 -0.1679
vn -0.8761 0.4494 -0.1745
vn -0.7945 0.5103 -0.3292
vn -0.8253 0.4494 -0.3420
vn -0.7151 0.5102 -0.4778
vn -0.7427 0.4494 -0.4963
vn -0.6317 0.4494 -0.6316
vn -0.6082 0.5102 -0.6081
vn -0.4964 0.4494 -0.7427
vn -0.4779 0.5104 -0.7150
vn -0.3421 0.4494 -0.8252
vn -0.0000 1.0000 -0.0000
vn 0.0891 0.9871 -0.1333
vn 0.0613 0.9871 -0.1481
vn -0.3292 0.5106 -0.7943
vn -0.0003 0.5112 -0.8595
vn 0.0775 0.1992 0.9769
vn 0.1145 -0.1992 0.9732
vn 0.1145 0.1992 0.9732
vn -0.0001 0.2206 -0.9754
vn 0.1923 0.1671 -0.9670
vn -0.0001 0.1672 -0.9859
vn 0.9567 0.2203 0.1902
vn 0.9109 0.1669 0.3773
vn 0.9670 0.1669 0.1923
vn -0.3733 0.2207 -0.9011
vn -0.1924 0.1672 -0.9670
vn -0.3773 0.1672 -0.9109
vn 0.7920 0.5150 0.3279
vn 0.8256 0.4489 0.3419
vn -0.3827 0.0126 -0.9238
vn -0.1951 -0.0071 -0.9808
vn -0.3827 -0.0071 -0.9239
vn -0.5419 0.2207 -0.8109
vn -0.5478 0.1672 -0.8198
vn -0.5555 0.0126 -0.8314
vn -0.5556 -0.0071 -0.8314
vn -0.6897 0.2207 -0.6897
vn -0.6972 0.1672 -0.6971
vn 0.9012 0.2202 0.3733
vn 0.8198 0.1668 0.5478
vn -0.7071 0.0126 -0.7071
vn -0.7071 -0.0071 -0.7071
vn -0.8110 0.2207 -0.5419
vn -0.8198 0.1672 -0.5478
vn -0.1374 0.7115 -0.6891
vn -0.0011 0.7344 -0.6787
vn -0.0003 0.7138 -0.7003
vn -0.8314 0.0126 -0.5555
vn -0.8314 -0.0071 -0.5556
vn -0.9109 0.1672 -0.3773
vn -0.9239 -0.0071 -0.3827
vn -0.9670 0.1672 -0.1924
vn -0.9011 0.2207 -0.3733
vn 0.9754 0.2203 -0.0001
vn 0.9860 0.1669 -0.0000
vn -0.9808 -0.0071 -0.1951
vn -0.9238 0.0126 -0.3827
vn -0.9859 0.1672 -0.0000
vn -0.9566 0.2207 -0.1903
vn 0.5555 0.0125 -0.8314
vn 0.7071 -0.0071 -0.7071
vn 0.5556 -0.0071 -0.8315
vn -1.0000 -0.0071 -0.0000
vn -0.9807 0.0126 -0.1951
vn -0.9670 0.1672 0.1923
vn -0.9753 0.2207 -0.0001
vn -0.9808 -0.0071 0.1951
vn -0.9999 0.0126 -0.0000
vn -0.9109 0.1671 0.3772
vn -0.9566 0.2206 0.1902
vn 0.9567 0.2203 -0.1904
vn 0.9670 0.1669 -0.1924
vn -0.9239 -0.0071 0.3827
vn -0.9807 0.0126 0.1951
vn -0.8198 0.1671 0.5477
vn -0.9012 0.2206 0.3732
vn 0.9238 0.0125 -0.3827
vn 0.9239 -0.0070 -0.3827
vn -0.8315 -0.0071 0.5556
vn -0.9238 0.0126 0.3827
vn -0.6972 0.1671 0.6971
vn -0.8111 0.2206 0.5418
vn -0.7071 -0.0071 0.7071
vn -0.8314 0.0126 0.5555
vn -0.5478 0.1670 0.8198
vn -0.6898 0.2205 0.6896
vn 0.8411 0.5143 -0.1676
vn 0.8936 0.4489 -0.0002
vn -0.5556 -0.0071 0.8314
vn -0.7071 0.0125 0.7071
vn -0.3774 0.1670 0.9109
vn -0.5420 0.2205 0.8109
vn 0.6667 0.7333 -0.1330
vn 0.6534 0.7570 -0.0008
vn 0.6777 0.7353 -0.0003
vn -0.3827 -0.0071 0.9239
vn -0.5555 0.0125 0.8314
vn -0.1924 0.1670 0.9670
vn -0.3734 0.2204 0.9011
vn -0.1951 -0.0071 0.9808
vn -0.3827 0.0125 0.9238
vn -0.0001 0.1669 0.9860
vn -0.1904 0.2204 0.9567
vn 0.8314 0.0125 -0.5555
vn 0.8314 -0.0071 -0.5556
vn -0.0000 -0.0071 1.0000
vn -0.1951 0.0125 0.9807
vn 0.1923 0.1669 0.9670
vn -0.0001 0.2203 0.9754
vn 0.6303 0.7310 -0.2615
vn 0.6430 0.7549 -0.1289
vn 0.1951 -0.0070 0.9808
vn -0.0000 0.0125 0.9999
vn 0.3773 0.1669 0.9109
vn 0.1902 0.2203 0.9567
vn 0.3827 -0.0070 0.9239
vn 0.1951 0.0125 0.9807
vn 0.5478 0.1669 0.8198
vn 0.3732 0.2203 0.9012
vn 0.7071 0.0125 -0.7071
vn 0.5556 -0.0070 0.8315
vn 0.3827 0.0125 0.9238
vn 0.6972 0.1668 0.6972
vn 0.5419 0.2203 0.8111
vn 0.5695 0.7283 -0.3811
vn 0.6081 0.7524 -0.2531
vn 0.7071 -0.0070 0.7071
vn 0.5555 0.0125 0.8314
vn 0.6897 0.2202 0.6898
vn 0.7071 0.0125 0.7071
vn 0.5403 0.7601 0.3609
vn 0.4770 0.7382 0.4771
vn 0.5608 0.7383 0.3747
vn 0.8574 0.5146 -0.0002
vn 0.8765 0.4489 0.1742
vn 0.6237 0.7378 0.2582
vn 0.4864 0.7254 -0.4870
vn 0.5497 0.7496 -0.3688
vn 0.6631 0.7368 0.1317
vn 0.6010 0.7596 0.2486
vn 0.6392 0.7586 0.1266
vn 0.3827 0.0126 -0.9238
vn 0.3827 -0.0071 -0.9239
vn 0.9011 0.2204 -0.3734
vn 0.9109 0.1669 -0.3774
vn 0.3838 0.7224 -0.5752
vn 0.4696 0.7465 -0.4714
vn 0.8110 0.2204 -0.5420
vn 0.8198 0.1670 -0.5478
vn 0.6896 0.2205 -0.6898
vn 0.6971 0.1670 -0.6972
vn 0.1951 0.0126 -0.9807
vn 0.1951 -0.0071 -0.9808
vn 0.5418 0.2205 -0.8111
vn 0.5477 0.1671 -0.8198
vn 0.2654 0.7194 -0.6419
vn 0.3705 0.7434 -0.5569
vn 0.3732 0.2205 -0.9012
vn 0.3772 0.1671 -0.9109
vn 0.1902 0.2206 -0.9566
vn 0.1307 0.7372 -0.6630
vn 0.1357 0.7165 -0.6843
vn -0.1951 0.0126 -0.9807
vn -0.0000 -0.0071 -1.0000
vn -0.1904 0.2207 -0.9566
vn 0.4594 0.7600 0.4597
vn 0.3750 0.7375 0.5616
vn 0.3612 0.7593 0.5413
vn 0.2587 0.7364 0.6252
vn 0.2490 0.7581 0.6028
vn 0.1320 0.7347 0.6654
vn 0.1268 0.7563 0.6418
vn -0.0004 0.7326 0.6807
vn -0.0010 0.7541 0.6568
vn -0.1337 0.7301 0.6701
vn -0.1298 0.7515 0.6469
vn -0.2630 0.7273 0.6339
vn -0.2549 0.7486 0.6121
vn -0.3834 0.7244 0.5730
vn -0.3714 0.7455 0.5535
vn -0.4900 0.7213 0.4894
vn -0.4747 0.7423 0.4729
vn -0.5787 0.7184 0.3861
vn -0.5607 0.7391 0.3732
vn -0.6456 0.7155 0.2670
vn -0.6257 0.7362 0.2579
vn -0.6878 0.7130 0.1365
vn -0.6668 0.7335 0.1316
vn -0.7034 0.7108 -0.0003
vn -0.6821 0.7312 -0.0008
vn -0.6915 0.7091 -0.1377
vn -0.6707 0.7295 -0.1340
vn -0.6524 0.7080 -0.2704
vn -0.6330 0.7283 -0.2625
vn -0.5876 0.7075 -0.3927
vn -0.4850 0.7279 -0.4847
vn -0.4997 0.7076 -0.4996
vn -0.3809 0.7286 -0.5692
vn -0.3923 0.7083 -0.5869
vn -0.2621 0.7300 -0.6311
vn -0.2698 0.7096 -0.6508
vn -0.1338 0.7320 -0.6681
vn 0.2561 0.7402 -0.6217
vn -0.0000 -1.0000 -0.0000
vn -0.1096 -0.9937 -0.0218
vn 0.9430 0.1992 -0.2666
vn 0.9322 -0.1992 -0.3022
vn 0.9322 0.1992 -0.3022
vn -0.1118 -0.9937 -0.0000
vn -0.1096 -0.9937 0.0218
vn -0.9769 0.1992 0.0775
vn -0.9732 -0.1992 0.1145
vn -0.9732 0.1992 0.1145
vn 0.2666 0.1992 0.9430
vn 0.3022 -0.1992 0.9322
vn 0.3022 0.1992 0.9322
vn -0.1033 -0.9937 0.0428
vn 0.8729 0.1992 -0.4455
vn 0.8553 -0.1992 -0.4783
vn 0.8553 0.1992 -0.4783
vn -0.0929 -0.9937 0.0621
vn -0.0775 0.1992 -0.9769
vn -0.1145 -0.1992 -0.9732
vn -0.1145 0.1992 -0.9732
vn -0.0621 -0.9937 0.0929
vn -0.0790 -0.9937 0.0790
vn -0.9430 0.1992 0.2666
vn -0.9322 -0.1992 0.3022
vn -0.9322 0.1992 0.3022
vn 0.4455 0.1992 0.8728
vn 0.4783 -0.1992 0.8553
vn 0.4783 0.1992 0.8553
vn 0.7692 0.1992 -0.6072
vn 0.7456 -0.1992 -0.6359
vn 0.7456 0.1992 -0.6359
vn -0.0218 -0.9937 0.1096
vn -0.0428 -0.9937 0.1033
vn -0.2666 0.1992 -0.9430
vn -0.3022 -0.1992 -0.9322
vn -0.3022 0.1992 -0.9322
vn -0.0000 -0.9937 0.1118
vn -0.8729 0.1992 0.4455
vn -0.8553 -0.1992 0.4783
vn -0.8553 0.1992 0.4783
vn 0.6072 0.1992 0.7692
vn 0.6359 -0.1992 0.7456
vn 0.6359 0.1992 0.7456
vn 0.6359 0.1992 -0.7456
vn 0.6072 -0.1992 -0.7692
vn 0.6072 0.1992 -0.7692
vn 0.0218 -0.9937 0.1096
vn -0.4455 0.1992 -0.8728
vn -0.4783 -0.1992 -0.8553
vn -0.4783 0.1992 -0.8553
vn 0.0428 -0.9937 0.1033
vn -0.7692 0.1992 0.6072
vn -0.7456 -0.1992 0.6359
vn -0.7456 0.1992 0.6359
vn 0.7456 0.1992 0.6359
vn 0.7692 -0.1992 0.6072
vn 0.7692 0.1992 0.6072
vn 0.0621 -0.9937 0.0929
vn 0.4783 0.1992 -0.8553
vn 0.4455 -0.1992 -0.8728
vn 0.4455 0.1992 -0.8728
vn 0.0929 -0.9937 0.0621
vn 0.0790 -0.9937 0.0790
vn -0.6072 0.1992 -0.7692
vn -0.6359 -0.1992 -0.7456
vn -0.6359 0.1992 -0.7456
vn 0.0929 0.9937 -0.0621
vn 0.0218 0.9937 0.1096
vn 0.0428 0.9937 0.1033
vn -0.1096 0.9937 0.0218
vn -0.0000 0.9937 -0.1118
vn -0.0218 0.9937 -0.1096
vn 0.0218 0.9937 -0.1096
vn 0.1033 0.9937 0.0428
vn -0.0621 0.9937 0.0929
vn -0.0621 0.9937 -0.0929
vn -0.0790 0.9937 -0.0790
vn 0.1096 0.9937 -0.0218
vn 0.1033 0.9937 -0.0428
vn -0.0000 0.9937 0.1118
vn -0.1118 0.9937 -0.0000
vn 0.0428 0.9937 -0.1033
vn 0.0929 0.9937 0.0621
vn -0.0929 0.9937 0.0621
vn -0.0790 0.9937 0.0790
vn -0.1096 0.9937 -0.0218
vn 0.0621 0.9937 -0.0929
vn 0.0621 0.9937 0.0929
vn 0.0790 0.9937 0.0790
vn -0.0428 0.9937 -0.1033
vn 0.1118 0.9937 -0.0000
vn -0.0218 0.9937 0.1096
vn -0.1033 0.9937 -0.0428
vn 0.0790 0.9937 -0.0790
vn -0.1033 0.9937 0.0428
vn -0.0000 -0.9937 -0.1118
vn 0.0218 -0.9937 -0.1096
vn 0.1096 0.9937 0.0218
vn -0.0428 0.9937 0.1033
vn -0.0929 0.9937 -0.0621
vn -0.9732 0.1992 -0.1145
vn -0.9769 -0.1992 -0.0775
vn -0.9769 0.1992 -0.0775
vn -0.1033 -0.9937 -0.0428
vn -0.0929 -0.9937 -0.0621
vn 0.9769 0.1992 -0.0775
vn 0.9732 -0.1992 -0.1145
vn 0.9732 0.1992 -0.1145
vn -0.0790 -0.9937 -0.0790
vn -0.1145 0.1992 0.9732
vn -0.0775 -0.1992 0.9769
vn -0.0775 0.1992 0.9769
vn -0.9322 0.1992 -0.3022
vn -0.9430 -0.1992 -0.2666
vn -0.9430 0.1992 -0.2666
vn -0.0621 -0.9937 -0.0929
vn 0.0621 -0.9937 -0.0929
vn -0.0428 -0.9937 -0.1033
vn 0.9732 0.1992 0.1145
vn 0.9769 -0.1992 0.0775
vn 0.9769 0.1992 0.0775
vn 0.0790 -0.9937 -0.0790
vn -0.0218 -0.9937 -0.1096
vn -0.3022 0.1992 0.9322
vn -0.2666 -0.1992 0.9430
vn -0.2666 0.1992 0.9430
vn 0.0929 -0.9937 -0.0621
vn 0.1145 0.1992 -0.9732
vn 0.0775 -0.1992 -0.9769
vn 0.0775 0.1992 -0.9769
vn -0.8553 0.1992 -0.4783
vn -0.8729 -0.1992 -0.4455
vn -0.8728 0.1992 -0.4455
vn 0.1033 -0.9937 -0.0428
vn 0.0428 -0.9937 -0.1033
vn 0.1096 -0.9937 -0.0218
vn 0.9322 0.1992 0.3022
vn 0.9430 -0.1992 0.2666
vn 0.9430 0.1992 0.2666
vn -0.4783 0.1992 0.8553
vn -0.4455 -0.1992 0.8728
vn -0.4455 0.1992 0.8728
vn 0.1118 -0.9937 -0.0000
vn -0.7456 0.1992 -0.6359
vn -0.7692 -0.1992 -0.6072
vn -0.7692 0.1992 -0.6072
vn 0.1096 -0.9937 0.0218
vn 0.3022 0.1992 -0.9322
vn 0.2666 -0.1992 -0.9430
vn 0.2666 0.1992 -0.9430
vn 0.1033 -0.9937 0.0428
vn 0.8553 0.1992 0.4783
vn 0.8729 -0.1992 0.4455
vn 0.8728 0.1992 0.4455
vn -0.6359 0.1992 0.7456
vn -0.6072 -0.1992 0.7692
vn -0.6072 0.1992 0.7692
vn 0.0348 0.1653 -0.9856
vn 0.0667 0.6377 -0.7674
vn -0.0348 0.1653 -0.9856
vn 0.0656 0.5632 -0.8237
vn -0.0667 0.6377 -0.7674
vn -0.0469 0.9261 -0.3743
vn -0.0656 0.5632 -0.8237
vn 0.0469 0.9261 -0.3743
vn -0.0000 0.8289 -0.5594
vn 0.1191 0.9261 -0.3579
vn 0.0270 0.9261 -0.3763
vn 0.2251 0.5632 -0.7951
vn 0.1091 0.8289 -0.5486
vn 0.2264 0.1653 -0.9599
vn 0.2151 0.6377 -0.7396
vn 0.0964 0.5632 -0.8207
vn 0.0843 0.6377 -0.7657
vn 0.1581 0.1653 -0.9735
vn 0.2320 0.6377 -0.7345
vn 0.3450 0.1653 -0.9239
vn 0.0999 0.9261 -0.3638
vn 0.2546 0.5632 -0.7861
vn 0.1866 0.9261 -0.3278
vn 0.3758 0.5632 -0.7359
vn 0.2141 0.8289 -0.5168
vn 0.4094 0.1653 -0.8973
vn 0.3553 0.6377 -0.6834
vn 0.3709 0.6377 -0.6751
vn 0.5186 0.1653 -0.8389
vn 0.1689 0.9261 -0.3373
vn 0.4031 0.5632 -0.7214
vn 0.2470 0.9261 -0.2851
vn 0.5122 0.5632 -0.6485
vn 0.3108 0.8289 -0.4651
vn 0.5765 0.1653 -0.8002
vn 0.4818 0.6377 -0.6010
vn 0.4954 0.6377 -0.5898
vn 0.6723 0.1653 -0.7216
vn 0.2315 0.9261 -0.2979
vn 0.5361 0.5632 -0.6289
vn 0.2979 0.9261 -0.2315
vn 0.6289 0.5632 -0.5361
vn 0.3956 0.8289 -0.3956
vn 0.7216 0.1653 -0.6723
vn 0.5898 0.6377 -0.4954
vn 0.6010 0.6377 -0.4818
vn 0.8002 0.1653 -0.5765
vn 0.2851 0.9261 -0.2470
vn 0.6485 0.5632 -0.5122
vn 0.3373 0.9261 -0.1689
vn 0.7214 0.5632 -0.4031
vn 0.4651 0.8289 -0.3108
vn 0.8389 0.1653 -0.5186
vn 0.6751 0.6377 -0.3709
vn 0.6834 0.6377 -0.3553
vn 0.8973 0.1653 -0.4094
vn 0.3278 0.9261 -0.1866
vn 0.7359 0.5632 -0.3758
vn 0.3638 0.9261 -0.0999
vn 0.7861 0.5632 -0.2546
vn 0.5168 0.8289 -0.2141
vn 0.9239 0.1653 -0.3450
vn 0.7345 0.6377 -0.2320
vn 0.3762 0.9261 -0.0270
vn 0.3579 0.9261 -0.1191
vn 0.8207 0.5632 -0.0964
vn 0.5487 0.8289 -0.1091
vn 0.9735 0.1653 -0.1581
vn 0.7656 0.6377 -0.0843
vn 0.9599 0.1653 -0.2264
vn 0.7396 0.6377 -0.2151
vn 0.7951 0.5632 -0.2251
vn 0.3743 0.9261 0.0469
vn 0.3743 0.9261 -0.0469
vn 0.8237 0.5632 0.0656
vn 0.5594 0.8289 -0.0000
vn 0.9856 0.1653 0.0348
vn 0.7674 0.6377 0.0667
vn 0.9856 0.1653 -0.0348
vn 0.7674 0.6377 -0.0667
vn 0.8237 0.5632 -0.0656
vn 0.3579 0.9261 0.1191
vn 0.3763 0.9261 0.0270
vn 0.7951 0.5632 0.2251
vn 0.5487 0.8289 0.1092
vn 0.9599 0.1653 0.2264
vn 0.7396 0.6377 0.2151
vn 0.8207 0.5632 0.0964
vn 0.7656 0.6377 0.0843
vn 0.9735 0.1653 0.1581
vn 0.3278 0.9261 0.1866
vn 0.3638 0.9261 0.0999
vn 0.7359 0.5632 0.3758
vn 0.5168 0.8289 0.2141
vn 0.8973 0.1653 0.4094
vn 0.6834 0.6377 0.3553
vn 0.9239 0.1653 0.3450
vn 0.7345 0.6377 0.2320
vn 0.7861 0.5632 0.2546
vn 0.6751 0.6377 0.3709
vn 0.8389 0.1653 0.5186
vn 0.3373 0.9261 0.1689
vn 0.7214 0.5632 0.4031
vn 0.2851 0.9261 0.2470
vn 0.6485 0.5632 0.5122
vn 0.4651 0.8289 0.3108
vn 0.8002 0.1653 0.5765
vn 0.6010 0.6377 0.4818
vn 0.5898 0.6377 0.4954
vn 0.7216 0.1653 0.6723
vn 0.2979 0.9261 0.2315
vn 0.6289 0.5632 0.5361
vn 0.2315 0.9261 0.2979
vn 0.5361 0.5632 0.6289
vn 0.3955 0.8289 0.3956
vn 0.6723 0.1653 0.7216
vn 0.4954 0.6377 0.5898
vn 0.4818 0.6377 0.6010
vn 0.5765 0.1653 0.8002
vn 0.2470 0.9261 0.2851
vn 0.5122 0.5632 0.6485
vn 0.1689 0.9261 0.3373
vn 0.4031 0.5632 0.7214
vn 0.3108 0.8289 0.4651
vn 0.5186 0.1653 0.8389
vn 0.3708 0.6377 0.6751
vn 0.3553 0.6377 0.6834
vn 0.4094 0.1653 0.8973
vn 0.1866 0.9261 0.3278
vn 0.3758 0.5632 0.7359
vn 0.0999 0.9261 0.3638
vn 0.2546 0.5632 0.7861
vn 0.2141 0.8289 0.5168
vn 0.3450 0.1653 0.9239
vn 0.2320 0.6377 0.7345
vn 0.2151 0.6377 0.7396
vn 0.2264 0.1653 0.9599
vn 0.1191 0.9261 0.3579
vn 0.2251 0.5632 0.7951
vn 0.0270 0.9261 0.3763
vn 0.0964 0.5632 0.8207
vn 0.1091 0.8289 0.5486
vn 0.1581 0.1653 0.9735
vn 0.0843 0.6377 0.7657
vn -0.0469 0.9261 0.3743
vn 0.0469 0.9261 0.3743
vn -0.0656 0.5631 0.8237
vn -0.0000 0.8289 0.5594
vn -0.0348 0.1653 0.9856
vn -0.0667 0.6377 0.7674
vn 0.0348 0.1653 0.9856
vn 0.0667 0.6377 0.7674
vn 0.0656 0.5632 0.8237
vn -0.1191 0.9261 0.3579
vn -0.0270 0.9261 0.3763
vn -0.2251 0.5632 0.7951
vn -0.1091 0.8289 0.5486
vn -0.2264 0.1653 0.9599
vn -0.2151 0.6377 0.7396
vn -0.0964 0.5632 0.8207
vn -0.0843 0.6377 0.7657
vn -0.1581 0.1653 0.9735
vn -0.1866 0.9261 0.3278
vn -0.0999 0.9261 0.3638
vn -0.3758 0.5632 0.7359
vn -0.2141 0.8289 0.5168
vn -0.4094 0.1653 0.8973
vn -0.3553 0.6377 0.6834
vn -0.3450 0.1653 0.9239
vn -0.2320 0.6377 0.7345
vn -0.2546 0.5632 0.7861
vn -0.2470 0.9261 0.2851
vn -0.1689 0.9261 0.3373
vn -0.5122 0.5632 0.6485
vn -0.3108 0.8289 0.4651
vn -0.5765 0.1653 0.8002
vn -0.4818 0.6377 0.6010
vn -0.5186 0.1653 0.8389
vn -0.3709 0.6377 0.6751
vn -0.4031 0.5632 0.7214
vn -0.4954 0.6377 0.5898
vn -0.6723 0.1653 0.7216
vn -0.2315 0.9261 0.2979
vn -0.5361 0.5632 0.6289
vn -0.2979 0.9261 0.2315
vn -0.6289 0.5632 0.5361
vn -0.3956 0.8289 0.3956
vn -0.7216 0.1653 0.6723
vn -0.5898 0.6377 0.4954
vn -0.6010 0.6377 0.4818
vn -0.8002 0.1653 0.5765
vn -0.2851 0.9261 0.2470
vn -0.6485 0.5632 0.5122
vn -0.3373 0.9261 0.1689
vn -0.7214 0.5632 0.4031
vn -0.4651 0.8289 0.3108
vn -0.8389 0.1653 0.5186
vn -0.6751 0.6377 0.3709
vn -0.6834 0.6377 0.3553
vn -0.8973 0.1653 0.4094
vn -0.3278 0.9261 0.1866
vn -0.7359 0.5632 0.3758
vn -0.3638 0.9261 0.0999
vn -0.7861 0.5632 0.2546
vn -0.5168 0.8289 0.2141
vn -0.9239 0.1653 0.3450
vn -0.7345 0.6377 0.2320
vn -0.7396 0.6377 0.2151
vn -0.9599 0.1653 0.2264
vn -0.3579 0.9261 0.1191
vn -0.7951 0.5632 0.2250
vn -0.3763 0.9261 0.0270
vn -0.8207 0.5632 0.0964
vn -0.5487 0.8289 0.1091
vn -0.9735 0.1653 0.1581
vn -0.7656 0.6377 0.0843
vn -0.7674 0.6377 0.0667
vn -0.9856 0.1653 0.0348
vn -0.3743 0.9261 0.0469
vn -0.8237 0.5632 0.0656
vn -0.3743 0.9261 -0.0469
vn -0.8237 0.5632 -0.0656
vn -0.5594 0.8289 -0.0000
vn -0.9856 0.1653 -0.0348
vn -0.7674 0.6377 -0.0667
vn -0.3579 0.9261 -0.1191
vn -0.3763 0.9261 -0.0270
vn -0.7951 0.5632 -0.2251
vn -0.5487 0.8289 -0.1091
vn -0.9599 0.1653 -0.2264
vn -0.7396 0.6377 -0.2151
vn -0.8207 0.5632 -0.0964
vn -0.7657 0.6377 -0.0843
vn -0.9735 0.1653 -0.1581
vn -0.3278 0.9261 -0.1866
vn -0.3638 0.9261 -0.0999
vn -0.7359 0.5632 -0.3758
vn -0.5168 0.8289 -0.2141
vn -0.8973 0.1653 -0.4094
vn -0.6834 0.6377 -0.3553
vn -0.9239 0.1653 -0.3450
vn -0.7345 0.6377 -0.2320
vn -0.7861 0.5632 -0.2546
vn -0.2851 0.9261 -0.2470
vn -0.3373 0.9261 -0.1689
vn -0.6485 0.5632 -0.5122
vn -0.4651 0.8289 -0.3108
vn -0.8002 0.1653 -0.5765
vn -0.6010 0.6377 -0.4818
vn -0.8389 0.1653 -0.5186
vn -0.6751 0.6377 -0.3709
vn -0.7214 0.5632 -0.4031
vn -0.5898 0.6377 -0.4954
vn -0.7216 0.1653 -0.6723
vn -0.2979 0.9261 -0.2315
vn -0.6289 0.5632 -0.5361
vn -0.2315 0.9261 -0.2979
vn -0.5361 0.5632 -0.6289
vn -0.3955 0.8289 -0.3956
vn -0.6723 0.1653 -0.7216
vn -0.4954 0.6377 -0.5898
vn -0.4818 0.6377 -0.6010
vn -0.5765 0.1653 -0.8002
vn -0.2470 0.9261 -0.2851
vn -0.5122 0.5632 -0.6485
vn -0.1689 0.9261 -0.3373
vn -0.4031 0.5632 -0.7214
vn -0.3108 0.8289 -0.4651
vn -0.5186 0.1653 -0.8389
vn -0.3708 0.6377 -0.6751
vn -0.3553 0.6377 -0.6834
vn -0.4094 0.1653 -0.8973
vn -0.1866 0.9261 -0.3278
vn -0.3758 0.5632 -0.7359
vn -0.0999 0.9261 -0.3638
vn -0.2546 0.5632 -0.7861
vn -0.2141 0.8289 -0.5168
vn -0.3450 0.1653 -0.9239
vn -0.2320 0.6377 -0.7345
vn -0.2151 0.6377 -0.7396
vn -0.2264 0.1653 -0.9599
vn -0.1191 0.9261 -0.3579
vn -0.2251 0.5632 -0.7951
vn -0.0270 0.9261 -0.3763
vn -0.0964 0.5632 -0.8207
vn -0.1091 0.8289 -0.5486
vn -0.1581 0.1653 -0.9735
vn -0.0843 0.6377 -0.7657
vn -0.0469 -0.9261 -0.3743
vn 0.0469 -0.9261 -0.3743
vn -0.0656 -0.5631 -0.8237
vn -0.0000 -0.8289 -0.5594
vn -0.0348 -0.1653 -0.9856
vn -0.0667 -0.6377 -0.7674
vn -0.0775 -0.1992 -0.9769
vn 0.0656 -0.5631 -0.8237
vn 0.0667 -0.6377 -0.7674
vn 0.0348 -0.1653 -0.9856
vn 0.1581 -0.1653 -0.9735
vn 0.0843 -0.6377 -0.7656
vn 0.1145 -0.1992 -0.9732
vn 0.2251 -0.5632 -0.7951
vn 0.0964 -0.5632 -0.8207
vn 0.2151 -0.6377 -0.7396
vn 0.2264 -0.1653 -0.9599
vn 0.1191 -0.9261 -0.3579
vn 0.0270 -0.9261 -0.3763
vn 0.1091 -0.8289 -0.5486
vn 0.3450 -0.1653 -0.9239
vn 0.2320 -0.6377 -0.7345
vn 0.3022 -0.1992 -0.9322
vn 0.4094 -0.1653 -0.8973
vn 0.2546 -0.5632 -0.7861
vn 0.3553 -0.6377 -0.6834
vn 0.1866 -0.9261 -0.3278
vn 0.3758 -0.5632 -0.7359
vn 0.0999 -0.9261 -0.3638
vn 0.2141 -0.8289 -0.5168
vn 0.5186 -0.1653 -0.8389
vn 0.3709 -0.6377 -0.6751
vn 0.4783 -0.1992 -0.8553
vn 0.5765 -0.1653 -0.8002
vn 0.4031 -0.5632 -0.7214
vn 0.4818 -0.6377 -0.6010
vn 0.2470 -0.9261 -0.2851
vn 0.5122 -0.5632 -0.6485
vn 0.1689 -0.9261 -0.3373
vn 0.3108 -0.8289 -0.4651
vn 0.6723 -0.1653 -0.7216
vn 0.4954 -0.6377 -0.5898
vn 0.6359 -0.1992 -0.7456
vn 0.7216 -0.1653 -0.6723
vn 0.5361 -0.5632 -0.6289
vn 0.5898 -0.6377 -0.4954
vn 0.2979 -0.9261 -0.2315
vn 0.6289 -0.5632 -0.5361
vn 0.2315 -0.9261 -0.2979
vn 0.3956 -0.8289 -0.3956
vn 0.8002 -0.1653 -0.5765
vn 0.6010 -0.6377 -0.4818
vn 0.7692 -0.1992 -0.6072
vn 0.7214 -0.5632 -0.4031
vn 0.6485 -0.5631 -0.5122
vn 0.6751 -0.6377 -0.3709
vn 0.8389 -0.1653 -0.5186
vn 0.3373 -0.9261 -0.1689
vn 0.2851 -0.9261 -0.2470
vn 0.4651 -0.8289 -0.3108
vn 0.8973 -0.1653 -0.4094
vn 0.6834 -0.6377 -0.3553
vn 0.8728 -0.1992 -0.4455
vn 0.7861 -0.5632 -0.2546
vn 0.7359 -0.5632 -0.3759
vn 0.7345 -0.6377 -0.2320
vn 0.9239 -0.1653 -0.3450
vn 0.3638 -0.9261 -0.0999
vn 0.3278 -0.9261 -0.1866
vn 0.5168 -0.8289 -0.2141
vn 0.9599 -0.1653 -0.2264
vn 0.7396 -0.6377 -0.2151
vn 0.9430 -0.1992 -0.2666
vn 0.9735 -0.1653 -0.1581
vn 0.7951 -0.5632 -0.2250
vn 0.7657 -0.6377 -0.0843
vn 0.3762 -0.9261 -0.0270
vn 0.8207 -0.5632 -0.0964
vn 0.3579 -0.9261 -0.1191
vn 0.5487 -0.8289 -0.1092
vn 0.9856 -0.1653 -0.0348
vn 0.7674 -0.6377 -0.0667
vn 0.9769 -0.1992 -0.0775
vn 0.9856 -0.1653 0.0348
vn 0.8237 -0.5632 -0.0656
vn 0.7674 -0.6377 0.0667
vn 0.3743 -0.9261 0.0469
vn 0.8237 -0.5632 0.0656
vn 0.3743 -0.9261 -0.0469
vn 0.5594 -0.8289 -0.0000
vn 0.9735 -0.1653 0.1581
vn 0.7656 -0.6377 0.0843
vn 0.9732 -0.1992 0.1145
vn 0.7951 -0.5632 0.2250
vn 0.8207 -0.5632 0.0964
vn 0.7396 -0.6377 0.2151
vn 0.9599 -0.1653 0.2265
vn 0.3579 -0.9261 0.1191
vn 0.3762 -0.9261 0.0270
vn 0.5487 -0.8289 0.1091
vn 0.9239 -0.1653 0.3450
vn 0.7345 -0.6377 0.2320
vn 0.9322 -0.1992 0.3022
vn 0.8973 -0.1653 0.4094
vn 0.7861 -0.5632 0.2546
vn 0.6834 -0.6377 0.3553
vn 0.3278 -0.9261 0.1866
vn 0.7359 -0.5632 0.3758
vn 0.3638 -0.9261 0.0999
vn 0.5168 -0.8289 0.2141
vn 0.8389 -0.1653 0.5186
vn 0.6751 -0.6377 0.3709
vn 0.8553 -0.1992 0.4783
vn 0.8002 -0.1653 0.5765
vn 0.7214 -0.5632 0.4031
vn 0.6010 -0.6377 0.4818
vn 0.2851 -0.9261 0.2470
vn 0.6485 -0.5632 0.5122
vn 0.3373 -0.9261 0.1689
vn 0.4651 -0.8289 0.3108
vn 0.7216 -0.1653 0.6723
vn 0.5898 -0.6377 0.4954
vn 0.7456 -0.1992 0.6359
vn 0.6723 -0.1653 0.7216
vn 0.6289 -0.5632 0.5361
vn 0.4954 -0.6377 0.5898
vn 0.2315 -0.9261 0.2979
vn 0.5361 -0.5631 0.6289
vn 0.2978 -0.9261 0.2315
vn 0.3956 -0.8289 0.3956
vn 0.5765 -0.1653 0.8002
vn 0.4818 -0.6377 0.6010
vn 0.6072 -0.1992 0.7692
vn 0.4031 -0.5632 0.7214
vn 0.5122 -0.5631 0.6485
vn 0.3709 -0.6377 0.6751
vn 0.5186 -0.1653 0.8389
vn 0.1689 -0.9261 0.3373
vn 0.2470 -0.9261 0.2851
vn 0.3108 -0.8289 0.4651
vn 0.4094 -0.1653 0.8973
vn 0.3553 -0.6377 0.6834
vn 0.4455 -0.1992 0.8728
vn 0.2546 -0.5632 0.7861
vn 0.3758 -0.5632 0.7359
vn 0.2320 -0.6377 0.7345
vn 0.3450 -0.1653 0.9239
vn 0.0999 -0.9261 0.3638
vn 0.1866 -0.9261 0.3278
vn 0.2141 -0.8289 0.5168
vn 0.2264 -0.1653 0.9599
vn 0.2151 -0.6377 0.7396
vn 0.2666 -0.1992 0.9430
vn 0.0964 -0.5632 0.8207
vn 0.2251 -0.5632 0.7951
vn 0.0843 -0.6377 0.7656
vn 0.1581 -0.1653 0.9735
vn 0.0270 -0.9261 0.3763
vn 0.1191 -0.9261 0.3579
vn 0.1091 -0.8289 0.5486
vn 0.0348 -0.1653 0.9856
vn 0.0667 -0.6377 0.7674
vn 0.0775 -0.1992 0.9769
vn -0.0348 -0.1653 0.9856
vn 0.0656 -0.5632 0.8237
vn -0.0667 -0.6377 0.7674
vn -0.0469 -0.9261 0.3743
vn -0.0656 -0.5632 0.8237
vn 0.0469 -0.9261 0.3743
vn -0.0000 -0.8289 0.5594
vn -0.1581 -0.1653 0.9735
vn -0.0843 -0.6377 0.7656
vn -0.1145 -0.1992 0.9732
vn -0.2251 -0.5632 0.7951
vn -0.0964 -0.5632 0.8207
vn -0.2151 -0.6377 0.7396
vn -0.2264 -0.1653 0.9599
vn -0.1191 -0.9261 0.3579
vn -0.0270 -0.9261 0.3763
vn -0.1091 -0.8289 0.5486
vn -0.3450 -0.1653 0.9239
vn -0.2320 -0.6377 0.7345
vn -0.3022 -0.1992 0.9322
vn -0.4094 -0.1653 0.8973
vn -0.2546 -0.5632 0.7861
vn -0.3553 -0.6377 0.6834
vn -0.1866 -0.9261 0.3278
vn -0.3758 -0.5632 0.7359
vn -0.0999 -0.9261 0.3638
vn -0.2141 -0.8289 0.5168
vn -0.5186 -0.1653 0.8389
vn -0.3709 -0.6377 0.6751
vn -0.4783 -0.1992 0.8553
vn -0.5765 -0.1653 0.8002
vn -0.4031 -0.5632 0.7214
vn -0.4818 -0.6377 0.6010
vn -0.2470 -0.9261 0.2851
vn -0.5122 -0.5632 0.6485
vn -0.1689 -0.9261 0.3373
vn -0.3108 -0.8289 0.4651
vn -0.6723 -0.1653 0.7216
vn -0.4954 -0.6377 0.5898
vn -0.6359 -0.1992 0.7456
vn -0.7216 -0.1653 0.6723
vn -0.5361 -0.5632 0.6289
vn -0.5898 -0.6377 0.4954
vn -0.2979 -0.9261 0.2315
vn -0.6289 -0.5632 0.5361
vn -0.2315 -0.9261 0.2979
vn -0.3956 -0.8289 0.3956
vn -0.8002 -0.1653 0.5765
vn -0.6010 -0.6377 0.4818
vn -0.7692 -0.1992 0.6072
vn -0.7214 -0.5632 0.4031
vn -0.6485 -0.5631 0.5122
vn -0.6751 -0.6377 0.3709
vn -0.8389 -0.1653 0.5186
vn -0.3373 -0.9261 0.1689
vn -0.2851 -0.9261 0.2470
vn -0.4651 -0.8289 0.3108
vn -0.8973 -0.1653 0.4094
vn -0.6834 -0.6377 0.3553
vn -0.8728 -0.1992 0.4455
vn -0.7861 -0.5632 0.2546
vn -0.7359 -0.5632 0.3759
vn -0.7345 -0.6377 0.2320
vn -0.9239 -0.1653 0.3450
vn -0.3638 -0.9261 0.0999
vn -0.3278 -0.9261 0.1866
vn -0.5168 -0.8289 0.2141
vn -0.9599 -0.1653 0.2264
vn -0.7396 -0.6377 0.2151
vn -0.9430 -0.1992 0.2666
vn -0.8207 -0.5632 0.0964
vn -0.7951 -0.5632 0.2251
vn -0.7657 -0.6377 0.0843
vn -0.9735 -0.1653 0.1581
vn -0.3763 -0.9261 0.0270
vn -0.3579 -0.9261 0.1191
vn -0.5487 -0.8289 0.1092
vn -0.9856 -0.1653 0.0348
vn -0.7674 -0.6377 0.0667
vn -0.9769 -0.1992 0.0775
vn -0.8237 -0.5632 -0.0656
vn -0.8237 -0.5632 0.0656
vn -0.7674 -0.6377 -0.0667
vn -0.9856 -0.1653 -0.0348
vn -0.3743 -0.9261 -0.0469
vn -0.3743 -0.9261 0.0469
vn -0.5594 -0.8289 -0.0000
vn -0.9735 -0.1653 -0.1581
vn -0.7656 -0.6377 -0.0843
vn -0.9732 -0.1992 -0.1145
vn -0.7951 -0.5632 -0.2250
vn -0.8207 -0.5632 -0.0964
vn -0.7396 -0.6377 -0.2151
vn -0.9599 -0.1653 -0.2264
vn -0.3579 -0.9261 -0.1191
vn -0.3763 -0.9261 -0.0270
vn -0.5487 -0.8289 -0.1092
vn -0.9239 -0.1653 -0.3450
vn -0.7345 -0.6377 -0.2320
vn -0.9322 -0.1992 -0.3022
vn -0.8973 -0.1653 -0.4094
vn -0.7861 -0.5632 -0.2546
vn -0.6834 -0.6377 -0.3553
vn -0.3278 -0.9261 -0.1866
vn -0.7359 -0.5632 -0.3758
vn -0.3638 -0.9261 -0.0999
vn -0.5168 -0.8289 -0.2141
vn -0.8389 -0.1653 -0.5186
vn -0.6751 -0.6377 -0.3709
vn -0.8553 -0.1992 -0.4783
vn -0.8002 -0.1653 -0.5765
vn -0.7214 -0.5632 -0.4031
vn -0.6010 -0.6377 -0.4818
vn -0.2851 -0.9261 -0.2470
vn -0.6485 -0.5632 -0.5122
vn -0.3373 -0.9261 -0.1689
vn -0.4651 -0.8289 -0.3108
vn -0.7216 -0.1653 -0.6723
vn -0.5898 -0.6377 -0.4954
vn -0.7456 -0.1992 -0.6359
vn -0.6723 -0.1653 -0.7216
vn -0.6289 -0.5632 -0.5361
vn -0.4954 -0.6377 -0.5898
vn -0.2315 -0.9261 -0.2979
vn -0.5361 -0.5631 -0.6289
vn -0.2978 -0.9261 -0.2315
vn -0.3956 -0.8289 -0.3956
vn -0.5765 -0.1653 -0.8002
vn -0.4818 -0.6377 -0.6010
vn -0.6072 -0.1992 -0.7692
vn -0.4031 -0.5632 -0.7214
vn -0.5122 -0.5631 -0.6485
vn -0.3709 -0.6377 -0.6751
vn -0.5186 -0.1653 -0.8389
vn -0.1689 -0.9261 -0.3373
vn -0.2470 -0.9261 -0.2851
vn -0.3108 -0.8289 -0.4651
vn -0.4094 -0.1653 -0.8973
vn -0.3553 -0.6377 -0.6834
vn -0.4455 -0.1992 -0.8728
vn -0.2546 -0.5632 -0.7861
vn -0.3758 -0.5632 -0.7359
vn -0.2320 -0.6377 -0.7345
vn -0.3450 -0.1653 -0.9239
vn -0.0999 -0.9261 -0.3638
vn -0.1866 -0.9261 -0.3278
vn -0.2141 -0.8289 -0.5168
vn -0.2264 -0.1653 -0.9599
vn -0.2151 -0.6377 -0.7396
vn -0.2666 -0.1992 -0.9430
vn -0.0964 -0.5632 -0.8207
vn -0.2251 -0.5632 -0.7951
vn -0.0843 -0.6377 -0.7656
vn -0.1581 -0.1653 -0.9735
vn -0.0270 -0.9261 -0.3763
vn -0.1191 -0.9261 -0.3579
vn -0.1091 -0.8289 -0.5486
vn -0.0456 0.9722 0.2295
vn -0.0412 0.9942 0.0994
vn -0.0895 0.9722 0.2162
vn 0.2577 -0.2644 -0.9293
vn 0.3020 0.2644 -0.9159
vn 0.3020 -0.2644 -0.9159
vn 0.2577 -0.2644 0.9293
vn 0.3020 0.2644 0.9159
vn 0.2577 0.2644 0.9293
vn 0.1333 0.9871 -0.0891
vn -0.7600 -0.2644 -0.5938
vn -0.7306 0.2644 -0.6295
vn -0.7306 -0.2644 -0.6295
vn 0.1134 0.9871 -0.1134
vn -0.0613 0.9871 -0.1481
vn 0.0715 -0.2644 -0.9618
vn 0.1175 0.2644 -0.9572
vn 0.1175 -0.2644 -0.9572
vn 0.4341 -0.2644 0.8612
vn 0.4749 0.2644 0.8394
vn 0.4341 0.2644 0.8612
vn -0.8612 -0.2644 -0.4341
vn -0.8394 0.2644 -0.4749
vn -0.8394 -0.2644 -0.4749
vn -0.0891 0.9871 -0.1333
vn -0.0313 0.9871 -0.1572
vn -0.1134 0.9871 -0.1134
vn 0.6295 -0.2644 0.7306
vn 0.5938 0.2644 0.7600
vn 0.5938 -0.2644 0.7600
vn 0.0313 0.9871 -0.1572
vn -0.9293 -0.2644 -0.2577
vn -0.9159 0.2644 -0.3020
vn -0.9159 -0.2644 -0.3020
vn -0.1333 0.9871 -0.0891
vn -0.1481 0.9871 -0.0613
vn 0.7600 -0.2644 0.5938
vn 0.7306 0.2644 0.6295
vn 0.7306 -0.2644 0.6295
vn -0.9618 -0.2644 -0.0715
vn -0.9572 0.2644 -0.1175
vn -0.9572 -0.2644 -0.1175
vn -0.1572 0.9871 -0.0313
vn -0.1603 0.9871 -0.0000
vn 0.8394 -0.2644 0.4749
vn 0.8612 0.2644 0.4341
vn 0.8394 0.2644 0.4749
vn -0.9618 -0.2644 0.0715
vn -0.9572 0.2644 0.1175
vn -0.9618 0.2644 0.0715
vn -0.1572 0.9871 0.0313
vn -0.1481 0.9871 0.0613
vn 0.9293 -0.2644 0.2577
vn 0.9159 0.2644 0.3020
vn 0.9159 -0.2644 0.3020
vn -0.9293 -0.2644 0.2577
vn -0.9159 0.2644 0.3020
vn -0.9293 0.2644 0.2577
vn -0.1333 0.9871 0.0891
vn -0.1134 0.9871 0.1134
vn -0.0000 0.9942 -0.1076
vn 0.0007 1.0000 0.0037
vn -0.0000 1.0000 0.0037
vn 0.1945 0.9722 -0.1300
vn 0.0761 0.9942 -0.0761
vn 0.0895 0.9942 -0.0598
vn -0.0000 0.9722 -0.2340
vn -0.0210 0.9942 -0.1056
vn -0.0598 0.9942 0.0895
vn -0.1300 0.9722 0.1945
vn 0.2162 0.9722 -0.0895
vn 0.0994 0.9942 -0.0412
vn -0.0761 0.9942 0.0761
vn -0.1654 0.9722 0.1654
vn 0.2295 0.9722 -0.0456
vn 0.1056 0.9942 -0.0210
vn -0.0895 0.9942 0.0598
vn -0.1945 0.9722 0.1300
vn 0.2340 0.9722 -0.0000
vn 0.1076 0.9942 -0.0000
vn -0.0994 0.9942 0.0412
vn -0.2162 0.9722 0.0895
vn 0.1056 0.9942 0.0210
vn 0.2295 0.9722 0.0456
vn -0.1056 0.9942 0.0210
vn -0.2295 0.9722 0.0456
vn 0.0994 0.9942 0.0412
vn 0.2162 0.9722 0.0895
vn -0.1076 0.9942 -0.0000
vn -0.2340 0.9722 -0.0000
vn 0.0895 0.9942 0.0598
vn 0.1945 0.9722 0.1300
vn -0.2295 0.9722 -0.0456
vn -0.1056 0.9942 -0.0210
vn 0.0761 0.9942 0.0761
vn 0.1654 0.9722 0.1654
vn -0.2162 0.9722 -0.0895
vn -0.0994 0.9942 -0.0412
vn 0.0598 0.9942 0.0895
vn 0.1300 0.9722 0.1945
vn -0.1945 0.9722 -0.1300
vn -0.0895 0.9942 -0.0598
vn 0.0412 0.9942 0.0994
vn 0.0895 0.9722 0.2162
vn 0.0456 0.9722 -0.2295
vn 0.0210 0.9942 -0.1056
vn -0.1654 0.9722 -0.1654
vn -0.0761 0.9942 -0.0761
vn 0.0210 0.9942 0.1056
vn 0.0456 0.9722 0.2295
vn 0.0895 0.9722 -0.2162
vn 0.0412 0.9942 -0.0994
vn -0.1300 0.9722 -0.1945
vn -0.0598 0.9942 -0.0895
vn -0.0000 0.9942 0.1076
vn -0.0000 0.9722 0.2340
vn 0.1300 0.9722 -0.1945
vn 0.0598 0.9942 -0.0895
vn -0.0895 0.9722 -0.2162
vn -0.0412 0.9942 -0.0994
vn -0.0210 0.9942 0.1056
vn 0.1654 0.9722 -0.1654
vn -0.0456 0.9722 -0.2295
vn -0.1707 0.8950 -0.4121
vn -0.0670 0.9392 -0.3368
vn -0.0870 0.8950 -0.4375
vn -0.0933 0.9698 -0.2254
vn -0.0476 0.9698 -0.2392
vn 0.2478 0.8950 -0.3709
vn 0.2428 0.9392 -0.2428
vn 0.3154 0.8950 -0.3154
vn 0.1355 0.9698 -0.2028
vn 0.1725 0.9698 -0.1725
vn -0.0000 0.8950 0.4460
vn -0.0670 0.9392 0.3368
vn -0.0870 0.8950 0.4375
vn -0.0000 0.9392 0.3434
vn -0.0476 0.9698 0.2392
vn -0.0000 0.9698 0.2439
vn -0.1908 0.9392 -0.2855
vn -0.1314 0.9392 -0.3172
vn -0.1355 0.9698 -0.2028
vn 0.1707 0.8950 -0.4121
vn 0.1908 0.9392 -0.2855
vn 0.0933 0.9698 -0.2254
vn 0.0870 0.8950 0.4375
vn 0.0670 0.9392 0.3368
vn 0.0476 0.9698 0.2392
vn -0.2478 0.8950 -0.3709
vn -0.2428 0.9392 -0.2428
vn -0.1725 0.9698 -0.1725
vn 0.0670 0.9392 -0.3368
vn 0.1314 0.9392 -0.3172
vn 0.0476 0.9698 -0.2392
vn 0.1707 0.8950 0.4121
vn 0.1314 0.9392 0.3172
vn 0.0933 0.9698 0.2254
vn -0.3709 0.8950 -0.2478
vn -0.3154 0.8950 -0.3154
vn -0.2028 0.9698 -0.1355
vn -0.0000 0.8950 -0.4460
vn 0.0870 0.8950 -0.4375
vn -0.0000 0.9698 -0.2439
vn 0.1908 0.9392 0.2855
vn 0.1355 0.9698 0.2028
vn -0.4121 0.8950 -0.1707
vn -0.2855 0.9392 -0.1908
vn -0.2254 0.9698 -0.0933
vn 0.3154 0.8950 0.3154
vn 0.2478 0.8950 0.3709
vn 0.2428 0.9392 0.2428
vn 0.1725 0.9698 0.1725
vn -0.3368 0.9392 -0.0670
vn -0.3172 0.9392 -0.1314
vn -0.2392 0.9698 -0.0476
vn 0.3709 0.8950 0.2478
vn 0.2855 0.9392 0.1908
vn 0.2028 0.9698 0.1355
vn -0.4460 0.8950 -0.0000
vn -0.4375 0.8950 -0.0870
vn -0.2439 0.9698 -0.0000
vn 0.4121 0.8950 0.1707
vn 0.3172 0.9392 0.1314
vn 0.2254 0.9698 0.0933
vn -0.4375 0.8950 0.0870
vn -0.3434 0.9392 -0.0000
vn -0.2392 0.9698 0.0476
vn 0.3368 0.9392 0.0670
vn 0.2392 0.9698 0.0476
vn -0.4121 0.8950 0.1707
vn -0.3368 0.9392 0.0670
vn -0.3172 0.9392 0.1314
vn -0.2254 0.9698 0.0933
vn 0.4375 0.8950 0.0870
vn 0.3434 0.9392 -0.0000
vn 0.2439 0.9698 -0.0000
vn -0.2855 0.9392 0.1908
vn -0.2028 0.9698 0.1355
vn 0.4375 0.8950 -0.0870
vn 0.4460 0.8950 -0.0000
vn 0.3368 0.9392 -0.0670
vn 0.2392 0.9698 -0.0476
vn -0.3154 0.8950 0.3154
vn -0.3709 0.8950 0.2478
vn -0.2428 0.9392 0.2428
vn -0.1725 0.9698 0.1725
vn 0.3172 0.9392 -0.1314
vn 0.2254 0.9698 -0.0933
vn -0.1908 0.9392 0.2855
vn -0.1355 0.9698 0.2028
vn 0.3709 0.8950 -0.2478
vn 0.4121 0.8950 -0.1707
vn 0.2028 0.9698 -0.1355
vn -0.1707 0.8950 0.4121
vn -0.2478 0.8950 0.3709
vn -0.1314 0.9392 0.3172
vn -0.0933 0.9698 0.2254
vn -0.0000 0.9392 -0.3434
vn 0.2855 0.9392 -0.1908
vn 0.7071 -0.0000 -0.7071
vn 0.5556 -0.0000 -0.8315
vn 0.0021 1.0000 -0.0031
vn -0.0031 1.0000 0.0021
vn -0.0035 1.0000 0.0014
vn 0.0026 1.0000 -0.0026
vn -0.0037 1.0000 0.0007
vn 0.0031 1.0000 -0.0021
vn -0.0037 1.0000 -0.0000
vn 0.0035 1.0000 -0.0014
vn -0.0037 1.0000 -0.0007
vn 0.0037 1.0000 -0.0007
vn -0.0035 1.0000 -0.0014
vn 0.0037 1.0000 -0.0000
vn -0.0031 1.0000 -0.0021
vn 0.0037 1.0000 0.0007
vn -0.0026 1.0000 -0.0026
vn 0.0035 1.0000 0.0014
vn -0.0021 1.0000 -0.0031
vn 0.0031 1.0000 0.0021
vn -0.0014 1.0000 -0.0035
vn -0.0007 1.0000 0.0037
vn 0.0026 1.0000 0.0026
vn -0.0007 1.0000 -0.0037
vn -0.0014 1.0000 0.0035
vn 0.0021 1.0000 0.0031
vn -0.0000 1.0000 -0.0037
vn -0.0021 1.0000 0.0031
vn 0.0014 1.0000 0.0035
vn 0.0007 1.0000 -0.0037
vn -0.0026 1.0000 0.0026
vn 0.0014 1.0000 -0.0035
vn 0.7587 0.6515 -0.0000
vn 0.6990 0.7015 -0.1390
vn 0.7127 0.7015 -0.0000
vn -0.1951 -0.0000 -0.9808
vn -0.3827 -0.0000 -0.9239
vn -0.1951 -0.0000 0.9808
vn -0.3827 -0.0000 0.9239
vn 0.8315 -0.0000 -0.5556
vn -0.0000 -0.0000 -1.0000
vn -0.5556 -0.0000 0.8315
vn 0.9239 -0.0000 -0.3827
vn -0.7071 -0.0000 0.7071
vn 0.9808 -0.0000 -0.1951
vn -0.8315 -0.0000 0.5556
vn 1.0000 -0.0000 -0.0000
vn -0.9239 -0.0000 0.3827
vn 0.9808 -0.0000 0.1951
vn -0.9808 -0.0000 0.1951
vn 0.9239 -0.0000 0.3827
vn -1.0000 -0.0000 -0.0000
vn 0.8315 -0.0000 0.5556
vn -0.9808 -0.0000 -0.1951
vn 0.7071 -0.0000 0.7071
vn -0.9239 -0.0000 -0.3827
vn 0.5556 -0.0000 0.8315
vn -0.8315 -0.0000 -0.5556
vn 0.3827 -0.0000 0.9239
vn 0.1951 -0.0000 -0.9808
vn -0.7071 -0.0000 -0.7071
vn 0.1951 -0.0000 0.9808
vn 0.3827 -0.0000 -0.9239
vn -0.5556 -0.0000 -0.8315
vn -0.0000 -0.0000 1.0000
vn -0.7009 0.6515 0.2903
vn -0.5926 0.7015 0.3959
vn -0.6584 0.7015 0.2727
vn 0.9768 -0.0905 -0.1943
vn 0.9960 0.0897 -0.0000
vn 0.9959 -0.0905 -0.0000
vn -0.8281 -0.0905 0.5533
vn -0.9202 0.0897 0.3811
vn -0.9201 -0.0905 0.3811
vn 0.9768 0.0897 0.1943
vn 0.9768 -0.0905 0.1943
vn -0.9768 0.0897 0.1943
vn -0.9768 -0.0905 0.1943
vn 0.9202 0.0897 0.3811
vn 0.9201 -0.0905 0.3811
vn -0.9960 0.0897 -0.0000
vn -0.9959 -0.0905 -0.0000
vn 0.8281 -0.0905 0.5533
vn 0.8281 0.0897 0.5533
vn -0.9768 0.0897 -0.1943
vn -0.9768 -0.0905 -0.1943
vn 0.7043 0.0897 0.7043
vn 0.7042 -0.0905 0.7042
vn -0.9201 -0.0905 -0.3811
vn -0.9202 0.0897 -0.3811
vn 0.5533 0.0897 0.8281
vn 0.5533 -0.0905 0.8281
vn -0.8281 0.0897 -0.5533
vn -0.8281 -0.0905 -0.5533
vn 0.3811 0.0897 0.9202
vn 0.3811 -0.0905 0.9201
vn 0.1480 0.6515 -0.7441
vn 0.2727 0.7015 -0.6584
vn 0.2903 0.6515 -0.7009
vn -0.7043 0.0897 -0.7043
vn -0.7042 -0.0905 -0.7042
vn 0.1943 0.0897 0.9768
vn 0.1943 -0.0905 0.9768
vn 0.3811 -0.0905 -0.9201
vn 0.1943 0.0897 -0.9768
vn 0.3811 0.0897 -0.9202
vn -0.5533 -0.0905 -0.8281
vn -0.5533 0.0897 -0.8281
vn -0.0000 -0.0905 0.9959
vn -0.0000 0.0897 0.9960
vn 0.5533 -0.0905 -0.8281
vn 0.5533 0.0897 -0.8281
vn -0.3811 0.0897 -0.9202
vn -0.3811 -0.0905 -0.9201
vn -0.1943 0.0897 0.9768
vn -0.1943 -0.0905 0.9768
vn 0.7042 -0.0905 -0.7042
vn 0.7043 0.0897 -0.7043
vn -0.1943 0.0897 -0.9768
vn -0.1943 -0.0905 -0.9768
vn -0.3811 0.0897 0.9202
vn -0.3811 -0.0905 0.9201
vn 0.8281 0.0897 -0.5533
vn 0.8281 -0.0905 -0.5533
vn -0.0000 0.6515 -0.7587
vn 0.1390 0.7015 -0.6990
vn -0.5533 0.0897 0.8281
vn -0.5533 -0.0905 0.8281
vn 0.7441 0.6515 -0.1480
vn 0.6584 0.7015 -0.2727
vn -0.6308 0.6515 0.4215
vn -0.5039 0.7015 0.5039
vn -0.7042 -0.0905 0.7042
vn -0.8281 0.0897 0.5533
vn -0.5365 0.6515 0.5365
vn -0.3959 0.7015 0.5926
vn 0.9201 -0.0905 -0.3811
vn 0.9768 0.0897 -0.1943
vn 0.6308 0.6515 -0.4215
vn 0.7009 0.6515 -0.2903
vn -0.2666 -0.7174 0.6436
vn -0.4148 -0.6653 0.6208
vn -0.3870 -0.7174 0.5792
vn -0.0000 -0.0905 -0.9959
vn 0.1943 -0.0905 -0.9768
vn -0.1480 0.6515 -0.7441
vn -0.0000 0.7015 -0.7127
vn -0.4215 0.6515 0.6308
vn -0.2727 0.7015 0.6584
vn 0.5792 -0.7174 -0.3870
vn 0.5279 -0.6653 -0.5279
vn 0.6208 -0.6653 -0.4148
vn 0.5365 0.6515 -0.5365
vn 0.5926 0.7015 -0.3959
vn -0.1359 -0.7174 0.6833
vn -0.2857 -0.6653 0.6898
vn -0.2903 0.6515 0.7009
vn -0.1390 0.7015 0.6990
vn -0.1359 -0.7174 -0.6833
vn -0.2857 -0.6653 -0.6898
vn -0.1457 -0.6653 -0.7323
vn -0.2903 0.6515 -0.7009
vn -0.1390 0.7015 -0.6990
vn 0.4926 -0.7174 -0.4926
vn 0.4148 -0.6653 -0.6208
vn 0.4215 0.6515 -0.6308
vn 0.5039 0.7015 -0.5039
vn -0.0000 -0.7174 0.6966
vn -0.1457 -0.6653 0.7323
vn -0.1480 0.6515 0.7441
vn -0.0000 0.7015 0.7127
vn -0.2666 -0.7174 -0.6436
vn -0.4148 -0.6653 -0.6208
vn -0.4215 0.6515 -0.6308
vn -0.2727 0.7015 -0.6584
vn 0.3870 -0.7174 -0.5792
vn 0.2857 -0.6653 -0.6898
vn 0.3959 0.7015 -0.5926
vn 0.1359 -0.7174 0.6833
vn -0.0000 -0.6653 0.7466
vn -0.0000 0.6515 0.7587
vn 0.1390 0.7015 0.6990
vn -0.3870 -0.7174 -0.5792
vn -0.5279 -0.6653 -0.5279
vn -0.5365 0.6515 -0.5365
vn -0.3959 0.7015 -0.5926
vn 0.2666 -0.7174 -0.6436
vn 0.1457 -0.6653 -0.7323
vn 0.1359 -0.7174 -0.6833
vn -0.0000 -0.6653 -0.7466
vn 0.2666 -0.7174 0.6436
vn 0.1457 -0.6653 0.7323
vn 0.1480 0.6515 0.7441
vn 0.2727 0.7015 0.6584
vn -0.4926 -0.7174 -0.4926
vn -0.6208 -0.6653 -0.4148
vn -0.0000 -0.7174 -0.6966
vn -0.0000 0.0897 -0.9960
vn -0.6308 0.6515 -0.4215
vn -0.5039 0.7015 -0.5039
vn 0.3870 -0.7174 0.5792
vn 0.2857 -0.6653 0.6898
vn 0.2903 0.6515 0.7009
vn 0.3959 0.7015 0.5926
vn -0.5792 -0.7174 -0.3870
vn -0.6898 -0.6653 -0.2857
vn -0.7009 0.6515 -0.2903
vn -0.5926 0.7015 -0.3959
vn 0.4926 -0.7174 0.4926
vn 0.4148 -0.6653 0.6208
vn 0.4215 0.6515 0.6308
vn 0.5039 0.7015 0.5039
vn -0.6436 -0.7174 -0.2666
vn -0.7323 -0.6653 -0.1457
vn -0.7441 0.6515 -0.1480
vn -0.6584 0.7015 -0.2727
vn 0.5792 -0.7174 0.3870
vn 0.5279 -0.6653 0.5279
vn 0.5365 0.6515 0.5365
vn 0.5926 0.7015 0.3959
vn -0.6833 -0.7174 -0.1359
vn -0.7466 -0.6653 -0.0000
vn -0.7587 0.6515 -0.0000
vn -0.6990 0.7015 -0.1390
vn 0.6436 -0.7174 0.2666
vn 0.6208 -0.6653 0.4148
vn 0.6308 0.6515 0.4215
vn 0.6584 0.7015 0.2727
vn -0.6967 -0.7174 -0.0000
vn -0.7323 -0.6653 0.1457
vn -0.7441 0.6515 0.1480
vn -0.7127 0.7015 -0.0000
vn 0.6833 -0.7174 0.1359
vn 0.6898 -0.6653 0.2857
vn 0.7009 0.6515 0.2903
vn 0.6990 0.7015 0.1390
vn -0.6833 -0.7174 0.1359
vn -0.6898 -0.6653 0.2857
vn -0.6990 0.7015 0.1390
vn 0.6966 -0.7174 -0.0000
vn 0.7323 -0.6653 0.1457
vn 0.7441 0.6515 0.1480
vn -0.5792 -0.7174 0.3870
vn -0.6436 -0.7174 0.2666
vn -0.4926 -0.7174 0.4926
vn -0.6208 -0.6653 0.4148
vn 0.6833 -0.7174 -0.1359
vn 0.7466 -0.6653 -0.0000
vn -0.5279 -0.6653 0.5279
vn -0.7043 0.0897 0.7043
vn 0.6436 -0.7174 -0.2666
vn 0.6898 -0.6653 -0.2857
vn 0.9202 0.0897 -0.3811
vn -0.5297 -0.3018 0.7927
vn -0.6741 -0.3018 0.6741
vn -0.4753 -0.5179 0.7113
vn -0.6049 -0.5179 0.6049
vn -0.6087 0.5089 0.6087
vn -0.4783 0.5089 0.7158
vn -0.6750 0.2978 0.6750
vn -0.5304 0.2978 0.7938
vn 0.8808 -0.3018 -0.3648
vn 0.7927 -0.3018 -0.5297
vn 0.7903 -0.5179 -0.3274
vn 0.7113 -0.5179 -0.4753
vn 0.7158 0.5089 -0.4783
vn 0.7953 0.5089 -0.3294
vn 0.7938 0.2978 -0.5304
vn -0.3648 -0.3018 0.8808
vn -0.3274 -0.5179 0.7903
vn -0.3294 0.5089 0.7953
vn -0.3653 0.2978 0.8820
vn -0.0000 -0.3018 -0.9534
vn -0.1860 -0.3018 -0.9350
vn -0.0000 -0.5179 -0.8554
vn -0.1669 -0.5179 -0.8390
vn -0.1679 0.5089 -0.8443
vn -0.0000 0.5089 -0.8608
vn -0.1862 0.2978 -0.9363
vn -0.0000 0.2978 -0.9546
vn 0.6741 -0.3018 -0.6741
vn 0.6049 -0.5179 -0.6049
vn 0.6087 0.5089 -0.6087
vn 0.6750 0.2978 -0.6750
vn -0.1860 -0.3018 0.9350
vn -0.1669 -0.5179 0.8390
vn -0.1679 0.5089 0.8443
vn -0.1862 0.2978 0.9363
vn -0.3648 -0.3018 -0.8808
vn -0.3274 -0.5179 -0.7903
vn -0.3294 0.5089 -0.7953
vn -0.3653 0.2978 -0.8820
vn 0.5297 -0.3018 -0.7927
vn 0.4753 -0.5179 -0.7113
vn 0.4783 0.5089 -0.7158
vn 0.5304 0.2978 -0.7938
vn -0.0000 -0.3018 0.9534
vn -0.0000 -0.5179 0.8554
vn -0.0000 0.5089 0.8608
vn -0.0000 0.2978 0.9546
vn -0.5297 -0.3018 -0.7927
vn -0.4753 -0.5179 -0.7113
vn -0.4783 0.5089 -0.7158
vn -0.5304 0.2978 -0.7938
vn 0.3648 -0.3018 -0.8808
vn 0.3274 -0.5179 -0.7903
vn 0.3294 0.5089 -0.7953
vn 0.3653 0.2978 -0.8820
vn 0.1860 -0.3018 0.9350
vn 0.1669 -0.5179 0.8390
vn 0.1679 0.5089 0.8443
vn 0.1862 0.2978 0.9363
vn -0.6741 -0.3018 -0.6741
vn -0.6049 -0.5179 -0.6049
vn -0.6087 0.5089 -0.6087
vn -0.6750 0.2978 -0.6750
vn 0.1860 -0.3018 -0.9350
vn 0.1669 -0.5179 -0.8390
vn 0.1679 0.5089 -0.8443
vn 0.1862 0.2978 -0.9363
vn 0.3648 -0.3018 0.8808
vn 0.3274 -0.5179 0.7903
vn 0.3294 0.5089 0.7953
vn 0.3653 0.2978 0.8820
vn -0.7927 -0.3018 -0.5297
vn -0.7113 -0.5179 -0.4753
vn -0.7158 0.5089 -0.4783
vn -0.7938 0.2978 -0.5304
vn 0.5297 -0.3018 0.7927
vn 0.4753 -0.5179 0.7113
vn 0.4783 0.5089 0.7158
vn 0.5304 0.2978 0.7938
vn -0.8808 -0.3018 -0.3648
vn -0.7903 -0.5179 -0.3274
vn -0.7953 0.5089 -0.3294
vn -0.8820 0.2978 -0.3653
vn 0.6741 -0.3018 0.6741
vn 0.6049 -0.5179 0.6049
vn 0.6087 0.5089 0.6087
vn 0.6750 0.2978 0.6750
vn -0.9350 -0.3018 -0.1860
vn -0.8390 -0.5179 -0.1669
vn -0.8443 0.5089 -0.1679
vn -0.9363 0.2978 -0.1862
vn 0.7927 -0.3018 0.5297
vn 0.7113 -0.5179 0.4753
vn 0.7158 0.5089 0.4783
vn 0.7938 0.2978 0.5304
vn -0.9534 -0.3018 -0.0000
vn -0.8554 -0.5179 -0.0000
vn -0.8608 0.5089 -0.0000
vn -0.9546 0.2978 -0.0000
vn 0.8808 -0.3018 0.3648
vn 0.7903 -0.5179 0.3274
vn 0.7953 0.5089 0.3294
vn 0.8820 0.2978 0.3653
vn -0.9350 -0.3018 0.1860
vn -0.8390 -0.5179 0.1669
vn -0.8443 0.5089 0.1679
vn -0.9363 0.2978 0.1862
vn 0.9350 -0.3018 0.1860
vn 0.8390 -0.5179 0.1669
vn 0.8443 0.5089 0.1679
vn 0.9363 0.2978 0.1862
vn -0.8808 -0.3018 0.3648
vn -0.7903 -0.5179 0.3274
vn -0.7953 0.5089 0.3294
vn -0.8820 0.2978 0.3653
vn 0.9534 -0.3018 -0.0000
vn 0.8554 -0.5179 -0.0000
vn 0.8608 0.5089 -0.0000
vn 0.9546 0.2978 -0.0000
vn -0.7927 -0.3018 0.5297
vn -0.7113 -0.5179 0.4753
vn -0.7158 0.5089 0.4783
vn -0.7938 0.2978 0.5304
vn 0.9350 -0.3018 -0.1860
vn 0.8390 -0.5179 -0.1669
vn 0.7323 -0.6653 -0.1457
vn 0.8443 0.5089 -0.1679
vn 0.9363 0.2978 -0.1862
vn 0.8820 0.2978 -0.3653
vn 0.8408 0.5148 0.1671
vn -0.0000 0.1167 -0.9932
vn -0.1938 0.1168 -0.9741
vn -0.0000 0.0600 -0.9982
vn -0.1947 0.0601 -0.9790
vn -0.0000 0.0126 -0.9999
vn -0.1474 0.6576 -0.7388
vn -0.0005 0.6595 -0.7517
vn -0.1587 0.5838 -0.7962
vn -0.0004 0.5850 -0.8110
vn -0.3801 0.1168 -0.9176
vn -0.3820 0.0601 -0.9222
vn -0.2891 0.6561 -0.6972
vn -0.3112 0.5829 -0.7506
vn -0.5518 0.1168 -0.8258
vn -0.5546 0.0601 -0.8300
vn -0.4200 0.6550 -0.6282
vn -0.4518 0.5822 -0.6759
vn -0.7023 0.1168 -0.7023
vn -0.7058 0.0601 -0.7058
vn -0.5348 0.6544 -0.5346
vn -0.5751 0.5818 -0.5751
vn -0.8258 0.1168 -0.5518
vn -0.8300 0.0601 -0.5546
vn -0.6288 0.6543 -0.4202
vn -0.6763 0.5818 -0.4519
vn -0.9176 0.1168 -0.3801
vn -0.9222 0.0601 -0.3820
vn -0.6983 0.6547 -0.2894
vn -0.7512 0.5820 -0.3113
vn -0.9741 0.1168 -0.1938
vn -0.9790 0.0601 -0.1947
vn -0.7405 0.6556 -0.1476
vn -0.7971 0.5826 -0.1588
vn -0.9932 0.1168 -0.0000
vn -0.9982 0.0601 -0.0000
vn -0.7539 0.6570 -0.0004
vn -0.8121 0.5835 -0.0003
vn -0.9741 0.1167 0.1937
vn -0.9790 0.0600 0.1947
vn -0.7380 0.6588 0.1463
vn -0.7958 0.5846 0.1579
vn -0.9176 0.1167 0.3800
vn -0.9222 0.0600 0.3820
vn -0.6936 0.6609 0.2867
vn -0.7489 0.5859 0.3097
vn -0.8258 0.1167 0.5517
vn -0.8300 0.0600 0.5546
vn -0.6226 0.6632 0.4153
vn -0.6732 0.5873 0.4492
vn -0.7023 0.1167 0.7023
vn -0.7058 0.0600 0.7058
vn -0.5281 0.6657 0.5272
vn -0.5719 0.5889 0.5711
vn -0.5518 0.1166 0.8258
vn -0.5546 0.0600 0.8300
vn -0.4138 0.6682 0.6183
vn -0.4488 0.5905 0.6708
vn -0.3801 0.1166 0.9176
vn -0.3820 0.0600 0.9222
vn -0.2844 0.6707 0.6851
vn -0.3089 0.5920 0.7444
vn -0.1938 0.1166 0.9741
vn -0.1947 0.0600 0.9790
vn -0.1448 0.6730 0.7253
vn -0.1575 0.5935 0.7893
vn -0.0000 0.1166 0.9932
vn -0.0000 0.0600 0.9982
vn -0.0005 0.6750 0.7378
vn -0.0004 0.5948 0.8039
vn 0.1937 0.1166 0.9741
vn 0.1947 0.0599 0.9790
vn 0.1432 0.6768 0.7221
vn 0.1563 0.5959 0.7877
vn 0.3801 0.1165 0.9176
vn 0.3820 0.0599 0.9222
vn 0.2809 0.6782 0.6790
vn 0.3068 0.5968 0.7414
vn 0.5518 0.1165 0.8258
vn 0.5546 0.0599 0.8300
vn 0.4076 0.6792 0.6104
vn 0.4454 0.5974 0.6669
vn 0.7023 0.1165 0.7023
vn 0.7058 0.0599 0.7058
vn 0.5186 0.6798 0.5187
vn 0.5668 0.5978 0.5669
vn 0.8258 0.1165 0.5518
vn 0.8300 0.0599 0.5546
vn 0.8314 0.0125 0.5555
vn 0.6098 0.6798 0.4074
vn 0.6665 0.5978 0.4453
vn 0.7127 0.5151 0.4762
vn 0.9176 0.1165 0.3801
vn 0.9222 0.0599 0.3820
vn 0.6779 0.6794 0.2806
vn 0.7408 0.5976 0.3067
vn 0.9741 0.1165 0.1937
vn 0.9790 0.0599 0.1947
vn 0.7204 0.6786 0.1430
vn 0.7868 0.5970 0.1563
vn 0.9932 0.1165 -0.0000
vn 0.9982 0.0599 -0.0000
vn 0.7357 0.6773 -0.0004
vn 0.8028 0.5962 -0.0003
vn 0.9741 0.1166 -0.1938
vn 0.9790 0.0600 -0.1947
vn 0.7229 0.6757 -0.1443
vn 0.7881 0.5952 -0.1572
vn 0.9176 0.1166 -0.3801
vn 0.9222 0.0600 -0.3820
vn 0.6825 0.6737 -0.2833
vn 0.7431 0.5939 -0.3083
vn 0.8258 0.1166 -0.5518
vn 0.8300 0.0600 -0.5546
vn 0.6158 0.6715 -0.4122
vn 0.6695 0.5925 -0.4480
vn 0.7023 0.1166 -0.7023
vn 0.7058 0.0600 -0.7058
vn 0.5251 0.6691 -0.5260
vn 0.5700 0.5910 -0.5708
vn 0.5517 0.1167 -0.8258
vn 0.5546 0.0600 -0.8300
vn 0.4137 0.6666 -0.6202
vn 0.4484 0.5894 -0.6720
vn 0.3800 0.1167 -0.9176
vn 0.3820 0.0600 -0.9222
vn 0.2856 0.6641 -0.6910
vn 0.3091 0.5879 -0.7476
vn 0.1937 0.1167 -0.9741
vn 0.1947 0.0600 -0.9790
vn 0.1458 0.6617 -0.7355
vn 0.1576 0.5864 -0.7946
vn -0.0002 0.3796 -0.9251
vn -0.1807 0.3796 -0.9073
vn -0.0002 0.2955 -0.9554
vn -0.1865 0.2955 -0.9370
vn 0.1802 0.3796 -0.9074
vn 0.1862 0.2954 -0.9370
vn 0.3538 0.3795 -0.8549
vn 0.3654 0.2954 -0.8827
vn 0.5138 0.3794 -0.7695
vn 0.5306 0.2953 -0.7945
vn 0.6540 0.3794 -0.6545
vn 0.6754 0.2953 -0.6757
vn 0.7692 0.3793 -0.5143
vn 0.7943 0.2952 -0.5310
vn 0.8548 0.3793 -0.3543
vn 0.8827 0.2951 -0.3658
vn 0.9075 0.3792 -0.1807
vn 0.9371 0.2951 -0.1865
vn 0.9253 0.3792 -0.0002
vn 0.9555 0.2951 -0.0001
vn 0.9076 0.3791 0.1804
vn 0.9371 0.2950 0.1863
vn 0.8549 0.3791 0.3540
vn 0.8828 0.2950 0.3656
vn 0.7694 0.3791 0.5141
vn 0.7945 0.2950 0.5308
vn 0.8111 0.2202 0.5419
vn 0.6543 0.3791 0.6544
vn 0.6756 0.2950 0.6757
vn 0.5140 0.3791 0.7695
vn 0.5308 0.2950 0.7945
vn 0.3540 0.3791 0.8550
vn 0.3656 0.2950 0.8828
vn 0.1803 0.3792 0.9076
vn 0.1863 0.2951 0.9371
vn -0.0002 0.3792 0.9253
vn -0.0002 0.2951 0.9555
vn -0.1808 0.3793 0.9075
vn -0.1866 0.2952 0.9371
vn -0.3543 0.3793 0.8547
vn -0.3658 0.2952 0.8826
vn -0.5143 0.3794 0.7691
vn -0.5310 0.2953 0.7943
vn -0.6544 0.3795 0.6540
vn -0.6757 0.2953 0.6754
vn -0.7694 0.3795 0.5138
vn -0.7945 0.2954 0.5306
vn -0.8548 0.3796 0.3538
vn -0.8827 0.2954 0.3654
vn -0.9074 0.3796 0.1803
vn -0.9370 0.2955 0.1862
vn -0.9251 0.3797 -0.0002
vn -0.9553 0.2955 -0.0001
vn -0.9073 0.3797 -0.1806
vn -0.9370 0.2956 -0.1865
vn -0.8547 0.3797 -0.3541
vn -0.8826 0.2956 -0.3656
vn -0.7692 0.3797 -0.5140
vn -0.7943 0.2956 -0.5308
vn -0.6542 0.3797 -0.6541
vn -0.6755 0.2956 -0.6755
vn -0.5140 0.3797 -0.7691
vn -0.5308 0.2956 -0.7943
vn -0.3542 0.3797 -0.8546
vn -0.3657 0.2955 -0.8826
vn 0.1333 -0.9871 -0.0891
vn 0.1481 -0.9871 -0.0613
vn 0.0313 -0.9871 0.1572
vn -0.1603 -0.9871 -0.0000
vn 0.0613 -0.9871 -0.1481
vn 0.0891 -0.9871 -0.1333
vn 0.1333 -0.9871 0.0891
vn -0.1134 -0.9871 0.1134
vn -0.0891 -0.9871 -0.1333
vn 0.1572 -0.9871 -0.0313
vn -0.0000 -0.9871 0.1603
vn -0.1572 -0.9871 -0.0313
vn -0.0000 -0.9871 -0.1603
vn 0.1134 -0.9871 0.1134
vn -0.1333 -0.9871 0.0891
vn -0.0613 -0.9871 -0.1481
vn 0.1603 -0.9871 -0.0000
vn -0.0313 -0.9871 0.1572
vn -0.1481 -0.9871 -0.0613
vn 0.1134 -0.9871 -0.1134
vn 0.0891 -0.9871 0.1333
vn -0.1481 -0.9871 0.0613
vn -0.0313 -0.9871 -0.1572
vn 0.1572 -0.9871 0.0313
vn -0.0613 -0.9871 0.1481
vn -0.1333 -0.9871 -0.0891
vn 0.0613 -0.9871 0.1481
vn -0.1572 -0.9871 0.0313
vn -0.0000 0.9871 -0.1603
vn 0.1481 -0.9871 0.0613
vn -0.0891 -0.9871 0.1333
vn -0.1134 -0.9871 -0.1134
vn 0.1572 0.9871 -0.0313
vn 0.1481 0.9871 -0.0613
vn -0.6295 -0.2644 -0.7306
vn -0.5938 0.2644 -0.7600
vn -0.5938 -0.2644 -0.7600
vn 0.1175 -0.2644 0.9572
vn 0.0715 0.2644 0.9618
vn 0.0715 -0.2644 0.9618
vn 0.4341 -0.2644 -0.8612
vn 0.4749 0.2644 -0.8394
vn 0.4749 -0.2644 -0.8394
vn 0.1603 0.9871 -0.0000
vn 0.1572 0.9871 0.0313
vn -0.4341 -0.2644 -0.8612
vn -0.4749 0.2644 -0.8394
vn -0.4341 0.2644 -0.8612
vn -0.1175 -0.2644 0.9572
vn -0.0715 0.2644 0.9618
vn -0.1175 0.2644 0.9572
vn 0.5938 -0.2644 -0.7600
vn 0.6295 0.2644 -0.7306
vn 0.6295 -0.2644 -0.7306
vn 0.1481 0.9871 0.0613
vn 0.1134 0.9871 0.1134
vn 0.1333 0.9871 0.0891
vn -0.3020 -0.2644 -0.9159
vn -0.2577 0.2644 -0.9293
vn -0.2577 -0.2644 -0.9293
vn -0.2577 -0.2644 0.9293
vn -0.3020 0.2644 0.9159
vn -0.3020 -0.2644 0.9159
vn 0.7306 -0.2644 -0.6295
vn 0.7600 0.2644 -0.5938
vn 0.7600 -0.2644 -0.5938
vn 0.0891 0.9871 0.1333
vn -0.1175 -0.2644 -0.9572
vn -0.0715 0.2644 -0.9618
vn -0.0715 -0.2644 -0.9618
vn -0.4749 -0.2644 0.8394
vn -0.4341 0.2644 0.8612
vn -0.4749 0.2644 0.8394
vn 0.8394 -0.2644 -0.4749
vn 0.8612 0.2644 -0.4341
vn 0.8612 -0.2644 -0.4341
vn 0.0313 0.9871 0.1572
vn 0.0613 0.9871 0.1481
vn -0.6295 -0.2644 0.7306
vn -0.5938 0.2644 0.7600
vn -0.6295 0.2644 0.7306
vn 0.9159 -0.2644 -0.3020
vn 0.9293 0.2644 -0.2577
vn 0.9293 -0.2644 -0.2577
vn -0.0000 0.9871 0.1603
vn -0.0313 0.9871 0.1572
vn -0.7306 -0.2644 0.6295
vn -0.7600 0.2644 0.5938
vn -0.7600 -0.2644 0.5938
vn 0.9618 -0.2644 -0.0715
vn 0.9572 0.2644 -0.1175
vn 0.9618 0.2644 -0.0715
vn -0.0613 0.9871 0.1481
vn -0.0891 0.9871 0.1333
vn -0.8394 -0.2644 0.4749
vn -0.8612 0.2644 0.4341
vn -0.8612 -0.2644 0.4341
vn 0.9618 -0.2644 0.0715
vn 0.9572 0.2644 0.1175
vn 0.9572 -0.2644 0.1175
vn 0.1901 -0.2241 -0.9558
vn 0.0882 -0.4588 -0.8842
vn 0.2568 -0.4587 -0.8506
vn 0.0313 -0.9871 -0.1572
vn 0.0684 -0.9364 -0.3442
vn 0.0494 -0.9521 -0.3018
vn 0.0859 -0.4588 -0.8844
vn -0.0000 -0.2241 -0.9746
vn -0.0000 -0.9364 -0.3509
vn -0.0104 -0.9521 -0.3056
vn -0.0859 -0.4588 -0.8844
vn 0.3730 -0.2241 -0.9004
vn 0.2590 -0.4588 -0.8500
vn 0.4179 -0.4588 -0.7842
vn 0.1343 -0.9364 -0.3242
vn 0.1074 -0.9521 -0.2863
vn 0.5414 -0.2241 -0.8103
vn 0.4199 -0.4588 -0.7831
vn 0.5628 -0.4587 -0.6876
vn 0.1949 -0.9364 -0.2918
vn 0.1612 -0.9521 -0.2599
vn 0.6891 -0.2241 -0.6891
vn 0.5646 -0.4587 -0.6861
vn 0.6861 -0.4587 -0.5646
vn 0.2481 -0.9364 -0.2481
vn 0.2088 -0.9521 -0.2235
vn 0.8103 -0.2241 -0.5414
vn 0.6876 -0.4587 -0.5628
vn 0.7831 -0.4588 -0.4199
vn 0.2918 -0.9364 -0.1949
vn 0.2483 -0.9521 -0.1784
vn 0.9004 -0.2241 -0.3730
vn 0.7842 -0.4588 -0.4179
vn 0.8500 -0.4588 -0.2590
vn 0.3242 -0.9364 -0.1343
vn 0.2784 -0.9521 -0.1266
vn 0.9558 -0.2241 -0.1901
vn 0.8506 -0.4587 -0.2568
vn 0.8842 -0.4588 -0.0882
vn 0.9572 -0.2644 -0.1175
vn 0.3442 -0.9364 -0.0685
vn 0.2977 -0.9521 -0.0698
vn 0.9746 -0.2241 -0.0000
vn 0.8844 -0.4587 -0.0859
vn 0.8844 -0.4587 0.0859
vn 0.3509 -0.9364 -0.0000
vn 0.3056 -0.9521 -0.0104
vn 0.9558 -0.2241 0.1901
vn 0.8842 -0.4588 0.0882
vn 0.8506 -0.4587 0.2568
vn 0.3442 -0.9364 0.0685
vn 0.3018 -0.9521 0.0494
vn 0.9004 -0.2241 0.3730
vn 0.8500 -0.4587 0.2590
vn 0.7842 -0.4588 0.4179
vn 0.8612 -0.2644 0.4341
vn 0.3242 -0.9364 0.1343
vn 0.2863 -0.9521 0.1074
vn 0.8103 -0.2241 0.5414
vn 0.7831 -0.4588 0.4199
vn 0.6876 -0.4588 0.5628
vn 0.2918 -0.9364 0.1950
vn 0.2599 -0.9521 0.1612
vn 0.6891 -0.2241 0.6891
vn 0.6861 -0.4587 0.5646
vn 0.5646 -0.4587 0.6861
vn 0.2481 -0.9364 0.2481
vn 0.2235 -0.9521 0.2088
vn 0.5414 -0.2241 0.8103
vn 0.5628 -0.4587 0.6876
vn 0.4199 -0.4587 0.7831
vn 0.4749 -0.2644 0.8394
vn 0.1949 -0.9364 0.2918
vn 0.1784 -0.9521 0.2483
vn 0.3729 -0.2241 0.9004
vn 0.4179 -0.4588 0.7842
vn 0.2590 -0.4588 0.8500
vn 0.3020 -0.2644 0.9159
vn 0.1343 -0.9364 0.3242
vn 0.1266 -0.9521 0.2784
vn 0.1901 -0.2241 0.9558
vn 0.2568 -0.4588 0.8506
vn 0.0882 -0.4587 0.8842
vn 0.0685 -0.9364 0.3442
vn 0.0698 -0.9521 0.2977
vn -0.0000 -0.2241 0.9746
vn 0.0859 -0.4588 0.8844
vn -0.0859 -0.4588 0.8844
vn -0.0715 -0.2644 0.9618
vn -0.0000 -0.9364 0.3509
vn 0.0104 -0.9521 0.3056
vn -0.1901 -0.2241 0.9558
vn -0.0882 -0.4588 0.8842
vn -0.2568 -0.4588 0.8506
vn -0.0685 -0.9364 0.3442
vn -0.0494 -0.9521 0.3018
vn -0.3730 -0.2241 0.9004
vn -0.2590 -0.4588 0.8500
vn -0.4178 -0.4588 0.7842
vn -0.4341 -0.2644 0.8612
vn -0.1343 -0.9364 0.3242
vn -0.1073 -0.9521 0.2863
vn -0.5414 -0.2241 0.8103
vn -0.4199 -0.4587 0.7831
vn -0.5628 -0.4588 0.6876
vn -0.5938 -0.2644 0.7600
vn -0.1949 -0.9364 0.2918
vn -0.1612 -0.9521 0.2599
vn -0.6891 -0.2241 0.6891
vn -0.5646 -0.4587 0.6861
vn -0.6861 -0.4587 0.5646
vn -0.2481 -0.9364 0.2481
vn -0.2088 -0.9521 0.2235
vn -0.8103 -0.2241 0.5414
vn -0.6876 -0.4587 0.5628
vn -0.7831 -0.4588 0.4199
vn -0.2918 -0.9364 0.1949
vn -0.2483 -0.9521 0.1784
vn -0.9004 -0.2241 0.3730
vn -0.7842 -0.4587 0.4179
vn -0.8500 -0.4587 0.2590
vn -0.9159 -0.2644 0.3020
vn -0.3242 -0.9364 0.1343
vn -0.2784 -0.9521 0.1266
vn -0.9558 -0.2241 0.1901
vn -0.8506 -0.4588 0.2568
vn -0.8842 -0.4588 0.0882
vn -0.9572 -0.2644 0.1175
vn -0.3441 -0.9364 0.0685
vn -0.2977 -0.9521 0.0698
vn -0.9746 -0.2241 -0.0000
vn -0.8844 -0.4588 0.0859
vn -0.8844 -0.4588 -0.0859
vn -0.3509 -0.9364 -0.0000
vn -0.3056 -0.9521 0.0104
vn -0.9558 -0.2241 -0.1901
vn -0.8842 -0.4588 -0.0882
vn -0.8506 -0.4588 -0.2568
vn -0.3441 -0.9364 -0.0685
vn -0.3018 -0.9521 -0.0494
vn -0.9004 -0.2241 -0.3730
vn -0.8500 -0.4587 -0.2590
vn -0.7842 -0.4587 -0.4179
vn -0.3242 -0.9364 -0.1343
vn -0.2863 -0.9521 -0.1074
vn -0.8103 -0.2241 -0.5414
vn -0.7831 -0.4587 -0.4199
vn -0.6876 -0.4587 -0.5628
vn -0.2918 -0.9364 -0.1949
vn -0.2599 -0.9521 -0.1612
vn -0.6891 -0.2241 -0.6891
vn -0.6861 -0.4587 -0.5646
vn -0.5646 -0.4587 -0.6861
vn -0.2481 -0.9364 -0.2481
vn -0.2235 -0.9521 -0.2088
vn -0.5414 -0.2241 -0.8103
vn -0.5628 -0.4588 -0.6876
vn -0.4199 -0.4588 -0.7831
vn -0.4749 -0.2644 -0.8394
vn -0.1949 -0.9364 -0.2918
vn -0.1784 -0.9521 -0.2483
vn -0.3730 -0.2241 -0.9004
vn -0.4179 -0.4588 -0.7842
vn -0.2590 -0.4588 -0.8500
vn -0.1343 -0.9364 -0.3242
vn -0.1265 -0.9521 -0.2784
vn -0.1901 -0.2241 -0.9558
vn -0.2568 -0.4587 -0.8506
vn -0.0882 -0.4588 -0.8842
vn -0.0685 -0.9364 -0.3442
vn -0.0698 -0.9521 -0.2977
vn 0.0882 0.4587 -0.8842
vn 0.1901 0.2241 -0.9558
vn 0.0685 0.9364 -0.3441
vn 0.0698 0.9521 -0.2977
vn 0.2568 0.4587 -0.8506
vn 0.2577 0.2644 -0.9293
vn -0.0000 0.2241 -0.9746
vn 0.0859 0.4588 -0.8844
vn 0.0715 0.2644 -0.9618
vn -0.0859 0.4588 -0.8844
vn -0.0000 0.9364 -0.3509
vn 0.0104 0.9521 -0.3056
vn 0.2590 0.4588 -0.8500
vn 0.3730 0.2241 -0.9004
vn 0.1343 0.9364 -0.3242
vn 0.1266 0.9521 -0.2784
vn 0.4178 0.4588 -0.7842
vn 0.4341 0.2644 -0.8612
vn 0.4199 0.4587 -0.7831
vn 0.5414 0.2241 -0.8103
vn 0.1949 0.9364 -0.2918
vn 0.1784 0.9521 -0.2483
vn 0.5628 0.4588 -0.6876
vn 0.5938 0.2644 -0.7600
vn 0.5646 0.4587 -0.6861
vn 0.6891 0.2241 -0.6891
vn 0.2481 0.9364 -0.2481
vn 0.2234 0.9521 -0.2088
vn 0.6861 0.4587 -0.5646
vn 0.7306 0.2644 -0.6295
vn 0.2918 0.9364 -0.1949
vn 0.2599 0.9521 -0.1612
vn 0.8103 0.2241 -0.5414
vn 0.7831 0.4587 -0.4199
vn 0.8394 0.2644 -0.4749
vn 0.6876 0.4587 -0.5628
vn 0.3242 0.9364 -0.1343
vn 0.2863 0.9521 -0.1074
vn 0.9004 0.2241 -0.3730
vn 0.8500 0.4588 -0.2590
vn 0.9159 0.2644 -0.3020
vn 0.7842 0.4588 -0.4179
vn 0.3442 0.9364 -0.0685
vn 0.3018 0.9521 -0.0494
vn 0.9558 0.2241 -0.1901
vn 0.8842 0.4588 -0.0882
vn 0.8506 0.4587 -0.2568
vn 0.3509 0.9364 -0.0000
vn 0.3056 0.9521 0.0104
vn 0.9746 0.2241 -0.0000
vn 0.8844 0.4587 0.0859
vn 0.9618 0.2644 0.0715
vn 0.8844 0.4587 -0.0859
vn 0.3442 0.9364 0.0685
vn 0.2977 0.9521 0.0698
vn 0.9558 0.2241 0.1901
vn 0.8506 0.4588 0.2568
vn 0.9293 0.2644 0.2577
vn 0.8842 0.4588 0.0882
vn 0.3242 0.9364 0.1343
vn 0.2784 0.9521 0.1266
vn 0.9004 0.2241 0.3730
vn 0.7842 0.4588 0.4179
vn 0.8500 0.4588 0.2590
vn 0.2918 0.9364 0.1949
vn 0.2484 0.9521 0.1784
vn 0.8103 0.2241 0.5414
vn 0.6876 0.4588 0.5628
vn 0.7600 0.2644 0.5938
vn 0.7831 0.4588 0.4199
vn 0.2481 0.9364 0.2481
vn 0.2088 0.9521 0.2235
vn 0.6891 0.2241 0.6891
vn 0.5646 0.4587 0.6861
vn 0.6295 0.2644 0.7306
vn 0.6861 0.4587 0.5646
vn 0.1949 0.9364 0.2918
vn 0.1611 0.9521 0.2599
vn 0.5414 0.2241 0.8103
vn 0.4199 0.4587 0.7831
vn 0.5628 0.4587 0.6876
vn 0.1343 0.9364 0.3242
vn 0.1074 0.9521 0.2863
vn 0.3730 0.2241 0.9004
vn 0.2590 0.4588 0.8500
vn 0.4178 0.4588 0.7842
vn 0.0685 0.9364 0.3442
vn 0.0494 0.9521 0.3018
vn 0.1901 0.2241 0.9558
vn 0.0882 0.4588 0.8842
vn 0.1175 0.2644 0.9572
vn 0.2568 0.4588 0.8506
vn -0.0000 0.9364 0.3509
vn -0.0104 0.9521 0.3056
vn -0.0000 0.2241 0.9746
vn -0.0860 0.4588 0.8844
vn 0.0860 0.4588 0.8844
vn -0.0685 0.9364 0.3441
vn -0.0698 0.9521 0.2977
vn -0.1901 0.2241 0.9558
vn -0.2568 0.4588 0.8506
vn -0.2577 0.2644 0.9293
vn -0.0882 0.4588 0.8842
vn -0.1343 0.9364 0.3242
vn -0.1266 0.9521 0.2784
vn -0.3730 0.2241 0.9004
vn -0.4179 0.4588 0.7842
vn -0.2590 0.4588 0.8500
vn -0.4199 0.4587 0.7831
vn -0.5414 0.2241 0.8103
vn -0.1950 0.9364 0.2918
vn -0.1784 0.9521 0.2483
vn -0.5628 0.4588 0.6876
vn -0.5646 0.4587 0.6861
vn -0.6891 0.2241 0.6891
vn -0.2481 0.9364 0.2481
vn -0.2234 0.9521 0.2088
vn -0.6861 0.4587 0.5646
vn -0.7306 0.2644 0.6295
vn -0.6876 0.4587 0.5628
vn -0.8103 0.2241 0.5414
vn -0.2918 0.9364 0.1949
vn -0.2599 0.9521 0.1612
vn -0.7831 0.4588 0.4199
vn -0.8394 0.2644 0.4749
vn -0.7842 0.4587 0.4179
vn -0.9004 0.2241 0.3730
vn -0.3242 0.9364 0.1343
vn -0.2863 0.9521 0.1074
vn -0.8500 0.4587 0.2590
vn -0.8506 0.4587 0.2568
vn -0.9558 0.2241 0.1901
vn -0.3441 0.9364 0.0684
vn -0.3018 0.9521 0.0494
vn -0.8842 0.4588 0.0882
vn -0.8844 0.4588 0.0860
vn -0.9746 0.2241 -0.0000
vn -0.3509 0.9364 -0.0000
vn -0.3056 0.9521 -0.0104
vn -0.8844 0.4588 -0.0860
vn -0.9618 0.2644 -0.0715
vn -0.8842 0.4588 -0.0882
vn -0.9558 0.2241 -0.1901
vn -0.3441 0.9364 -0.0685
vn -0.2977 0.9521 -0.0698
vn -0.8506 0.4588 -0.2568
vn -0.9293 0.2644 -0.2577
vn -0.8500 0.4587 -0.2590
vn -0.9004 0.2241 -0.3730
vn -0.3242 0.9364 -0.1343
vn -0.2784 0.9521 -0.1266
vn -0.7842 0.4587 -0.4179
vn -0.8612 0.2644 -0.4341
vn -0.7831 0.4587 -0.4199
vn -0.8103 0.2241 -0.5414
vn -0.2918 0.9364 -0.1949
vn -0.2483 0.9521 -0.1784
vn -0.6876 0.4587 -0.5628
vn -0.7600 0.2644 -0.5938
vn -0.6861 0.4587 -0.5646
vn -0.6891 0.2241 -0.6891
vn -0.2481 0.9364 -0.2481
vn -0.2088 0.9521 -0.2235
vn -0.5646 0.4587 -0.6861
vn -0.6295 0.2644 -0.7306
vn -0.5628 0.4588 -0.6876
vn -0.5414 0.2241 -0.8103
vn -0.1949 0.9364 -0.2918
vn -0.1612 0.9521 -0.2599
vn -0.4199 0.4588 -0.7831
vn -0.4179 0.4588 -0.7842
vn -0.3730 0.2241 -0.9004
vn -0.1343 0.9364 -0.3242
vn -0.1074 0.9521 -0.2863
vn -0.2590 0.4588 -0.8500
vn -0.3020 0.2644 -0.9159
vn -0.2568 0.4588 -0.8506
vn -0.1901 0.2241 -0.9558
vn -0.0685 0.9364 -0.3442
vn -0.0494 0.9521 -0.3018
vn -0.0882 0.4588 -0.8842
vn -0.1175 0.2644 -0.9572
vn 0.0698 -0.9521 -0.2977
vn 0.1266 -0.9521 -0.2784
vn 0.1784 -0.9521 -0.2483
vn 0.2235 -0.9521 -0.2088
vn 0.2599 -0.9521 -0.1612
vn 0.2863 -0.9521 -0.1074
vn 0.3018 -0.9521 -0.0494
vn 0.3056 -0.9521 0.0104
vn 0.2977 -0.9521 0.0698
vn 0.2784 -0.9521 0.1266
vn 0.2483 -0.9521 0.1784
vn 0.2088 -0.9521 0.2235
vn 0.1612 -0.9521 0.2599
vn 0.1074 -0.9521 0.2863
vn 0.0494 -0.9521 0.3018
vn -0.0104 -0.9521 0.3056
vn -0.0698 -0.9521 0.2977
vn -0.1266 -0.9521 0.2784
vn -0.1784 -0.9521 0.2483
vn -0.2235 -0.9521 0.2088
vn -0.2599 -0.9521 0.1612
vn -0.2863 -0.9521 0.1074
vn -0.3018 -0.9521 0.0494
vn -0.3056 -0.9521 -0.0104
vn -0.2977 -0.9521 -0.0698
vn -0.2784 -0.9521 -0.1266
vn -0.2483 -0.9521 -0.1784
vn -0.2088 -0.9521 -0.2235
vn -0.1612 -0.9521 -0.2599
vn -0.1074 -0.9521 -0.2863
vn -0.0494 -0.9521 -0.3018
vn 0.0104 -0.9521 -0.3056
vn 0.1074 0.9521 -0.2863
vn 0.1612 0.9521 -0.2599
vn 0.2484 0.9521 -0.1784
vn 0.2977 0.9521 -0.0698
vn 0.3056 0.9521 -0.0104
vn 0.0698 0.9521 0.2977
vn 0.0104 0.9521 0.3056
vn -0.1074 0.9521 0.2863
vn -0.2088 0.9521 0.2235
vn -0.2483 0.9521 0.1784
vn -0.2784 0.9521 0.1266
vn -0.2977 0.9521 0.0698
vn -0.3056 0.9521 0.0104
vn -0.3018 0.9521 -0.0494
vn -0.2599 0.9521 -0.1612
vn -0.2235 0.9521 -0.2088
vn -0.1266 0.9521 -0.2784
vn -0.0002 -0.3673 -0.9301
vn 0.1859 -0.5264 -0.8297
vn -0.0002 -0.7004 -0.7137
vn 0.0163 0.6375 0.7703
vn -0.9766 0.1661 -0.1369
vn -0.9992 0.0223 -0.0336
vn -0.9725 0.1796 -0.1483
vn 0.8040 -0.4744 0.3584
vn 0.6983 -0.5726 0.4295
vn 0.6730 -0.5930 0.4420
vn -0.9146 0.3192 -0.2481
vn -0.9084 0.3295 -0.2573
vn 0.5427 -0.6746 0.5004
vn 0.5175 -0.6884 0.5082
vn -0.8164 0.4596 -0.3496
vn -0.8098 0.4662 -0.3562
vn 0.3654 -0.7499 0.5515
vn 0.3439 -0.7575 0.5549
vn 0.0362 0.8044 -0.5930
vn 0.2091 0.7890 -0.5776
vn 0.2311 0.7846 -0.5753
vn -0.6860 0.5815 -0.4374
vn -0.6809 0.5844 -0.4414
vn 0.1733 -0.7958 0.5802
vn 0.1585 -0.7979 0.5815
vn 0.3916 0.7440 -0.5414
vn 0.4168 0.7347 -0.5353
vn -0.5288 0.6801 -0.5078
vn -0.5272 0.6799 -0.5097
vn -0.0312 -0.8091 0.5869
vn -0.0246 -0.8100 0.5859
vn 0.5606 0.6712 -0.4849
vn 0.5865 0.6564 -0.4745
vn -0.3512 0.7517 -0.5582
vn -0.3548 0.7497 -0.5586
vn -0.2202 -0.7912 0.5705
vn -0.2216 -0.7917 0.5693
vn 0.7096 0.5731 -0.4099
vn 0.7337 0.5526 -0.3953
vn -0.1608 0.7934 -0.5871
vn -0.1707 0.7919 -0.5863
vn -0.4017 -0.7444 0.5334
vn -0.4097 -0.7422 0.5304
vn 0.8327 0.4527 -0.3189
vn 0.8526 0.4273 -0.3008
vn 0.0197 0.8053 -0.5925
vn -0.5695 -0.6697 0.4766
vn -0.5813 -0.6636 0.4709
vn 0.9245 0.3145 -0.2154
vn 0.9386 0.2850 -0.1944
vn -0.7172 -0.5694 0.4017
vn -0.7300 -0.5591 0.3930
vn 0.9811 0.1636 -0.1033
vn 0.9881 0.1313 -0.0805
vn -0.8388 -0.4468 0.3110
vn -0.8501 -0.4330 0.2998
vn 0.9999 0.0057 0.0130
vn 0.9989 -0.0279 0.0364
vn -0.9290 -0.3063 0.2078
vn -0.9369 -0.2902 0.1949
vn 0.9798 -0.1531 0.1290
vn 0.9708 -0.1861 0.1516
vn -0.9835 -0.1532 0.0958
vn -0.9872 -0.1364 0.0823
vn 0.9211 -0.3064 0.2400
vn 0.9048 -0.3370 0.2604
vn -0.9998 0.0064 -0.0207
vn 0.8261 -0.4482 0.3415
vn -0.0422 -0.6968 -0.7160
vn -0.1363 -0.7841 -0.6055
vn -0.0817 -0.6852 -0.7237
vn 0.1416 -0.6414 -0.7540
vn 0.2945 -0.6685 -0.6829
vn 0.2503 -0.7151 -0.6526
vn -0.1574 0.7667 0.6224
vn -0.3204 0.7575 0.5689
vn -0.1752 0.7407 0.6486
vn 0.1958 0.6199 0.7599
vn 0.3775 0.5795 0.7223
vn 0.2101 0.6449 0.7349
vn -0.0689 -0.8004 -0.5955
vn 0.1626 -0.6147 -0.7718
vn 0.3269 -0.6152 -0.7174
vn -0.9836 0.1706 -0.0582
vn -0.9700 0.1869 0.1556
vn -0.9376 0.3444 0.0477
vn 0.9752 -0.2034 0.0875
vn 0.9092 -0.2427 0.3383
vn 0.9140 -0.3542 0.1979
vn 0.1846 -0.5563 -0.8102
vn 0.1769 -0.5861 -0.7907
vn 0.8179 -0.4905 0.3007
vn 0.6842 -0.5018 0.5293
vn 0.6912 -0.6074 0.3915
vn -0.9987 0.0074 0.0511
vn -0.9640 0.0250 0.2647
vn 0.3462 -0.5573 -0.7547
vn -0.8402 0.4743 -0.2628
vn -0.8693 0.4913 -0.0546
vn -0.7687 0.6223 -0.1477
vn 0.8127 -0.3820 0.4400
vn 0.1811 -0.4969 -0.8487
vn 0.3513 -0.4975 -0.7931
vn 0.5394 -0.7009 0.4668
vn 0.3538 -0.6651 0.6576
vn 0.3688 -0.7678 0.5239
vn 0.1702 -0.4686 -0.8669
vn 0.3424 -0.4385 -0.8310
vn -0.0997 0.8093 0.5789
vn -0.2408 0.8422 0.4824
vn -0.1320 0.7900 0.5988
vn 0.1536 -0.4421 -0.8837
vn 0.3202 -0.3825 -0.8667
vn -0.7171 0.6023 -0.3507
vn -0.6409 0.7328 -0.2284
vn 0.1315 -0.4182 -0.8988
vn 0.2859 -0.3318 -0.8990
vn 0.1655 -0.7023 0.6924
vn 0.1862 -0.8065 0.5611
vn 0.1043 -0.3978 -0.9115
vn 0.2412 -0.2882 -0.9267
vn 0.1950 0.8158 -0.5445
vn 0.0322 0.9187 -0.3936
vn 0.2139 0.8952 -0.3910
vn 0.0726 -0.3818 -0.9214
vn 0.1882 -0.2528 -0.9490
vn -0.5656 0.7069 -0.4248
vn -0.4913 0.8197 -0.2945
vn 0.0373 -0.3713 -0.9278
vn 0.1290 -0.2267 -0.9654
vn -0.0275 -0.7065 0.7072
vn -0.0002 -0.8181 0.5751
vn 0.0657 -0.2104 -0.9754
vn 0.3889 0.7602 -0.5204
vn 0.5555 0.7625 -0.3316
vn 0.5614 0.6767 -0.4764
vn -0.3916 0.7833 -0.4828
vn -0.3256 0.8804 -0.3447
vn -0.0657 -0.2081 -0.9759
vn 0.0002 -0.2041 -0.9789
vn 0.1753 0.5974 0.7825
vn 0.3561 0.5295 0.7700
vn -0.1821 0.6574 0.7312
vn -0.3505 0.6579 0.6666
vn -0.3463 0.6063 0.7158
vn -0.1696 0.6312 0.7569
vn -0.3293 0.5555 0.7635
vn 0.3859 0.6312 0.6728
vn 0.2176 0.6716 0.7082
vn -0.1506 0.6072 0.7801
vn -0.2998 0.5070 0.8082
vn 0.3814 0.6829 0.6230
vn 0.2178 0.6993 0.6809
vn -0.1258 0.5862 0.8003
vn -0.2581 0.4625 0.8482
vn 0.3639 0.7332 0.5744
vn 0.2105 0.7269 0.6537
vn -0.0962 0.5689 0.8167
vn -0.2051 0.4239 0.8822
vn 0.3338 0.7806 0.5284
vn 0.1956 0.7536 0.6276
vn -0.0628 0.5559 0.8289
vn -0.1422 0.3931 0.9084
vn 0.0241 0.8333 0.5523
vn -0.0466 0.9132 0.4048
vn -0.0197 0.8317 0.5549
vn 0.1732 0.7782 0.6037
vn 0.2916 0.8234 0.4868
vn -0.0267 0.5474 0.8364
vn -0.0716 0.3721 0.9254
vn -0.3723 -0.7523 0.5435
vn -0.2219 -0.6785 0.7003
vn -0.4064 -0.6203 0.6709
vn -0.1188 0.8991 0.4213
vn -0.0617 0.8235 0.5639
vn 0.1436 0.7996 0.5831
vn 0.2380 0.8600 0.4513
vn 0.0108 0.5438 0.8391
vn 0.0036 0.3626 0.9319
vn -0.1844 0.8749 0.4477
vn 0.1079 0.8166 0.5670
vn 0.1747 0.8887 0.4238
vn 0.0795 0.3653 0.9275
vn 0.0485 0.5453 0.8368
vn 0.1040 0.9079 0.4061
vn 0.0290 0.9162 0.3996
vn 0.0674 0.8281 0.5565
vn 0.1525 0.3802 0.9122
vn 0.0849 0.5517 0.8297
vn 0.3919 0.8420 -0.3708
vn -0.2865 0.8025 0.5234
vn 0.2188 0.4060 0.8873
vn 0.1189 0.5627 0.8180
vn 0.1494 0.5782 0.8021
vn 0.3221 0.4826 0.8145
vn 0.2760 0.4408 0.8542
vn 0.5290 -0.5974 0.6027
vn -0.9302 0.3284 -0.1641
vn -0.9750 -0.1548 0.1592
vn -0.9192 -0.1344 0.3702
vn -0.1852 0.7131 0.6762
vn -0.3418 0.7088 0.6171
vn 0.1140 -0.6648 -0.7383
vn 0.1964 -0.7532 -0.6278
vn -0.1995 -0.7567 -0.6226
vn -0.1166 -0.6670 -0.7359
vn 0.9987 -0.0437 -0.0261
vn 0.9694 -0.0897 0.2284
vn 0.0802 -0.6835 -0.7256
vn 0.1352 -0.7814 -0.6093
vn -0.2557 -0.7187 -0.6466
vn -0.1454 -0.6436 -0.7514
vn -0.9140 -0.3098 0.2620
vn -0.8369 -0.2847 0.4675
vn 0.0415 -0.6958 -0.7170
vn 0.0691 -0.7989 -0.5975
vn -0.3023 -0.6714 -0.6766
vn -0.1674 -0.6166 -0.7693
vn 0.9833 0.1189 -0.1378
vn 0.9908 0.0709 0.1154
vn 0.0003 -0.8053 -0.5929
vn -0.3368 -0.6167 -0.7115
vn -0.1825 -0.5873 -0.7885
vn -0.8185 -0.4516 0.3552
vn -0.7205 -0.4194 0.5523
vn 0.9293 0.2782 -0.2428
vn 0.9726 0.2324 0.0042
vn -0.3573 -0.5569 -0.7498
vn -0.1907 -0.5567 -0.8085
vn -0.6926 -0.5753 0.4351
vn -0.5749 -0.5328 0.6210
vn -0.1922 -0.5259 -0.8286
vn -0.3629 -0.4950 -0.7895
vn 0.8386 0.4283 -0.3368
vn 0.9161 0.3881 -0.1002
vn -0.1870 -0.4955 -0.8482
vn -0.3533 -0.4340 -0.8287
vn -0.1755 -0.4664 -0.8670
vn -0.3296 -0.3766 -0.8658
vn -0.5418 -0.6766 0.4986
vn -0.1580 -0.4394 -0.8843
vn -0.2932 -0.3252 -0.8990
vn -0.0036 0.8392 -0.5438
vn -0.1493 0.9137 -0.3780
vn -0.1348 -0.4154 -0.8996
vn -0.2463 -0.2816 -0.9274
vn 0.7143 0.5630 -0.4157
vn 0.8245 0.5319 -0.1932
vn -0.1065 -0.3952 -0.9124
vn -0.1911 -0.2471 -0.9500
vn -0.2017 0.8282 -0.5229
vn -0.0738 -0.3798 -0.9221
vn -0.1301 -0.2225 -0.9662
vn 0.7025 0.6580 -0.2711
vn -0.0378 -0.3702 -0.9282
vn -0.1903 -0.8005 0.5683
vn 0.4942 0.4164 0.7631
vn 0.7954 -0.2184 0.5654
vn 0.8819 -0.0831 0.4641
vn -0.4952 0.6076 0.6209
vn -0.4915 0.5319 0.6896
vn -0.9105 0.1705 0.3766
vn 0.5243 0.4908 0.6959
vn 0.9322 0.0625 0.3565
vn -0.4685 0.4569 0.7561
vn -0.8766 0.0215 0.4807
vn 0.5346 0.5676 0.6261
vn 0.9456 0.2119 0.2470
vn -0.4267 0.3854 0.8182
vn -0.8064 -0.1222 0.5787
vn 0.5251 0.6440 0.5563
vn 0.9226 0.3593 0.1402
vn -0.3670 0.3205 0.8732
vn -0.7013 -0.2539 0.6662
vn 0.4962 0.7172 0.4893
vn 0.8656 0.4992 0.0402
vn -0.2915 0.2651 0.9191
vn -0.5648 -0.3672 0.7390
vn 0.4493 0.7845 0.4275
vn 0.7776 0.6268 -0.0492
vn -0.2029 0.2219 0.9537
vn -0.4022 -0.4564 0.7937
vn 0.0298 0.9623 0.2705
vn -0.0683 0.9583 0.2776
vn -0.1298 0.9624 -0.2385
vn 0.3862 0.8435 0.3734
vn 0.6632 0.7381 -0.1243
vn -0.1049 0.1932 0.9755
vn -0.2205 -0.5168 0.8272
vn -0.1629 0.9406 0.2977
vn -0.2941 0.9331 -0.2072
vn 0.3094 0.8921 0.3292
vn 0.5260 0.8304 -0.1835
vn -0.0016 0.1804 0.9836
vn -0.0275 -0.5456 0.8376
vn -0.2510 0.9100 0.3301
vn -0.4483 0.8796 -0.1593
vn 0.2220 0.9288 0.2967
vn 0.3728 0.9002 -0.2251
vn 0.1024 0.1838 0.9776
vn 0.1665 -0.5409 0.8244
vn -0.3294 0.8672 0.3733
vn -0.5878 0.8033 -0.0961
vn 0.1276 0.9524 0.2769
vn 0.2088 0.9460 -0.2480
vn 0.2033 0.2032 0.9578
vn 0.3542 -0.5028 0.7885
vn -0.3956 0.8135 0.4263
vn -0.7078 0.7062 -0.0192
vn 0.0395 0.9668 -0.2523
vn 0.2966 0.2382 0.9248
vn 0.5263 -0.4337 0.7314
vn -0.4463 0.7509 0.4868
vn -0.8038 0.5908 0.0695
vn 0.3784 0.2871 0.8800
vn 0.6754 -0.3372 0.6559
vn -0.4800 0.6815 0.5525
vn -0.8719 0.4603 0.1672
vn 0.4450 0.3475 0.8253
vn -0.9084 0.3186 0.2708
vn -0.1874 0.6850 0.7040
vn 0.9879 0.1083 -0.1106
vn 0.9999 -0.0106 -0.0125
vn 0.9990 -0.0432 0.0145
vn -0.8288 0.4396 -0.3462
vn -0.9067 0.3341 -0.2573
vn -0.8078 0.4624 -0.3656
vn 0.9804 -0.1614 0.1128
vn 0.9714 -0.1926 0.1388
vn -0.7019 0.5559 -0.4452
vn -0.6788 0.5727 -0.4596
vn 0.9228 -0.3063 0.2339
vn 0.9067 -0.3341 0.2573
vn -0.5469 0.6506 -0.5269
vn -0.5253 0.6610 -0.5359
vn 0.8288 -0.4396 0.3462
vn 0.8078 -0.4624 0.3656
vn -0.3698 0.7196 -0.5877
vn -0.3533 0.7244 -0.5920
vn -0.2091 -0.7512 0.6261
vn -0.0220 -0.7700 0.6377
vn -0.2206 -0.7491 0.6247
vn 0.7019 -0.5559 0.4452
vn 0.6788 -0.5727 0.4596
vn -0.1775 0.7600 -0.6252
vn -0.1693 0.7610 -0.6262
vn -0.3912 -0.7049 0.5917
vn -0.4102 -0.6983 0.5866
vn 0.5469 -0.6506 0.5269
vn 0.5253 -0.6610 0.5359
vn 0.0220 0.7700 -0.6377
vn 0.0202 0.7700 -0.6377
vn -0.5599 -0.6324 0.5353
vn -0.5830 -0.6198 0.5253
vn 0.3698 -0.7196 0.5877
vn 0.3533 -0.7244 0.5920
vn 0.2091 0.7512 -0.6261
vn 0.2206 0.7491 -0.6247
vn -0.7088 -0.5360 0.4586
vn -0.7322 -0.5170 0.4434
vn 0.1775 -0.7600 0.6252
vn 0.1693 -0.7610 0.6262
vn 0.3912 0.7049 -0.5917
vn 0.4102 0.6983 -0.5866
vn -0.8318 -0.4188 0.3643
vn -0.8522 -0.3940 0.3442
vn -0.0202 -0.7700 0.6377
vn 0.5599 0.6324 -0.5353
vn 0.5830 0.6198 -0.5253
vn -0.9237 -0.2852 0.2557
vn -0.9385 -0.2560 0.2318
vn 0.7088 0.5360 -0.4586
vn 0.7322 0.5170 -0.4434
vn -0.9806 -0.1403 0.1369
vn -0.9879 -0.1083 0.1106
vn 0.8318 0.4188 -0.3643
vn 0.8522 0.3940 -0.3442
vn -0.9999 0.0106 0.0125
vn -0.9990 0.0432 -0.0145
vn 0.9237 0.2852 -0.2557
vn 0.9385 0.2560 -0.2318
vn -0.9804 0.1614 -0.1128
vn -0.9714 0.1926 -0.1388
vn 0.9806 0.1403 -0.1369
vn -0.9228 0.3063 -0.2339
vn -0.1693 0.7610 -0.6263
vn 0.4101 0.6983 -0.5866
vn -0.5702 0.7278 -0.3811
vn -0.0001 1.0000 -0.0000
vn 0.0001 1.0000 -0.0000
vn 0.1824 -0.3544 -0.9171
vn -0.0000 -0.3544 -0.9351
vn 0.3579 -0.3544 -0.8639
vn 0.5195 -0.3544 -0.7775
vn 0.6612 -0.3544 -0.6612
vn 0.7775 -0.3544 -0.5195
vn 0.8639 -0.3544 -0.3578
vn 0.9171 -0.3544 -0.1824
vn 0.9351 -0.3544 -0.0000
vn 0.9171 -0.3544 0.1824
vn 0.8639 -0.3544 0.3579
vn 0.7775 -0.3544 0.5195
vn 0.6612 -0.3544 0.6612
vn 0.5195 -0.3544 0.7775
vn 0.3578 -0.3544 0.8639
vn 0.1824 -0.3544 0.9171
vn -0.0000 -0.3544 0.9351
vn -0.1824 -0.3544 0.9171
vn -0.3579 -0.3544 0.8639
vn -0.5195 -0.3544 0.7775
vn -0.6612 -0.3544 0.6612
vn -0.7775 -0.3544 0.5195
vn -0.8639 -0.3544 0.3578
vn -0.9171 -0.3544 0.1824
vn -0.9351 -0.3544 -0.0000
vn -0.9171 -0.3544 -0.1824
vn -0.8639 -0.3544 -0.3578
vn -0.7775 -0.3544 -0.5195
vn -0.6612 -0.3544 -0.6612
vn -0.5195 -0.3544 -0.7775
vn -0.3578 -0.3544 -0.8639
vn -0.1824 -0.3544 -0.9171
vn 0.1824 0.3544 -0.9171
vn 0.0494 0.9521 -0.3018
vn -0.0000 0.3544 -0.9351
vn -0.0104 0.9521 -0.3056
vn 0.3578 0.3544 -0.8639
vn 0.5195 0.3544 -0.7775
vn 0.6612 0.3544 -0.6612
vn 0.2088 0.9521 -0.2234
vn 0.7775 0.3544 -0.5195
vn 0.2784 0.9521 -0.1266
vn 0.8639 0.3544 -0.3579
vn 0.9171 0.3544 -0.1824
vn 0.9351 0.3544 -0.0000
vn 0.3018 0.9521 0.0494
vn 0.9171 0.3544 0.1824
vn 0.2863 0.9521 0.1074
vn 0.8639 0.3544 0.3579
vn 0.2599 0.9521 0.1612
vn 0.7775 0.3544 0.5195
vn 0.2235 0.9521 0.2088
vn 0.6612 0.3544 0.6612
vn 0.1784 0.9521 0.2483
vn 0.5195 0.3544 0.7775
vn 0.1266 0.9521 0.2784
vn 0.3578 0.3544 0.8639
vn 0.1824 0.3544 0.9171
vn -0.0000 0.3544 0.9351
vn -0.0494 0.9521 0.3018
vn -0.1824 0.3544 0.9171
vn -0.3579 0.3544 0.8639
vn -0.5195 0.3544 0.7775
vn -0.1612 0.9521 0.2599
vn -0.6612 0.3544 0.6612
vn -0.7775 0.3544 0.5195
vn -0.8639 0.3544 0.3578
vn -0.9171 0.3544 0.1824
vn -0.9351 0.3544 -0.0000
vn -0.9171 0.3544 -0.1824
vn -0.8639 0.3544 -0.3578
vn -0.2863 0.9521 -0.1074
vn -0.7775 0.3544 -0.5195
vn -0.6612 0.3544 -0.6612
vn -0.5195 0.3544 -0.7775
vn -0.1784 0.9521 -0.2483
vn -0.3578 0.3544 -0.8639
vn -0.1824 0.3544 -0.9171
vn -0.0698 0.9521 -0.2977
vn 0.0163 0.6374 0.7703
vn 0.0164 0.6375 0.7703
vn 0.0163 0.6375 0.7702
vt 0.031250 0.827195
vt 0.000000 0.797804
vt 0.031250 0.797804
vt 0.968750 0.827195
vt 0.937500 0.797804
vt 0.968750 0.797804
vt 0.937500 0.827196
vt 0.906250 0.797804
vt 0.937500 0.797804
vt 0.906250 0.827195
vt 0.875000 0.797804
vt 0.875000 0.827195
vt 0.843750 0.797804
vt 0.843750 0.827195
vt 0.812500 0.797804
vt 0.812500 0.827195
vt 0.781250 0.797804
vt 0.781250 0.559779
vt 0.750000 0.500000
vt 0.781250 0.500000
vt 0.750000 0.559779
vt 0.718750 0.500000
vt 0.718750 0.559779
vt 0.687500 0.500000
vt 0.687500 0.559779
vt 0.656250 0.500000
vt 0.656250 0.797804
vt 0.625000 0.827196
vt 0.625000 0.797804
vt 0.593750 0.827196
vt 0.593750 0.797804
vt 0.562500 0.827196
vt 0.562500 0.797804
vt 0.562500 0.797804
vt 0.531250 0.827196
vt 0.531250 0.797804
vt 0.500000 0.827196
vt 0.500000 0.797804
vt 0.500000 0.797804
vt 0.468750 0.827196
vt 0.468750 0.797804
vt 0.437500 0.827196
vt 0.437500 0.797804
vt 0.437500 0.797804
vt 0.406250 0.827196
vt 0.406250 0.797804
vt 0.375000 0.827196
vt 0.375000 0.797804
vt 0.343750 0.827196
vt 0.343750 0.797804
vt 0.312500 0.827196
vt 0.312500 0.797804
vt 0.281250 0.827196
vt 0.281250 0.797804
vt 0.250000 0.827196
vt 0.250000 0.797804
vt 0.218750 0.827196
vt 0.218750 0.797804
vt 0.218750 0.797804
vt 0.187500 0.827195
vt 0.187500 0.797804
vt 0.187500 0.797804
vt 0.156250 0.827195
vt 0.156250 0.797804
vt 0.156250 0.827196
vt 0.125000 0.797804
vt 0.125000 0.827196
vt 0.093750 0.797804
vt 0.125000 0.797804
vt 0.093750 0.827196
vt 0.062500 0.797804
vt 0.093750 0.797804
vt 0.937500 1.000000
vt 0.906250 1.000000
vt 0.062500 0.827195
vt 0.031250 0.797804
vt 1.000000 0.827196
vt 1.000000 0.797804
vt 0.501982 0.500000
vt 0.529268 0.500000
vt 1.000000 0.700110
vt 0.968750 0.674889
vt 1.000000 0.674890
vt 0.718750 0.700110
vt 0.687500 0.674889
vt 0.718750 0.674889
vt 0.062500 0.700110
vt 0.031250 0.674889
vt 0.062500 0.674889
vt 0.687500 0.827196
vt 0.687500 0.797804
vt 0.062500 0.559779
vt 0.031250 0.500000
vt 0.062500 0.500000
vt 0.093750 0.700111
vt 0.093750 0.674890
vt 0.093750 0.559779
vt 0.093750 0.500000
vt 0.125000 0.700110
vt 0.093750 0.674890
vt 0.125000 0.674889
vt 0.687500 0.700110
vt 0.656250 0.674889
vt 0.125000 0.559779
vt 0.125000 0.500000
vt 0.156250 0.700110
vt 0.156250 0.674889
vt 0.031250 0.952971
vt 0.000000 1.000000
vt 0.000000 0.952875
vt 0.156250 0.559779
vt 0.156250 0.500000
vt 0.187500 0.674889
vt 0.156250 0.674889
vt 0.187500 0.500000
vt 0.156250 0.559779
vt 0.218750 0.674889
vt 0.187500 0.700110
vt 0.750000 0.700110
vt 0.750000 0.674889
vt 0.218750 0.500000
vt 0.187500 0.559779
vt 0.250000 0.674889
vt 0.218750 0.700110
vt 0.218750 0.674889
vt 0.906250 0.559779
vt 0.875000 0.500000
vt 0.906250 0.500000
vt 0.250000 0.500000
vt 0.218750 0.559779
vt 0.281250 0.674889
vt 0.250000 0.700110
vt 0.250000 0.674889
vt 0.281250 0.500000
vt 0.250000 0.559779
vt 0.312500 0.674889
vt 0.281250 0.700110
vt 0.781250 0.700110
vt 0.781250 0.674889
vt 0.312500 0.500000
vt 0.281250 0.559779
vt 0.343750 0.674889
vt 0.312500 0.700110
vt 0.312500 0.674889
vt 0.812500 0.559779
vt 0.812500 0.500000
vt 0.343750 0.500000
vt 0.312500 0.559779
vt 0.375000 0.674889
vt 0.343750 0.700110
vt 0.343750 0.674889
vt 0.375000 0.500000
vt 0.343750 0.559779
vt 0.406250 0.674889
vt 0.375000 0.700110
vt 0.781250 0.827195
vt 0.750000 0.797804
vt 0.406250 0.500000
vt 0.375000 0.559779
vt 0.437500 0.674889
vt 0.406250 0.700110
vt 0.781250 0.952034
vt 0.750000 1.000000
vt 0.750000 0.951945
vt 0.437500 0.500000
vt 0.406250 0.559779
vt 0.468750 0.674889
vt 0.437500 0.700110
vt 0.468750 0.500000
vt 0.437500 0.559779
vt 0.500000 0.674889
vt 0.468750 0.700110
vt 0.468750 0.674889
vt 0.843750 0.559779
vt 0.843750 0.500000
vt 0.500000 0.500000
vt 0.468750 0.559779
vt 0.531250 0.674889
vt 0.500000 0.700110
vt 0.500000 0.674889
vt 0.812500 0.952139
vt 0.781250 1.000000
vt 0.531250 0.500000
vt 0.500000 0.559779
vt 0.562500 0.674889
vt 0.531250 0.700110
vt 0.562500 0.500000
vt 0.531250 0.559779
vt 0.593750 0.674889
vt 0.562500 0.700110
vt 0.875000 0.559779
vt 0.593750 0.500000
vt 0.562500 0.559779
vt 0.625000 0.674889
vt 0.593750 0.700110
vt 0.593750 0.674889
vt 0.843750 0.952257
vt 0.812500 1.000000
vt 0.625000 0.500000
vt 0.593750 0.559779
vt 0.625000 0.700110
vt 0.625000 0.559779
vt 0.656250 1.000000
vt 0.625000 0.951815
vt 0.656250 0.951811
vt 0.750000 0.827195
vt 0.718750 0.797804
vt 0.750000 0.797804
vt 0.687500 0.951832
vt 0.656250 0.951811
vt 0.875000 0.952384
vt 0.843750 1.000000
vt 0.718750 0.951877
vt 0.687500 1.000000
vt 0.750000 0.951945
vt 0.718750 1.000000
vt 0.718750 0.951877
vt 0.937500 0.559779
vt 0.937500 0.500000
vt 0.812500 0.700110
vt 0.812500 0.674889
vt 0.906250 0.952514
vt 0.875000 1.000000
vt 0.875000 0.952384
vt 0.843750 0.700110
vt 0.843750 0.674889
vt 0.875000 0.700110
vt 0.843750 0.674889
vt 0.875000 0.674889
vt 0.968750 0.559779
vt 0.968750 0.500000
vt 0.906250 0.700110
vt 0.875000 0.674889
vt 0.906250 0.674889
vt 0.937500 0.952642
vt 0.906250 0.952514
vt 0.937500 0.700110
vt 0.937500 0.674889
vt 0.968750 0.700110
vt 1.000000 0.952875
vt 0.968750 1.000000
vt 0.968750 0.952764
vt 0.031250 0.559779
vt 0.000000 0.500000
vt 0.031250 0.700110
vt 0.000000 0.674889
vt 0.625000 1.000000
vt 0.593750 0.951844
vt 0.593750 1.000000
vt 0.562500 0.951898
vt 0.593750 0.951844
vt 0.562500 1.000000
vt 0.531250 0.951973
vt 0.531250 1.000000
vt 0.500000 0.952068
vt 0.500000 1.000000
vt 0.468750 0.952178
vt 0.468750 1.000000
vt 0.437500 0.952300
vt 0.437500 1.000000
vt 0.406250 0.952428
vt 0.437500 0.952300
vt 0.406250 1.000000
vt 0.375000 0.952558
vt 0.375000 1.000000
vt 0.343750 0.952685
vt 0.343750 1.000000
vt 0.312500 0.952804
vt 0.312500 1.000000
vt 0.281250 0.952910
vt 0.281250 1.000000
vt 0.250000 0.952999
vt 0.250000 1.000000
vt 0.218750 0.953068
vt 0.250000 0.952999
vt 0.218750 1.000000
vt 0.187500 0.953114
vt 0.218750 0.953068
vt 0.187500 1.000000
vt 0.156250 0.953135
vt 0.125000 1.000000
vt 0.125000 0.953131
vt 0.093750 1.000000
vt 0.093750 0.953101
vt 0.062500 1.000000
vt 0.062500 0.953047
vt 0.031250 1.000000
vt 0.031250 0.952970
vt 0.968750 0.952764
vt 0.796822 0.014612
vt 0.514612 0.203178
vt 0.703178 0.485388
vt 0.510000 0.250000
vt 0.514612 0.296822
vt 0.514612 0.296822
vt 0.783232 0.500000
vt 0.810518 0.500000
vt 0.810517 0.500000
vt 0.528269 0.158156
vt 0.514611 0.203178
vt 0.251982 0.500000
vt 0.279267 0.500000
vt 0.279268 0.500000
vt 0.533233 0.500000
vt 0.560518 0.500000
vt 0.550447 0.116663
vt 0.814482 0.500000
vt 0.841768 0.500000
vt 0.841768 0.500000
vt 0.580294 0.080294
vt 0.001982 0.500000
vt 0.029268 0.500000
vt 0.616663 0.050447
vt 0.283232 0.500000
vt 0.310518 0.500000
vt 0.564482 0.500000
vt 0.591768 0.500000
vt 0.658156 0.028269
vt 0.845733 0.500000
vt 0.873018 0.500000
vt 0.873018 0.500000
vt 0.703178 0.014612
vt 0.033232 0.500000
vt 0.060518 0.500000
vt 0.750000 0.010000
vt 0.703178 0.014612
vt 0.314482 0.500000
vt 0.341768 0.500000
vt 0.595733 0.500000
vt 0.623018 0.500000
vt 0.876983 0.500000
vt 0.904268 0.500000
vt 0.904267 0.500000
vt 0.841844 0.028269
vt 0.064482 0.500000
vt 0.091768 0.500000
vt 0.883337 0.050447
vt 0.345732 0.500000
vt 0.373018 0.500000
vt 0.626982 0.500000
vt 0.654268 0.500000
vt 0.919706 0.080294
vt 0.908233 0.500000
vt 0.935518 0.500000
vt 0.949553 0.116663
vt 0.095732 0.500000
vt 0.123018 0.500000
vt 0.218750 0.500000
vt 0.796822 0.485388
vt 0.750000 0.490000
vt 0.718750 0.500000
vt 0.220732 0.500000
vt 0.248018 0.500000
vt 0.248018 0.500000
vt 0.528269 0.341844
vt 0.550447 0.383337
vt 0.751982 0.500000
vt 0.779267 0.500000
vt 0.779267 0.500000
vt 0.580294 0.419706
vt 0.580294 0.419706
vt 0.470732 0.500000
vt 0.498018 0.500000
vt 0.189482 0.500000
vt 0.216768 0.500000
vt 0.216768 0.500000
vt 0.616663 0.449553
vt 0.841844 0.471731
vt 0.883337 0.449553
vt 0.658156 0.471731
vt 0.720732 0.500000
vt 0.748018 0.500000
vt 0.919706 0.419706
vt 0.919706 0.419706
vt 0.703178 0.485388
vt 0.439482 0.500000
vt 0.466768 0.500000
vt 0.466767 0.500000
vt 0.949553 0.383337
vt 0.949553 0.383337
vt 0.970732 0.500000
vt 0.998018 0.500000
vt 0.158232 0.500000
vt 0.185518 0.500000
vt 0.185518 0.500000
vt 0.971731 0.341844
vt 0.796822 0.485388
vt 0.985388 0.296822
vt 0.985388 0.296822
vt 0.689483 0.500000
vt 0.716768 0.500000
vt 0.716767 0.500000
vt 0.408232 0.500000
vt 0.435518 0.500000
vt 0.435518 0.500000
vt 0.990000 0.250000
vt 0.126982 0.500000
vt 0.154268 0.500000
vt 0.985388 0.203178
vt 0.985388 0.203178
vt 0.939483 0.500000
vt 0.966768 0.500000
vt 0.966767 0.500000
vt 0.971731 0.158156
vt 0.658233 0.500000
vt 0.685517 0.500000
vt 0.685518 0.500000
vt 0.376982 0.500000
vt 0.404268 0.500000
vt 0.949553 0.116663
vt 1.000000 0.500000
vt 0.998587 0.500000
vt 0.000731 0.500000
vt 0.001413 0.500000
vt 1.000680 0.500000
vt 0.000471 0.500000
vt 0.999325 0.500000
vt 0.000062 0.500000
vt 0.968076 0.500000
vt 0.969431 0.500000
vt 0.968279 0.500000
vt 0.968019 0.500000
vt 0.967337 0.500000
vt 0.969221 0.500000
vt 0.970163 0.500000
vt 0.969481 0.500000
vt 0.938913 0.500000
vt 0.938231 0.500000
vt 0.938181 0.500000
vt 0.937971 0.500000
vt 0.936825 0.500000
vt 0.937029 0.500000
vt 0.936769 0.500000
vt 0.936087 0.500000
vt 0.907663 0.500000
vt 0.906981 0.500000
vt 0.906930 0.500000
vt 0.906721 0.500000
vt 0.905575 0.500000
vt 0.905779 0.500000
vt 0.906250 0.500000
vt 0.905519 0.500000
vt 0.904837 0.500000
vt 0.876413 0.500000
vt 0.875731 0.500000
vt 0.875680 0.500000
vt 0.875471 0.500000
vt 0.874326 0.500000
vt 0.874529 0.500000
vt 0.874269 0.500000
vt 0.873587 0.500000
vt 0.845163 0.500000
vt 0.844481 0.500000
vt 0.844431 0.500000
vt 0.844221 0.500000
vt 0.843075 0.500000
vt 0.843279 0.500000
vt 0.843019 0.500000
vt 0.842337 0.500000
vt 0.813913 0.500000
vt 0.813231 0.500000
vt 0.813181 0.500000
vt 0.812971 0.500000
vt 0.811826 0.500000
vt 0.812029 0.500000
vt 0.811769 0.500000
vt 0.811087 0.500000
vt 0.780575 0.500000
vt 0.781931 0.500000
vt 0.780779 0.500000
vt 0.780519 0.500000
vt 0.779837 0.500000
vt 0.781981 0.500000
vt 0.782663 0.500000
vt 0.781721 0.500000
vt 0.749326 0.500000
vt 0.750681 0.500000
vt 0.749529 0.500000
vt 0.749269 0.500000
vt 0.748587 0.500000
vt 0.750731 0.500000
vt 0.751413 0.500000
vt 0.750471 0.500000
vt 0.718075 0.500000
vt 0.719431 0.500000
vt 0.718279 0.500000
vt 0.718019 0.500000
vt 0.717337 0.500000
vt 0.719221 0.500000
vt 0.720163 0.500000
vt 0.719481 0.500000
vt 0.686826 0.500000
vt 0.688181 0.500000
vt 0.687029 0.500000
vt 0.686769 0.500000
vt 0.686087 0.500000
vt 0.688231 0.500000
vt 0.688913 0.500000
vt 0.687971 0.500000
vt 0.657663 0.500000
vt 0.656981 0.500000
vt 0.656931 0.500000
vt 0.656721 0.500000
vt 0.655575 0.500000
vt 0.655779 0.500000
vt 0.655519 0.500000
vt 0.654837 0.500000
vt 0.626413 0.500000
vt 0.625731 0.500000
vt 0.625681 0.500000
vt 0.625471 0.500000
vt 0.624325 0.500000
vt 0.624529 0.500000
vt 0.624269 0.500000
vt 0.623587 0.500000
vt 0.595163 0.500000
vt 0.594481 0.500000
vt 0.594430 0.500000
vt 0.594221 0.500000
vt 0.593075 0.500000
vt 0.593279 0.500000
vt 0.593019 0.500000
vt 0.592337 0.500000
vt 0.563913 0.500000
vt 0.563231 0.500000
vt 0.563181 0.500000
vt 0.562971 0.500000
vt 0.561826 0.500000
vt 0.562029 0.500000
vt 0.561769 0.500000
vt 0.561087 0.500000
vt 0.532663 0.500000
vt 0.531981 0.500000
vt 0.531931 0.500000
vt 0.531721 0.500000
vt 0.530575 0.500000
vt 0.530779 0.500000
vt 0.530519 0.500000
vt 0.529837 0.500000
vt 0.499325 0.500000
vt 0.500681 0.500000
vt 0.499529 0.500000
vt 0.499269 0.500000
vt 0.498587 0.500000
vt 0.500731 0.500000
vt 0.501413 0.500000
vt 0.500471 0.500000
vt 0.468075 0.500000
vt 0.469431 0.500000
vt 0.468279 0.500000
vt 0.468019 0.500000
vt 0.467337 0.500000
vt 0.469221 0.500000
vt 0.470163 0.500000
vt 0.469481 0.500000
vt 0.436825 0.500000
vt 0.438181 0.500000
vt 0.437029 0.500000
vt 0.436769 0.500000
vt 0.436087 0.500000
vt 0.438231 0.500000
vt 0.438913 0.500000
vt 0.437971 0.500000
vt 0.405575 0.500000
vt 0.406931 0.500000
vt 0.405779 0.500000
vt 0.406250 0.500000
vt 0.405519 0.500000
vt 0.404837 0.500000
vt 0.406981 0.500000
vt 0.407663 0.500000
vt 0.406721 0.500000
vt 0.376413 0.500000
vt 0.375731 0.500000
vt 0.375681 0.500000
vt 0.375471 0.500000
vt 0.374325 0.500000
vt 0.374529 0.500000
vt 0.374269 0.500000
vt 0.373587 0.500000
vt 0.345163 0.500000
vt 0.344481 0.500000
vt 0.344431 0.500000
vt 0.344221 0.500000
vt 0.343075 0.500000
vt 0.343279 0.500000
vt 0.343019 0.500000
vt 0.342337 0.500000
vt 0.313913 0.500000
vt 0.313231 0.500000
vt 0.313181 0.500000
vt 0.312971 0.500000
vt 0.311825 0.500000
vt 0.312029 0.500000
vt 0.311769 0.500000
vt 0.311087 0.500000
vt 0.282663 0.500000
vt 0.281981 0.500000
vt 0.281931 0.500000
vt 0.281721 0.500000
vt 0.280575 0.500000
vt 0.280779 0.500000
vt 0.280519 0.500000
vt 0.279837 0.500000
vt 0.251413 0.500000
vt 0.250731 0.500000
vt 0.250681 0.500000
vt 0.250471 0.500000
vt 0.249325 0.500000
vt 0.249529 0.500000
vt 0.249269 0.500000
vt 0.248587 0.500000
vt 0.218075 0.500000
vt 0.219431 0.500000
vt 0.218279 0.500000
vt 0.218019 0.500000
vt 0.217337 0.500000
vt 0.219221 0.500000
vt 0.220163 0.500000
vt 0.219481 0.500000
vt 0.186825 0.500000
vt 0.188181 0.500000
vt 0.187029 0.500000
vt 0.186769 0.500000
vt 0.186087 0.500000
vt 0.188231 0.500000
vt 0.188913 0.500000
vt 0.187971 0.500000
vt 0.155575 0.500000
vt 0.156931 0.500000
vt 0.155779 0.500000
vt 0.155519 0.500000
vt 0.154837 0.500000
vt 0.156981 0.500000
vt 0.157663 0.500000
vt 0.156721 0.500000
vt 0.126413 0.500000
vt 0.125731 0.500000
vt 0.125681 0.500000
vt 0.125471 0.500000
vt 0.124325 0.500000
vt 0.124529 0.500000
vt 0.124269 0.500000
vt 0.123587 0.500000
vt 0.095163 0.500000
vt 0.094481 0.500000
vt 0.094431 0.500000
vt 0.094221 0.500000
vt 0.093075 0.500000
vt 0.093279 0.500000
vt 0.093750 0.500000
vt 0.093019 0.500000
vt 0.092337 0.500000
vt 0.063913 0.500000
vt 0.063231 0.500000
vt 0.063181 0.500000
vt 0.062971 0.500000
vt 0.061825 0.500000
vt 0.062029 0.500000
vt 0.061769 0.500000
vt 0.061087 0.500000
vt 0.032663 0.500000
vt 0.031981 0.500000
vt 0.031931 0.500000
vt 0.031721 0.500000
vt 0.030575 0.500000
vt 0.030779 0.500000
vt 0.030519 0.500000
vt 0.029837 0.500000
vt 0.748989 0.489900
vt 0.751020 0.490100
vt 0.749294 0.489930
vt 0.001413 0.500000
vt -0.000462 0.500000
vt 0.000471 0.500000
vt 0.998587 0.500000
vt 0.750731 0.490072
vt 0.752189 0.490216
vt 0.969481 0.500000
vt 0.970732 0.500000
vt 0.968279 0.500000
vt 0.969221 0.500000
vt 0.967337 0.500000
vt 0.797841 0.485288
vt 0.797552 0.485317
vt 0.799010 0.485173
vt 0.795811 0.485488
vt 0.796116 0.485458
vt 0.938231 0.500000
vt 0.939482 0.500000
vt 0.936769 0.500000
vt 0.937971 0.500000
vt 0.936087 0.500000
vt 0.842824 0.471434
vt 0.842547 0.471518
vt 0.843949 0.471093
vt 0.840872 0.472026
vt 0.841165 0.471937
vt 0.907663 0.500000
vt 0.908232 0.500000
vt 0.905519 0.500000
vt 0.906721 0.500000
vt 0.884240 0.449070
vt 0.883984 0.449207
vt 0.885276 0.448516
vt 0.882441 0.450031
vt 0.882711 0.449887
vt 0.875731 0.500000
vt 0.876413 0.500000
vt 0.874269 0.500000
vt 0.873587 0.500000
vt 0.920498 0.419056
vt 0.920273 0.419240
vt 0.921406 0.418310
vt 0.918921 0.420350
vt 0.919157 0.420156
vt 0.919706 0.419706
vt 0.844481 0.500000
vt 0.845163 0.500000
vt 0.845732 0.500000
vt 0.844221 0.500000
vt 0.842337 0.500000
vt 0.950203 0.382545
vt 0.950018 0.382769
vt 0.950948 0.381637
vt 0.948908 0.384122
vt 0.949103 0.383885
vt 0.813231 0.500000
vt 0.813913 0.500000
vt 0.814482 0.500000
vt 0.812029 0.500000
vt 0.811087 0.500000
vt 0.972214 0.340940
vt 0.972077 0.341197
vt 0.972768 0.339904
vt 0.971252 0.342740
vt 0.971397 0.342470
vt 0.782663 0.500000
vt 0.780519 0.500000
vt 0.985686 0.295841
vt 0.985602 0.296119
vt 0.986027 0.294717
vt 0.985094 0.297794
vt 0.985183 0.297501
vt 0.751413 0.500000
vt 0.751982 0.500000
vt 0.749269 0.500000
vt 0.990100 0.248980
vt 0.990072 0.249269
vt 0.990216 0.247811
vt 0.989901 0.251011
vt 0.989930 0.250706
vt 0.720732 0.500000
vt 0.718279 0.500000
vt 0.719221 0.500000
vt 0.717337 0.500000
vt 0.985288 0.202159
vt 0.985317 0.202448
vt 0.985173 0.200990
vt 0.985488 0.204189
vt 0.985458 0.203884
vt 0.689482 0.500000
vt 0.686769 0.500000
vt 0.971434 0.157176
vt 0.971532 0.157500
vt 0.971093 0.156051
vt 0.972026 0.159128
vt 0.971926 0.158800
vt 0.687907 0.500000
vt 0.687029 0.500000
vt 0.687438 0.500000
vt 0.656981 0.500000
vt 0.657663 0.500000
vt 0.658232 0.500000
vt 0.655519 0.500000
vt 0.656721 0.500000
vt 0.654837 0.500000
vt 0.949070 0.115760
vt 0.949230 0.116059
vt 0.948516 0.114723
vt 0.950031 0.117559
vt 0.949870 0.117257
vt 0.656657 0.500000
vt 0.655779 0.500000
vt 0.656188 0.500000
vt 0.625731 0.500000
vt 0.626983 0.500000
vt 0.919056 0.079502
vt 0.919271 0.079764
vt 0.918310 0.078594
vt 0.920350 0.081079
vt 0.920133 0.080815
vt 0.919706 0.080294
vt 0.625407 0.500000
vt 0.624938 0.500000
vt 0.594481 0.500000
vt 0.595163 0.500000
vt 0.595732 0.500000
vt 0.593279 0.500000
vt 0.594221 0.500000
vt 0.592337 0.500000
vt 0.882545 0.049797
vt 0.882807 0.050012
vt 0.881637 0.049052
vt 0.884122 0.051092
vt 0.883857 0.050874
vt 0.883337 0.050447
vt 0.594157 0.500000
vt 0.593688 0.500000
vt 0.563231 0.500000
vt 0.563913 0.500000
vt 0.564482 0.500000
vt 0.562029 0.500000
vt 0.562971 0.500000
vt 0.840940 0.027786
vt 0.841239 0.027946
vt 0.839904 0.027232
vt 0.842740 0.028748
vt 0.842438 0.028586
vt 0.841844 0.028269
vt 0.562907 0.500000
vt 0.562438 0.500000
vt 0.532663 0.500000
vt 0.533232 0.500000
vt 0.529837 0.500000
vt 0.795841 0.014314
vt 0.796166 0.014413
vt 0.794717 0.013973
vt 0.797793 0.014906
vt 0.797466 0.014807
vt 0.531657 0.500000
vt 0.531188 0.500000
vt 0.501983 0.500000
vt 0.500471 0.500000
vt 0.498587 0.500000
vt 0.748980 0.009900
vt 0.749318 0.009933
vt 0.747811 0.009784
vt 0.751011 0.010100
vt 0.750670 0.010066
vt 0.500407 0.500000
vt 0.499529 0.500000
vt 0.499938 0.500000
vt 0.470163 0.500000
vt 0.470732 0.500000
vt 0.468279 0.500000
vt 0.702159 0.014712
vt 0.702496 0.014679
vt 0.700989 0.014827
vt 0.704189 0.014512
vt 0.703848 0.014546
vt 0.469157 0.500000
vt 0.468688 0.500000
vt 0.438913 0.500000
vt 0.436769 0.500000
vt 0.436087 0.500000
vt 0.657176 0.028566
vt 0.657500 0.028468
vt 0.656051 0.028907
vt 0.659128 0.027974
vt 0.658800 0.028074
vt 0.437907 0.500000
vt 0.437438 0.500000
vt 0.407663 0.500000
vt 0.408232 0.500000
vt 0.405519 0.500000
vt 0.404837 0.500000
vt 0.615760 0.050930
vt 0.616059 0.050770
vt 0.614723 0.051484
vt 0.617559 0.049969
vt 0.617257 0.050130
vt 0.616663 0.050447
vt 0.406657 0.500000
vt 0.405779 0.500000
vt 0.406188 0.500000
vt 0.375471 0.500000
vt 0.373587 0.500000
vt 0.579502 0.080944
vt 0.579764 0.080729
vt 0.578594 0.081690
vt 0.581079 0.079650
vt 0.580815 0.079867
vt 0.375407 0.500000
vt 0.374529 0.500000
vt 0.374938 0.500000
vt 0.344481 0.500000
vt 0.345163 0.500000
vt 0.345732 0.500000
vt 0.343279 0.500000
vt 0.342337 0.500000
vt 0.549797 0.117455
vt 0.550012 0.117193
vt 0.549052 0.118363
vt 0.551092 0.115878
vt 0.550874 0.116143
vt 0.344157 0.500000
vt 0.343688 0.500000
vt 0.313231 0.500000
vt 0.313913 0.500000
vt 0.314482 0.500000
vt 0.312971 0.500000
vt 0.527786 0.159060
vt 0.527923 0.158803
vt 0.527232 0.160096
vt 0.528748 0.157260
vt 0.528603 0.157530
vt 0.282663 0.500000
vt 0.514314 0.204159
vt 0.514398 0.203881
vt 0.513973 0.205283
vt 0.514906 0.202207
vt 0.514817 0.202499
vt 0.251982 0.500000
vt 0.249529 0.500000
vt 0.248587 0.500000
vt 0.509899 0.251020
vt 0.509928 0.250731
vt 0.509784 0.252189
vt 0.510100 0.248989
vt 0.510070 0.249294
vt 0.219481 0.500000
vt 0.220732 0.500000
vt 0.218279 0.500000
vt 0.219221 0.500000
vt 0.217337 0.500000
vt 0.514712 0.297841
vt 0.514683 0.297552
vt 0.514827 0.299010
vt 0.514512 0.295811
vt 0.514542 0.296116
vt 0.188913 0.500000
vt 0.189482 0.500000
vt 0.186769 0.500000
vt 0.187971 0.500000
vt 0.528566 0.342824
vt 0.528482 0.342547
vt 0.528907 0.343949
vt 0.527974 0.340872
vt 0.528063 0.341165
vt 0.156981 0.500000
vt 0.157663 0.500000
vt 0.158232 0.500000
vt 0.155519 0.500000
vt 0.154837 0.500000
vt 0.550930 0.384240
vt 0.550793 0.383984
vt 0.551484 0.385276
vt 0.549969 0.382441
vt 0.550113 0.382711
vt 0.125731 0.500000
vt 0.126413 0.500000
vt 0.123587 0.500000
vt 0.580944 0.420498
vt 0.580760 0.420273
vt 0.581690 0.421406
vt 0.579650 0.418921
vt 0.579844 0.419157
vt 0.094481 0.500000
vt 0.095732 0.500000
vt 0.094221 0.500000
vt 0.617455 0.450203
vt 0.617231 0.450018
vt 0.618363 0.450948
vt 0.615878 0.448908
vt 0.616115 0.449103
vt 0.063231 0.500000
vt 0.063913 0.500000
vt 0.064482 0.500000
vt 0.062029 0.500000
vt 0.061087 0.500000
vt 0.659060 0.472214
vt 0.658803 0.472077
vt 0.660096 0.472768
vt 0.657260 0.471252
vt 0.657530 0.471397
vt 0.031981 0.500000
vt 0.033232 0.500000
vt 0.030779 0.500000
vt 0.031721 0.500000
vt 0.030519 0.500000
vt 0.704159 0.485686
vt 0.703881 0.485602
vt 0.705283 0.486027
vt 0.702207 0.485094
vt 0.702499 0.485183
vt 0.969425 0.500000
vt 0.906925 0.500000
vt 0.875675 0.500000
vt 0.844424 0.500000
vt 0.813174 0.500000
vt 0.781925 0.500000
vt 0.750675 0.500000
vt 0.656924 0.500000
vt 0.625674 0.500000
vt 0.594425 0.500000
vt 0.563175 0.500000
vt 0.531925 0.500000
vt 0.469425 0.500000
vt 0.406925 0.500000
vt 0.375675 0.500000
vt 0.344425 0.500000
vt 0.313175 0.500000
vt 0.281925 0.500000
vt 0.250675 0.500000
vt 0.219425 0.500000
vt 0.188175 0.500000
vt 0.156925 0.500000
vt 0.125675 0.500000
vt 0.094425 0.500000
vt 0.063175 0.500000
vt 0.031925 0.500000
vt 0.752117 0.489792
vt 0.751011 0.489900
vt 0.839809 0.472348
vt 0.797794 0.485094
vt 0.798857 0.484771
vt 0.843720 0.470728
vt 0.842740 0.471252
vt 0.884981 0.448203
vt 0.884122 0.448908
vt 0.948203 0.384981
vt 0.920350 0.418921
vt 0.921055 0.418062
vt 0.970728 0.343720
vt 0.950031 0.382441
vt 0.950555 0.381461
vt 0.984771 0.298857
vt 0.972026 0.340872
vt 0.972348 0.339809
vt 0.989792 0.252117
vt 0.985488 0.295811
vt 0.985597 0.294705
vt 0.985388 0.296822
vt 0.989792 0.247883
vt 0.989901 0.248989
vt 0.972348 0.160191
vt 0.985094 0.202207
vt 0.984771 0.201143
vt 0.970728 0.156280
vt 0.971252 0.157260
vt 0.948203 0.115019
vt 0.948908 0.115878
vt 0.884981 0.051797
vt 0.918921 0.079650
vt 0.918061 0.078945
vt 0.843720 0.029272
vt 0.882441 0.049969
vt 0.881461 0.049445
vt 0.798857 0.015229
vt 0.840872 0.027974
vt 0.839809 0.027652
vt 0.752117 0.010208
vt 0.795811 0.014512
vt 0.794705 0.014403
vt 0.796822 0.014612
vt 0.747883 0.010208
vt 0.748989 0.010100
vt 0.660191 0.027652
vt 0.702207 0.014906
vt 0.701143 0.015229
vt 0.656280 0.029272
vt 0.657260 0.028748
vt 0.615019 0.051797
vt 0.615878 0.051092
vt 0.551797 0.115019
vt 0.579650 0.081079
vt 0.578945 0.081938
vt 0.529272 0.156280
vt 0.549969 0.117559
vt 0.549445 0.118539
vt 0.515229 0.201143
vt 0.527974 0.159128
vt 0.527652 0.160191
vt 0.510208 0.247883
vt 0.514512 0.204189
vt 0.514403 0.205295
vt 0.514403 0.294705
vt 0.510100 0.251011
vt 0.510208 0.252117
vt 0.527652 0.339809
vt 0.514906 0.297794
vt 0.515229 0.298857
vt 0.529272 0.343720
vt 0.528748 0.342740
vt 0.551797 0.384981
vt 0.551092 0.384122
vt 0.615019 0.448203
vt 0.581079 0.420350
vt 0.581939 0.421055
vt 0.656280 0.470728
vt 0.617559 0.450031
vt 0.618539 0.450555
vt 0.701143 0.484771
vt 0.659128 0.472026
vt 0.660191 0.472348
vt 0.747883 0.489792
vt 0.704189 0.485488
vt 0.705295 0.485597
vt 0.468750 1.000000
vt 0.437500 1.000000
vt 0.966313 1.000000
vt 0.939937 1.000000
vt 0.939937 1.000000
vt 0.533687 1.000000
vt 0.560063 1.000000
vt 0.153813 1.000000
vt 0.127437 1.000000
vt 0.127437 1.000000
vt 0.997563 1.000000
vt 0.971187 1.000000
vt 0.564937 1.000000
vt 0.591313 1.000000
vt 0.185063 1.000000
vt 0.158687 1.000000
vt 0.622563 1.000000
vt 0.596187 1.000000
vt 0.216313 1.000000
vt 0.189937 1.000000
vt 0.156250 1.000000
vt 0.653813 1.000000
vt 0.627437 1.000000
vt 0.247563 1.000000
vt 0.221187 1.000000
vt 0.221187 1.000000
vt 0.658687 1.000000
vt 0.685063 1.000000
vt 0.252437 1.000000
vt 0.278813 1.000000
vt 0.252437 1.000000
vt 0.716313 1.000000
vt 0.689937 1.000000
vt 0.689937 1.000000
vt 0.283687 1.000000
vt 0.310063 1.000000
vt 0.406250 1.000000
vt 0.375000 1.000000
vt 0.781250 1.000000
vt 0.343750 1.000000
vt 0.750000 1.000000
vt 0.718750 1.000000
vt 0.281250 1.000000
vt 0.687500 1.000000
vt 0.250000 1.000000
vt 0.625000 1.000000
vt 0.593750 1.000000
vt 0.562500 1.000000
vt 0.968750 1.000000
vt 1.000000 1.000000
vt 0.531250 1.000000
vt 0.937500 1.000000
vt 0.093750 1.000000
vt 0.500000 1.000000
vt 0.906250 1.000000
vt 0.031250 1.000000
vt 0.875000 1.000000
vt 0.468750 1.000000
vt 0.093750 1.000000
vt 0.906250 1.000000
vt 0.125000 1.000000
vt 0.968750 1.000000
vt 0.937500 1.000000
vt 0.968750 1.000000
vt 0.562500 1.000000
vt 0.562500 1.000000
vt 0.156250 1.000000
vt 0.593750 1.000000
vt 0.187500 1.000000
vt 0.625000 1.000000
vt 0.218750 1.000000
vt 0.187500 1.000000
vt 0.656250 1.000000
vt 0.687500 1.000000
vt 0.250000 1.000000
vt 0.718750 1.000000
vt 0.718750 1.000000
vt 0.312500 1.000000
vt 0.750000 1.000000
vt 0.750000 1.000000
vt 0.812500 1.000000
vt 0.406250 1.000000
vt 0.843750 1.000000
vt 0.843750 1.000000
vt 0.158156 0.028269
vt 0.471731 0.158156
vt 0.341844 0.471731
vt 0.781250 1.000000
vt 0.968750 1.000000
vt 0.937500 1.000000
vt 0.906250 1.000000
vt 0.062500 1.000000
vt 0.031250 1.000000
vt 0.843750 1.000000
vt 0.812500 1.000000
vt 0.093750 1.000000
vt 0.187500 1.000000
vt 0.843750 1.000000
vt 0.406250 1.000000
vt 0.375000 1.000000
vt 0.812500 1.000000
vt 0.843750 1.000000
vt 0.812500 1.000000
vt 0.812500 1.000000
vt 0.437500 1.000000
vt 0.437500 1.000000
vt 0.000480 1.000000
vt 0.031250 1.000000
vt 0.000440 1.000000
vt 0.031250 1.000000
vt 0.031250 1.000000
vt 0.000440 1.000000
vt 0.031250 1.000000
vt 0.000480 1.000000
vt 0.875000 1.000000
vt 0.875000 1.000000
vt 0.468750 1.000000
vt 0.468750 1.000000
vt 0.062500 1.000000
vt 0.062500 1.000000
vt 0.062500 1.000000
vt 0.062500 1.000000
vt 0.906250 1.000000
vt 0.500000 1.000000
vt 0.093750 1.000000
vt 0.093750 1.000000
vt 0.093750 1.000000
vt 0.937500 1.000000
vt 0.937500 1.000000
vt 0.531250 1.000000
vt 0.531250 1.000000
vt 0.125000 1.000000
vt 0.125000 1.000000
vt 0.125000 1.000000
vt 0.968750 1.000000
vt 0.968750 1.000000
vt 0.562500 1.000000
vt 0.562500 1.000000
vt 0.562500 1.000000
vt 0.156250 1.000000
vt 0.156250 1.000000
vt 0.156250 1.000000
vt 0.999520 1.000000
vt 0.999560 1.000000
vt 0.999560 1.000000
vt 0.999520 1.000000
vt 1.000000 1.000000
vt 0.187500 1.000000
vt 0.187500 1.000000
vt 0.625000 1.000000
vt 0.625000 1.000000
vt 0.218750 1.000000
vt 0.656250 1.000000
vt 0.656250 1.000000
vt 0.250000 1.000000
vt 0.687500 1.000000
vt 0.281250 1.000000
vt 0.750000 1.000000
vt 0.343750 1.000000
vt 0.781250 1.000000
vt 0.812500 1.000000
vt 0.718750 0.827195
vt 0.718750 0.797804
vt 0.000061 0.643315
vt 0.031250 0.643315
vt 0.000061 0.601056
vt 0.031250 0.601056
vt 0.000000 0.559779
vt 0.031357 0.903806
vt 0.000270 0.903770
vt 0.031347 0.857300
vt 0.000255 0.857295
vt 0.062500 0.643315
vt 0.062500 0.601056
vt 0.062582 0.903824
vt 0.062574 0.857300
vt 0.093750 0.643315
vt 0.093750 0.601056
vt 0.062500 0.559779
vt 0.093803 0.903837
vt 0.093797 0.857301
vt 0.125000 0.643315
vt 0.125000 0.601056
vt 0.093750 0.559779
vt 0.125021 0.903844
vt 0.125019 0.857301
vt 0.156250 0.643315
vt 0.156250 0.601056
vt 0.156239 0.903845
vt 0.156241 0.857301
vt 0.187500 0.643315
vt 0.187500 0.601056
vt 0.187458 0.903840
vt 0.187462 0.857301
vt 0.218750 0.643315
vt 0.218750 0.601056
vt 0.218678 0.903829
vt 0.218685 0.857301
vt 0.218750 0.827196
vt 0.250000 0.643315
vt 0.250000 0.601056
vt 0.249901 0.903813
vt 0.249911 0.857300
vt 0.281250 0.643315
vt 0.281250 0.601056
vt 0.281128 0.903792
vt 0.281140 0.857299
vt 0.312500 0.643315
vt 0.312500 0.601056
vt 0.312500 0.559779
vt 0.312360 0.903767
vt 0.312373 0.857298
vt 0.343750 0.643315
vt 0.343750 0.601056
vt 0.343597 0.903740
vt 0.343612 0.857297
vt 0.375000 0.643315
vt 0.375000 0.601056
vt 0.375000 0.559779
vt 0.374841 0.903710
vt 0.374855 0.857296
vt 0.375000 0.827196
vt 0.406250 0.643315
vt 0.406250 0.601056
vt 0.406090 0.903681
vt 0.406105 0.857295
vt 0.437500 0.643315
vt 0.437500 0.601056
vt 0.437346 0.903651
vt 0.437359 0.857293
vt 0.437500 0.827196
vt 0.468750 0.643315
vt 0.468750 0.601056
vt 0.468607 0.903623
vt 0.468620 0.857292
vt 0.468750 0.827196
vt 0.500000 0.643315
vt 0.500000 0.601056
vt 0.500000 0.559779
vt 0.499874 0.903598
vt 0.499885 0.857291
vt 0.531250 0.643315
vt 0.531250 0.601056
vt 0.531250 0.559779
vt 0.531146 0.903577
vt 0.531154 0.857290
vt 0.562500 0.643315
vt 0.562500 0.601056
vt 0.562421 0.903560
vt 0.562428 0.857289
vt 0.593750 0.643315
vt 0.593750 0.601056
vt 0.593750 0.559779
vt 0.593699 0.903548
vt 0.593703 0.857289
vt 0.625000 0.643315
vt 0.625000 0.601056
vt 0.624979 0.903541
vt 0.624981 0.857289
vt 0.656250 0.643315
vt 0.656250 0.601056
vt 0.656250 0.559779
vt 0.656260 0.903540
vt 0.656259 0.857288
vt 0.656250 0.827196
vt 0.687500 0.643315
vt 0.687500 0.601056
vt 0.656250 0.559779
vt 0.687541 0.903545
vt 0.687537 0.857289
vt 0.718750 0.643315
vt 0.718750 0.601056
vt 0.718820 0.903555
vt 0.718814 0.857289
vt 0.750000 0.643315
vt 0.750000 0.601056
vt 0.750096 0.903570
vt 0.750088 0.857290
vt 0.781250 0.643315
vt 0.781250 0.601056
vt 0.781369 0.903590
vt 0.781359 0.857291
vt 0.812500 0.643315
vt 0.812500 0.601056
vt 0.812637 0.903614
vt 0.812626 0.857292
vt 0.843750 0.643315
vt 0.843750 0.601056
vt 0.812500 0.559779
vt 0.843901 0.903641
vt 0.843887 0.857293
vt 0.875000 0.643315
vt 0.875000 0.601056
vt 0.843750 0.559779
vt 0.875159 0.903670
vt 0.875144 0.857294
vt 0.906250 0.643315
vt 0.906250 0.601056
vt 0.906410 0.903700
vt 0.906395 0.857296
vt 0.937500 0.643315
vt 0.937500 0.601056
vt 0.906250 0.559779
vt 0.937656 0.903730
vt 0.937641 0.857297
vt 0.968750 0.643315
vt 0.968750 0.601056
vt 0.937500 0.559779
vt 0.968895 0.903758
vt 0.968881 0.857298
vt 0.999939 0.643315
vt 0.999939 0.601056
vt 0.968750 0.559779
vt 1.000000 0.559779
vt 0.999988 0.903798
vt 0.999978 0.857303
vt 0.000097 0.767615
vt 0.031250 0.767614
vt 0.000095 0.731617
vt 0.031250 0.731617
vt 0.000000 0.700110
vt 0.968750 0.767615
vt 0.999903 0.767615
vt 0.968750 0.731617
vt 0.999905 0.731617
vt 0.937500 0.767615
vt 0.937500 0.731617
vt 0.937500 0.700110
vt 0.906250 0.767615
vt 0.906250 0.731617
vt 0.906250 0.700110
vt 0.875000 0.767615
vt 0.875000 0.731617
vt 0.843750 0.767615
vt 0.843750 0.731617
vt 0.812500 0.767615
vt 0.812500 0.731617
vt 0.781250 0.767615
vt 0.781250 0.731617
vt 0.750000 0.767614
vt 0.750000 0.731617
vt 0.718750 0.767615
vt 0.718750 0.731617
vt 0.687500 0.767615
vt 0.687500 0.731617
vt 0.656250 0.767615
vt 0.656250 0.731617
vt 0.656250 0.700110
vt 0.625000 0.767615
vt 0.625000 0.731617
vt 0.593750 0.767615
vt 0.593750 0.731617
vt 0.562500 0.767615
vt 0.562500 0.731617
vt 0.531250 0.767615
vt 0.531250 0.731617
vt 0.500000 0.767615
vt 0.500000 0.731617
vt 0.468750 0.767615
vt 0.468750 0.731617
vt 0.437500 0.767615
vt 0.437500 0.731617
vt 0.406250 0.767615
vt 0.406250 0.731617
vt 0.375000 0.767615
vt 0.375000 0.731617
vt 0.343750 0.767615
vt 0.343750 0.731617
vt 0.312500 0.767615
vt 0.312500 0.731617
vt 0.281250 0.767615
vt 0.281250 0.731617
vt 0.250000 0.767615
vt 0.250000 0.731617
vt 0.218750 0.767615
vt 0.218750 0.731617
vt 0.187500 0.767615
vt 0.187500 0.731617
vt 0.156250 0.767615
vt 0.156250 0.731617
vt 0.125000 0.767615
vt 0.125000 0.731617
vt 0.093750 0.767615
vt 0.093750 0.731617
vt 0.093750 0.700111
vt 0.062500 0.767615
vt 0.062500 0.731617
vt 0.122563 1.000000
vt 0.096187 1.000000
vt 0.096187 1.000000
vt 0.528813 1.000000
vt 0.502437 1.000000
vt 0.935063 1.000000
vt 0.908687 1.000000
vt 0.908687 1.000000
vt 0.064937 1.000000
vt 0.091313 1.000000
vt 0.064937 1.000000
vt 0.471187 1.000000
vt 0.497563 1.000000
vt 0.903813 1.000000
vt 0.877437 1.000000
vt 0.877437 1.000000
vt 0.060063 1.000000
vt 0.033687 1.000000
vt 0.033687 1.000000
vt 0.466313 1.000000
vt 0.439937 1.000000
vt 0.872563 1.000000
vt 0.846187 1.000000
vt 0.028813 1.000000
vt 0.002437 1.000000
vt 0.002437 1.000000
vt 0.408687 1.000000
vt 0.435063 1.000000
vt 0.841313 1.000000
vt 0.814937 1.000000
vt 0.814937 1.000000
vt 0.377437 1.000000
vt 0.403813 1.000000
vt 0.810063 1.000000
vt 0.783687 1.000000
vt 0.372563 1.000000
vt 0.346187 1.000000
vt 0.346187 1.000000
vt 0.752437 1.000000
vt 0.778813 1.000000
vt 0.341313 1.000000
vt 0.314937 1.000000
vt 0.747563 1.000000
vt 0.721187 1.000000
vt 0.721187 1.000000
vt 0.970088 1.000000
vt 0.967412 1.000000
vt 0.968750 1.000000
vt 0.967385 1.000000
vt 0.998662 1.000000
vt 0.000050 1.000000
vt -0.001365 1.000000
vt 0.001338 1.000000
vt 0.938838 1.000000
vt 0.936162 1.000000
vt 0.936135 1.000000
vt 0.907588 1.000000
vt 0.904912 1.000000
vt 0.904885 1.000000
vt 0.876338 1.000000
vt 0.873662 1.000000
vt 0.873634 1.000000
vt 0.845088 1.000000
vt 0.842412 1.000000
vt 0.842385 1.000000
vt 0.813838 1.000000
vt 0.811162 1.000000
vt 0.811135 1.000000
vt 0.782588 1.000000
vt 0.779912 1.000000
vt 0.778813 1.000000
vt 0.779885 1.000000
vt 0.751338 1.000000
vt 0.748662 1.000000
vt 0.748634 1.000000
vt 0.720088 1.000000
vt 0.717412 1.000000
vt 0.717385 1.000000
vt 0.688838 1.000000
vt 0.686162 1.000000
vt 0.685063 1.000000
vt 0.686135 1.000000
vt 0.657588 1.000000
vt 0.654912 1.000000
vt 0.654884 1.000000
vt 0.626338 1.000000
vt 0.623662 1.000000
vt 0.623634 1.000000
vt 0.595088 1.000000
vt 0.592412 1.000000
vt 0.591313 1.000000
vt 0.592384 1.000000
vt 0.563838 1.000000
vt 0.561162 1.000000
vt 0.560063 1.000000
vt 0.561134 1.000000
vt 0.532588 1.000000
vt 0.529912 1.000000
vt 0.529885 1.000000
vt 0.501338 1.000000
vt 0.498662 1.000000
vt 0.497563 1.000000
vt 0.498635 1.000000
vt 0.470088 1.000000
vt 0.467412 1.000000
vt 0.467385 1.000000
vt 0.438838 1.000000
vt 0.436162 1.000000
vt 0.435063 1.000000
vt 0.436135 1.000000
vt 0.407588 1.000000
vt 0.404912 1.000000
vt 0.403813 1.000000
vt 0.404884 1.000000
vt 0.376338 1.000000
vt 0.373662 1.000000
vt 0.373634 1.000000
vt 0.345088 1.000000
vt 0.342412 1.000000
vt 0.342384 1.000000
vt 0.313838 1.000000
vt 0.311162 1.000000
vt 0.310063 1.000000
vt 0.311135 1.000000
vt 0.282588 1.000000
vt 0.279912 1.000000
vt 0.278813 1.000000
vt 0.279885 1.000000
vt 0.251338 1.000000
vt 0.248662 1.000000
vt 0.248635 1.000000
vt 0.220088 1.000000
vt 0.217412 1.000000
vt 0.217384 1.000000
vt 0.188838 1.000000
vt 0.186162 1.000000
vt 0.186135 1.000000
vt 0.157588 1.000000
vt 0.154912 1.000000
vt 0.154885 1.000000
vt 0.126338 1.000000
vt 0.123662 1.000000
vt 0.123634 1.000000
vt 0.095088 1.000000
vt 0.092412 1.000000
vt 0.091313 1.000000
vt 0.092385 1.000000
vt 0.063838 1.000000
vt 0.061162 1.000000
vt 0.062500 1.000000
vt 0.061135 1.000000
vt 0.032588 1.000000
vt 0.029912 1.000000
vt 0.029885 1.000000
vt 0.970115 1.000000
vt 0.967412 1.000000
vt 0.966313 1.000000
vt 0.001338 1.000000
vt 0.999950 1.000000
vt 1.001365 1.000000
vt 0.938866 1.000000
vt 0.936162 1.000000
vt 0.935063 1.000000
vt 0.907615 1.000000
vt 0.903813 1.000000
vt 0.876338 1.000000
vt 0.876366 1.000000
vt 0.872563 1.000000
vt 0.845115 1.000000
vt 0.841313 1.000000
vt 0.813865 1.000000
vt 0.810063 1.000000
vt 0.813838 1.000000
vt 0.782615 1.000000
vt 0.751365 1.000000
vt 0.747563 1.000000
vt 0.720115 1.000000
vt 0.716313 1.000000
vt 0.688866 1.000000
vt 0.688838 1.000000
vt 0.657616 1.000000
vt 0.654912 1.000000
vt 0.626365 1.000000
vt 0.623662 1.000000
vt 0.622563 1.000000
vt 0.626338 1.000000
vt 0.595115 1.000000
vt 0.563865 1.000000
vt 0.563838 1.000000
vt 0.532615 1.000000
vt 0.501365 1.000000
vt 0.470115 1.000000
vt 0.466313 1.000000
vt 0.438865 1.000000
vt 0.438838 1.000000
vt 0.407615 1.000000
vt 0.376365 1.000000
vt 0.373662 1.000000
vt 0.372563 1.000000
vt 0.345115 1.000000
vt 0.342412 1.000000
vt 0.341313 1.000000
vt 0.313866 1.000000
vt 0.282615 1.000000
vt 0.251365 1.000000
vt 0.247563 1.000000
vt 0.220115 1.000000
vt 0.216313 1.000000
vt 0.188865 1.000000
vt 0.185063 1.000000
vt 0.157615 1.000000
vt 0.153813 1.000000
vt 0.126365 1.000000
vt 0.123662 1.000000
vt 0.122563 1.000000
vt 0.095115 1.000000
vt 0.092412 1.000000
vt 0.063838 1.000000
vt 0.063865 1.000000
vt 0.060063 1.000000
vt 0.032615 1.000000
vt 0.029912 1.000000
vt 0.028813 1.000000
vt 0.001338 1.000000
vt 0.751338 1.000000
vt 0.001338 1.000000
vt 0.250000 0.010000
vt 0.010000 0.250000
vt 0.250000 0.490000
vt 0.471731 0.341844
vt 0.449553 0.383337
vt 0.014612 0.296822
vt 0.449553 0.116663
vt 0.419706 0.080294
vt 0.028269 0.341844
vt 0.383337 0.050447
vt 0.383337 0.050447
vt 0.050447 0.383337
vt 0.341844 0.028269
vt 0.296822 0.485388
vt 0.080294 0.419706
vt 0.296822 0.014612
vt 0.296822 0.014612
vt 0.341844 0.471731
vt 0.116663 0.449553
vt 0.383337 0.449553
vt 0.383337 0.449553
vt 0.158156 0.471731
vt 0.203178 0.014612
vt 0.203178 0.014612
vt 0.419706 0.419706
vt 0.203178 0.485388
vt 0.116663 0.050447
vt 0.080294 0.080294
vt 0.485388 0.296822
vt 0.485388 0.296822
vt 0.050447 0.116663
vt 0.490000 0.250000
vt 0.490000 0.250000
vt 0.028269 0.158156
vt 0.485388 0.203178
vt 0.014612 0.203178
vt 0.014612 0.203178
vt 0.471731 0.158156
vt 0.449553 0.116663
vt 0.010000 0.250000
vt 0.080294 0.419706
vt 0.296822 0.485388
vt 0.116663 0.449553
vt 0.471731 0.158156
vt 0.116663 0.050447
vt 0.449553 0.383337
vt 0.158156 0.028269
vt 0.158156 0.471731
vt 0.203178 0.014612
vt 0.116663 0.449553
vt 0.341844 0.471731
vt 0.449553 0.116663
vt 0.014612 0.203178
vt 0.014612 0.296822
vt 0.485388 0.203178
vt 0.028269 0.158156
vt 0.050447 0.116663
vt 0.471821 0.158454
vt 0.449721 0.116977
vt 0.010017 0.249823
vt 0.014627 0.203190
vt 0.485413 0.203429
vt 0.028219 0.158323
vt 0.489982 0.250180
vt 0.050330 0.116882
vt 0.485363 0.296851
vt 0.080104 0.080526
vt 0.471753 0.341738
vt 0.116413 0.050653
vt 0.449656 0.383141
vt 0.157878 0.028417
vt 0.249733 0.489958
vt 0.202729 0.485252
vt 0.419881 0.419492
vt 0.202976 0.014684
vt 0.157676 0.471474
vt 0.383551 0.449373
vt 0.249976 0.010033
vt 0.116227 0.449195
vt 0.341996 0.471630
vt 0.296995 0.014679
vt 0.079955 0.419292
vt 0.296801 0.485352
vt 0.342140 0.028427
vt 0.050226 0.382924
vt 0.383626 0.050685
vt 0.028159 0.341481
vt 0.419946 0.080588
vt 0.014584 0.296544
vt 0.000000 0.827196
vt 0.843750 0.827196
vt 0.812500 0.827195
vt 0.781250 0.827195
vt 0.968750 0.827195
vt 0.750000 0.827195
vt 0.999529 0.500000
vt 0.794705 0.485597
vt 0.937029 0.500000
vt 0.881461 0.450555
vt 0.918061 0.421055
vt 0.749529 0.500000
vt 0.985597 0.205295
vt 0.950555 0.118539
vt 0.921055 0.081939
vt 0.705295 0.014403
vt 0.618539 0.049445
vt 0.581939 0.078945
vt 0.187029 0.500000
vt 0.155779 0.500000
vt 0.549445 0.381461
vt 0.124529 0.500000
vt 0.578945 0.418062
vt 0.938175 0.500000
vt 0.719425 0.500000
vt 0.688175 0.500000
vt 0.500675 0.500000
vt 0.438175 0.500000
vt 0.000675 0.500000
vt 0.001338 1.000000
vt 0.907588 1.000000
vt 0.407588 1.000000
vt 0.188838 1.000000
vt 0.000050 1.000000
vt 0.904912 1.000000
vt 0.842412 1.000000
vt 0.436162 1.000000
vt 0.217412 1.000000
vt 0.186162 1.000000
vt 0.154912 1.000000
vt 0.061162 1.000000
vt 0.092412 1.000000
s 1
f 1669/1/1 1661/2/2 1758/3/3
f 1389/4/4 1605/5/5 1633/6/6
f 1397/7/7 1577/8/8 1605/9/5
f 1405/10/9 1549/11/10 1577/8/8
f 1417/12/11 1521/13/12 1549/11/10
f 1425/14/13 1493/15/14 1521/13/12
f 1433/16/15 1465/17/16 1493/15/14
f 1449/18/17 17/19/18 15/20/19
f 1457/21/20 19/22/21 17/19/18
f 1469/23/22 21/24/23 19/22/21
f 1477/25/24 23/26/25 21/24/23
f 1677/27/26 1489/28/27 1681/29/28
f 1681/29/28 1501/30/29 1685/31/30
f 1685/31/30 1509/32/31 1689/33/32
f 1689/34/32 1517/35/33 1693/36/34
f 1693/36/34 1529/37/35 1697/38/36
f 1697/39/36 1537/40/37 1701/41/38
f 1701/41/38 1545/42/39 1705/43/40
f 1705/44/40 1557/45/41 1709/46/42
f 1709/46/42 1565/47/43 1713/48/44
f 1713/48/44 1573/49/45 1717/50/46
f 1717/50/46 1585/51/47 1721/52/48
f 1721/52/48 1593/53/49 1725/54/50
f 1725/54/50 1601/55/51 1729/56/52
f 1729/56/52 1613/57/53 1733/58/54
f 1733/59/54 1621/60/55 1737/61/56
f 1737/62/56 1629/63/57 1741/64/58
f 1629/65/57 1745/66/59 1741/64/58
f 1641/67/60 1749/68/61 1745/69/59
f 1649/70/62 1753/71/63 1749/72/61
f 867/73/64 2007/74/65 2000/73/66
f 1657/75/67 1758/76/3 1753/71/63
f 1386/77/68 1633/6/6 1661/78/2
f 291/79/69 662/80/70 279/80/71
f 1662/81/72 1394/82/73 1377/83/74
f 1410/84/75 1478/85/76 1470/86/77
f 1754/87/78 1674/88/79 1666/89/80
f 1473/90/81 1677/27/26 1381/91/82
f 1665/92/83 63/93/84 61/94/85
f 1750/95/86 1666/89/80 1654/96/87
f 1653/97/88 61/94/85 59/98/89
f 1746/99/90 1654/100/87 1646/101/91
f 1382/102/92 1486/103/93 1478/85/76
f 1645/104/94 59/98/89 57/105/95
f 1742/106/96 1646/101/91 1638/107/97
f 1670/108/98 2/109/99 1385/110/100
f 1637/111/101 57/105/95 55/112/102
f 1626/113/103 1742/106/96 1638/114/97
f 53/115/104 1637/116/101 55/112/102
f 1618/117/105 1738/118/106 1626/113/103
f 1438/119/107 1470/86/77 1458/120/108
f 51/121/109 1625/122/110 53/115/104
f 1610/123/111 1734/124/112 1618/125/105
f 1413/126/113 9/127/114 7/128/115
f 49/129/116 1617/130/117 51/121/109
f 1598/131/118 1730/132/119 1610/133/111
f 47/134/120 1609/135/121 49/129/116
f 1590/136/122 1726/137/123 1598/131/118
f 1466/138/124 1458/120/108 1450/139/125
f 45/140/126 1597/141/127 47/134/120
f 1582/142/128 1722/143/129 1590/144/122
f 1441/145/130 15/20/19 13/146/131
f 43/147/132 1589/148/133 45/140/126
f 1570/149/134 1718/150/135 1582/151/128
f 41/152/136 1581/153/137 43/147/132
f 1562/154/138 1714/155/139 1570/149/134
f 1445/156/140 1437/157/141 1465/17/16
f 39/158/142 1569/159/143 41/152/136
f 1554/160/144 1710/161/145 1562/154/138
f 1446/162/146 18/163/147 1454/164/148
f 37/165/149 1561/166/150 39/158/142
f 1542/167/151 1706/168/152 1554/160/144
f 35/169/153 1553/170/154 37/165/149
f 1534/171/155 1702/172/156 1542/173/151
f 1429/174/157 13/146/131 11/175/158
f 33/176/159 1541/177/160 35/169/153
f 1526/178/161 1698/179/162 1534/180/155
f 1434/181/163 16/182/164 1446/162/146
f 31/183/165 1533/184/166 33/176/159
f 1514/185/167 1694/186/168 1526/178/161
f 29/187/169 1525/188/170 31/183/165
f 1506/189/171 1690/190/172 1514/185/167
f 1421/191/173 11/175/158 9/127/114
f 27/192/174 1513/193/175 29/187/169
f 1498/194/176 1686/195/177 1506/196/171
f 1426/197/178 14/198/179 1434/181/163
f 25/199/180 1505/200/181 27/192/174
f 1486/103/93 1682/201/182 1498/194/176
f 23/26/25 1497/202/183 25/199/180
f 24/203/184 1490/204/185 1482/205/186
f 1453/206/187 1409/207/188 1437/208/141
f 1474/209/189 24/203/184 1482/210/186
f 1418/211/190 12/212/191 1426/197/178
f 1462/213/192 22/214/193 1474/209/189
f 1454/215/148 20/216/194 1462/217/192
f 1401/218/195 7/128/115 5/219/196
f 1494/220/197 1450/139/125 1442/221/198
f 1406/222/199 10/223/200 1418/224/190
f 1522/225/201 1442/221/198 1430/226/202
f 1550/227/203 1430/228/202 1422/229/204
f 1393/230/205 5/219/196 3/231/206
f 1578/232/207 1422/233/204 1414/234/208
f 1398/235/209 8/74/210 1406/236/199
f 1606/237/211 1414/234/208 1402/238/212
f 1634/239/213 1402/238/212 1394/82/73
f 1385/240/100 4/241/214 1390/242/215
f 1673/243/216 1/244/217 63/93/84
f 1757/245/218 1377/246/74 1674/88/79
f 26/247/219 1502/248/220 1490/204/185
f 28/249/221 1510/250/222 1502/251/220
f 30/252/223 1518/253/224 1510/250/222
f 32/254/225 1530/255/226 1518/253/224
f 34/256/227 1538/257/228 1530/255/226
f 36/258/229 1546/259/230 1538/257/228
f 38/260/231 1558/261/232 1546/262/230
f 40/263/233 1566/264/234 1558/261/232
f 42/265/235 1574/266/236 1566/264/234
f 44/267/237 1586/268/238 1574/266/236
f 46/269/239 1594/270/240 1586/268/238
f 48/271/241 1602/272/242 1594/270/240
f 50/273/243 1614/274/244 1602/275/242
f 52/276/245 1622/277/246 1614/278/244
f 54/279/247 1630/280/248 1622/277/246
f 1630/280/248 58/281/249 1642/282/250
f 1642/282/250 60/283/251 1650/284/252
f 1650/284/252 62/285/253 1658/286/254
f 1658/286/254 64/287/255 1670/288/98
f 1390/289/215 6/73/256 1398/235/209
f 80/290/257 88/291/257 96/292/257
f 89/293/257 783/294/258 90/295/257
f 183/296/259 554/297/260 171/298/261
f 88/291/257 771/293/262 89/293/257
f 87/299/257 759/300/263 88/291/257
f 385/301/264 758/302/265 375/303/266
f 277/304/267 650/305/268 267/305/269
f 86/306/257 747/299/270 87/299/257
f 169/307/271 542/308/272 159/309/273
f 85/310/257 735/306/274 86/306/257
f 98/311/275 854/312/276 471/312/277
f 85/310/257 711/313/278 723/310/279
f 373/314/280 746/315/281 363/315/282
f 265/316/283 638/317/284 255/317/285
f 83/318/257 711/313/278 84/313/257
f 157/319/286 530/320/287 147/321/288
f 83/318/257 687/322/289 699/318/290
f 469/323/291 842/324/292 459/324/293
f 82/322/257 675/325/294 687/326/289
f 361/327/295 734/328/296 351/328/297
f 80/290/257 675/325/294 81/325/257
f 253/329/298 626/330/299 243/330/300
f 145/331/301 518/332/302 135/333/303
f 79/334/257 663/290/304 80/290/257
f 457/335/305 830/336/306 447/336/307
f 78/337/257 651/334/308 79/334/257
f 349/338/309 722/339/310 339/339/311
f 241/340/312 614/341/313 231/341/314
f 77/342/257 639/337/315 78/337/257
f 133/343/316 506/344/317 123/344/318
f 77/342/257 615/345/319 627/342/320
f 445/346/321 818/347/322 435/347/323
f 13/146/64 158/175/324 11/175/64
f 29/187/64 278/183/325 266/187/326
f 49/129/64 374/134/327 47/134/64
f 63/93/64 99/244/328 470/93/329
f 5/219/64 109/231/330 3/231/64
f 23/26/64 217/24/331 21/24/64
f 41/152/64 325/158/332 39/158/64
f 57/105/64 446/98/333 434/105/334
f 13/146/64 181/20/335 170/146/336
f 31/183/64 289/176/337 278/183/325
f 51/121/64 386/129/338 49/129/64
f 7/128/64 122/219/339 5/219/64
f 25/199/64 230/26/340 23/26/64
f 41/152/64 350/147/341 338/152/342
f 61/94/64 446/98/333 59/98/64
f 17/19/64 181/20/335 15/20/64
f 35/169/64 289/176/337 33/176/64
f 53/115/64 397/348/343 51/121/64
f 9/127/64 134/128/344 7/128/64
f 25/199/64 254/192/345 242/199/346
f 45/140/64 350/147/341 43/147/64
f 61/94/64 470/93/329 458/94/347
f 19/22/64 193/19/348 17/19/64
f 37/165/64 301/169/349 35/169/64
f 55/112/64 409/115/350 53/115/64
f 9/127/64 158/175/324 146/127/351
f 29/187/64 254/192/345 27/192/64
f 45/140/64 374/134/327 362/140/352
f 66/349/257 481/350/353 495/349/354
f 21/24/64 205/351/355 19/22/64
f 39/158/64 313/165/356 37/165/64
f 57/105/64 421/112/357 55/112/64
f 399/352/358 770/353/359 387/354/360
f 91/355/257 783/295/258 795/355/361
f 91/355/257 807/356/362 92/356/257
f 195/357/363 566/358/364 182/359/365
f 93/360/257 807/356/362 819/361/366
f 303/362/367 674/363/368 290/363/369
f 96/292/257 481/350/353 65/350/257
f 411/364/370 782/365/371 398/366/372
f 93/360/257 831/367/373 94/367/257
f 67/368/257 519/369/374 68/369/257
f 94/367/257 843/370/375 95/370/257
f 207/371/376 578/372/377 194/372/378
f 69/373/257 519/369/374 531/374/379
f 95/370/257 855/375/380 96/292/257
f 315/376/381 686/377/382 302/378/383
f 69/373/257 543/379/384 70/380/257
f 111/381/385 483/382/386 97/382/387
f 423/383/388 794/384/389 410/385/390
f 70/380/257 555/386/391 71/386/257
f 67/368/257 495/387/354 507/368/392
f 71/386/257 567/388/393 72/389/257
f 219/390/394 590/391/395 206/392/396
f 327/393/397 698/394/398 314/395/399
f 72/389/257 579/396/400 73/396/257
f 433/397/401 806/398/402 422/398/403
f 73/396/257 591/399/404 74/400/257
f 121/401/405 494/402/406 110/403/407
f 75/404/257 591/399/404 603/404/408
f 229/405/409 602/406/410 218/407/411
f 337/408/412 710/409/413 326/409/414
f 75/404/257 615/345/319 76/410/257
f 100/411/415 101/412/416 97/382/387
f 104/413/417 102/244/418 100/244/415
f 103/414/419 104/413/417 98/311/275
f 107/415/420 105/416/421 103/414/419
f 106/417/422 107/415/420 99/411/328
f 106/417/422 102/411/418 108/411/423
f 102/244/418 105/416/421 108/418/423
f 112/419/424 113/420/425 109/231/330
f 112/419/424 117/421/426 114/231/427
f 115/422/428 116/423/429 110/403/407
f 115/422/428 120/424/430 117/421/426
f 118/425/431 119/426/432 111/381/385
f 113/420/425 120/424/430 118/425/431
f 114/231/427 117/421/426 120/424/430
f 124/427/433 125/428/434 121/401/405
f 128/429/435 126/430/436 124/427/433
f 127/431/437 128/429/435 122/219/339
f 127/431/437 132/432/438 129/219/439
f 130/433/440 131/434/441 123/344/318
f 125/428/434 132/432/438 130/433/440
f 126/430/436 129/219/439 132/432/438
f 136/435/442 137/436/443 133/343/316
f 140/437/444 138/438/445 136/435/442
f 139/439/446 140/437/444 134/128/344
f 139/439/446 144/440/447 141/441/448
f 142/442/449 143/443/450 135/333/303
f 137/436/443 144/440/447 142/442/449
f 138/438/445 141/441/448 144/440/447
f 148/444/451 149/445/452 145/331/301
f 152/446/453 150/447/454 148/444/451
f 151/448/455 152/446/453 146/127/351
f 151/448/455 156/449/456 153/127/457
f 154/450/458 155/451/459 147/321/288
f 149/445/452 156/449/456 154/450/458
f 150/447/454 153/127/457 156/449/456
f 160/452/460 161/453/461 157/319/286
f 164/454/462 162/455/463 160/452/460
f 163/456/464 164/454/462 158/175/324
f 163/456/464 168/457/465 165/175/466
f 166/458/467 167/459/468 159/309/273
f 166/458/467 162/455/463 168/457/465
f 162/455/463 165/175/466 168/457/465
f 172/460/469 173/461/470 169/307/271
f 176/462/471 174/463/472 172/460/469
f 175/464/473 176/462/471 170/146/336
f 175/464/473 180/465/474 177/146/475
f 178/466/476 179/467/477 171/298/261
f 178/466/476 174/463/472 180/465/474
f 174/463/472 177/146/475 180/465/474
f 184/468/478 185/469/479 181/20/335
f 184/468/478 189/470/480 186/20/481
f 187/471/482 188/472/483 182/359/365
f 191/473/484 189/470/480 187/471/482
f 190/474/485 191/473/484 183/296/259
f 185/469/479 192/475/486 190/474/485
f 186/20/481 189/470/480 192/475/486
f 196/476/487 197/477/488 193/19/348
f 196/476/487 201/478/489 198/19/490
f 199/479/491 200/480/492 194/372/378
f 203/481/493 201/478/489 199/479/491
f 202/482/494 203/481/493 195/357/363
f 197/477/488 204/483/495 202/482/494
f 198/19/490 201/478/489 204/483/495
f 208/484/496 209/485/497 205/351/355
f 208/484/496 213/486/498 210/22/499
f 211/487/500 212/488/501 206/392/396
f 211/487/500 216/489/502 213/486/498
f 214/490/503 215/491/504 207/371/376
f 209/485/497 216/489/502 214/490/503
f 210/22/499 213/486/498 216/489/502
f 220/492/505 221/493/506 217/24/331
f 220/492/505 225/494/507 222/24/508
f 223/495/509 224/496/510 218/407/411
f 227/497/511 225/494/507 223/495/509
f 226/498/512 227/497/511 219/390/394
f 221/493/506 228/499/513 226/498/512
f 222/24/508 225/494/507 228/499/513
f 232/500/514 233/501/515 229/405/409
f 236/502/516 234/503/517 232/500/514
f 235/504/518 236/502/516 230/26/340
f 235/504/518 240/505/519 237/26/520
f 238/506/521 239/507/522 231/341/314
f 233/501/515 240/505/519 238/506/521
f 234/503/517 237/26/520 240/505/519
f 244/508/523 245/509/524 241/340/312
f 248/510/525 246/511/526 244/508/523
f 247/512/527 248/510/525 242/199/346
f 247/512/527 252/513/528 249/199/529
f 250/514/530 251/515/531 243/330/300
f 245/509/524 252/513/528 250/514/530
f 246/511/526 249/199/529 252/513/528
f 256/516/532 257/517/533 253/329/298
f 260/518/534 258/519/535 256/516/532
f 259/520/536 260/518/534 254/192/345
f 259/520/536 264/521/537 261/192/538
f 262/522/539 263/523/540 255/317/285
f 262/522/539 258/519/535 264/521/537
f 258/519/535 261/192/538 264/521/537
f 268/524/541 269/525/542 265/316/283
f 272/526/543 270/527/544 268/524/541
f 271/528/545 272/526/543 266/187/326
f 271/528/545 276/529/546 273/187/547
f 274/530/548 275/531/549 267/305/269
f 274/530/548 270/527/544 276/529/546
f 270/527/544 273/187/547 276/529/546
f 280/532/550 281/533/551 277/304/267
f 284/534/552 282/535/553 280/532/550
f 283/536/554 284/534/552 278/183/325
f 283/536/554 288/537/555 285/183/556
f 286/538/557 287/539/558 279/80/71
f 286/538/557 282/535/553 288/537/555
f 282/535/553 285/183/556 288/537/555
f 292/540/559 293/541/560 289/176/337
f 292/540/559 297/542/561 294/176/562
f 295/543/563 296/544/564 290/363/369
f 299/545/565 297/542/561 295/543/563
f 298/546/566 299/545/565 291/79/69
f 293/541/560 300/547/567 298/546/566
f 294/176/562 297/542/561 300/547/567
f 304/548/568 305/549/569 301/169/349
f 304/548/568 309/550/570 306/169/571
f 307/551/572 308/552/573 302/378/383
f 307/551/572 312/553/574 309/550/570
f 310/554/575 311/555/576 303/362/367
f 305/549/569 312/553/574 310/554/575
f 306/169/571 309/550/570 312/553/574
f 316/556/577 317/557/578 313/165/356
f 316/556/577 321/558/579 318/165/580
f 319/559/581 320/560/582 314/395/399
f 323/561/583 321/558/579 319/559/581
f 322/562/584 323/561/583 315/376/381
f 317/557/578 324/563/585 322/562/584
f 318/165/580 321/558/579 324/563/585
f 328/564/586 329/565/587 325/158/332
f 328/564/586 333/566/588 330/567/589
f 331/568/590 332/569/591 326/409/414
f 335/570/592 333/566/588 331/568/590
f 334/571/593 335/570/592 327/393/397
f 329/565/587 336/572/594 334/571/593
f 330/567/589 333/566/588 336/572/594
f 340/573/595 341/574/596 337/408/412
f 344/575/597 342/576/598 340/573/595
f 343/577/599 344/575/597 338/152/342
f 343/577/599 348/578/600 345/152/601
f 346/579/602 347/580/603 339/339/311
f 341/574/596 348/578/600 346/579/602
f 342/576/598 345/152/601 348/578/600
f 352/581/604 353/582/605 349/338/309
f 356/583/606 354/584/607 352/581/604
f 355/585/608 356/583/606 350/147/341
f 355/585/608 360/586/609 357/147/610
f 358/587/611 359/588/612 351/328/297
f 358/587/611 354/584/607 360/586/609
f 354/584/607 357/147/610 360/586/609
f 364/589/613 365/590/614 361/327/295
f 368/591/615 366/592/616 364/589/613
f 367/593/617 368/591/615 362/140/352
f 367/593/617 372/594/618 369/140/619
f 370/595/620 371/596/621 363/315/282
f 370/595/620 366/592/616 372/594/618
f 366/592/616 369/140/619 372/594/618
f 376/597/622 377/598/623 373/314/280
f 380/599/624 378/600/625 376/597/622
f 379/601/626 380/599/624 374/134/327
f 379/601/626 384/602/627 381/134/628
f 382/603/629 383/604/630 375/303/266
f 382/603/629 378/600/625 384/602/627
f 378/600/625 381/134/628 384/602/627
f 388/605/631 389/606/632 385/301/264
f 392/607/633 390/608/634 388/605/631
f 391/609/635 392/607/633 386/129/338
f 391/609/635 396/610/636 393/129/637
f 394/611/638 395/612/639 387/354/360
f 394/611/638 390/608/634 396/610/636
f 390/608/634 393/129/637 396/610/636
f 400/613/640 401/614/641 397/348/343
f 400/613/640 405/615/642 402/121/643
f 403/616/644 404/617/645 398/366/372
f 403/616/644 408/618/646 405/615/642
f 406/619/647 407/620/648 399/352/358
f 401/614/641 408/618/646 406/619/647
f 402/121/643 405/615/642 408/618/646
f 412/621/649 413/622/650 409/115/350
f 412/621/649 417/623/651 414/115/652
f 415/624/653 416/625/654 410/385/390
f 419/626/655 417/623/651 415/624/653
f 418/627/656 419/626/655 411/364/370
f 413/622/650 420/628/657 418/627/656
f 414/115/652 417/623/651 420/628/657
f 424/629/658 425/630/659 421/112/357
f 424/629/658 429/631/660 426/112/661
f 427/632/662 428/633/663 422/398/403
f 431/634/664 429/631/660 427/632/662
f 430/635/665 431/634/664 423/383/388
f 425/630/659 432/636/666 430/635/665
f 426/112/661 429/631/660 432/636/666
f 436/637/667 437/638/668 433/397/401
f 440/639/669 438/640/670 436/637/667
f 439/641/671 440/639/669 434/105/334
f 439/641/671 444/642/672 441/105/673
f 442/643/674 443/644/675 435/347/323
f 437/638/668 444/642/672 442/643/674
f 438/640/670 441/105/673 444/642/672
f 448/645/676 449/646/677 445/346/321
f 452/647/678 450/648/679 448/645/676
f 451/649/680 452/647/678 446/98/333
f 451/649/680 456/650/681 453/651/682
f 454/652/683 455/653/684 447/336/307
f 454/652/683 450/648/679 456/650/681
f 450/648/679 453/651/682 456/650/681
f 460/654/685 461/655/686 457/335/305
f 464/656/687 462/657/688 460/654/685
f 463/658/689 464/656/687 458/94/347
f 463/658/689 468/659/690 465/94/691
f 466/660/692 467/661/693 459/324/293
f 466/660/692 462/657/688 468/659/690
f 462/657/688 465/94/691 468/659/690
f 472/662/694 473/663/695 469/323/291
f 476/664/696 474/665/697 472/662/694
f 475/666/698 476/664/696 470/93/329
f 475/666/698 480/667/699 477/93/700
f 478/668/701 479/669/702 471/312/277
f 478/668/701 474/665/697 480/667/699
f 474/665/697 477/93/700 480/667/699
f 484/670/703 485/671/704 481/350/353
f 484/670/703 489/672/705 486/350/706
f 487/413/707 488/673/708 482/311/709
f 487/413/707 492/674/710 489/675/705
f 490/676/711 491/411/712 483/382/386
f 485/671/704 492/677/710 490/678/711
f 486/350/706 489/672/705 492/677/710
f 496/679/713 497/425/714 493/680/715
f 496/679/713 501/681/716 498/682/717
f 499/683/718 500/422/719 494/402/406
f 503/684/720 501/685/716 499/686/718
f 502/687/721 503/684/720 495/349/354
f 502/687/721 498/688/717 504/349/722
f 498/688/717 501/685/716 504/349/722
f 508/689/723 509/427/724 505/690/725
f 512/691/726 510/692/727 508/689/723
f 511/693/728 512/691/726 506/344/317
f 515/694/729 513/695/730 511/696/728
f 514/697/731 515/694/729 507/368/392
f 514/697/731 510/698/727 516/368/732
f 510/698/727 513/695/730 516/368/732
f 520/436/733 521/699/734 517/700/735
f 524/701/736 522/702/737 520/436/733
f 523/443/738 524/701/736 518/332/302
f 527/703/739 525/704/740 523/705/738
f 526/706/741 527/703/739 519/369/374
f 526/706/741 522/707/737 528/369/742
f 522/707/737 525/704/740 528/369/742
f 532/708/743 533/709/744 529/331/745
f 536/710/746 534/447/747 532/708/743
f 535/711/748 536/710/746 530/320/287
f 539/712/749 537/713/750 535/714/748
f 538/715/751 539/712/749 531/374/379
f 538/715/751 534/716/747 540/717/752
f 534/716/747 537/713/750 540/717/752
f 544/718/753 545/719/754 541/720/755
f 544/718/753 549/457/756 546/721/757
f 547/722/758 548/458/759 542/308/272
f 551/723/760 549/724/756 547/725/758
f 550/726/761 551/723/760 543/379/384
f 550/726/761 546/727/757 552/380/762
f 546/727/757 549/724/756 552/380/762
f 556/728/763 557/729/764 553/730/765
f 556/728/763 561/731/766 558/463/767
f 559/732/768 560/466/769 554/297/260
f 563/733/770 561/734/766 559/735/768
f 562/736/771 563/733/770 555/386/391
f 562/736/771 558/737/767 564/386/772
f 558/737/767 561/734/766 564/386/772
f 568/473/773 569/738/774 565/296/775
f 572/739/776 570/475/777 568/473/773
f 571/472/778 572/739/776 566/358/364
f 575/740/779 573/741/780 571/742/778
f 574/743/781 575/740/779 567/388/393
f 574/743/781 570/744/777 576/389/782
f 570/744/777 573/741/780 576/389/782
f 580/481/783 581/745/784 577/746/785
f 584/747/786 582/483/787 580/481/783
f 583/480/788 584/747/786 578/372/377
f 587/748/789 585/749/790 583/750/788
f 586/751/791 587/748/789 579/396/400
f 586/751/791 582/752/787 588/396/792
f 582/752/787 585/749/790 588/396/792
f 592/491/793 593/490/794 589/753/795
f 592/491/793 597/754/796 594/755/797
f 595/756/798 596/487/799 590/391/395
f 599/757/800 597/758/796 595/759/798
f 598/760/801 599/757/800 591/399/404
f 598/760/801 594/761/797 600/400/802
f 594/761/797 597/758/796 600/400/802
f 604/497/803 605/498/804 601/762/805
f 608/763/806 606/499/807 604/497/803
f 607/496/808 608/763/806 602/406/410
f 611/764/809 609/765/810 607/766/808
f 610/767/811 611/764/809 603/404/408
f 610/767/811 606/768/807 612/404/812
f 606/769/807 609/770/810 612/771/812
f 616/772/813 617/773/814 613/774/815
f 620/775/816 618/776/817 616/772/813
f 619/777/818 620/775/816 614/341/313
f 623/778/819 621/779/820 619/780/818
f 622/781/821 623/778/819 615/345/319
f 622/781/821 618/782/817 624/410/822
f 618/783/817 621/784/820 624/785/822
f 628/786/823 629/508/824 625/787/825
f 632/514/826 630/511/827 628/786/823
f 631/515/828 632/514/826 626/330/299
f 635/788/829 633/789/830 631/790/828
f 634/791/831 635/788/829 627/342/320
f 634/791/831 630/792/827 636/793/832
f 630/794/827 633/513/830 636/795/832
f 640/796/833 641/797/834 637/798/835
f 640/796/833 645/799/836 642/800/837
f 643/801/838 644/522/839 638/317/284
f 647/802/840 645/803/836 643/804/838
f 646/805/841 647/802/840 639/337/315
f 646/805/841 642/806/837 648/807/842
f 642/808/837 645/799/836 648/809/842
f 652/810/843 653/811/844 649/812/845
f 652/810/843 657/813/846 654/814/847
f 655/531/848 656/530/849 650/305/268
f 659/815/850 657/816/846 655/817/848
f 658/818/851 659/815/850 651/334/308
f 658/818/851 654/819/847 660/820/852
f 654/821/847 657/813/846 660/822/852
f 664/533/853 665/823/854 661/824/855
f 664/533/853 669/537/856 666/535/857
f 667/825/858 668/538/859 662/80/70
f 671/826/860 669/827/856 667/828/858
f 670/829/861 671/826/860 663/290/304
f 670/829/861 666/830/857 672/290/862
f 666/831/857 669/537/856 672/832/862
f 676/545/863 677/546/864 673/833/865
f 680/543/866 678/834/867 676/545/863
f 679/835/868 680/543/866 674/363/368
f 683/836/869 681/837/870 679/838/868
f 682/839/871 683/836/869 675/325/294
f 682/839/871 678/840/867 684/325/872
f 678/841/867 681/842/870 684/843/872
f 688/555/873 689/844/874 685/845/875
f 688/555/873 693/846/876 690/553/877
f 691/552/878 692/551/879 686/377/382
f 695/847/880 693/848/876 691/849/878
f 694/850/881 695/847/880 687/326/289
f 694/850/881 690/851/877 696/322/882
f 690/852/877 693/846/876 696/853/882
f 700/561/883 701/854/884 697/376/885
f 704/855/886 702/563/887 700/561/883
f 703/856/888 704/855/886 698/394/398
f 707/857/889 705/858/890 703/859/888
f 706/860/891 707/857/889 699/318/290
f 706/860/891 702/861/887 708/318/892
f 702/862/887 705/558/890 708/863/892
f 712/570/893 713/864/894 709/865/895
f 716/866/896 714/572/897 712/570/893
f 715/867/898 716/866/896 710/409/413
f 719/868/899 717/869/900 715/870/898
f 718/871/901 719/868/899 711/313/278
f 718/871/901 714/872/897 720/873/902
f 714/874/897 717/875/900 720/876/902
f 724/574/903 725/573/904 721/408/905
f 728/579/906 726/877/907 724/574/903
f 727/878/908 728/579/906 722/339/310
f 731/879/909 729/880/910 727/881/908
f 730/882/911 731/879/909 723/310/279
f 730/882/911 726/883/907 732/310/912
f 726/884/907 729/885/910 732/886/912
f 736/887/913 737/888/914 733/889/915
f 736/887/913 741/890/916 738/584/917
f 739/891/918 740/587/919 734/328/296
f 743/892/920 741/893/916 739/894/918
f 742/895/921 743/892/920 735/306/274
f 742/895/921 738/896/917 744/306/922
f 738/897/917 741/890/916 744/898/922
f 748/899/923 749/900/924 745/901/925
f 748/899/923 753/594/926 750/902/927
f 751/596/928 752/595/929 746/315/281
f 755/903/930 753/904/926 751/905/928
f 754/906/931 755/903/930 747/299/270
f 754/906/931 750/907/927 756/299/932
f 750/907/927 753/904/926 756/299/932
f 760/598/933 761/908/934 757/314/935
f 760/598/933 765/602/936 762/600/937
f 763/604/938 764/603/939 758/302/265
f 767/909/940 765/910/936 763/911/938
f 766/912/941 767/909/940 759/300/263
f 766/912/941 762/913/937 768/291/942
f 762/913/937 765/910/936 768/291/942
f 772/606/943 773/605/944 769/914/945
f 772/606/943 777/915/946 774/608/947
f 775/916/948 776/611/949 770/353/359
f 779/917/950 777/918/946 775/919/948
f 778/920/951 779/917/950 771/293/262
f 778/920/951 774/921/947 780/293/952
f 774/921/947 777/918/946 780/293/952
f 784/922/953 785/619/954 781/923/955
f 784/922/953 789/924/956 786/925/957
f 787/926/958 788/616/959 782/365/371
f 791/927/960 789/928/956 787/929/958
f 790/930/961 791/927/960 783/294/258
f 790/930/961 786/931/957 792/295/962
f 786/931/957 789/928/956 792/295/962
f 796/626/963 797/932/964 793/933/965
f 800/934/966 798/935/967 796/626/963
f 799/625/968 800/934/966 794/384/389
f 803/936/969 801/937/970 799/938/968
f 802/939/971 803/936/969 795/355/361
f 802/939/971 798/940/967 804/355/972
f 798/940/967 801/937/970 804/355/972
f 808/941/973 809/942/974 805/943/975
f 812/944/976 810/636/977 808/941/973
f 811/945/978 812/944/976 806/398/402
f 815/946/979 813/947/980 811/948/978
f 814/949/981 815/946/979 807/356/362
f 814/949/981 810/950/977 816/356/982
f 810/950/977 813/947/980 816/356/982
f 820/951/983 821/952/984 817/397/985
f 824/643/986 822/640/987 820/951/983
f 823/953/988 824/643/986 818/347/322
f 827/954/989 825/955/990 823/956/988
f 826/957/991 827/954/989 819/361/366
f 826/957/991 822/958/987 828/360/992
f 822/958/987 825/955/990 828/360/992
f 832/959/993 833/645/994 829/960/995
f 832/959/993 837/650/996 834/961/997
f 835/653/998 836/652/999 830/336/306
f 839/962/1000 837/963/996 835/964/998
f 838/965/1001 839/962/1000 831/367/373
f 838/965/1001 834/966/997 840/367/1002
f 834/966/997 837/963/996 840/367/1002
f 844/967/1003 845/968/1004 841/969/1005
f 844/967/1003 849/970/1006 846/657/1007
f 847/971/1008 848/660/1009 842/324/292
f 851/972/1010 849/973/1006 847/974/1008
f 850/975/1011 851/972/1010 843/370/375
f 850/975/1011 846/976/1007 852/370/1012
f 846/976/1007 849/973/1006 852/370/1012
f 856/977/1013 857/662/1014 853/978/1015
f 856/977/1013 861/979/1016 858/980/1017
f 859/669/1018 860/981/1019 854/312/276
f 863/982/1020 861/983/1016 859/984/1018
f 862/985/1021 863/982/1020 855/375/380
f 862/985/1021 858/986/1017 864/292/1022
f 858/986/1017 861/983/1016 864/292/1022
f 99/411/328 113/987/425 106/417/422
f 113/987/425 101/412/416 106/417/422
f 101/412/416 111/381/385 97/382/387
f 122/219/339 112/419/424 109/231/330
f 112/419/424 124/427/433 116/423/429
f 124/427/433 110/403/407 116/423/429
f 134/128/344 127/431/437 122/219/339
f 140/988/444 131/434/441 127/431/437
f 131/434/441 133/343/316 123/344/318
f 134/128/344 152/989/453 139/439/446
f 152/989/453 143/443/450 139/439/446
f 148/444/451 135/333/303 143/443/450
f 146/127/351 164/990/462 151/448/455
f 151/448/455 160/452/460 155/451/459
f 155/451/459 157/319/286 147/321/288
f 158/175/324 176/991/471 163/456/464
f 176/991/471 167/459/468 163/456/464
f 172/460/469 159/309/273 167/459/468
f 170/146/336 185/992/479 175/464/473
f 185/992/479 179/467/477 175/464/473
f 190/474/485 171/298/261 179/467/477
f 181/20/335 197/993/488 184/468/478
f 184/468/478 202/482/494 188/472/483
f 202/482/494 182/359/365 188/472/483
f 205/22/355 196/476/487 193/19/348
f 196/476/487 214/490/503 200/480/492
f 214/490/503 194/372/378 200/480/492
f 217/24/331 208/484/496 205/351/355
f 208/484/496 226/498/512 212/488/501
f 226/498/512 206/392/396 212/488/501
f 230/26/340 220/492/505 217/24/331
f 236/994/516 224/496/510 220/492/505
f 224/496/510 229/405/409 218/407/411
f 230/26/340 248/995/525 235/504/518
f 248/995/525 239/507/522 235/504/518
f 244/508/523 231/341/314 239/507/522
f 242/199/346 260/996/534 247/512/527
f 247/512/527 256/516/532 251/515/531
f 251/515/531 253/329/298 243/330/300
f 254/192/345 272/997/543 259/520/536
f 272/997/543 263/523/540 259/520/536
f 268/524/541 255/317/285 263/523/540
f 266/187/326 284/998/552 271/528/545
f 284/998/552 275/531/549 271/528/545
f 275/531/549 277/304/267 267/305/269
f 289/176/337 283/536/554 278/183/325
f 283/536/554 298/546/566 287/539/558
f 298/546/566 279/80/71 287/539/558
f 289/176/337 305/999/569 292/540/559
f 305/999/569 296/544/564 292/540/559
f 296/544/564 303/362/367 290/363/369
f 313/165/356 304/548/568 301/169/349
f 304/548/568 322/562/584 308/552/573
f 322/562/584 302/378/383 308/552/573
f 325/158/332 316/556/577 313/165/356
f 329/1000/587 320/560/582 316/556/577
f 320/560/582 327/393/397 314/395/399
f 325/158/332 344/1001/597 328/564/586
f 344/1001/597 332/569/591 328/564/586
f 340/573/595 326/409/414 332/569/591
f 338/152/342 356/1002/606 343/577/599
f 343/577/599 352/581/604 347/580/603
f 347/580/603 349/338/309 339/339/311
f 350/147/341 368/1003/615 355/585/608
f 368/1003/615 359/588/612 355/585/608
f 364/589/613 351/328/297 359/588/612
f 362/140/352 380/1004/624 367/593/617
f 380/1004/624 371/596/621 367/593/617
f 371/596/621 373/314/280 363/315/282
f 374/134/327 392/1005/633 379/601/626
f 379/601/626 388/605/631 383/604/630
f 383/604/630 385/301/264 375/303/266
f 397/121/343 391/609/635 386/129/338
f 401/1006/641 395/612/639 391/609/635
f 395/612/639 399/352/358 387/354/360
f 409/115/350 400/613/640 397/348/343
f 413/1007/650 404/617/645 400/613/640
f 418/627/656 398/366/372 404/617/645
f 421/112/357 412/621/649 409/115/350
f 425/1008/659 416/625/654 412/621/649
f 416/625/654 423/383/388 410/385/390
f 421/112/357 440/1009/669 424/629/658
f 440/1009/669 428/633/663 424/629/658
f 436/637/667 422/398/403 428/633/663
f 434/105/334 452/1010/678 439/641/671
f 439/641/671 448/645/676 443/644/675
f 443/644/675 445/346/321 435/347/323
f 446/98/333 464/1011/687 451/649/680
f 464/1011/687 455/653/684 451/649/680
f 460/654/685 447/336/307 455/653/684
f 458/94/347 476/1012/696 463/658/689
f 476/1012/696 467/661/693 463/658/689
f 467/661/693 469/323/291 459/324/293
f 99/244/328 475/666/698 470/93/329
f 475/666/698 103/414/419 479/669/702
f 103/414/419 471/312/277 479/669/702
f 493/680/715 490/676/711 483/382/386
f 490/1013/711 502/687/721 485/1014/704
f 485/1014/704 495/349/354 481/350/353
f 505/690/725 499/683/718 494/402/406
f 509/1015/724 503/1016/720 499/1017/718
f 503/1016/720 507/368/392 495/387/354
f 517/700/735 511/693/728 506/344/317
f 511/1018/728 526/706/741 515/1019/729
f 526/706/741 507/368/392 515/1019/729
f 529/331/745 523/443/738 518/332/302
f 523/1020/738 538/715/751 527/1021/739
f 527/1021/739 531/374/379 519/369/374
f 541/720/755 535/711/748 530/320/287
f 545/1022/754 539/1023/749 535/1024/748
f 550/726/761 531/373/379 539/1023/749
f 542/308/272 557/729/764 547/722/758
f 557/1025/764 551/1026/760 547/1027/758
f 562/736/771 543/379/384 551/1026/760
f 565/296/775 559/732/768 554/297/260
f 569/1028/774 563/1029/770 559/1030/768
f 574/743/781 555/386/391 563/1029/770
f 577/746/785 571/472/778 566/358/364
f 581/1031/784 575/1032/779 571/1033/778
f 586/751/791 567/1034/393 575/1032/779
f 589/753/795 583/480/788 578/372/377
f 583/1035/788 598/760/801 587/1036/789
f 587/1036/789 591/399/404 579/396/400
f 601/762/805 595/756/798 590/391/395
f 605/1037/804 599/1038/800 595/1039/798
f 599/1038/800 603/404/408 591/399/404
f 613/774/815 607/496/808 602/406/410
f 607/1040/808 622/781/821 611/1041/809
f 622/781/821 603/404/408 611/1041/809
f 625/787/825 619/777/818 614/341/313
f 619/1042/818 634/791/831 623/1043/819
f 623/1043/819 627/342/320 615/345/319
f 637/798/835 631/515/828 626/330/299
f 641/1044/834 635/1045/829 631/1046/828
f 646/805/841 627/342/320 635/1045/829
f 638/317/284 653/811/844 643/801/838
f 653/1047/844 647/1048/840 643/1049/838
f 658/818/851 639/337/315 647/1048/840
f 661/824/855 655/531/848 650/305/268
f 665/1050/854 659/1051/850 655/1052/848
f 670/829/861 651/334/308 659/1051/850
f 673/833/865 667/825/858 662/80/70
f 677/1053/864 671/1054/860 667/1055/858
f 682/839/871 663/1056/304 671/1054/860
f 685/845/875 679/835/868 674/363/368
f 679/1057/868 694/850/881 683/1058/869
f 683/1058/869 687/326/289 675/325/294
f 697/376/885 691/552/878 686/377/382
f 701/1059/884 695/1060/880 691/1061/878
f 695/1060/880 699/318/290 687/322/289
f 709/865/895 703/856/888 698/394/398
f 703/1062/888 718/871/901 707/1063/889
f 718/871/901 699/318/290 707/1063/889
f 721/408/905 715/867/898 710/409/413
f 715/1064/898 730/882/911 719/1065/899
f 719/1065/899 723/310/279 711/313/278
f 733/889/915 727/878/908 722/339/310
f 737/1066/914 731/1067/909 727/1068/908
f 742/895/921 723/310/279 731/1067/909
f 734/328/296 749/900/924 739/891/918
f 749/1069/924 743/1070/920 739/1071/918
f 754/906/931 735/306/274 743/1070/920
f 757/314/935 751/596/928 746/315/281
f 761/1072/934 755/1073/930 751/1074/928
f 766/912/941 747/299/270 755/1073/930
f 769/914/945 763/604/938 758/302/265
f 773/1075/944 767/1076/940 763/1077/938
f 778/920/951 759/291/263 767/1076/940
f 770/353/359 785/619/954 775/916/948
f 785/1078/954 779/1079/950 775/1080/948
f 790/930/961 771/293/262 779/1079/950
f 793/933/965 787/926/958 782/365/371
f 797/1081/964 791/1082/960 787/1083/958
f 791/1082/960 795/355/361 783/295/258
f 805/943/975 799/625/968 794/384/389
f 799/1084/968 814/949/981 803/1085/969
f 814/949/981 795/355/361 803/1085/969
f 817/397/985 811/945/978 806/398/402
f 811/1086/978 826/957/991 815/1087/979
f 815/1087/979 819/361/366 807/356/362
f 829/960/995 823/953/988 818/347/322
f 833/1088/994 827/1089/989 823/1090/988
f 838/965/1001 819/360/366 827/1089/989
f 830/336/306 845/968/1004 835/653/998
f 845/1091/1004 839/1092/1000 835/1093/998
f 850/975/1011 831/367/373 839/1092/1000
f 853/978/1015 847/971/1008 842/324/292
f 857/1094/1014 851/1095/1010 847/1096/1008
f 862/985/1021 843/370/375 851/1095/1010
f 482/311/709 859/669/1018 854/312/276
f 488/1097/708 863/1098/1020 859/1099/1018
f 484/670/703 855/292/380 863/1098/1020
f 542/308/272 166/458/467 159/309/273
f 166/458/467 544/718/753 161/453/461
f 161/453/461 541/720/755 157/319/286
f 145/331/301 532/708/743 529/331/745
f 149/445/452 536/710/746 532/708/743
f 154/450/458 530/320/287 536/710/746
f 650/305/268 274/530/548 267/305/269
f 274/530/548 652/810/843 269/525/542
f 269/525/542 649/812/845 265/316/283
f 637/798/835 257/517/533 640/796/833
f 640/796/833 262/522/539 644/522/839
f 262/522/539 638/317/284 644/522/839
f 758/302/265 382/603/629 375/303/266
f 382/603/629 760/598/933 377/598/623
f 377/598/623 757/314/935 373/314/280
f 745/901/925 365/590/614 748/899/923
f 748/899/923 370/595/620 752/595/929
f 370/595/620 746/315/281 752/595/929
f 110/403/407 500/422/719 115/422/428
f 500/422/719 119/426/432 115/422/428
f 119/426/432 493/680/715 111/381/385
f 98/311/275 487/413/707 482/311/709
f 104/413/417 491/244/712 487/413/707
f 100/411/415 483/382/386 491/411/712
f 853/978/1015 473/663/695 856/977/1013
f 856/977/1013 478/668/701 860/981/1019
f 478/668/701 854/312/276 860/981/1019
f 218/407/411 608/763/806 223/495/509
f 223/495/509 604/497/803 227/497/511
f 604/497/803 219/390/394 227/497/511
f 589/753/795 215/491/504 592/491/793
f 215/491/504 596/487/799 592/491/793
f 596/487/799 206/392/396 590/391/395
f 326/409/414 716/866/896 331/568/590
f 331/568/590 712/570/893 335/570/592
f 712/570/893 327/393/397 335/570/592
f 315/376/381 700/561/883 697/376/885
f 700/561/883 319/559/581 704/855/886
f 704/855/886 314/395/399 698/394/398
f 818/347/322 442/643/674 435/347/323
f 824/643/986 437/638/668 442/643/674
f 820/951/983 433/397/401 437/638/668
f 423/383/388 808/941/973 805/943/975
f 808/941/973 427/632/662 812/944/976
f 812/944/976 422/398/403 806/398/402
f 554/297/260 178/466/476 171/298/261
f 178/466/476 556/728/763 173/461/470
f 173/461/470 553/730/765 169/307/271
f 662/80/70 286/538/557 279/80/71
f 286/538/557 664/533/853 281/533/551
f 281/533/551 661/824/855 277/304/267
f 770/353/359 394/611/638 387/354/360
f 776/611/949 389/606/632 394/611/638
f 772/606/943 385/301/264 389/606/632
f 123/344/318 512/691/726 130/433/440
f 130/433/440 508/689/723 125/428/434
f 508/689/723 121/401/405 125/428/434
f 231/341/314 620/775/816 238/506/521
f 238/506/521 616/772/813 233/501/515
f 616/772/813 229/405/409 233/501/515
f 722/339/310 346/579/602 339/339/311
f 728/579/906 341/574/596 346/579/602
f 724/574/903 337/408/412 341/574/596
f 830/336/306 454/652/683 447/336/307
f 454/652/683 832/959/993 449/646/677
f 449/646/677 829/960/995 445/346/321
f 566/358/364 187/471/482 182/359/365
f 187/471/482 568/473/773 191/473/484
f 568/473/773 183/296/259 191/473/484
f 674/363/368 295/543/563 290/363/369
f 680/543/866 299/545/565 295/543/563
f 676/545/863 291/79/69 299/545/565
f 398/366/372 788/616/959 403/616/644
f 788/616/959 407/620/648 403/616/644
f 407/620/648 781/923/955 399/352/358
f 135/333/303 524/701/736 142/442/449
f 142/442/449 520/436/733 137/436/443
f 520/436/733 133/343/316 137/436/443
f 626/330/299 250/514/530 243/330/300
f 632/514/826 245/509/524 250/514/530
f 628/786/823 241/340/312 245/509/524
f 734/328/296 358/587/611 351/328/297
f 358/587/611 736/887/913 353/582/605
f 353/582/605 733/889/915 349/338/309
f 842/324/292 466/660/692 459/324/293
f 466/660/692 844/967/1003 461/655/686
f 461/655/686 841/969/1005 457/335/305
f 578/372/377 199/479/491 194/372/378
f 584/747/786 203/481/493 199/479/491
f 580/481/783 195/357/363 203/481/493
f 302/378/383 692/551/879 307/551/572
f 692/551/879 311/555/576 307/551/572
f 311/555/576 685/845/875 303/362/367
f 410/385/390 800/934/966 415/624/653
f 415/624/653 796/626/963 419/626/655
f 796/626/963 411/364/370 419/626/655
f 3/231/64 99/411/328 1/411/64
f 931/1100/1023 915/260/1024 932/1101/1025
f 1762/1102/1026 1999/1103/1027 1775/1104/1028
f 1866/1105/1029 2084/1106/1030 2092/1105/1031
f 871/198/64 2020/212/1032 870/212/64
f 1951/1107/1033 2181/1108/1034 1957/1109/1035
f 870/212/64 2014/223/1036 869/223/64
f 896/287/64 2196/285/1037 895/285/64
f 1768/1110/1038 1985/1111/1039 1761/1111/1040
f 1859/1112/1041 2077/1113/1042 2085/1112/1043
f 869/223/64 2007/74/65 868/74/64
f 1944/1114/1044 2174/1115/1045 1950/1115/1046
f 895/285/64 2189/283/1047 894/283/64
f 866/109/64 2203/287/1048 896/287/64
f 894/283/64 2182/281/1049 893/281/64
f 1846/1116/1050 2078/1117/1051 1852/1117/1052
f 865/241/64 2000/73/66 1986/241/1053
f 1937/1118/1054 2167/1119/1055 1943/1119/1056
f 892/1120/64 2182/281/1049 2175/1120/1057
f 891/279/64 2175/1120/1057 2168/279/1058
f 1839/1121/1059 2071/1122/1060 1845/1122/1061
f 1930/1123/1062 2160/1124/1063 1936/1125/1064
f 890/276/64 2168/279/1058 2161/276/1065
f 890/276/64 2154/273/1066 889/273/64
f 1838/1126/1067 2056/1127/1068 2064/1126/1069
f 1929/1128/1070 2148/1129/1071 2153/1130/1072
f 889/273/64 2147/271/1073 888/271/64
f 887/269/64 2147/271/1073 2140/269/1074
f 1825/1131/1075 2057/1132/1076 1831/1133/1077
f 1922/1134/1078 2141/1135/1079 2146/1134/1080
f 887/269/64 2133/267/1081 886/267/64
f 886/267/64 2126/265/1082 885/265/64
f 898/109/1083 1056/287/1084 1026/109/1085
f 938/212/1086 901/223/1087 902/212/1088
f 944/109/1089 928/287/1090 898/109/1083
f 932/1101/1025 916/263/1091 947/1136/1092
f 950/198/1093 902/212/1088 903/198/1094
f 947/1136/1092 917/265/1095 953/1137/1096
f 956/1138/1097 903/198/1094 904/182/1098
f 953/1137/1096 918/267/1099 959/1139/1100
f 962/1140/1101 904/182/1098 905/163/1102
f 959/1139/1100 919/269/1103 965/269/1104
f 962/1140/1101 906/216/1105 968/1141/1106
f 965/269/1104 920/271/1107 971/1142/1108
f 968/1141/1106 907/214/1109 974/1143/1110
f 971/1142/1108 921/273/1111 977/1144/1112
f 974/1143/1110 908/203/1113 980/203/1114
f 983/276/1115 921/273/1111 922/276/1116
f 980/203/1114 909/247/1117 986/1145/1118
f 989/279/1119 922/276/1116 923/279/1120
f 986/1145/1118 910/249/1121 992/1146/1122
f 995/1120/1123 923/279/1120 924/1120/1124
f 992/1146/1122 911/252/1125 998/1147/1126
f 1001/1148/1127 898/1149/1083 897/241/1128
f 1004/281/1129 924/1120/1124 925/281/1130
f 998/1147/1126 912/254/1131 1007/1150/1132
f 1010/1151/1133 897/241/1128 899/73/1134
f 1013/1152/1135 925/281/1130 926/283/1136
f 1007/1150/1132 913/256/1137 1016/1153/1138
f 1019/1154/1139 899/73/1134 900/74/1140
f 1022/285/1141 926/283/1136 927/285/1142
f 1016/1153/1138 914/258/1143 931/1100/1023
f 937/223/1144 900/74/1140 901/223/1087
f 943/287/1145 927/285/1142 928/287/1090
f 895/285/1146 941/1155/1147 896/287/1148
f 941/1155/1147 1023/285/1149 942/287/1150
f 942/287/1150 1022/285/1141 943/287/1145
f 868/74/1151 935/1156/1152 869/223/1153
f 935/1156/1152 1020/74/1154 936/223/1155
f 936/223/1155 1019/1154/1139 937/223/1144
f 881/256/1156 929/258/1157 882/258/1158
f 1018/256/1159 930/1157/1160 929/258/1157
f 1017/1153/1161 931/1100/1023 930/1157/1160
f 895/285/1146 1015/283/1162 1024/285/1163
f 1024/285/1163 1014/1158/1164 1023/285/1149
f 1023/285/1149 1013/1152/1135 1022/285/1141
f 867/73/1165 1021/1159/1166 868/74/1151
f 1021/1159/1166 1011/73/1167 1020/74/1154
f 1020/74/1154 1010/1151/1133 1019/1154/1139
f 880/254/1168 1018/256/1159 881/256/1156
f 1009/254/1169 1017/1153/1161 1018/256/1159
f 1008/254/1170 1016/1153/1138 1017/1153/1161
f 894/283/1171 1006/1160/1172 1015/283/1162
f 1015/283/1162 1005/281/1173 1014/1158/1164
f 1014/1158/1164 1004/281/1129 1013/1152/1135
f 867/73/1165 1003/1161/1174 1012/1162/1175
f 1012/1162/1175 1002/1163/1176 1011/73/1167
f 1011/73/1167 1001/1148/1127 1010/1151/1133
f 879/252/1177 1009/254/1169 880/254/1168
f 1000/1164/1178 1008/254/1170 1009/254/1169
f 999/1165/1179 1007/1150/1132 1008/254/1170
f 892/1120/1180 1006/1160/1172 893/281/1181
f 1006/1160/1172 996/1166/1182 1005/281/1173
f 1005/281/1173 995/1120/1123 1004/281/1129
f 866/1149/1183 1003/1161/1174 865/241/1184
f 1003/1161/1174 945/1149/1185 1002/1163/1176
f 1002/1163/1176 944/1149/1089 1001/1148/1127
f 879/252/1177 994/1167/1186 1000/1164/1178
f 994/1167/1186 999/1165/1179 1000/1164/1178
f 993/249/1187 998/1147/1126 999/1165/1179
f 891/279/1188 997/1120/1189 892/1120/1180
f 997/1120/1189 990/1168/1190 996/1166/1182
f 990/1168/1190 995/1120/1123 996/1166/1182
f 877/247/1191 994/1167/1186 878/249/1192
f 988/1169/1193 993/249/1187 994/1167/1186
f 987/247/1194 992/1146/1122 993/249/1187
f 891/279/1188 985/1170/1195 991/1171/1196
f 991/1171/1196 984/276/1197 990/1168/1190
f 990/1168/1190 983/276/1115 989/279/1119
f 876/203/1198 988/1169/1193 877/247/1191
f 982/1172/1199 987/247/1194 988/1169/1193
f 981/1172/1200 986/1145/1118 987/247/1194
f 889/273/1201 985/1170/1195 890/276/1202
f 985/1170/1195 978/273/1203 984/276/1197
f 984/276/1197 977/1144/1112 983/276/1115
f 875/214/1204 982/1172/1199 876/203/1198
f 976/214/1205 981/1172/1200 982/1172/1199
f 975/1173/1206 980/203/1114 981/1172/1200
f 888/271/1207 979/1174/1208 889/273/1201
f 979/1174/1208 972/271/1209 978/273/1203
f 972/271/1209 977/1144/1112 978/273/1203
f 875/214/1204 970/1175/1210 976/214/1205
f 970/1175/1210 975/1173/1206 976/214/1205
f 969/1176/1211 974/1143/1110 975/1173/1206
f 887/269/1212 973/271/1213 888/271/1207
f 967/1177/1214 972/271/1209 973/271/1213
f 966/269/1215 971/1142/1108 972/271/1209
f 874/216/1216 964/1178/1217 970/1175/1210
f 964/1178/1217 969/1176/1211 970/1175/1210
f 963/1179/1218 968/1141/1106 969/1176/1211
f 887/269/1212 961/267/1219 967/1177/1214
f 961/267/1219 966/269/1215 967/1177/1214
f 960/267/1220 965/269/1104 966/269/1215
f 872/182/1221 964/1178/1217 873/163/1222
f 958/182/1223 963/1179/1218 964/1178/1217
f 957/182/1224 962/1140/1101 963/1179/1218
f 885/265/1225 961/267/1219 886/267/1226
f 955/265/1227 960/267/1220 961/267/1219
f 954/265/1228 959/1139/1100 960/267/1220
f 872/182/1221 952/1180/1229 958/182/1223
f 958/182/1223 951/198/1230 957/182/1224
f 957/182/1224 950/198/1093 956/1138/1097
f 885/265/1225 949/1181/1231 955/265/1227
f 949/1181/1231 954/265/1228 955/265/1227
f 948/263/1232 953/1137/1096 954/265/1228
f 870/212/1233 952/1180/1229 871/198/1234
f 952/1180/1229 939/1182/1235 951/198/1230
f 951/198/1230 938/212/1086 950/198/1093
f 883/260/1236 949/1181/1231 884/263/1237
f 934/1101/1238 948/263/1232 949/1181/1231
f 933/260/1239 947/1136/1092 948/263/1232
f 866/109/1183 941/1155/1147 946/109/1240
f 946/109/1240 942/287/1150 945/109/1185
f 945/109/1185 943/287/1145 944/109/1089
f 870/212/1233 935/1156/1152 940/1183/1241
f 940/1183/1241 936/223/1155 939/1182/1235
f 939/1182/1235 937/223/1144 938/212/1086
f 883/260/1236 929/258/1157 934/1101/1238
f 929/258/1157 933/260/1239 934/1101/1238
f 930/1157/1160 932/1101/1025 933/260/1239
f 1029/223/1242 1060/74/1243 1061/223/1242
f 915/260/1024 1044/263/1244 916/263/1091
f 903/198/1094 1030/212/1245 1031/198/1246
f 916/263/1091 1045/265/1247 917/265/1095
f 904/182/1098 1031/198/1246 1032/182/1248
f 917/265/1095 1046/267/1249 918/267/1099
f 905/163/1102 1032/182/1248 1033/163/1250
f 918/267/1099 1047/269/1251 919/269/1103
f 905/163/1102 1034/216/1252 906/216/1105
f 919/269/1103 1048/271/1253 920/271/1107
f 906/216/1105 1035/214/1254 907/214/1109
f 921/273/1111 1048/271/1253 1049/273/1255
f 907/214/1109 1036/203/1256 908/203/1113
f 921/273/1111 1050/276/1257 922/276/1116
f 908/203/1113 1037/247/1258 909/247/1117
f 923/279/1120 1050/276/1257 1051/279/1259
f 909/247/1117 1038/249/1260 910/249/1121
f 924/1120/1124 1051/279/1259 1052/1120/1261
f 910/249/1121 1039/252/1262 911/252/1125
f 897/241/1128 1026/1149/1085 1025/241/1263
f 925/281/1130 1052/1120/1261 1053/281/1264
f 911/252/1125 1040/254/1265 912/254/1131
f 899/73/1134 1025/241/1263 1027/73/1266
f 926/283/1136 1053/281/1264 1054/283/1267
f 912/254/1131 1041/256/1268 913/256/1137
f 900/74/1140 1027/73/1266 1028/74/1269
f 927/285/1142 1054/283/1267 1055/285/1270
f 913/256/1137 1042/258/1271 914/258/1143
f 901/223/1087 1028/74/1269 1029/223/1272
f 928/287/1090 1055/285/1270 1056/287/1084
f 914/258/1143 1043/260/1273 915/260/1024
f 902/212/1088 1029/223/1272 1030/212/1245
f 1154/163/1274 1096/182/1275 1097/163/1276
f 1056/287/1277 1087/285/1278 1088/287/1277
f 1042/258/1279 1075/260/1280 1043/260/1280
f 1030/212/1281 1061/223/1242 1062/212/1281
f 1026/109/1282 1088/287/1277 1058/109/1282
f 1043/260/1280 1076/263/1283 1044/263/1283
f 1031/198/1284 1062/212/1281 1063/198/1284
f 1044/263/1283 1077/265/1285 1045/265/1285
f 1031/198/1284 1064/182/1286 1032/182/1286
f 1045/265/1285 1078/267/1287 1046/267/1287
f 1032/182/1286 1065/163/1288 1033/163/1288
f 1046/267/1287 1079/269/1289 1047/269/1289
f 1033/163/1288 1066/216/1290 1034/216/1290
f 1047/269/1289 1080/271/1291 1048/271/1291
f 1034/216/1290 1067/214/1292 1035/214/1292
f 1048/271/1291 1081/273/1293 1049/273/1293
f 1035/214/1292 1068/203/1294 1036/203/1294
f 1049/273/1293 1082/276/1295 1050/276/1295
f 1036/203/1294 1069/247/1296 1037/247/1296
f 1051/279/1297 1082/276/1295 1083/279/1297
f 1037/247/1296 1070/249/1298 1038/249/1298
f 1052/1120/1299 1083/279/1297 1084/1120/1299
f 1038/249/1298 1071/252/1300 1039/252/1300
f 1025/241/1301 1058/1149/1282 1057/241/1301
f 1053/281/1302 1084/1120/1299 1085/281/1302
f 1039/252/1300 1072/254/1303 1040/254/1303
f 1027/73/1304 1057/241/1301 1059/73/1304
f 1054/283/1305 1085/281/1302 1086/283/1305
f 1040/254/1303 1073/256/1306 1041/256/1306
f 1028/74/1243 1059/73/1304 1060/74/1243
f 1055/285/1278 1086/283/1305 1087/285/1278
f 1041/256/1306 1074/258/1279 1042/258/1279
f 1107/1184/64 1099/1185/64 1091/1186/64
f 1162/269/1307 1110/267/1308 1111/269/1309
f 1134/1187/1310 1153/163/1311 1158/163/1312
f 1150/267/1313 1161/269/1314 1166/269/1315
f 1158/163/1312 1169/216/1316 1174/216/1317
f 1166/269/1315 1177/271/1318 1182/271/1319
f 1174/216/1317 1185/214/1320 1190/214/1321
f 1182/271/1319 1193/273/1322 1198/273/1323
f 1206/203/1324 1185/214/1320 1201/203/1325
f 1198/273/1323 1209/276/1326 1214/276/1327
f 1206/203/1324 1217/247/1328 1222/247/1329
f 1230/279/1330 1209/276/1326 1225/279/1331
f 1222/247/1329 1233/249/1332 1238/249/1333
f 1230/279/1330 1241/1120/1334 1246/1120/1335
f 1238/249/1333 1249/252/1336 1254/252/1337
f 1266/1188/1338 1091/73/1339 1290/1189/1340
f 1246/1120/1335 1273/281/1341 1278/281/1342
f 1254/252/1337 1281/254/1343 1286/254/1344
f 1294/73/1345 1265/1188/1346 1289/1162/1347
f 1302/283/1348 1273/281/1341 1297/1158/1349
f 1310/256/1350 1281/254/1343 1305/256/1351
f 1318/1190/1352 1289/1162/1347 1313/1190/1353
f 1302/283/1348 1321/285/1354 1326/1191/1355
f 1310/256/1350 1329/1157/1356 1334/258/1357
f 1342/223/1358 1313/1190/1353 1337/223/1359
f 1326/1191/1355 1345/287/1360 1350/1192/1361
f 1334/258/1357 1353/260/1362 1358/260/1363
f 1342/223/1358 1361/1193/1364 1366/1182/1365
f 1261/1149/1366 1089/241/1367 1266/1188/1338
f 1358/260/1363 1369/263/1368 1374/263/1369
f 1130/1187/1370 1095/198/1371 1096/182/1275
f 1146/267/1372 1109/265/1373 1110/267/1308
f 1137/265/1374 1145/267/1375 1150/267/1313
f 1141/265/1376 1108/263/1377 1109/265/1373
f 1121/1194/1378 1129/1187/1379 1134/1187/1310
f 1362/212/1380 1095/198/1371 1125/198/1381
f 1075/260/1382 1373/263/1383 1076/263/1384
f 1257/1149/1385 1265/1188/1346 1270/241/1386
f 1346/287/1387 1090/109/1388 1261/109/1366
f 1370/263/1389 1107/260/1390 1108/263/1377
f 1062/212/1391 1341/223/1392 1365/212/1393
f 1338/223/1394 1094/212/1395 1362/1183/1380
f 1074/258/1396 1357/260/1397 1075/260/1382
f 1354/260/1398 1106/258/1399 1107/260/1390
f 1088/287/1400 1325/285/1401 1349/287/1402
f 1322/285/1403 1120/287/1404 1346/287/1387
f 1061/223/1405 1317/74/1406 1341/223/1392
f 1314/74/1407 1093/223/1408 1338/223/1394
f 1073/256/1409 1333/258/1410 1074/258/1396
f 1330/258/1411 1105/256/1412 1106/258/1399
f 1087/285/1413 1301/283/1414 1325/285/1401
f 1298/1195/1415 1119/285/1416 1322/285/1403
f 1060/74/1417 1293/73/1418 1317/74/1406
f 1290/1189/1340 1092/74/1419 1314/74/1407
f 1072/254/1420 1309/256/1421 1073/256/1409
f 1306/256/1422 1104/254/1423 1105/256/1412
f 1086/283/1424 1277/281/1425 1301/283/1414
f 1274/281/1426 1118/283/1427 1298/283/1415
f 1059/73/1428 1269/241/1429 1293/73/1418
f 1057/241/1430 1258/1149/1431 1269/241/1429
f 1071/252/1432 1285/254/1433 1072/254/1420
f 1282/254/1434 1103/252/1435 1104/254/1423
f 1085/281/1436 1245/1120/1437 1277/281/1425
f 1058/109/1438 1349/1192/1402 1258/109/1431
f 1350/1192/1361 1262/109/1439 1257/109/1385
f 1242/1120/1440 1117/281/1441 1274/281/1426
f 1070/249/1442 1253/252/1443 1071/252/1432
f 1250/252/1444 1102/249/1445 1103/252/1435
f 1084/1120/1446 1229/279/1447 1245/1120/1437
f 1226/279/1448 1116/1120/1449 1242/1120/1440
f 1069/247/1450 1237/249/1451 1070/249/1442
f 1234/249/1452 1101/247/1453 1102/249/1445
f 1083/279/1454 1213/276/1455 1229/279/1447
f 1210/276/1456 1115/279/1457 1226/1196/1448
f 1068/203/1458 1221/247/1459 1069/247/1450
f 1218/247/1460 1100/203/1461 1101/247/1453
f 1082/276/1462 1197/273/1463 1213/276/1455
f 1194/273/1464 1114/276/1465 1210/276/1456
f 1067/214/1466 1205/203/1467 1068/203/1458
f 1202/203/1468 1099/214/1469 1100/203/1461
f 1081/273/1470 1181/271/1471 1197/273/1463
f 1178/271/1472 1113/273/1473 1194/273/1464
f 1066/216/1474 1189/214/1475 1067/214/1466
f 1186/214/1476 1098/216/1477 1099/214/1469
f 1080/271/1478 1165/269/1479 1181/271/1471
f 1162/269/1307 1112/271/1480 1178/271/1472
f 1065/163/1481 1173/216/1482 1066/216/1474
f 1170/216/1483 1097/163/1276 1098/216/1477
f 1078/267/1484 1165/269/1479 1079/269/1485
f 1077/265/1486 1149/267/1487 1078/267/1484
f 1064/182/1488 1157/163/1489 1065/163/1481
f 1076/263/1384 1138/265/1490 1077/265/1486
f 1374/263/1369 1142/265/1491 1137/265/1374
f 1063/198/1492 1365/1197/1393 1122/1180/1493
f 1121/1194/1378 1361/1193/1364 1126/198/1494
f 1137/265/1374 1376/1198/1495 1374/263/1369
f 1139/265/1496 1375/1198/1497 1376/1198/1495
f 1140/1199/1498 1373/263/1383 1375/1198/1497
f 1370/263/1389 1143/1199/1499 1372/263/1500
f 1372/263/1500 1144/265/1501 1371/1198/1502
f 1371/1198/1502 1142/265/1491 1369/263/1368
f 1366/1182/1365 1123/1200/1503 1368/1201/1504
f 1368/1201/1504 1124/1202/1505 1367/1182/1506
f 1367/1182/1506 1122/1180/1493 1365/1197/1393
f 1125/198/1381 1364/212/1507 1362/212/1380
f 1127/1203/1508 1363/212/1509 1364/212/1507
f 1363/212/1509 1126/198/1494 1361/1193/1364
f 1374/263/1369 1360/1204/1510 1358/260/1363
f 1376/1198/1495 1359/260/1511 1360/1204/1510
f 1375/1198/1497 1357/260/1397 1359/260/1511
f 1354/260/1398 1372/263/1500 1356/260/1512
f 1356/260/1512 1371/1198/1502 1355/1205/1513
f 1355/1205/1513 1369/263/1368 1353/260/1362
f 1350/1192/1361 1259/1206/1514 1352/1207/1515
f 1352/1207/1515 1260/1208/1516 1351/1209/1517
f 1351/1209/1517 1258/109/1431 1349/1192/1402
f 1261/109/1366 1348/1210/1518 1346/287/1387
f 1263/1211/1519 1347/1212/1520 1348/1210/1518
f 1264/1213/1521 1345/287/1360 1347/1212/1520
f 1342/223/1358 1368/1201/1504 1344/1214/1522
f 1344/1214/1522 1367/1182/1506 1343/223/1523
f 1343/223/1523 1365/212/1393 1341/223/1392
f 1338/223/1394 1364/212/1507 1340/1215/1524
f 1340/1215/1524 1363/212/1509 1339/223/1525
f 1363/212/1509 1337/223/1359 1339/223/1525
f 1358/260/1363 1336/1216/1526 1334/258/1357
f 1360/1204/1510 1335/1216/1527 1336/1216/1526
f 1359/260/1511 1333/258/1410 1335/1216/1527
f 1330/258/1411 1356/260/1512 1332/1217/1528
f 1332/1217/1528 1355/1205/1513 1331/1216/1529
f 1331/1216/1529 1353/260/1362 1329/1157/1356
f 1326/1191/1355 1352/1207/1515 1328/1218/1530
f 1328/1218/1530 1351/1209/1517 1327/1219/1531
f 1327/1219/1531 1349/287/1402 1325/285/1401
f 1346/287/1387 1324/1220/1532 1322/285/1403
f 1348/1210/1518 1323/1221/1533 1324/1220/1532
f 1347/1212/1520 1321/285/1354 1323/1221/1533
f 1318/1190/1352 1344/1214/1522 1320/74/1534
f 1320/74/1534 1343/223/1523 1319/1190/1535
f 1319/1190/1535 1341/223/1392 1317/74/1406
f 1338/223/1394 1316/1222/1536 1314/74/1407
f 1340/1215/1524 1315/1222/1537 1316/1222/1536
f 1339/223/1525 1313/1190/1353 1315/1222/1537
f 1310/256/1350 1336/1216/1526 1312/1223/1538
f 1336/1216/1526 1311/1223/1539 1312/1223/1538
f 1335/1216/1527 1309/256/1421 1311/1223/1539
f 1306/256/1422 1332/1217/1528 1308/1223/1540
f 1332/1217/1528 1307/1223/1541 1308/1223/1540
f 1331/1216/1529 1305/256/1351 1307/1223/1541
f 1302/283/1348 1328/1218/1530 1304/1224/1542
f 1304/1224/1542 1327/1219/1531 1303/1225/1543
f 1303/1225/1543 1325/285/1401 1301/283/1414
f 1322/285/1403 1300/1226/1544 1298/1195/1415
f 1324/1220/1532 1299/1225/1545 1300/1226/1544
f 1323/1221/1533 1297/1158/1349 1299/1225/1545
f 1294/73/1345 1320/74/1534 1296/73/1546
f 1296/73/1546 1319/1190/1535 1295/1227/1547
f 1295/1227/1547 1317/74/1406 1293/73/1418
f 1314/74/1407 1292/1228/1548 1290/1189/1340
f 1316/1222/1536 1291/1151/1549 1292/1228/1548
f 1291/1151/1549 1313/1190/1353 1289/1162/1347
f 1310/256/1350 1288/1229/1550 1286/254/1344
f 1312/1223/1538 1287/254/1551 1288/1229/1550
f 1311/1223/1539 1285/254/1433 1287/254/1551
f 1282/254/1434 1308/1223/1540 1284/1230/1552
f 1284/1230/1552 1307/1223/1541 1283/254/1553
f 1283/254/1553 1305/256/1351 1281/254/1343
f 1278/281/1342 1304/1224/1542 1280/1231/1554
f 1280/1231/1554 1303/1225/1543 1279/1232/1555
f 1279/1232/1555 1301/283/1414 1277/281/1425
f 1298/283/1415 1276/1232/1556 1274/281/1426
f 1300/1226/1544 1275/1233/1557 1276/1232/1556
f 1299/1225/1545 1273/281/1341 1275/1233/1557
f 1270/241/1386 1296/73/1546 1272/1234/1558
f 1272/1234/1558 1295/1227/1547 1271/241/1559
f 1271/241/1559 1293/73/1418 1269/241/1429
f 1290/1189/1340 1268/1235/1560 1266/1188/1338
f 1292/1228/1548 1267/1235/1561 1268/1235/1560
f 1291/1151/1549 1265/1188/1346 1267/1235/1561
f 1286/254/1344 1256/1236/1562 1254/252/1337
f 1288/1229/1550 1255/1236/1563 1256/1236/1562
f 1287/254/1551 1253/252/1443 1255/1236/1563
f 1250/252/1444 1284/1230/1552 1252/1237/1564
f 1252/1237/1564 1283/254/1553 1251/1238/1565
f 1251/1238/1565 1281/254/1343 1249/252/1336
f 1278/281/1342 1248/1239/1566 1246/1120/1335
f 1248/1239/1566 1279/1232/1555 1247/1240/1567
f 1247/1240/1567 1277/281/1425 1245/1120/1437
f 1274/281/1426 1244/1166/1568 1242/1120/1440
f 1244/1166/1568 1275/1233/1557 1243/1241/1569
f 1275/1233/1557 1241/1120/1334 1243/1241/1569
f 1257/1149/1385 1272/1234/1558 1259/1242/1514
f 1259/1242/1514 1271/241/1559 1260/1243/1516
f 1260/1243/1516 1269/241/1429 1258/1149/1431
f 1266/1188/1338 1263/1244/1519 1261/1149/1366
f 1268/1235/1560 1264/1245/1521 1263/1244/1519
f 1267/1235/1561 1262/1246/1439 1264/1245/1521
f 1254/252/1337 1240/249/1570 1238/249/1333
f 1256/1236/1562 1239/249/1571 1240/249/1570
f 1255/1236/1563 1237/249/1451 1239/249/1571
f 1234/249/1452 1252/1237/1564 1236/249/1572
f 1236/249/1572 1251/1238/1565 1235/1167/1573
f 1235/1167/1573 1249/252/1336 1233/249/1332
f 1230/279/1330 1248/1239/1566 1232/1247/1574
f 1232/1247/1574 1247/1240/1567 1231/1248/1575
f 1231/1248/1575 1245/1120/1437 1229/279/1447
f 1242/1120/1440 1228/1248/1576 1226/279/1448
f 1244/1166/1568 1227/1248/1577 1228/1248/1576
f 1243/1241/1569 1225/279/1331 1227/1248/1577
f 1238/249/1333 1224/247/1578 1222/247/1329
f 1240/249/1570 1223/1249/1579 1224/247/1578
f 1239/249/1571 1221/247/1459 1223/1249/1579
f 1218/247/1460 1236/249/1572 1220/247/1580
f 1220/247/1580 1235/1167/1573 1219/1250/1581
f 1219/1250/1581 1233/249/1332 1217/247/1328
f 1230/279/1330 1216/1251/1582 1214/276/1327
f 1216/1251/1582 1231/1248/1575 1215/1251/1583
f 1215/1251/1583 1229/279/1447 1213/276/1455
f 1226/1196/1448 1212/1251/1584 1210/276/1456
f 1228/1248/1576 1211/1251/1585 1212/1251/1584
f 1227/1248/1577 1209/276/1326 1211/1251/1585
f 1222/247/1329 1208/203/1586 1206/203/1324
f 1224/247/1578 1207/203/1587 1208/203/1586
f 1223/1249/1579 1205/203/1467 1207/203/1587
f 1202/203/1468 1220/247/1580 1204/1252/1588
f 1204/1252/1588 1219/1250/1581 1203/1253/1589
f 1203/1253/1589 1217/247/1328 1201/203/1325
f 1198/273/1323 1216/1251/1582 1200/1254/1590
f 1200/1254/1590 1215/1251/1583 1199/273/1591
f 1199/273/1591 1213/276/1455 1197/273/1463
f 1210/276/1456 1196/273/1592 1194/273/1464
f 1212/1251/1584 1195/1254/1593 1196/273/1592
f 1211/1251/1585 1193/273/1322 1195/1254/1593
f 1206/203/1324 1192/1255/1594 1190/214/1321
f 1208/203/1586 1191/214/1595 1192/1255/1594
f 1207/203/1587 1189/214/1475 1191/214/1595
f 1186/214/1476 1204/1252/1588 1188/1255/1596
f 1204/1252/1588 1187/214/1597 1188/1255/1596
f 1203/1253/1589 1185/214/1320 1187/214/1597
f 1198/273/1323 1184/1256/1598 1182/271/1319
f 1200/1254/1590 1183/271/1599 1184/1256/1598
f 1183/271/1599 1197/273/1463 1181/271/1471
f 1178/271/1472 1196/273/1592 1180/271/1600
f 1196/273/1592 1179/271/1601 1180/271/1600
f 1195/1254/1593 1177/271/1318 1179/271/1601
f 1190/214/1321 1176/216/1602 1174/216/1317
f 1192/1255/1594 1175/216/1603 1176/216/1602
f 1191/214/1595 1173/216/1482 1175/216/1603
f 1170/216/1483 1188/1255/1596 1172/1141/1604
f 1172/1141/1604 1187/214/1597 1171/216/1605
f 1171/216/1605 1185/214/1320 1169/216/1316
f 1166/269/1315 1184/1256/1598 1168/269/1606
f 1168/269/1606 1183/271/1599 1167/269/1607
f 1167/269/1607 1181/271/1471 1165/269/1479
f 1178/271/1472 1164/269/1608 1162/269/1307
f 1180/271/1600 1163/269/1609 1164/269/1608
f 1179/271/1601 1161/269/1314 1163/269/1609
f 1174/216/1317 1160/1257/1610 1158/163/1312
f 1176/216/1602 1159/163/1611 1160/1257/1610
f 1175/216/1603 1157/163/1489 1159/163/1611
f 1170/216/1483 1156/163/1612 1154/163/1274
f 1172/1141/1604 1155/163/1613 1156/163/1612
f 1155/163/1613 1169/216/1316 1153/163/1311
f 1166/269/1315 1152/267/1614 1150/267/1313
f 1168/269/1606 1151/267/1615 1152/267/1614
f 1167/269/1607 1149/267/1487 1151/267/1615
f 1162/269/1307 1148/267/1616 1146/267/1372
f 1164/269/1608 1147/1258/1617 1148/267/1616
f 1147/1258/1617 1161/269/1314 1145/267/1375
f 1158/163/1312 1136/1187/1618 1134/1187/1310
f 1160/1257/1610 1135/182/1619 1136/1187/1618
f 1159/163/1611 1133/182/1620 1135/182/1619
f 1130/1187/1370 1156/163/1612 1132/1259/1621
f 1132/1259/1621 1155/163/1613 1131/182/1622
f 1155/163/1613 1129/1187/1379 1131/182/1622
f 1150/267/1313 1139/265/1496 1137/265/1374
f 1152/267/1614 1140/1199/1498 1139/265/1496
f 1151/267/1615 1138/265/1490 1140/1199/1498
f 1141/265/1376 1148/267/1616 1143/1199/1499
f 1143/1199/1499 1147/1258/1617 1144/265/1501
f 1144/265/1501 1145/267/1375 1142/265/1491
f 1134/1187/1310 1123/1200/1503 1121/1194/1378
f 1136/1187/1618 1124/1202/1505 1123/1200/1503
f 1135/182/1619 1122/1180/1493 1124/1202/1505
f 1130/1187/1370 1127/1203/1508 1125/198/1381
f 1132/1259/1621 1128/1260/1623 1127/1203/1508
f 1128/1260/1623 1129/1187/1379 1126/198/1494
f 1064/182/1488 1122/1180/1493 1133/182/1620
f 1461/1261/1624 1381/91/82 1409/1262/188
f 1674/88/79 1379/1263/1625 1676/1264/1626
f 1676/1264/1626 1380/1265/1627 1675/1266/1628
f 1675/1266/1628 1378/1267/1629 1673/243/216
f 1385/110/100 1672/1268/1630 1670/108/98
f 1387/1269/1631 1671/1270/1632 1672/1268/1630
f 1388/1271/1633 1669/1/1 1671/1270/1632
f 1666/89/80 1676/1264/1626 1668/1272/1634
f 1668/1272/1634 1675/1266/1628 1667/1273/1635
f 1667/1273/1635 1673/243/216 1665/92/83
f 1670/288/98 1660/1274/1636 1658/286/254
f 1672/1268/1630 1659/1275/1637 1660/1274/1636
f 1671/1270/1632 1657/75/67 1659/1275/1637
f 1654/96/87 1668/1272/1634 1656/1276/1638
f 1656/1276/1638 1667/1273/1635 1655/1277/1639
f 1655/1277/1639 1665/1278/83 1653/97/88
f 1658/286/254 1652/1279/1640 1650/284/252
f 1660/1274/1636 1651/1280/1641 1652/1279/1640
f 1659/1275/1637 1649/70/62 1651/1280/1641
f 1646/101/91 1656/1276/1638 1648/1281/1642
f 1648/1281/1642 1655/1277/1639 1647/1282/1643
f 1647/1282/1643 1653/1283/88 1645/104/94
f 1650/284/252 1644/1284/1644 1642/282/250
f 1652/1279/1640 1643/1285/1645 1644/1284/1644
f 1651/1280/1641 1641/67/60 1643/1285/1645
f 1638/107/97 1648/1281/1642 1640/1286/1646
f 1640/1286/1646 1647/1282/1643 1639/1287/1647
f 1639/1287/1647 1645/104/94 1637/111/101
f 1642/282/250 1632/1288/1648 1630/280/248
f 1644/1284/1644 1631/1289/1649 1632/1288/1648
f 1643/1285/1645 1629/65/57 1631/1289/1649
f 1638/114/97 1628/1290/1650 1626/113/103
f 1640/1286/1646 1627/1291/1651 1628/1290/1650
f 1639/1287/1647 1625/122/110 1627/1291/1651
f 1622/277/246 1632/1288/1648 1624/1292/1652
f 1624/1292/1652 1631/1289/1649 1623/1293/1653
f 1623/1293/1653 1629/63/57 1621/60/55
f 1626/113/103 1620/1294/1654 1618/117/105
f 1628/1290/1650 1619/1295/1655 1620/1294/1654
f 1627/1291/1651 1617/130/117 1619/1295/1655
f 1614/278/244 1624/1292/1652 1616/1296/1656
f 1616/1296/1656 1623/1293/1653 1615/1297/1657
f 1615/1297/1657 1621/60/55 1613/1298/53
f 1618/125/105 1612/1299/1658 1610/123/111
f 1620/1294/1654 1611/1300/1659 1612/1299/1658
f 1619/1295/1655 1609/135/121 1611/1300/1659
f 1602/275/242 1616/1296/1656 1604/1301/1660
f 1604/1301/1660 1615/1297/1657 1603/1302/1661
f 1603/1302/1661 1613/57/53 1601/55/51
f 1610/133/111 1600/1303/1662 1598/131/118
f 1612/1299/1658 1599/1304/1663 1600/1303/1662
f 1611/1300/1659 1597/141/127 1599/1304/1663
f 1594/270/240 1604/1301/1660 1596/1305/1664
f 1596/1305/1664 1603/1302/1661 1595/1306/1665
f 1595/1306/1665 1601/55/51 1593/53/49
f 1598/131/118 1592/1307/1666 1590/136/122
f 1600/1303/1662 1591/1308/1667 1592/1307/1666
f 1599/1304/1663 1589/1309/133 1591/1308/1667
f 1586/268/238 1596/1305/1664 1588/1310/1668
f 1588/1310/1668 1595/1306/1665 1587/1311/1669
f 1587/1311/1669 1593/53/49 1585/51/47
f 1590/144/122 1584/1312/1670 1582/142/128
f 1592/1307/1666 1583/1313/1671 1584/1312/1670
f 1591/1308/1667 1581/153/137 1583/1313/1671
f 1574/266/236 1588/1310/1668 1576/1314/1672
f 1576/1314/1672 1587/1311/1669 1575/1315/1673
f 1575/1315/1673 1585/51/47 1573/49/45
f 1582/151/128 1572/1316/1674 1570/149/134
f 1584/1312/1670 1571/1317/1675 1572/1316/1674
f 1583/1313/1671 1569/1318/143 1571/1317/1675
f 1566/264/234 1576/1314/1672 1568/1319/1676
f 1568/1319/1676 1575/1315/1673 1567/1320/1677
f 1567/1320/1677 1573/49/45 1565/1321/43
f 1570/149/134 1564/1322/1678 1562/154/138
f 1572/1316/1674 1563/1323/1679 1564/1322/1678
f 1571/1317/1675 1561/166/150 1563/1323/1679
f 1558/261/232 1568/1319/1676 1560/1324/1680
f 1560/1324/1680 1567/1320/1677 1559/1325/1681
f 1559/1325/1681 1565/47/43 1557/45/41
f 1562/154/138 1556/1326/1682 1554/160/144
f 1564/1322/1678 1555/1327/1683 1556/1326/1682
f 1563/1323/1679 1553/170/154 1555/1327/1683
f 1546/262/230 1560/1324/1680 1548/1328/1684
f 1548/1328/1684 1559/1325/1681 1547/1329/1685
f 1547/1329/1685 1557/45/41 1545/1330/39
f 1554/160/144 1544/1331/1686 1542/167/151
f 1556/1326/1682 1543/1332/1687 1544/1331/1686
f 1555/1327/1683 1541/177/160 1543/1332/1687
f 1538/257/228 1548/1328/1684 1540/1333/1688
f 1540/1333/1688 1547/1329/1685 1539/1334/1689
f 1539/1334/1689 1545/42/39 1537/1335/37
f 1542/173/151 1536/1336/1690 1534/171/155
f 1544/1331/1686 1535/1337/1691 1536/1336/1690
f 1543/1332/1687 1533/1338/166 1535/1337/1691
f 1530/255/226 1540/1333/1688 1532/1339/1692
f 1532/1339/1692 1539/1334/1689 1531/1340/1693
f 1531/1340/1693 1537/40/37 1529/37/35
f 1534/180/155 1528/1341/1694 1526/178/161
f 1536/1336/1690 1527/1342/1695 1528/1341/1694
f 1535/1337/1691 1525/1343/170 1527/1342/1695
f 1518/253/224 1532/1339/1692 1520/1344/1696
f 1520/1344/1696 1531/1340/1693 1519/1345/1697
f 1519/1345/1697 1529/37/35 1517/35/33
f 1526/178/161 1516/1346/1698 1514/185/167
f 1528/1341/1694 1515/1347/1699 1516/1346/1698
f 1527/1342/1695 1513/193/175 1515/1347/1699
f 1510/250/222 1520/1344/1696 1512/1348/1700
f 1512/1348/1700 1519/1345/1697 1511/1349/1701
f 1511/1349/1701 1517/35/33 1509/32/31
f 1514/185/167 1508/1350/1702 1506/189/171
f 1516/1346/1698 1507/1351/1703 1508/1350/1702
f 1515/1347/1699 1505/1352/181 1507/1351/1703
f 1502/251/220 1512/1348/1700 1504/1353/1704
f 1504/1353/1704 1511/1349/1701 1503/1354/1705
f 1503/1354/1705 1509/32/31 1501/30/29
f 1506/196/171 1500/1355/1706 1498/194/176
f 1508/1350/1702 1499/1356/1707 1500/1355/1706
f 1507/1351/1703 1497/202/183 1499/1356/1707
f 1490/204/185 1504/1353/1704 1492/1357/1708
f 1492/1357/1708 1503/1354/1705 1491/1358/1709
f 1491/1358/1709 1501/30/29 1489/28/27
f 1498/194/176 1488/1359/1710 1486/103/93
f 1500/1355/1706 1487/1360/1711 1488/1359/1710
f 1499/1356/1707 1485/1361/1712 1487/1360/1711
f 1482/205/186 1492/1357/1708 1484/1362/1713
f 1484/1362/1713 1491/1358/1709 1483/1363/1714
f 1483/1363/1714 1489/28/27 1481/1364/1715
f 1478/85/76 1488/1359/1710 1480/1365/1716
f 1480/1365/1716 1487/1360/1711 1479/1366/1717
f 1479/1366/1717 1485/1367/1712 1477/25/24
f 1482/210/186 1476/1368/1718 1474/209/189
f 1484/1362/1713 1475/1369/1719 1476/1368/1718
f 1483/1363/1714 1473/90/81 1475/1369/1719
f 1470/86/77 1480/1365/1716 1472/1370/1720
f 1472/1370/1720 1479/1366/1717 1471/1371/1721
f 1471/1371/1721 1477/25/24 1469/23/22
f 1474/209/189 1464/1372/1722 1462/213/192
f 1476/1368/1718 1463/1373/1723 1464/1372/1722
f 1475/1369/1719 1461/1261/1624 1463/1373/1723
f 1458/120/108 1472/1370/1720 1460/1374/1724
f 1460/1374/1724 1471/1371/1721 1459/1375/1725
f 1459/1375/1725 1469/23/22 1457/21/20
f 1462/217/192 1456/1376/1726 1454/215/148
f 1464/1372/1722 1455/1377/1727 1456/1376/1726
f 1463/1373/1723 1453/206/187 1455/1377/1727
f 1450/139/125 1460/1374/1724 1452/1378/1728
f 1452/1378/1728 1459/1375/1725 1451/1379/1729
f 1451/1379/1729 1457/21/20 1449/18/17
f 1454/164/148 1448/1380/1730 1446/162/146
f 1456/1376/1726 1447/1381/1731 1448/1380/1730
f 1455/1377/1727 1445/156/140 1447/1381/1731
f 1442/221/198 1452/1378/1728 1444/1382/1732
f 1444/1382/1732 1451/1379/1729 1443/1383/1733
f 1443/1383/1733 1449/18/17 1441/145/130
f 1446/162/146 1436/1384/1734 1434/181/163
f 1448/1380/1730 1435/1385/1735 1436/1384/1734
f 1447/1381/1731 1433/16/15 1435/1385/1735
f 1430/226/202 1444/1382/1732 1432/1386/1736
f 1432/1386/1736 1443/1383/1733 1431/1387/1737
f 1431/1387/1737 1441/1388/130 1429/174/157
f 1434/181/163 1428/1389/1738 1426/197/178
f 1436/1384/1734 1427/1390/1739 1428/1389/1738
f 1435/1385/1735 1425/14/13 1427/1390/1739
f 1422/229/204 1432/1386/1736 1424/1391/1740
f 1424/1391/1740 1431/1387/1737 1423/1392/1741
f 1423/1392/1741 1429/1393/157 1421/191/173
f 1426/197/178 1420/1394/1742 1418/211/190
f 1428/1389/1738 1419/1395/1743 1420/1394/1742
f 1427/1390/1739 1417/12/11 1419/1395/1743
f 1414/234/208 1424/1391/1740 1416/1396/1744
f 1416/1396/1744 1423/1392/1741 1415/1397/1745
f 1415/1397/1745 1421/191/173 1413/126/113
f 1418/224/190 1408/1398/1746 1406/222/199
f 1420/1394/1742 1407/1399/1747 1408/1398/1746
f 1419/1395/1743 1405/10/9 1407/1399/1747
f 1402/238/212 1416/1396/1744 1404/1400/1748
f 1404/1400/1748 1415/1397/1745 1403/1401/1749
f 1403/1401/1749 1413/1402/113 1401/218/195
f 1406/236/199 1400/1403/1750 1398/235/209
f 1408/1398/1746 1399/1404/1751 1400/1403/1750
f 1407/1399/1747 1397/7/7 1399/1404/1751
f 1394/82/73 1404/1400/1748 1396/1405/1752
f 1396/1405/1752 1403/1401/1749 1395/1406/1753
f 1395/1406/1753 1401/1407/195 1393/230/205
f 1398/235/209 1392/1408/1754 1390/289/215
f 1400/1403/1750 1391/1409/1755 1392/1408/1754
f 1399/1404/1751 1389/4/4 1391/1409/1755
f 1377/83/74 1396/1405/1752 1379/1410/1625
f 1379/1410/1625 1395/1406/1753 1380/1411/1627
f 1380/1411/1627 1393/1412/205 1378/1413/1629
f 1390/242/215 1387/1414/1631 1385/240/100
f 1392/1408/1754 1388/1415/1633 1387/1414/1631
f 1391/1409/1755 1386/77/68 1388/1415/1633
f 1758/3/3 1663/1416/1756 1760/1417/1757
f 1760/1417/1757 1664/1418/1758 1759/1419/1759
f 1759/1419/1759 1662/1420/72 1757/245/218
f 1661/78/2 1635/1421/1760 1663/1422/1756
f 1663/1422/1756 1636/1423/1761 1664/1424/1758
f 1664/1424/1758 1634/239/213 1662/81/72
f 1633/6/6 1607/1425/1762 1635/1421/1760
f 1635/1421/1760 1608/1426/1763 1636/1423/1761
f 1636/1423/1761 1606/1427/211 1634/239/213
f 1605/9/5 1579/1428/1764 1607/1425/1762
f 1607/1425/1762 1580/1429/1765 1608/1426/1763
f 1608/1426/1763 1578/1430/207 1606/237/211
f 1577/8/8 1551/1431/1766 1579/1428/1764
f 1579/1428/1764 1552/1432/1767 1580/1429/1765
f 1580/1429/1765 1550/227/203 1578/232/207
f 1549/11/10 1523/1433/1768 1551/1431/1766
f 1551/1431/1766 1524/1434/1769 1552/1432/1767
f 1552/1432/1767 1522/225/201 1550/227/203
f 1521/13/12 1495/1435/1770 1523/1433/1768
f 1523/1433/1768 1496/1436/1771 1524/1434/1769
f 1524/1434/1769 1494/220/197 1522/225/201
f 1493/15/14 1467/1437/1772 1495/1435/1770
f 1495/1435/1770 1468/1438/1773 1496/1436/1771
f 1496/1436/1771 1466/138/124 1494/220/197
f 1465/17/16 1439/1439/1774 1467/1437/1772
f 1467/1437/1772 1440/1440/1775 1468/1438/1773
f 1468/1438/1773 1438/119/107 1466/138/124
f 1437/208/141 1411/1441/1776 1439/1439/1774
f 1439/1439/1774 1412/1442/1777 1440/1440/1775
f 1440/1440/1775 1410/84/75 1438/119/107
f 1409/1262/188 1383/1443/1778 1411/1441/1776
f 1411/1441/1776 1384/1444/1779 1412/1442/1777
f 1412/1442/1777 1382/102/92 1410/84/75
f 1381/91/82 1679/1445/1780 1383/1443/1778
f 1383/1443/1778 1680/1446/1781 1384/1444/1779
f 1384/1444/1779 1678/1447/1782 1382/102/92
f 1681/29/28 1679/1445/1780 1677/27/26
f 1683/1448/1783 1680/1446/1781 1679/1445/1780
f 1684/1449/1784 1678/1447/1782 1680/1446/1781
f 1685/31/30 1683/1448/1783 1681/29/28
f 1687/1450/1785 1684/1449/1784 1683/1448/1783
f 1688/1451/1786 1682/201/182 1684/1449/1784
f 1689/33/32 1687/1450/1785 1685/31/30
f 1691/1452/1787 1688/1451/1786 1687/1450/1785
f 1692/1453/1788 1686/195/177 1688/1451/1786
f 1693/36/34 1691/1452/1787 1689/34/32
f 1695/1454/1789 1692/1453/1788 1691/1452/1787
f 1696/1455/1790 1690/190/172 1692/1453/1788
f 1697/38/36 1695/1454/1789 1693/36/34
f 1699/1456/1791 1696/1455/1790 1695/1454/1789
f 1700/1457/1792 1694/186/168 1696/1455/1790
f 1701/41/38 1699/1456/1791 1697/39/36
f 1703/1458/1793 1700/1457/1792 1699/1456/1791
f 1704/1459/1794 1698/179/162 1700/1457/1792
f 1705/43/40 1703/1458/1793 1701/41/38
f 1707/1460/1795 1704/1459/1794 1703/1458/1793
f 1708/1461/1796 1702/172/156 1704/1459/1794
f 1709/46/42 1707/1460/1795 1705/44/40
f 1711/1462/1797 1708/1461/1796 1707/1460/1795
f 1712/1463/1798 1706/168/152 1708/1461/1796
f 1713/48/44 1711/1462/1797 1709/46/42
f 1715/1464/1799 1712/1463/1798 1711/1462/1797
f 1716/1465/1800 1710/161/145 1712/1463/1798
f 1717/50/46 1715/1464/1799 1713/48/44
f 1719/1466/1801 1716/1465/1800 1715/1464/1799
f 1720/1467/1802 1714/155/139 1716/1465/1800
f 1721/52/48 1719/1466/1801 1717/50/46
f 1723/1468/1803 1720/1467/1802 1719/1466/1801
f 1724/1469/1804 1718/150/135 1720/1467/1802
f 1725/54/50 1723/1468/1803 1721/52/48
f 1727/1470/1805 1724/1469/1804 1723/1468/1803
f 1728/1471/1806 1722/143/129 1724/1469/1804
f 1729/56/52 1727/1470/1805 1725/54/50
f 1731/1472/1807 1728/1471/1806 1727/1470/1805
f 1732/1473/1808 1726/137/123 1728/1471/1806
f 1733/58/54 1731/1472/1807 1729/56/52
f 1735/1474/1809 1732/1473/1808 1731/1472/1807
f 1736/1475/1810 1730/132/119 1732/1473/1808
f 1737/61/56 1735/1474/1809 1733/59/54
f 1739/1476/1811 1736/1475/1810 1735/1474/1809
f 1740/1477/1812 1734/124/112 1736/1475/1810
f 1741/64/58 1739/1476/1811 1737/62/56
f 1743/1478/1813 1740/1477/1812 1739/1476/1811
f 1744/1479/1814 1738/118/106 1740/1477/1812
f 1741/64/58 1747/1480/1815 1743/1478/1813
f 1743/1478/1813 1748/1481/1816 1744/1479/1814
f 1744/1479/1814 1746/99/90 1742/106/96
f 1745/69/59 1751/1482/1817 1747/1480/1815
f 1747/1480/1815 1752/1483/1818 1748/1481/1816
f 1748/1481/1816 1750/1484/86 1746/99/90
f 1749/72/61 1755/1485/1819 1751/1482/1817
f 1751/1482/1817 1756/1486/1820 1752/1483/1818
f 1752/1483/1818 1754/87/78 1750/95/86
f 1753/71/63 1760/1417/1757 1755/1485/1819
f 1755/1485/1819 1759/1419/1759 1756/1486/1820
f 1756/1486/1820 1757/245/218 1754/87/78
f 1378/1413/1629 3/231/206 1/411/217
f 14/198/257 1798/212/1821 1805/198/1822
f 30/252/257 1868/254/1823 32/254/257
f 48/271/257 1931/273/1824 50/273/257
f 4/241/257 1777/73/1825 6/73/257
f 8/74/257 1777/73/1825 1784/74/1826
f 22/214/257 1840/203/1827 24/203/257
f 40/263/257 1903/265/1828 42/265/257
f 58/281/257 1966/283/1829 60/283/257
f 16/182/257 1805/198/1822 1812/182/1830
f 32/254/257 1875/256/1831 34/256/257
f 50/273/257 1938/276/1832 52/276/257
f 64/287/257 1769/109/1833 2/109/257
f 24/203/257 1847/247/1834 26/247/257
f 42/265/257 1910/267/1835 44/267/257
f 60/283/257 1973/285/1836 62/285/257
f 18/163/257 1812/182/1830 1819/163/1837
f 34/256/257 1882/258/1838 36/258/257
f 54/279/257 1938/276/1832 1945/279/1839
f 8/74/257 1791/223/1840 10/223/257
f 26/247/257 1854/249/1841 28/249/257
f 44/267/257 1917/269/1842 46/269/257
f 64/287/257 1973/285/1836 1980/287/1843
f 20/216/257 1819/163/1837 1826/216/1844
f 38/260/257 1882/258/1838 1889/260/1845
f 54/279/257 1952/1120/1846 56/1120/257
f 10/223/257 1798/212/1821 12/212/257
f 30/252/257 1854/249/1841 1861/252/1847
f 46/269/257 1924/271/1848 48/271/257
f 866/1149/64 1986/241/1053 1994/1149/1849
f 22/214/257 1826/216/1844 1833/214/1850
f 38/260/257 1896/263/1851 40/263/257
f 56/1120/257 1959/281/1852 58/281/257
f 871/198/64 2034/182/1853 2027/198/1854
f 873/163/64 2034/182/1853 872/182/64
f 1958/1487/1855 2188/1488/1856 1964/1489/1857
f 1867/1490/1858 2099/1491/1859 1873/1491/1860
f 1776/1492/1861 2006/1493/1862 1782/1494/1863
f 874/216/64 2041/163/1864 873/163/64
f 875/214/64 2048/216/1865 874/216/64
f 1971/1495/1866 2190/1496/1867 2195/1497/1868
f 1880/1498/1869 2098/1499/1870 2106/1498/1871
f 1783/1500/1872 2013/1501/1873 1789/1502/1874
f 876/203/64 2055/214/1875 875/214/64
f 876/203/64 2069/247/1876 2062/203/1877
f 1972/1503/1878 2202/1504/1879 1978/1505/1880
f 1881/1506/1881 2113/1507/1882 1887/1507/1883
f 1790/1508/1884 2022/1509/1885 1796/1509/1886
f 878/249/64 2069/247/1876 877/247/64
f 879/252/64 2076/249/1887 878/249/64
f 1979/1510/1888 1993/1511/1889 1770/1512/1890
f 1894/1513/1891 2112/1514/1892 2118/1513/1893
f 1797/1515/1894 2029/1516/1895 1803/1517/1896
f 879/252/64 2090/254/1897 2083/252/1898
f 881/256/64 2090/254/1897 880/254/64
f 1901/1518/1899 2120/1519/1900 2125/1518/1901
f 1804/1520/1902 2036/1521/1903 1810/1521/1904
f 882/258/64 2097/256/1905 881/256/64
f 883/260/64 2104/258/1906 882/258/64
f 1902/1522/1907 2132/1523/1908 1908/1524/1909
f 1817/1525/1910 2035/1526/1911 2043/1525/1912
f 884/263/64 2111/260/1913 883/260/64
f 885/265/64 2119/263/1914 884/263/64
f 1909/1527/1915 2139/1528/1916 1915/1528/1917
f 1818/1529/1918 2050/1530/1919 1824/1531/1920
f 1764/241/1921 1767/1532/1922 1761/1111/1040
f 1766/1533/1923 1764/1534/1921 1762/1102/1026
f 1763/241/1924 1765/241/1925 1766/1535/1926
f 1771/1536/1927 1774/1149/1928 1768/1110/1038
f 1769/109/1833 1772/1537/1929 1771/1538/1930
f 1774/109/1928 1773/1539/1931 1770/1512/1890
f 1778/73/1932 1781/1540/1933 1775/1104/1028
f 1780/1541/1934 1778/73/1932 1776/1492/1861
f 1777/73/1825 1779/73/1935 1780/1542/1936
f 1785/74/1937 1788/1543/1938 1782/1494/1863
f 1787/1544/1939 1785/74/1937 1783/1500/1872
f 1784/74/1826 1786/74/1940 1787/1545/1941
f 1792/223/1942 1795/1546/1943 1789/1502/1874
f 1794/1547/1944 1792/223/1942 1790/1508/1884
f 1791/223/1840 1793/223/1945 1794/1548/1946
f 1799/212/1947 1802/1549/1948 1796/1509/1886
f 1801/1550/1949 1799/212/1947 1797/1515/1894
f 1798/212/1821 1800/212/1950 1801/1551/1951
f 1806/198/1952 1809/1552/1953 1803/1517/1896
f 1808/1553/1954 1806/198/1952 1804/1520/1902
f 1805/198/1822 1807/198/1955 1808/1554/1956
f 1813/182/1957 1816/1555/1958 1810/1521/1904
f 1815/1556/1959 1813/182/1957 1811/1557/1960
f 1812/182/1830 1814/182/1961 1815/1558/1962
f 1820/163/1963 1823/1559/1964 1817/1525/1910
f 1822/1560/1965 1820/163/1963 1818/1529/1918
f 1819/163/1837 1821/163/1966 1822/1561/1967
f 1827/216/1968 1830/1562/1969 1824/1531/1920
f 1829/1563/1970 1827/216/1968 1825/1131/1075
f 1826/216/1844 1828/216/1971 1829/1564/1972
f 1834/214/1973 1837/1565/1974 1831/1133/1077
f 1836/1566/1975 1834/214/1973 1832/1567/1976
f 1833/214/1850 1835/214/1977 1836/1568/1978
f 1841/203/1979 1844/1569/1980 1838/1126/1067
f 1843/1570/1981 1841/203/1979 1839/1121/1059
f 1840/203/1827 1842/203/1982 1843/1571/1983
f 1848/247/1984 1851/1572/1985 1845/1122/1061
f 1850/1573/1986 1848/247/1984 1846/1116/1050
f 1847/247/1834 1849/247/1987 1850/1574/1988
f 1855/249/1989 1858/1575/1990 1852/1117/1052
f 1857/1576/1991 1855/249/1989 1853/1577/1992
f 1854/249/1841 1856/249/1993 1857/1578/1994
f 1862/252/1995 1865/1579/1996 1859/1112/1041
f 1864/1580/1997 1862/252/1995 1860/1581/1998
f 1861/252/1847 1863/252/1999 1864/1582/2000
f 1869/254/2001 1872/1583/2002 1866/1105/1029
f 1871/1584/2003 1869/254/2001 1867/1490/1858
f 1868/254/1823 1870/254/2004 1871/1585/2005
f 1876/256/2006 1879/1586/2007 1873/1491/1860
f 1878/1587/2008 1876/256/2006 1874/1588/2009
f 1875/256/1831 1877/256/2010 1878/1589/2011
f 1883/258/2012 1886/1590/2013 1880/1498/1869
f 1885/1591/2014 1883/258/2012 1881/1506/1881
f 1882/258/1838 1884/258/2015 1885/1592/2016
f 1890/260/2017 1893/1593/2018 1887/1507/1883
f 1892/1594/2019 1890/260/2017 1888/1595/2020
f 1889/260/1845 1891/260/2021 1892/1596/2022
f 1897/263/2023 1900/1597/2024 1894/1513/1891
f 1899/1598/2025 1897/263/2023 1895/1599/2026
f 1896/263/1851 1898/263/2027 1899/1600/2028
f 1904/265/2029 1907/1601/2030 1901/1518/1899
f 1906/1602/2031 1904/265/2029 1902/1522/1907
f 1903/265/1828 1905/265/2032 1906/1603/2033
f 1911/267/2034 1914/1604/2035 1908/1524/1909
f 1913/1605/2036 1911/267/2034 1909/1527/1915
f 1910/267/1835 1912/267/2037 1913/1606/2038
f 1918/269/2039 1921/1607/2040 1915/1528/1917
f 1920/1608/2041 1918/269/2039 1916/1609/2042
f 1917/269/1842 1919/269/2043 1920/1610/2044
f 1925/271/2045 1928/1611/2046 1922/1134/1078
f 1927/1612/2047 1925/271/2045 1923/1613/2048
f 1924/271/1848 1926/271/2049 1927/1614/2050
f 1932/273/2051 1935/1615/2052 1929/1128/1070
f 1934/1616/2053 1932/273/2051 1930/1123/1062
f 1931/273/1824 1933/273/2054 1934/1617/2055
f 1939/276/2056 1942/1618/2057 1936/1125/1064
f 1941/1619/2058 1939/276/2056 1937/1118/1054
f 1938/276/1832 1940/276/2059 1941/1620/2060
f 1946/279/2061 1949/1621/2062 1943/1119/1056
f 1948/1622/2063 1946/279/2061 1944/1114/1044
f 1945/279/1839 1947/279/2064 1948/1623/2065
f 1953/1120/2066 1956/1624/2067 1950/1115/1046
f 1955/1625/2068 1953/1120/2066 1951/1107/1033
f 1952/1120/1846 1954/1120/2069 1955/1626/2070
f 1960/281/2071 1963/1627/2072 1957/1109/1035
f 1962/1628/2073 1960/281/2071 1958/1487/1855
f 1959/281/1852 1961/281/2074 1962/1629/2075
f 1967/283/2076 1970/1630/2077 1964/1489/1857
f 1969/1631/2078 1967/283/2076 1965/1632/2079
f 1966/283/1829 1968/283/2080 1969/1633/2081
f 1974/285/2082 1977/1634/2083 1971/1495/1866
f 1976/1635/2084 1974/285/2082 1972/1503/1878
f 1973/285/1836 1975/1636/2085 1976/1637/2086
f 1981/287/2087 1984/1638/2088 1978/1505/1880
f 1983/1639/2089 1981/287/2087 1979/1510/1888
f 1980/287/1843 1982/287/2090 1983/1640/2091
f 1988/1532/2092 1991/1534/2093 1985/1111/1039
f 1986/241/1053 1989/241/2094 1988/1641/2095
f 1991/241/2093 1990/1642/2096 1987/1643/2097
f 1995/1149/2098 1998/1536/2099 1992/1110/2100
f 1997/1644/2101 1995/109/2098 1993/1511/1889
f 1994/1149/1849 1996/1645/2102 1997/1646/2103
f 2002/1540/2104 2005/73/2105 1999/1103/1027
f 2000/73/66 2003/73/2106 2002/1647/2107
f 2005/73/2105 2004/1648/2108 2001/1649/2109
f 2009/1543/2110 2012/74/2111 2006/1493/1862
f 2007/74/65 2010/74/2112 2009/1650/2113
f 2012/74/2111 2011/1544/2114 2008/1651/2115
f 2016/1652/2116 2019/223/2117 2013/1501/1873
f 2014/223/1036 2017/223/2118 2016/1653/2119
f 2019/223/2117 2018/1547/2120 2015/1654/2121
f 2020/212/1032 2024/212/2122 2026/1655/2123
f 2025/212/2124 2023/1550/2125 2021/1656/2126
f 2026/1549/2127 2025/212/2124 2022/1509/1885
f 2027/198/1854 2031/198/2128 2033/1657/2129
f 2032/198/2130 2030/1553/2131 2028/1658/2132
f 2033/1659/2133 2032/198/2130 2029/1516/1895
f 2034/182/1853 2038/182/2134 2040/1660/2135
f 2039/182/2136 2037/1556/2137 2035/1526/1911
f 2040/1555/2138 2039/182/2136 2036/1521/1903
f 2041/163/1864 2045/163/2139 2047/1661/2140
f 2046/163/2141 2044/1560/2142 2042/1662/2143
f 2047/1559/2144 2046/163/2141 2043/1525/1912
f 2048/216/1865 2052/216/2145 2054/1663/2146
f 2053/216/2147 2051/1563/2148 2049/1664/2149
f 2054/1562/2150 2053/216/2147 2050/1530/1919
f 2055/214/1875 2059/214/2151 2061/1665/2152
f 2060/214/2153 2058/1566/2154 2056/1127/1068
f 2061/1666/2155 2060/214/2153 2057/1132/1076
f 2062/203/1877 2066/203/2156 2068/1667/2157
f 2067/203/2158 2065/1668/2159 2063/1121/2160
f 2068/1569/2161 2067/203/2158 2064/1126/1069
f 2069/247/1876 2073/247/2162 2075/1669/2163
f 2074/247/2164 2072/1670/2165 2070/1671/2166
f 2075/1672/2167 2074/247/2164 2071/1122/1060
f 2076/249/1887 2080/249/2168 2082/1673/2169
f 2081/249/2170 2079/1576/2171 2077/1113/1042
f 2082/1575/2172 2081/249/2170 2078/1117/1051
f 2083/252/1898 2087/252/2173 2089/1674/2174
f 2088/252/2175 2086/1580/2176 2084/1106/1030
f 2089/1675/2177 2088/252/2175 2085/1112/1043
f 2090/254/1897 2094/254/2178 2096/1676/2179
f 2095/254/2180 2093/1584/2181 2091/1490/2182
f 2096/1583/2183 2095/254/2180 2092/1105/1031
f 2097/256/1905 2101/256/2184 2103/1677/2185
f 2102/256/2186 2100/1587/2187 2098/1499/1870
f 2103/1586/2188 2102/256/2186 2099/1491/1859
f 2104/258/1906 2108/258/2189 2110/1678/2190
f 2109/258/2191 2107/1591/2192 2105/1679/2193
f 2110/1590/2194 2109/258/2191 2106/1498/1871
f 2111/260/1913 2115/260/2195 2117/1680/2196
f 2116/260/2197 2114/1594/2198 2112/1514/1892
f 2117/1681/2199 2116/260/2197 2113/1507/1882
f 2121/1597/2200 2124/263/2201 2118/1513/1893
f 2119/263/1914 2122/263/2202 2121/1682/2203
f 2124/263/2201 2123/1598/2204 2120/1519/1900
f 2128/1601/2205 2131/265/2206 2125/1518/1901
f 2126/265/1082 2129/265/2207 2128/1683/2208
f 2131/265/2206 2130/1684/2209 2127/1685/2210
f 2135/1604/2211 2138/267/2212 2132/1523/1908
f 2133/267/1081 2136/267/2213 2135/1686/2214
f 2138/267/2212 2137/1687/2215 2134/1688/2216
f 2142/1607/2217 2145/269/2218 2139/1528/1916
f 2140/269/1074 2143/269/2219 2142/1689/2220
f 2145/269/2218 2144/1608/2221 2141/1135/1079
f 2149/1611/2222 2152/271/2223 2146/1134/1080
f 2147/271/1073 2150/271/2224 2149/1690/2225
f 2152/271/2223 2151/1612/2226 2148/1129/1071
f 2156/1615/2227 2159/273/2228 2153/1130/1072
f 2154/273/1066 2157/273/2229 2156/1691/2230
f 2159/273/2228 2158/1616/2231 2155/1692/2232
f 2163/1618/2233 2166/276/2234 2160/1124/1063
f 2161/276/1065 2164/276/2235 2163/1693/2236
f 2166/276/2234 2165/1619/2237 2162/1694/2238
f 2170/1621/2239 2173/279/2240 2167/1119/1055
f 2168/279/1058 2171/279/2241 2170/1695/2242
f 2173/279/2240 2172/1622/2243 2169/1696/2244
f 2177/1624/2245 2180/1120/2246 2174/1115/1045
f 2175/1120/1057 2178/1120/2247 2177/1697/2248
f 2180/1120/2246 2179/1625/2249 2176/1698/2250
f 2184/1627/2251 2187/281/2252 2181/1108/1034
f 2182/281/1049 2185/281/2253 2184/1699/2254
f 2187/281/2252 2186/1700/2255 2183/1701/2256
f 2191/1630/2257 2194/283/2258 2188/1488/1856
f 2189/283/1047 2192/283/2259 2191/1702/2260
f 2194/283/2258 2193/1703/2261 2190/1496/1867
f 2198/1704/2262 2201/285/2263 2195/1497/1868
f 2196/285/1037 2199/1636/2264 2198/1705/2265
f 2201/285/2263 2200/1635/2266 2197/1706/2267
f 2205/1638/2268 2208/287/2269 2202/1504/1879
f 2203/287/1048 2206/287/2270 2205/1707/2271
f 2208/287/2269 2207/1708/2272 2204/1709/2273
f 1763/241/1924 1771/1536/1930 1767/1532/2274
f 1771/1536/1927 1761/1111/1040 1767/1532/1922
f 1763/241/1924 1781/1540/2275 1777/73/1825
f 1766/1533/1923 1775/1104/1028 1781/1540/1933
f 1777/73/1825 1788/1543/2276 1784/74/1826
f 1780/1648/1934 1782/1494/1863 1788/1543/1938
f 1791/223/1840 1787/1544/1941 1795/1652/2277
f 1787/1544/1939 1789/1502/1874 1795/1652/1943
f 1798/212/1821 1794/1547/1946 1802/1549/2278
f 1802/1549/1948 1790/1508/1884 1796/1509/1886
f 1798/212/1821 1809/1552/2279 1805/198/1822
f 1801/1550/1949 1803/1517/1896 1809/1552/1953
f 1805/198/1822 1816/1555/2280 1812/182/1830
f 1808/1553/1954 1810/1521/1904 1816/1555/1958
f 1819/163/1837 1815/1556/1962 1823/1559/2281
f 1823/1559/1964 1811/1557/1960 1817/1525/1910
f 1819/163/1837 1830/1562/2282 1826/216/1844
f 1822/1560/1965 1824/1531/1920 1830/1562/1969
f 1826/216/1844 1837/1565/2283 1833/214/1850
f 1829/1563/1970 1831/1133/1077 1837/1565/1974
f 1833/214/1850 1844/1569/2284 1840/203/1827
f 1844/1569/1980 1832/1567/1976 1838/1126/1067
f 1847/247/1834 1843/1570/1983 1851/1572/2285
f 1851/1572/1985 1839/1121/1059 1845/1122/1061
f 1847/247/1834 1858/1575/2286 1854/249/1841
f 1858/1575/1990 1846/1116/1050 1852/1117/1052
f 1861/252/1847 1857/1576/1994 1865/1675/2287
f 1857/1576/1991 1859/1112/1041 1865/1675/1996
f 1868/254/1823 1864/1580/2000 1872/1583/2288
f 1872/1583/2002 1860/1581/1998 1866/1105/1029
f 1875/256/1831 1871/1584/2005 1879/1586/2289
f 1879/1586/2007 1867/1490/1858 1873/1491/1860
f 1882/258/1838 1878/1587/2011 1886/1590/2290
f 1878/1587/2008 1880/1498/1869 1886/1590/2013
f 1889/260/1845 1885/1591/2016 1893/1681/2291
f 1893/1681/2018 1881/1506/1881 1887/1507/1883
f 1896/263/1851 1892/1594/2022 1900/1597/2292
f 1900/1597/2024 1888/1595/2020 1894/1513/1891
f 1903/265/1828 1899/1598/2028 1907/1601/2293
f 1899/1598/2025 1901/1518/1899 1907/1601/2030
f 1910/267/1835 1906/1602/2033 1914/1604/2294
f 1906/1602/2031 1908/1524/1909 1914/1604/2035
f 1917/269/1842 1913/1605/2038 1921/1607/2295
f 1913/1605/2036 1915/1528/1917 1921/1607/2040
f 1924/271/1848 1920/1608/2044 1928/1611/2296
f 1920/1608/2041 1922/1134/1078 1928/1611/2046
f 1931/273/1824 1927/1612/2050 1935/1615/2297
f 1927/1612/2047 1929/1128/1070 1935/1615/2052
f 1931/273/1824 1942/1618/2298 1938/276/1832
f 1934/1616/2053 1936/1125/1064 1942/1618/2057
f 1945/279/1839 1941/1619/2060 1949/1621/2299
f 1941/1619/2058 1943/1119/1056 1949/1621/2062
f 1945/279/1839 1956/1624/2300 1952/1120/1846
f 1956/1624/2067 1944/1114/1044 1950/1115/1046
f 1959/281/1852 1955/1625/2070 1963/1627/2301
f 1963/1627/2072 1951/1107/1033 1957/1109/1035
f 1959/281/1852 1970/1630/2302 1966/283/1829
f 1970/1630/2077 1958/1487/1855 1964/1489/1857
f 1966/283/1829 1977/1634/2303 1973/285/1836
f 1977/1634/2083 1965/1632/2079 1971/1495/1866
f 1973/285/1836 1984/1638/2304 1980/287/1843
f 1976/1635/2084 1978/1505/1880 1984/1638/2088
f 1980/287/1843 1773/1710/2305 1769/109/1833
f 1773/1710/1931 1979/1510/1888 1770/1512/1890
f 1992/1110/2100 1988/1532/2092 1985/1111/1039
f 1988/1532/2095 1994/1149/1849 1986/241/1053
f 1987/1643/2097 2002/1540/2104 1999/1103/1027
f 2002/1540/2107 1986/241/1053 2000/73/66
f 2006/1493/1862 2004/1648/2108 2009/1543/2110
f 2004/1648/2306 2007/74/65 2009/1543/2113
f 2008/1651/2115 2016/1652/2116 2013/1501/1873
f 2011/1544/2307 2014/1215/1036 2016/1652/2119
f 2015/1654/2121 2026/1549/2127 2022/1509/1885
f 2026/1549/2123 2014/223/1036 2020/212/1032
f 2021/1656/2126 2033/1552/2133 2029/1516/1895
f 2023/1550/2308 2027/198/1854 2033/1552/2129
f 2028/1658/2132 2040/1555/2138 2036/1521/1903
f 2040/1555/2135 2027/198/1854 2034/182/1853
f 2035/1526/1911 2047/1711/2144 2043/1525/1912
f 2037/1556/2309 2041/163/1864 2047/1711/2140
f 2050/1530/1919 2044/1560/2142 2054/1562/2150
f 2044/1560/2310 2048/216/1865 2054/1562/2146
f 2049/1664/2149 2061/1565/2155 2057/1132/1076
f 2061/1565/2152 2048/216/1865 2055/214/1875
f 2064/1126/1069 2058/1566/2154 2068/1569/2161
f 2068/1569/2157 2055/214/1875 2062/203/1877
f 2063/1121/2160 2075/1572/2167 2071/1122/1060
f 2075/1572/2163 2062/203/1877 2069/247/1876
f 2078/1117/1051 2072/1573/2165 2082/1575/2172
f 2082/1575/2169 2069/247/1876 2076/249/1887
f 2085/1112/1043 2079/1576/2171 2089/1675/2177
f 2089/1675/2174 2076/249/1887 2083/252/1898
f 2084/1106/1030 2096/1583/2183 2092/1105/1031
f 2096/1583/2179 2083/252/1898 2090/254/1897
f 2099/1491/1859 2093/1584/2181 2103/1586/2188
f 2093/1584/2311 2097/256/1905 2103/1586/2185
f 2106/1498/1871 2100/1587/2187 2110/1590/2194
f 2100/1587/2312 2104/258/1906 2110/1590/2190
f 2105/1679/2193 2117/1681/2199 2113/1507/1882
f 2117/1681/2196 2104/258/1906 2111/260/1913
f 2112/1514/1892 2121/1597/2200 2118/1513/1893
f 2114/1594/2313 2119/263/1914 2121/1597/2203
f 2125/1518/1901 2123/1598/2204 2128/1601/2205
f 2128/1601/2208 2119/263/1914 2126/265/1082
f 2132/1523/1908 2130/1684/2209 2135/1604/2211
f 2130/1684/2314 2133/267/1081 2135/1604/2214
f 2134/1688/2216 2142/1607/2217 2139/1528/1916
f 2137/1605/2315 2140/269/1074 2142/1607/2220
f 2146/1134/1080 2144/1608/2221 2149/1611/2222
f 2144/1608/2316 2147/271/1073 2149/1611/2225
f 2148/1129/1071 2156/1615/2227 2153/1130/1072
f 2151/1612/2317 2154/273/1066 2156/1615/2230
f 2155/1692/2232 2163/1618/2233 2160/1124/1063
f 2158/1616/2318 2161/276/1065 2163/1618/2236
f 2162/1694/2238 2170/1621/2239 2167/1119/1055
f 2165/1619/2319 2168/279/1058 2170/1621/2242
f 2169/1696/2244 2177/1624/2245 2174/1115/1045
f 2177/1624/2248 2168/279/1058 2175/1120/1057
f 2181/1108/1034 2179/1625/2249 2184/1627/2251
f 2179/1625/2320 2182/281/1049 2184/1627/2254
f 2183/1701/2256 2191/1630/2257 2188/1488/1856
f 2186/1700/2321 2189/283/1047 2191/1630/2260
f 2190/1496/1867 2198/1704/2262 2195/1497/1868
f 2198/1704/2265 2189/283/1047 2196/285/1037
f 2197/1706/2267 2205/1638/2268 2202/1504/1879
f 2200/1635/2322 2203/287/1048 2205/1638/2271
f 2204/1709/2273 1997/1712/2101 1993/1511/1889
f 1997/1712/2103 2203/287/1048 1994/109/1849
f 2013/1501/1873 1792/223/1942 1789/1502/1874
f 2019/223/2117 1790/1508/1884 1792/223/1942
f 1797/1515/1894 2025/212/2124 2021/1656/2126
f 1799/212/1947 2022/1509/1885 2025/212/2124
f 2078/1117/1051 1855/249/1989 1852/1117/1052
f 2081/249/2170 1853/1577/1992 1855/249/1989
f 1860/1581/1998 2088/252/2175 2084/1106/1030
f 1862/252/1995 2085/1112/1043 2088/252/2175
f 2139/1528/1916 1918/269/2039 1915/1528/1917
f 2145/269/2218 1916/1609/2042 1918/269/2039
f 1923/1613/2048 2152/271/2223 2148/1129/1071
f 1925/271/2045 2146/1134/1080 2152/271/2223
f 1993/1511/1889 1774/109/1928 1770/1512/1890
f 1995/1149/2098 1768/1110/1038 1774/1149/1928
f 1762/1102/1026 1991/241/2093 1987/1643/2097
f 1764/241/1921 1985/1111/1039 1991/241/2093
f 2202/1504/1879 1981/287/2087 1978/1505/1880
f 2208/287/2269 1979/1510/1888 1981/287/2087
f 2050/1530/1919 1827/216/1968 1824/1531/1920
f 2053/216/2147 1825/1131/1075 1827/216/1968
f 1832/1567/1976 2060/214/2153 2056/1127/1068
f 1834/214/1973 2057/1132/1076 2060/214/2153
f 2113/1507/1882 1890/260/2017 1887/1507/1883
f 2116/260/2197 1888/1595/2020 1890/260/2017
f 1895/1599/2026 2124/263/2201 2120/1519/1900
f 1897/263/2023 2118/1513/1893 2124/263/2201
f 2174/1115/1045 1953/1120/2066 1950/1115/1046
f 2180/1120/2246 1951/1107/1033 1953/1120/2066
f 1958/1487/1855 2187/281/2252 2183/1701/2256
f 1960/281/2071 2181/1108/1034 2187/281/2252
f 1804/1520/1902 2032/198/2130 2028/1658/2132
f 1806/198/1952 2029/1516/1895 2032/198/2130
f 1867/1490/1858 2095/254/2180 2091/1490/2182
f 1869/254/2001 2092/1105/1031 2095/254/2180
f 1930/1123/1062 2159/273/2228 2155/1692/2232
f 1932/273/2051 2153/1130/1072 2159/273/2228
f 1776/1492/1861 2005/73/2105 2001/1649/2109
f 1778/73/1932 1999/1103/1027 2005/73/2105
f 1839/1121/1059 2067/203/2158 2063/1121/2160
f 1841/203/1979 2064/1126/1069 2067/203/2158
f 1902/1522/1907 2131/265/2206 2127/1685/2210
f 1904/265/2029 2125/1518/1901 2131/265/2206
f 1965/1632/2079 2194/283/2258 2190/1496/1867
f 1967/283/2076 2188/1488/1856 2194/283/2258
f 1811/1557/1960 2039/182/2136 2035/1526/1911
f 1813/182/1957 2036/1521/1903 2039/182/2136
f 1874/1588/2009 2102/256/2186 2098/1499/1870
f 1876/256/2006 2099/1491/1859 2102/256/2186
f 1937/1118/1054 2166/276/2234 2162/1694/2238
f 1939/276/2056 2160/1124/1063 2166/276/2234
f 1783/1500/1872 2012/74/2111 2008/1651/2115
f 1785/74/1937 2006/1493/1862 2012/74/2111
f 1846/1116/1050 2074/247/2164 2070/1671/2166
f 1848/247/1984 2071/1122/1060 2074/247/2164
f 1909/1527/1915 2138/267/2212 2134/1688/2216
f 1911/267/2034 2132/1523/1908 2138/267/2212
f 1972/1503/1878 2201/285/2263 2197/1706/2267
f 1974/285/2082 2195/1497/1868 2201/285/2263
f 1818/1529/1918 2046/163/2141 2042/1662/2143
f 1820/163/1963 2043/1525/1912 2046/163/2141
f 1881/1506/1881 2109/258/2191 2105/1679/2193
f 2109/258/2191 1880/1498/1869 2106/1498/1871
f 1944/1114/1044 2173/279/2240 2169/1696/2244
f 1946/279/2061 2167/1119/1055 2173/279/2240
f 2/1149/257 1763/241/1924 4/241/257
f 2225/1713/2323 2233/1714/2324 2210/1715/2325
f 2247/1716/2326 2438/1717/2326 2439/1716/2326
f 2274/1718/2327 2265/1714/2328 2266/1718/2329
f 2275/1719/2330 2253/1720/2331 2276/1720/2332
f 2277/1721/2333 2266/1718/2329 2267/1721/2334
f 2276/1720/2332 2254/1722/2335 2278/1723/2336
f 2279/1724/2337 2267/1721/2334 2268/1724/2338
f 2278/1723/2336 2255/1725/2339 2280/1725/2340
f 2281/1715/2341 2241/1726/2342 2282/1726/2343
f 2283/1727/2344 2268/1724/2338 2269/1727/2345
f 2280/1725/2340 2256/1728/2346 2284/1729/2347
f 2282/1726/2343 2243/1186/2348 2285/1730/2349
f 2286/1731/2350 2269/1727/2345 2270/1731/2351
f 2287/1713/2352 2256/1728/2346 2257/1713/2353
f 2285/1730/2349 2244/1732/2354 2288/1733/2355
f 2289/1734/2356 2270/1731/2351 2271/1734/2357
f 2290/1735/2358 2257/1713/2353 2258/1736/2359
f 2288/1733/2355 2245/1737/2360 2291/1737/2361
f 2292/1738/2362 2271/1734/2357 2272/1738/2363
f 2293/1184/2364 2258/1736/2359 2259/1184/2365
f 2291/1737/2361 2246/1717/2366 2294/1717/2367
f 2292/1738/2362 2242/1715/2368 2281/1715/2341
f 2295/1739/2369 2259/1184/2365 2260/1739/2370
f 2294/1717/2367 2247/1716/2371 2296/1716/2372
f 2297/1740/2373 2260/1739/2370 2261/1740/2374
f 2296/1716/2372 2248/1741/2375 2298/1742/2376
f 2299/1743/2377 2261/1740/2374 2262/1743/2378
f 2298/1742/2376 2249/1744/2379 2300/1745/2380
f 2301/1746/2381 2262/1743/2378 2263/1746/2382
f 2300/1745/2380 2250/1747/2383 2302/1747/2384
f 2303/1748/2385 2263/1746/2382 2264/1749/2386
f 2302/1747/2384 2251/1185/2387 2304/1750/2388
f 2273/1714/2389 2264/1749/2386 2265/1714/2328
f 2304/1750/2388 2252/1751/2390 2275/1719/2330
f 2209/1726/2391 2307/1186/2392 2211/1186/2393
f 2237/1727/2394 2332/1724/2395 2333/1727/2396
f 2279/1724/2397 2344/1721/2398 2277/1721/2399
f 2304/1750/2400 2416/1747/2401 2302/1747/2402
f 2210/1715/2325 2305/1726/2403 2209/1726/2391
f 2236/1724/2404 2331/1721/2405 2332/1724/2395
f 2330/1718/2406 2425/1714/2407 2337/1718/2408
f 2314/1747/2409 2421/1750/2410 2315/1185/2411
f 2234/1718/2412 2331/1721/2405 2235/1721/2413
f 2316/1751/2414 2340/1720/2415 2317/1720/2416
f 2329/1714/2417 2418/1748/2418 2425/1752/2407
f 2233/1714/2324 2330/1718/2419 2234/1718/2412
f 2332/1724/2420 2343/1721/2421 2349/1724/2422
f 2315/1185/2411 2428/1719/2423 2316/1751/2414
f 2232/1749/2424 2329/1714/2425 2233/1714/2324
f 2318/1722/2426 2352/1725/2427 2319/1725/2428
f 2231/1746/2429 2328/1749/2430 2232/1749/2424
f 2286/1731/2431 2359/1727/2432 2283/1727/2433
f 2230/1743/2434 2327/1746/2435 2231/1746/2429
f 2333/1727/2436 2349/1724/2422 2358/1753/2437
f 2229/1740/2438 2326/1743/2439 2230/1743/2434
f 2319/1725/2428 2361/1729/2440 2320/1728/2441
f 2228/1739/2442 2325/1740/2443 2229/1740/2438
f 2305/1726/2444 2431/1715/2445 2355/1754/2446
f 2227/1184/2447 2324/1739/2448 2228/1739/2442
f 2334/1731/2449 2358/1727/2437 2367/1755/2450
f 2226/1736/2451 2323/1184/2452 2227/1184/2447
f 2320/1728/2441 2370/1713/2453 2321/1713/2454
f 2225/1713/2323 2322/1736/2455 2226/1736/2451
f 2307/1186/2456 2373/1733/2457 2308/1732/2458
f 2335/1734/2459 2367/1731/2450 2376/1734/2460
f 2225/1713/2323 2320/1728/2461 2321/1713/2462
f 2275/1719/2463 2422/1756/2464 2304/1750/2400
f 2303/1748/2465 2424/1714/2466 2419/1748/2467
f 2301/1746/2468 2419/1748/2467 2413/1746/2469
f 2302/1747/2402 2410/1744/2470 2300/1745/2471
f 2299/1743/2472 2413/1746/2469 2407/1743/2473
f 2300/1745/2471 2404/1742/2474 2298/1742/2475
f 2297/1740/2476 2407/1743/2473 2401/1740/2477
f 2298/1742/2475 2398/1716/2478 2296/1716/2479
f 2295/1739/2480 2401/1740/2477 2395/1757/2481
f 2296/1716/2479 2392/1758/2482 2294/1717/2483
f 2293/1184/2484 2395/1739/2481 2389/1184/2485
f 2281/1715/2486 2386/1738/2487 2292/1738/2488
f 2291/1737/2489 2392/1717/2482 2383/1737/2490
f 2290/1735/2491 2389/1184/2485 2380/1735/2492
f 2323/1184/2493 2379/1735/2494 2388/1759/2495
f 2292/1738/2488 2377/1760/2496 2289/1734/2497
f 2288/1733/2498 2383/1737/2490 2374/1733/2499
f 2287/1713/2500 2380/1761/2492 2371/1713/2501
f 2289/1734/2497 2368/1762/2502 2286/1731/2431
f 2285/1730/2503 2374/1732/2499 2365/1730/2504
f 2287/1713/2500 2362/1729/2505 2284/1729/2506
f 2281/1715/2486 2356/1726/2507 2430/1715/2508
f 2282/1726/2509 2365/1763/2504 2356/1726/2507
f 2284/1729/2506 2353/1725/2510 2280/1725/2511
f 2307/1186/2456 2355/1726/2446 2364/1763/2512
f 2283/1727/2433 2350/1724/2513 2279/1724/2397
f 2280/1725/2511 2347/1723/2514 2278/1723/2515
f 2276/1720/2516 2427/1764/2517 2275/1719/2463
f 2278/1723/2515 2341/1720/2518 2276/1720/2516
f 2317/1720/2416 2346/1723/2519 2318/1722/2426
f 2331/1721/2520 2337/1718/2408 2343/1721/2421
f 2328/1749/2521 2412/1746/2522 2418/1765/2418
f 2274/1718/2523 2344/1721/2398 2338/1766/2524
f 2238/1731/2525 2333/1727/2396 2334/1731/2526
f 2211/1186/2393 2308/1732/2527 2212/1732/2528
f 2313/1744/2529 2415/1767/2530 2314/1747/2409
f 2239/1734/2531 2334/1731/2526 2335/1734/2532
f 2212/1732/2528 2309/1737/2533 2213/1737/2534
f 2327/1746/2535 2406/1743/2536 2412/1768/2522
f 2240/1738/2537 2335/1734/2532 2336/1738/2538
f 2213/1737/2534 2310/1717/2539 2214/1717/2540
f 2312/1741/2541 2409/1744/2542 2313/1744/2529
f 2210/1715/2325 2336/1738/2538 2306/1715/2543
f 2214/1717/2540 2311/1716/2544 2215/1716/2545
f 2326/1743/2546 2400/1740/2547 2406/1769/2536
f 2311/1716/2548 2403/1742/2549 2312/1741/2541
f 2215/1716/2545 2312/1741/2550 2216/1741/2551
f 2325/1740/2552 2394/1739/2553 2400/1740/2547
f 2217/1744/2554 2312/1741/2550 2313/1744/2555
f 2310/1717/2556 2397/1716/2557 2311/1716/2548
f 2218/1747/2558 2313/1744/2555 2314/1747/2559
f 2219/1185/2560 2314/1747/2559 2315/1185/2561
f 2324/1739/2562 2388/1184/2495 2394/1739/2553
f 2220/1751/2563 2315/1185/2561 2316/1751/2564
f 2306/1715/2565 2385/1738/2566 2431/1715/2445
f 2221/1720/2567 2316/1751/2564 2317/1720/2568
f 2309/1737/2569 2391/1717/2570 2310/1717/2556
f 2222/1722/2571 2317/1720/2568 2318/1722/2572
f 2336/1738/2573 2376/1734/2460 2385/1738/2566
f 2223/1725/2574 2318/1722/2572 2319/1725/2575
f 2308/1732/2458 2382/1737/2576 2309/1737/2569
f 2224/1728/2577 2319/1725/2575 2320/1728/2461
f 2322/1736/2578 2370/1713/2453 2379/1735/2494
f 2427/1719/2517 2423/1770/2579 2422/1756/2464
f 2429/1771/2580 2421/1750/2410 2423/1770/2581
f 2419/1748/2467 2426/1772/2582 2420/1773/2583
f 2420/1773/2584 2425/1752/2407 2418/1748/2418
f 2422/1756/2464 2417/1774/2585 2416/1747/2401
f 2423/1770/2581 2415/1747/2530 2417/1774/2586
f 2413/1746/2469 2420/1773/2583 2414/1775/2587
f 2414/1775/2588 2418/1765/2418 2412/1746/2522
f 2416/1747/2401 2411/1776/2589 2410/1744/2470
f 2417/1774/2586 2409/1745/2542 2411/1776/2590
f 2407/1743/2473 2414/1775/2587 2408/1777/2591
f 2408/1777/2592 2412/1768/2522 2406/1743/2536
f 2410/1744/2470 2405/1778/2593 2404/1742/2474
f 2411/1776/2590 2403/1742/2549 2405/1778/2594
f 2401/1740/2477 2408/1777/2591 2402/1779/2595
f 2402/1779/2596 2406/1769/2536 2400/1740/2547
f 2404/1742/2474 2399/1780/2597 2398/1716/2478
f 2405/1778/2594 2397/1716/2557 2399/1780/2598
f 2395/1757/2481 2402/1779/2595 2396/1781/2599
f 2396/1781/2600 2400/1740/2547 2394/1739/2553
f 2398/1716/2478 2393/1782/2601 2392/1758/2482
f 2399/1780/2598 2391/1717/2570 2393/1782/2602
f 2389/1184/2485 2396/1781/2599 2390/1783/2603
f 2390/1783/2604 2394/1739/2553 2388/1184/2495
f 2386/1738/2487 2432/1784/2605 2387/1785/2606
f 2387/1785/2607 2431/1715/2445 2385/1738/2566
f 2383/1737/2490 2393/1782/2601 2384/1786/2608
f 2393/1782/2602 2382/1737/2576 2384/1786/2609
f 2380/1735/2492 2390/1783/2603 2381/1787/2610
f 2381/1787/2611 2388/1759/2495 2379/1735/2494
f 2386/1738/2487 2378/1788/2612 2377/1760/2496
f 2378/1788/2613 2385/1738/2566 2376/1734/2460
f 2374/1733/2499 2384/1786/2608 2375/1789/2614
f 2375/1789/2615 2382/1737/2576 2373/1733/2457
f 2371/1713/2501 2381/1787/2610 2372/1790/2616
f 2372/1790/2617 2379/1735/2494 2370/1713/2453
f 2377/1734/2496 2369/1791/2618 2368/1762/2502
f 2369/1791/2619 2376/1734/2460 2367/1731/2450
f 2365/1730/2504 2375/1789/2614 2366/1792/2620
f 2366/1792/2621 2373/1733/2457 2364/1730/2512
f 2371/1713/2501 2363/1793/2622 2362/1729/2505
f 2372/1790/2617 2361/1729/2440 2363/1793/2623
f 2368/1731/2502 2360/1794/2624 2359/1727/2432
f 2360/1794/2625 2367/1755/2450 2358/1727/2437
f 2356/1726/2507 2366/1792/2620 2357/1795/2626
f 2357/1795/2627 2364/1763/2512 2355/1726/2446
f 2362/1729/2505 2354/1796/2628 2353/1725/2510
f 2363/1793/2623 2352/1725/2427 2354/1796/2629
f 2350/1724/2513 2360/1794/2624 2351/1797/2630
f 2351/1797/2631 2358/1753/2437 2349/1724/2422
f 2430/1715/2508 2357/1795/2626 2432/1784/2605
f 2432/1784/2632 2355/1754/2446 2431/1715/2445
f 2353/1725/2510 2348/1798/2633 2347/1723/2514
f 2354/1796/2629 2346/1723/2519 2348/1798/2634
f 2344/1721/2398 2351/1797/2630 2345/1799/2635
f 2345/1799/2636 2349/1724/2422 2343/1721/2421
f 2347/1723/2514 2342/1800/2637 2341/1720/2518
f 2348/1798/2634 2340/1720/2415 2342/1800/2638
f 2338/1766/2524 2345/1799/2635 2339/1801/2639
f 2339/1801/2640 2343/1721/2421 2337/1718/2408
f 2341/1720/2518 2429/1771/2641 2427/1764/2517
f 2342/1800/2638 2428/1719/2423 2429/1771/2580
f 2424/1714/2466 2339/1801/2639 2426/1772/2582
f 2426/1772/2642 2337/1718/2408 2425/1714/2407
f 2273/1714/2643 2338/1718/2524 2424/1714/2466
f 2456/1749/2644 2489/1714/2645 2457/1714/2646
f 2261/1740/2326 2452/1739/2326 2453/1740/2326
f 2248/1741/2326 2439/1716/2326 2440/1741/2326
f 2262/1743/2326 2453/1740/2326 2454/1743/2326
f 2249/1744/2326 2440/1741/2326 2441/1744/2326
f 2263/1746/2326 2454/1743/2326 2455/1746/2326
f 2249/1744/2326 2442/1747/2326 2250/1747/2326
f 2264/1749/2326 2455/1746/2326 2456/1749/2326
f 2250/1747/2326 2443/1185/2326 2251/1185/2326
f 2265/1714/2326 2456/1749/2326 2457/1714/2326
f 2251/1185/2326 2444/1751/2326 2252/1751/2326
f 2265/1714/2326 2458/1718/2326 2266/1718/2326
f 2252/1751/2326 2445/1720/2326 2253/1720/2326
f 2266/1718/2326 2459/1721/2326 2267/1721/2326
f 2253/1720/2326 2446/1722/2326 2254/1722/2326
f 2267/1721/2326 2460/1724/2326 2268/1724/2326
f 2254/1722/2326 2447/1725/2326 2255/1725/2326
f 2241/1726/2326 2434/1715/2326 2433/1726/2326
f 2268/1724/2326 2461/1727/2326 2269/1727/2326
f 2255/1725/2326 2448/1728/2326 2256/1728/2326
f 2243/1186/2326 2433/1726/2326 2435/1186/2326
f 2269/1727/2326 2462/1731/2326 2270/1731/2326
f 2256/1728/2326 2449/1713/2326 2257/1713/2326
f 2244/1732/2326 2435/1186/2326 2436/1732/2326
f 2270/1731/2326 2463/1734/2326 2271/1734/2326
f 2258/1736/2326 2449/1713/2326 2450/1736/2326
f 2245/1737/2326 2436/1732/2326 2437/1737/2326
f 2271/1734/2326 2464/1738/2326 2272/1738/2326
f 2259/1184/2326 2450/1736/2326 2451/1184/2326
f 2246/1717/2326 2437/1737/2326 2438/1717/2326
f 2272/1738/2326 2434/1715/2326 2242/1715/2326
f 2260/1739/2326 2451/1184/2326 2452/1739/2326
f 2485/1740/2326 2516/1739/2326 2517/1740/2326
f 2444/1751/2647 2475/1185/2648 2476/1751/2649
f 2457/1714/2646 2490/1718/2650 2458/1718/2651
f 2445/1720/2652 2476/1751/2649 2477/1720/2653
f 2458/1718/2651 2491/1721/2654 2459/1721/2655
f 2446/1722/2656 2477/1720/2653 2478/1722/2657
f 2459/1721/2655 2492/1724/2658 2460/1724/2659
f 2447/1725/2660 2478/1722/2657 2479/1725/2661
f 2433/1726/2662 2466/1715/2663 2465/1726/2664
f 2460/1724/2659 2493/1727/2665 2461/1727/2666
f 2448/1728/2667 2479/1725/2661 2480/1728/2668
f 2435/1186/2669 2465/1726/2664 2467/1186/2670
f 2461/1727/2666 2494/1731/2671 2462/1731/2672
f 2449/1713/2673 2480/1728/2668 2481/1713/2674
f 2436/1732/2675 2467/1186/2670 2468/1732/2676
f 2462/1731/2672 2495/1734/2677 2463/1734/2678
f 2449/1713/2673 2482/1736/2679 2450/1736/2680
f 2437/1737/2681 2468/1732/2676 2469/1737/2682
f 2463/1734/2678 2496/1738/2683 2464/1738/2684
f 2450/1736/2680 2483/1184/2685 2451/1184/2686
f 2438/1717/2687 2469/1737/2682 2470/1717/2688
f 2464/1738/2684 2466/1715/2663 2434/1715/2689
f 2451/1184/2686 2484/1739/2690 2452/1739/2691
f 2439/1716/2692 2470/1717/2688 2471/1716/2693
f 2452/1739/2691 2485/1740/2694 2453/1740/2695
f 2440/1741/2696 2471/1716/2693 2472/1741/2697
f 2453/1740/2695 2486/1743/2698 2454/1743/2699
f 2441/1744/2700 2472/1741/2697 2473/1744/2701
f 2454/1743/2699 2487/1746/2702 2455/1746/2703
f 2442/1747/2704 2473/1744/2701 2474/1747/2705
f 2455/1746/2703 2488/1749/2706 2456/1749/2644
f 2443/1185/2707 2474/1747/2705 2475/1185/2648
f 2519/1746/2703 2552/1749/2706 2520/1749/2644
f 2478/1722/2326 2511/1725/2326 2479/1725/2326
f 2465/1726/2326 2498/1715/2326 2497/1726/2326
f 2486/1743/2326 2517/1740/2326 2518/1743/2326
f 2479/1725/2326 2512/1728/2326 2480/1728/2326
f 2467/1186/2326 2497/1726/2326 2499/1186/2326
f 2487/1746/2326 2518/1743/2326 2519/1746/2326
f 2480/1728/2326 2513/1713/2326 2481/1713/2326
f 2468/1732/2326 2499/1186/2326 2500/1732/2326
f 2488/1749/2326 2519/1746/2326 2520/1749/2326
f 2482/1736/2326 2513/1713/2326 2514/1736/2326
f 2489/1714/2326 2520/1749/2326 2521/1714/2326
f 2469/1737/2326 2500/1732/2326 2501/1737/2326
f 2483/1184/2326 2514/1736/2326 2515/1184/2326
f 2470/1717/2326 2501/1737/2326 2502/1717/2326
f 2489/1714/2326 2522/1718/2326 2490/1718/2326
f 2471/1716/2326 2502/1717/2326 2503/1716/2326
f 2490/1718/2326 2523/1721/2326 2491/1721/2326
f 2472/1741/2326 2503/1716/2326 2504/1741/2326
f 2491/1721/2326 2524/1724/2326 2492/1724/2326
f 2473/1744/2326 2504/1741/2326 2505/1744/2326
f 2492/1724/2326 2525/1727/2326 2493/1727/2326
f 2493/1727/2326 2526/1731/2326 2494/1731/2326
f 2473/1744/2326 2506/1747/2326 2474/1747/2326
f 2494/1731/2326 2527/1734/2326 2495/1734/2326
f 2474/1747/2326 2507/1185/2326 2475/1185/2326
f 2495/1734/2326 2528/1738/2326 2496/1738/2326
f 2475/1185/2326 2508/1751/2326 2476/1751/2326
f 2496/1738/2326 2498/1715/2326 2466/1715/2326
f 2476/1751/2326 2509/1720/2326 2477/1720/2326
f 2484/1739/2326 2515/1184/2326 2516/1739/2326
f 2477/1720/2326 2510/1722/2326 2478/1722/2326
f 2547/1184/2326 2539/1185/2326 2531/1186/2326
f 2507/1185/2707 2538/1747/2705 2539/1185/2648
f 2520/1749/2644 2553/1714/2645 2521/1714/2646
f 2508/1751/2647 2539/1185/2648 2540/1751/2649
f 2521/1714/2646 2554/1718/2650 2522/1718/2651
f 2509/1720/2652 2540/1751/2649 2541/1720/2653
f 2522/1718/2651 2555/1721/2654 2523/1721/2655
f 2510/1722/2656 2541/1720/2653 2542/1722/2657
f 2523/1721/2655 2556/1724/2658 2524/1724/2659
f 2511/1725/2660 2542/1722/2657 2543/1725/2661
f 2497/1726/2662 2530/1715/2663 2529/1726/2664
f 2524/1724/2659 2557/1727/2665 2525/1727/2666
f 2512/1728/2667 2543/1725/2661 2544/1728/2708
f 2499/1186/2669 2529/1726/2664 2531/1186/2670
f 2525/1727/2666 2558/1731/2671 2526/1731/2672
f 2513/1713/2673 2544/1728/2708 2545/1713/2674
f 2500/1732/2675 2531/1186/2670 2532/1732/2676
f 2526/1731/2672 2559/1734/2677 2527/1734/2678
f 2513/1713/2673 2546/1736/2679 2514/1736/2680
f 2501/1737/2681 2532/1732/2676 2533/1737/2682
f 2527/1734/2678 2560/1738/2683 2528/1738/2684
f 2514/1736/2680 2547/1184/2685 2515/1184/2709
f 2502/1717/2687 2533/1737/2682 2534/1717/2688
f 2528/1738/2684 2530/1715/2663 2498/1715/2689
f 2515/1184/2709 2548/1739/2690 2516/1739/2691
f 2503/1716/2692 2534/1717/2688 2535/1716/2693
f 2516/1739/2691 2549/1740/2694 2517/1740/2695
f 2504/1741/2696 2535/1716/2693 2536/1741/2697
f 2517/1740/2695 2550/1743/2698 2518/1743/2699
f 2505/1744/2700 2536/1741/2697 2537/1744/2701
f 2518/1743/2699 2551/1746/2702 2519/1746/2703
f 2506/1747/2704 2537/1744/2701 2538/1747/2705
f 1669/1/1 1386/1802/68 1661/2/2
f 1389/4/4 1397/7/7 1605/5/5
f 1397/7/7 1405/10/9 1577/8/8
f 1405/10/9 1417/12/11 1549/11/10
f 1417/12/11 1425/1803/13 1521/13/12
f 1425/14/13 1433/1804/15 1493/15/14
f 1433/16/15 1445/1805/140 1465/17/16
f 1449/18/17 1457/21/20 17/19/18
f 1457/21/20 1469/23/22 19/22/21
f 1469/23/22 1477/25/24 21/24/23
f 1477/25/24 1485/1367/1712 23/26/25
f 1677/27/26 1481/1364/1715 1489/28/27
f 1681/29/28 1489/28/27 1501/30/29
f 1685/31/30 1501/30/29 1509/32/31
f 1689/34/32 1509/32/31 1517/35/33
f 1693/36/34 1517/35/33 1529/37/35
f 1697/39/36 1529/37/35 1537/40/37
f 1701/41/38 1537/1335/37 1545/42/39
f 1705/44/40 1545/1330/39 1557/45/41
f 1709/46/42 1557/45/41 1565/47/43
f 1713/48/44 1565/1321/43 1573/49/45
f 1717/50/46 1573/49/45 1585/51/47
f 1721/52/48 1585/51/47 1593/53/49
f 1725/54/50 1593/53/49 1601/55/51
f 1729/56/52 1601/55/51 1613/57/53
f 1733/59/54 1613/1298/53 1621/60/55
f 1737/62/56 1621/60/55 1629/63/57
f 1629/65/57 1641/67/60 1745/66/59
f 1641/67/60 1649/70/62 1749/68/61
f 1649/70/62 1657/75/67 1753/71/63
f 867/73/64 868/74/64 2007/74/65
f 1657/75/67 1669/1/1 1758/76/3
f 1386/77/68 1389/1806/4 1633/6/6
f 291/79/69 673/833/865 662/80/70
f 1662/81/72 1634/239/213 1394/82/73
f 1410/84/75 1382/102/92 1478/85/76
f 1754/87/78 1757/245/218 1674/88/79
f 1473/90/81 1481/1364/1715 1677/27/26
f 1665/92/83 1673/243/216 63/93/84
f 1750/95/86 1754/87/78 1666/89/80
f 1653/97/88 1665/1278/83 61/94/85
f 1746/99/90 1750/1484/86 1654/100/87
f 1382/102/92 1678/1447/1782 1486/103/93
f 1645/104/94 1653/1283/88 59/98/89
f 1742/106/96 1746/99/90 1646/101/91
f 1670/108/98 64/287/255 2/109/99
f 1637/111/101 1645/104/94 57/105/95
f 1626/113/103 1738/118/106 1742/106/96
f 53/115/104 1625/122/110 1637/116/101
f 1618/117/105 1734/124/112 1738/118/106
f 1438/119/107 1410/84/75 1470/86/77
f 51/121/109 1617/130/117 1625/122/110
f 1610/123/111 1730/132/119 1734/124/112
f 1413/126/113 1421/191/173 9/127/114
f 49/129/116 1609/135/121 1617/130/117
f 1598/131/118 1726/137/123 1730/132/119
f 47/134/120 1597/141/127 1609/135/121
f 1590/136/122 1722/143/129 1726/137/123
f 1466/138/124 1438/119/107 1458/120/108
f 45/140/126 1589/1309/133 1597/141/127
f 1582/142/128 1718/150/135 1722/143/129
f 1441/145/130 1449/18/17 15/20/19
f 43/147/132 1581/153/137 1589/148/133
f 1570/149/134 1714/155/139 1718/150/135
f 41/152/136 1569/1318/143 1581/153/137
f 1562/154/138 1710/161/145 1714/155/139
f 1445/156/140 1453/1807/187 1437/157/141
f 39/158/142 1561/166/150 1569/159/143
f 1554/160/144 1706/168/152 1710/161/145
f 1446/162/146 16/182/164 18/163/147
f 37/165/149 1553/170/154 1561/166/150
f 1542/167/151 1702/172/156 1706/168/152
f 35/169/153 1541/177/160 1553/170/154
f 1534/171/155 1698/179/162 1702/172/156
f 1429/174/157 1441/1388/130 13/146/131
f 33/176/159 1533/1338/166 1541/177/160
f 1526/178/161 1694/186/168 1698/179/162
f 1434/181/163 14/198/179 16/182/164
f 31/183/165 1525/1343/170 1533/184/166
f 1514/185/167 1690/190/172 1694/186/168
f 29/187/169 1513/193/175 1525/188/170
f 1506/189/171 1686/195/177 1690/190/172
f 1421/191/173 1429/1393/157 11/175/158
f 27/192/174 1505/1352/181 1513/193/175
f 1498/194/176 1682/201/182 1686/195/177
f 1426/197/178 12/212/191 14/198/179
f 25/199/180 1497/202/183 1505/200/181
f 1486/103/93 1678/1447/1782 1682/201/182
f 23/26/25 1485/1361/1712 1497/202/183
f 24/203/184 26/247/219 1490/204/185
f 1453/206/187 1461/1261/1624 1409/207/188
f 1474/209/189 22/214/193 24/203/184
f 1418/211/190 10/223/200 12/212/191
f 1462/213/192 20/216/194 22/214/193
f 1454/215/148 18/163/147 20/216/194
f 1401/218/195 1413/1402/113 7/128/115
f 1494/220/197 1466/138/124 1450/139/125
f 1406/222/199 8/74/210 10/223/200
f 1522/225/201 1494/220/197 1442/221/198
f 1550/227/203 1522/225/201 1430/228/202
f 1393/230/205 1401/1407/195 5/219/196
f 1578/232/207 1550/227/203 1422/233/204
f 1398/235/209 6/73/256 8/74/210
f 1606/237/211 1578/1430/207 1414/234/208
f 1634/239/213 1606/1427/211 1402/238/212
f 1385/240/100 2/1149/99 4/241/214
f 1673/243/216 1378/1267/1629 1/244/217
f 1757/245/218 1662/1420/72 1377/246/74
f 26/247/219 28/249/221 1502/248/220
f 28/249/221 30/252/223 1510/250/222
f 30/252/223 32/254/225 1518/253/224
f 32/254/225 34/256/227 1530/255/226
f 34/256/227 36/258/229 1538/257/228
f 36/258/229 38/260/231 1546/259/230
f 38/260/231 40/263/233 1558/261/232
f 40/263/233 42/265/235 1566/264/234
f 42/265/235 44/267/237 1574/266/236
f 44/267/237 46/269/239 1586/268/238
f 46/269/239 48/271/241 1594/270/240
f 48/271/241 50/273/243 1602/272/242
f 50/273/243 52/276/245 1614/274/244
f 52/276/245 54/279/247 1622/277/246
f 54/279/247 56/1120/2710 1630/280/248
f 1630/280/248 56/1120/2710 58/281/249
f 1642/282/250 58/281/249 60/283/251
f 1650/284/252 60/283/251 62/285/253
f 1658/286/254 62/285/253 64/287/255
f 1390/289/215 4/241/214 6/73/256
f 96/292/257 65/350/257 66/349/257
f 66/349/257 67/368/257 68/369/257
f 68/369/257 69/373/257 70/380/257
f 70/380/257 71/386/257 72/389/257
f 72/389/257 73/396/257 74/400/257
f 74/400/257 75/404/257 76/410/257
f 76/410/257 77/342/257 78/337/257
f 78/337/257 79/334/257 80/290/257
f 80/290/257 81/325/257 82/322/257
f 82/322/257 83/318/257 84/313/257
f 84/313/257 85/310/257 86/306/257
f 86/306/257 87/299/257 88/291/257
f 88/291/257 89/293/257 90/295/257
f 90/295/257 91/355/257 92/356/257
f 92/356/257 93/360/257 94/367/257
f 94/367/257 95/370/257 96/292/257
f 96/292/257 66/349/257 68/369/257
f 68/369/257 70/380/257 72/389/257
f 72/389/257 74/400/257 76/410/257
f 76/410/257 78/337/257 80/290/257
f 80/290/257 82/322/257 84/313/257
f 84/313/257 86/306/257 88/291/257
f 88/291/257 90/295/257 92/356/257
f 92/356/257 94/367/257 96/292/257
f 96/292/257 68/369/257 72/389/257
f 72/389/257 76/410/257 80/290/257
f 80/290/257 84/313/257 88/291/257
f 88/291/257 92/356/257 96/292/257
f 96/292/257 72/389/257 80/290/257
f 89/293/257 771/293/262 783/294/258
f 183/296/259 565/296/775 554/297/260
f 88/291/257 759/291/263 771/293/262
f 87/299/257 747/299/270 759/300/263
f 385/301/264 769/914/945 758/302/265
f 277/304/267 661/824/855 650/305/268
f 86/306/257 735/306/274 747/299/270
f 169/307/271 553/730/765 542/308/272
f 85/310/257 723/310/279 735/306/274
f 98/311/275 482/311/709 854/312/276
f 85/310/257 84/313/257 711/313/278
f 373/314/280 757/314/935 746/315/281
f 265/316/283 649/812/845 638/317/284
f 83/318/257 699/318/290 711/313/278
f 157/319/286 541/720/755 530/320/287
f 83/318/257 82/322/257 687/322/289
f 469/323/291 853/978/1015 842/324/292
f 82/322/257 81/325/257 675/325/294
f 361/327/295 745/901/925 734/328/296
f 80/290/257 663/1056/304 675/325/294
f 253/329/298 637/798/835 626/330/299
f 145/331/301 529/331/745 518/332/302
f 79/334/257 651/334/308 663/290/304
f 457/335/305 841/969/1005 830/336/306
f 78/337/257 639/337/315 651/334/308
f 349/338/309 733/889/915 722/339/310
f 241/340/312 625/787/825 614/341/313
f 77/342/257 627/342/320 639/337/315
f 133/343/316 517/700/735 506/344/317
f 77/342/257 76/410/257 615/345/319
f 445/346/321 829/960/995 818/347/322
f 13/146/64 170/146/336 158/175/324
f 29/187/64 31/183/64 278/183/325
f 49/129/64 386/129/338 374/134/327
f 63/93/64 1/244/64 99/244/328
f 5/219/64 122/219/339 109/231/330
f 23/26/64 230/26/340 217/24/331
f 41/152/64 338/152/342 325/158/332
f 57/105/64 59/98/64 446/98/333
f 13/146/64 15/20/64 181/20/335
f 31/183/64 33/176/64 289/176/337
f 51/121/64 397/121/343 386/129/338
f 7/128/64 134/128/344 122/219/339
f 25/199/64 242/199/346 230/26/340
f 41/152/64 43/147/64 350/147/341
f 61/94/64 458/94/347 446/98/333
f 17/19/64 193/19/348 181/20/335
f 35/169/64 301/169/349 289/176/337
f 53/115/64 409/115/350 397/348/343
f 9/127/64 146/127/351 134/128/344
f 25/199/64 27/192/64 254/192/345
f 45/140/64 362/140/352 350/147/341
f 61/94/64 63/93/64 470/93/329
f 19/22/64 205/22/355 193/19/348
f 37/165/64 313/165/356 301/169/349
f 55/112/64 421/112/357 409/115/350
f 9/127/64 11/175/64 158/175/324
f 29/187/64 266/187/326 254/192/345
f 45/140/64 47/134/64 374/134/327
f 66/349/257 65/350/257 481/350/353
f 21/24/64 217/24/331 205/351/355
f 39/158/64 325/158/332 313/165/356
f 57/105/64 434/105/334 421/112/357
f 399/352/358 781/923/955 770/353/359
f 91/355/257 90/295/257 783/295/258
f 91/355/257 795/355/361 807/356/362
f 195/357/363 577/746/785 566/358/364
f 93/360/257 92/356/257 807/356/362
f 303/362/367 685/845/875 674/363/368
f 96/292/257 855/292/380 481/350/353
f 411/364/370 793/933/965 782/365/371
f 93/360/257 819/360/366 831/367/373
f 67/368/257 507/368/392 519/369/374
f 94/367/257 831/367/373 843/370/375
f 207/371/376 589/753/795 578/372/377
f 69/373/257 68/369/257 519/369/374
f 95/370/257 843/370/375 855/375/380
f 315/376/381 697/376/885 686/377/382
f 69/373/257 531/373/379 543/379/384
f 111/381/385 493/680/715 483/382/386
f 423/383/388 805/943/975 794/384/389
f 70/380/257 543/379/384 555/386/391
f 67/368/257 66/349/257 495/387/354
f 71/386/257 555/386/391 567/388/393
f 219/390/394 601/762/805 590/391/395
f 327/393/397 709/865/895 698/394/398
f 72/389/257 567/1034/393 579/396/400
f 433/397/401 817/397/985 806/398/402
f 73/396/257 579/396/400 591/399/404
f 121/401/405 505/690/725 494/402/406
f 75/404/257 74/400/257 591/399/404
f 229/405/409 613/774/815 602/406/410
f 337/408/412 721/408/905 710/409/413
f 75/404/257 603/404/408 615/345/319
f 100/411/415 102/411/418 101/412/416
f 104/413/417 105/416/421 102/244/418
f 103/414/419 105/416/421 104/413/417
f 107/415/420 108/411/423 105/416/421
f 106/417/422 108/411/423 107/415/420
f 106/417/422 101/412/416 102/411/418
f 112/419/424 114/231/427 113/420/425
f 112/419/424 116/423/429 117/421/426
f 115/422/428 117/421/426 116/423/429
f 115/422/428 119/426/432 120/424/430
f 118/425/431 120/424/430 119/426/432
f 113/420/425 114/231/427 120/424/430
f 124/427/433 126/430/436 125/428/434
f 128/429/435 129/219/439 126/430/436
f 127/431/437 129/219/439 128/429/435
f 127/431/437 131/434/441 132/432/438
f 130/433/440 132/432/438 131/434/441
f 125/428/434 126/430/436 132/432/438
f 136/435/442 138/438/445 137/436/443
f 140/437/444 141/441/448 138/438/445
f 139/439/446 141/441/448 140/437/444
f 139/439/446 143/443/450 144/440/447
f 142/442/449 144/440/447 143/443/450
f 137/436/443 138/438/445 144/440/447
f 148/444/451 150/447/454 149/445/452
f 152/446/453 153/127/457 150/447/454
f 151/448/455 153/127/457 152/446/453
f 151/448/455 155/451/459 156/449/456
f 154/450/458 156/449/456 155/451/459
f 149/445/452 150/447/454 156/449/456
f 160/452/460 162/455/463 161/453/461
f 164/454/462 165/175/466 162/455/463
f 163/456/464 165/175/466 164/454/462
f 163/456/464 167/459/468 168/457/465
f 166/458/467 168/457/465 167/459/468
f 166/458/467 161/453/461 162/455/463
f 172/460/469 174/463/472 173/461/470
f 176/462/471 177/146/475 174/463/472
f 175/464/473 177/146/475 176/462/471
f 175/464/473 179/467/477 180/465/474
f 178/466/476 180/465/474 179/467/477
f 178/466/476 173/461/470 174/463/472
f 184/468/478 186/20/481 185/469/479
f 184/468/478 188/472/483 189/470/480
f 187/471/482 189/470/480 188/472/483
f 191/473/484 192/475/486 189/470/480
f 190/474/485 192/475/486 191/473/484
f 185/469/479 186/20/481 192/475/486
f 196/476/487 198/19/490 197/477/488
f 196/476/487 200/480/492 201/478/489
f 199/479/491 201/478/489 200/480/492
f 203/481/493 204/483/495 201/478/489
f 202/482/494 204/483/495 203/481/493
f 197/477/488 198/19/490 204/483/495
f 208/484/496 210/22/499 209/485/497
f 208/484/496 212/488/501 213/486/498
f 211/487/500 213/486/498 212/488/501
f 211/487/500 215/491/504 216/489/502
f 214/490/503 216/489/502 215/491/504
f 209/485/497 210/22/499 216/489/502
f 220/492/505 222/24/508 221/493/506
f 220/492/505 224/496/510 225/494/507
f 223/495/509 225/494/507 224/496/510
f 227/497/511 228/499/513 225/494/507
f 226/498/512 228/499/513 227/497/511
f 221/493/506 222/24/508 228/499/513
f 232/500/514 234/503/517 233/501/515
f 236/502/516 237/26/520 234/503/517
f 235/504/518 237/26/520 236/502/516
f 235/504/518 239/507/522 240/505/519
f 238/506/521 240/505/519 239/507/522
f 233/501/515 234/503/517 240/505/519
f 244/508/523 246/511/526 245/509/524
f 248/510/525 249/199/529 246/511/526
f 247/512/527 249/199/529 248/510/525
f 247/512/527 251/515/531 252/513/528
f 250/514/530 252/513/528 251/515/531
f 245/509/524 246/511/526 252/513/528
f 256/516/532 258/519/535 257/517/533
f 260/518/534 261/192/538 258/519/535
f 259/520/536 261/192/538 260/518/534
f 259/520/536 263/523/540 264/521/537
f 262/522/539 264/521/537 263/523/540
f 262/522/539 257/517/533 258/519/535
f 268/524/541 270/527/544 269/525/542
f 272/526/543 273/187/547 270/527/544
f 271/528/545 273/187/547 272/526/543
f 271/528/545 275/531/549 276/529/546
f 274/530/548 276/529/546 275/531/549
f 274/530/548 269/525/542 270/527/544
f 280/532/550 282/535/553 281/533/551
f 284/534/552 285/183/556 282/535/553
f 283/536/554 285/183/556 284/534/552
f 283/536/554 287/539/558 288/537/555
f 286/538/557 288/537/555 287/539/558
f 286/538/557 281/533/551 282/535/553
f 292/540/559 294/176/562 293/541/560
f 292/540/559 296/544/564 297/542/561
f 295/543/563 297/542/561 296/544/564
f 299/545/565 300/547/567 297/542/561
f 298/546/566 300/547/567 299/545/565
f 293/541/560 294/176/562 300/547/567
f 304/548/568 306/169/571 305/549/569
f 304/548/568 308/552/573 309/550/570
f 307/551/572 309/550/570 308/552/573
f 307/551/572 311/555/576 312/553/574
f 310/554/575 312/553/574 311/555/576
f 305/549/569 306/169/571 312/553/574
f 316/556/577 318/165/580 317/557/578
f 316/556/577 320/560/582 321/558/579
f 319/559/581 321/558/579 320/560/582
f 323/561/583 324/563/585 321/558/579
f 322/562/584 324/563/585 323/561/583
f 317/557/578 318/165/580 324/563/585
f 328/564/586 330/567/589 329/565/587
f 328/564/586 332/569/591 333/566/588
f 331/568/590 333/566/588 332/569/591
f 335/570/592 336/572/594 333/566/588
f 334/571/593 336/572/594 335/570/592
f 329/565/587 330/567/589 336/572/594
f 340/573/595 342/576/598 341/574/596
f 344/575/597 345/152/601 342/576/598
f 343/577/599 345/152/601 344/575/597
f 343/577/599 347/580/603 348/578/600
f 346/579/602 348/578/600 347/580/603
f 341/574/596 342/576/598 348/578/600
f 352/581/604 354/584/607 353/582/605
f 356/583/606 357/147/610 354/584/607
f 355/585/608 357/147/610 356/583/606
f 355/585/608 359/588/612 360/586/609
f 358/587/611 360/586/609 359/588/612
f 358/587/611 353/582/605 354/584/607
f 364/589/613 366/592/616 365/590/614
f 368/591/615 369/140/619 366/592/616
f 367/593/617 369/140/619 368/591/615
f 367/593/617 371/596/621 372/594/618
f 370/595/620 372/594/618 371/596/621
f 370/595/620 365/590/614 366/592/616
f 376/597/622 378/600/625 377/598/623
f 380/599/624 381/134/628 378/600/625
f 379/601/626 381/134/628 380/599/624
f 379/601/626 383/604/630 384/602/627
f 382/603/629 384/602/627 383/604/630
f 382/603/629 377/598/623 378/600/625
f 388/605/631 390/608/634 389/606/632
f 392/607/633 393/129/637 390/608/634
f 391/609/635 393/129/637 392/607/633
f 391/609/635 395/612/639 396/610/636
f 394/611/638 396/610/636 395/612/639
f 394/611/638 389/606/632 390/608/634
f 400/613/640 402/121/643 401/614/641
f 400/613/640 404/617/645 405/615/642
f 403/616/644 405/615/642 404/617/645
f 403/616/644 407/620/648 408/618/646
f 406/619/647 408/618/646 407/620/648
f 401/614/641 402/121/643 408/618/646
f 412/621/649 414/115/652 413/622/650
f 412/621/649 416/625/654 417/623/651
f 415/624/653 417/623/651 416/625/654
f 419/626/655 420/628/657 417/623/651
f 418/627/656 420/628/657 419/626/655
f 413/622/650 414/115/652 420/628/657
f 424/629/658 426/112/661 425/630/659
f 424/629/658 428/633/663 429/631/660
f 427/632/662 429/631/660 428/633/663
f 431/634/664 432/636/666 429/631/660
f 430/635/665 432/636/666 431/634/664
f 425/630/659 426/112/661 432/636/666
f 436/637/667 438/640/670 437/638/668
f 440/639/669 441/105/673 438/640/670
f 439/641/671 441/105/673 440/639/669
f 439/641/671 443/644/675 444/642/672
f 442/643/674 444/642/672 443/644/675
f 437/638/668 438/640/670 444/642/672
f 448/645/676 450/648/679 449/646/677
f 452/647/678 453/651/682 450/648/679
f 451/649/680 453/651/682 452/647/678
f 451/649/680 455/653/684 456/650/681
f 454/652/683 456/650/681 455/653/684
f 454/652/683 449/646/677 450/648/679
f 460/654/685 462/657/688 461/655/686
f 464/656/687 465/94/691 462/657/688
f 463/658/689 465/94/691 464/656/687
f 463/658/689 467/661/693 468/659/690
f 466/660/692 468/659/690 467/661/693
f 466/660/692 461/655/686 462/657/688
f 472/662/694 474/665/697 473/663/695
f 476/664/696 477/93/700 474/665/697
f 475/666/698 477/93/700 476/664/696
f 475/666/698 479/669/702 480/667/699
f 478/668/701 480/667/699 479/669/702
f 478/668/701 473/663/695 474/665/697
f 484/670/703 486/350/706 485/671/704
f 484/670/703 488/1097/708 489/672/705
f 487/413/707 489/675/705 488/673/708
f 487/413/707 491/244/712 492/674/710
f 490/676/711 492/1808/710 491/411/712
f 485/671/704 486/350/706 492/677/710
f 496/679/713 498/682/717 497/425/714
f 496/679/713 500/422/719 501/681/716
f 499/683/718 501/681/716 500/422/719
f 503/684/720 504/349/722 501/685/716
f 502/687/721 504/349/722 503/684/720
f 502/687/721 497/1809/714 498/688/717
f 508/689/723 510/692/727 509/427/724
f 512/691/726 513/1810/730 510/692/727
f 511/693/728 513/1810/730 512/691/726
f 515/694/729 516/368/732 513/695/730
f 514/697/731 516/368/732 515/694/729
f 514/697/731 509/1015/724 510/698/727
f 520/436/733 522/702/737 521/699/734
f 524/701/736 525/440/740 522/702/737
f 523/443/738 525/440/740 524/701/736
f 527/703/739 528/369/742 525/704/740
f 526/706/741 528/369/742 527/703/739
f 526/706/741 521/1811/734 522/707/737
f 532/708/743 534/447/747 533/709/744
f 536/710/746 537/449/750 534/447/747
f 535/711/748 537/449/750 536/710/746
f 539/712/749 540/717/752 537/713/750
f 538/715/751 540/717/752 539/712/749
f 538/715/751 533/1812/744 534/716/747
f 544/718/753 546/721/757 545/719/754
f 544/718/753 548/458/759 549/457/756
f 547/722/758 549/457/756 548/458/759
f 551/723/760 552/380/762 549/724/756
f 550/726/761 552/380/762 551/723/760
f 550/726/761 545/1022/754 546/727/757
f 556/728/763 558/463/767 557/729/764
f 556/728/763 560/466/769 561/731/766
f 559/732/768 561/731/766 560/466/769
f 563/733/770 564/386/772 561/734/766
f 562/736/771 564/386/772 563/733/770
f 562/736/771 557/1025/764 558/737/767
f 568/473/773 570/475/777 569/738/774
f 572/739/776 573/470/780 570/475/777
f 571/472/778 573/470/780 572/739/776
f 575/740/779 576/389/782 573/741/780
f 574/743/781 576/389/782 575/740/779
f 574/743/781 569/1028/774 570/744/777
f 580/481/783 582/483/787 581/745/784
f 584/747/786 585/1813/790 582/483/787
f 583/480/788 585/1813/790 584/747/786
f 587/748/789 588/396/792 585/749/790
f 586/751/791 588/396/792 587/748/789
f 586/751/791 581/1031/784 582/752/787
f 592/491/793 594/755/797 593/490/794
f 592/491/793 596/487/799 597/754/796
f 595/756/798 597/754/796 596/487/799
f 599/757/800 600/400/802 597/758/796
f 598/760/801 600/400/802 599/757/800
f 598/760/801 593/1814/794 594/761/797
f 604/497/803 606/499/807 605/498/804
f 608/763/806 609/770/810 606/499/807
f 607/496/808 609/770/810 608/763/806
f 611/764/809 612/404/812 609/765/810
f 610/767/811 612/404/812 611/764/809
f 610/767/811 605/1037/804 606/768/807
f 616/772/813 618/776/817 617/773/814
f 620/775/816 621/784/820 618/776/817
f 619/777/818 621/784/820 620/775/816
f 623/778/819 624/410/822 621/779/820
f 622/781/821 624/410/822 623/778/819
f 622/781/821 617/1815/814 618/782/817
f 628/786/823 630/511/827 629/508/824
f 632/514/826 633/513/830 630/511/827
f 631/515/828 633/513/830 632/514/826
f 635/788/829 636/793/832 633/789/830
f 634/791/831 636/793/832 635/788/829
f 634/791/831 629/1816/824 630/792/827
f 640/796/833 642/800/837 641/797/834
f 640/796/833 644/522/839 645/799/836
f 643/801/838 645/799/836 644/522/839
f 647/802/840 648/807/842 645/803/836
f 646/805/841 648/807/842 647/802/840
f 646/805/841 641/1044/834 642/806/837
f 652/810/843 654/814/847 653/811/844
f 652/810/843 656/530/849 657/813/846
f 655/531/848 657/813/846 656/530/849
f 659/815/850 660/820/852 657/816/846
f 658/818/851 660/820/852 659/815/850
f 658/818/851 653/1047/844 654/819/847
f 664/533/853 666/535/857 665/823/854
f 664/533/853 668/538/859 669/537/856
f 667/825/858 669/537/856 668/538/859
f 671/826/860 672/290/862 669/827/856
f 670/829/861 672/290/862 671/826/860
f 670/829/861 665/1050/854 666/830/857
f 676/545/863 678/834/867 677/546/864
f 680/543/866 681/842/870 678/834/867
f 679/835/868 681/842/870 680/543/866
f 683/836/869 684/325/872 681/837/870
f 682/839/871 684/325/872 683/836/869
f 682/839/871 677/1053/864 678/840/867
f 688/555/873 690/553/877 689/844/874
f 688/555/873 692/551/879 693/846/876
f 691/552/878 693/846/876 692/551/879
f 695/847/880 696/322/882 693/848/876
f 694/850/881 696/322/882 695/847/880
f 694/850/881 689/1817/874 690/851/877
f 700/561/883 702/563/887 701/854/884
f 704/855/886 705/558/890 702/563/887
f 703/856/888 705/558/890 704/855/886
f 707/857/889 708/318/892 705/858/890
f 706/860/891 708/318/892 707/857/889
f 706/860/891 701/1059/884 702/861/887
f 712/570/893 714/572/897 713/864/894
f 716/866/896 717/875/900 714/572/897
f 715/867/898 717/875/900 716/866/896
f 719/868/899 720/873/902 717/869/900
f 718/871/901 720/873/902 719/868/899
f 718/871/901 713/1818/894 714/872/897
f 724/574/903 726/877/907 725/573/904
f 728/579/906 729/885/910 726/877/907
f 727/878/908 729/885/910 728/579/906
f 731/879/909 732/310/912 729/880/910
f 730/882/911 732/310/912 731/879/909
f 730/882/911 725/1819/904 726/883/907
f 736/887/913 738/584/917 737/888/914
f 736/887/913 740/587/919 741/890/916
f 739/891/918 741/890/916 740/587/919
f 743/892/920 744/306/922 741/893/916
f 742/895/921 744/306/922 743/892/920
f 742/895/921 737/1066/914 738/896/917
f 748/899/923 750/902/927 749/900/924
f 748/899/923 752/595/929 753/594/926
f 751/596/928 753/594/926 752/595/929
f 755/903/930 756/299/932 753/904/926
f 754/906/931 756/299/932 755/903/930
f 754/906/931 749/1069/924 750/907/927
f 760/598/933 762/600/937 761/908/934
f 760/598/933 764/603/939 765/602/936
f 763/604/938 765/602/936 764/603/939
f 767/909/940 768/291/942 765/910/936
f 766/912/941 768/291/942 767/909/940
f 766/912/941 761/1072/934 762/913/937
f 772/606/943 774/608/947 773/605/944
f 772/606/943 776/611/949 777/915/946
f 775/916/948 777/915/946 776/611/949
f 779/917/950 780/293/952 777/918/946
f 778/920/951 780/293/952 779/917/950
f 778/920/951 773/1075/944 774/921/947
f 784/922/953 786/925/957 785/619/954
f 784/922/953 788/616/959 789/924/956
f 787/926/958 789/924/956 788/616/959
f 791/927/960 792/295/962 789/928/956
f 790/930/961 792/295/962 791/927/960
f 790/930/961 785/1078/954 786/931/957
f 796/626/963 798/935/967 797/932/964
f 800/934/966 801/1820/970 798/935/967
f 799/625/968 801/1820/970 800/934/966
f 803/936/969 804/355/972 801/937/970
f 802/939/971 804/355/972 803/936/969
f 802/939/971 797/1081/964 798/940/967
f 808/941/973 810/636/977 809/942/974
f 812/944/976 813/1821/980 810/636/977
f 811/945/978 813/1821/980 812/944/976
f 815/946/979 816/356/982 813/947/980
f 814/949/981 816/356/982 815/946/979
f 814/949/981 809/1822/974 810/950/977
f 820/951/983 822/640/987 821/952/984
f 824/643/986 825/1823/990 822/640/987
f 823/953/988 825/1823/990 824/643/986
f 827/954/989 828/360/992 825/955/990
f 826/957/991 828/360/992 827/954/989
f 826/957/991 821/1824/984 822/958/987
f 832/959/993 834/961/997 833/645/994
f 832/959/993 836/652/999 837/650/996
f 835/653/998 837/650/996 836/652/999
f 839/962/1000 840/367/1002 837/963/996
f 838/965/1001 840/367/1002 839/962/1000
f 838/965/1001 833/1088/994 834/966/997
f 844/967/1003 846/657/1007 845/968/1004
f 844/967/1003 848/660/1009 849/970/1006
f 847/971/1008 849/970/1006 848/660/1009
f 851/972/1010 852/370/1012 849/973/1006
f 850/975/1011 852/370/1012 851/972/1010
f 850/975/1011 845/1091/1004 846/976/1007
f 856/977/1013 858/980/1017 857/662/1014
f 856/977/1013 860/981/1019 861/979/1016
f 859/669/1018 861/979/1016 860/981/1019
f 863/982/1020 864/292/1022 861/983/1016
f 862/985/1021 864/292/1022 863/982/1020
f 862/985/1021 857/1094/1014 858/986/1017
f 99/411/328 109/231/330 113/987/425
f 113/987/425 118/425/431 101/412/416
f 101/412/416 118/425/431 111/381/385
f 122/219/339 128/1825/435 112/419/424
f 112/419/424 128/1825/435 124/427/433
f 124/427/433 121/401/405 110/403/407
f 134/128/344 140/988/444 127/431/437
f 140/988/444 136/435/442 131/434/441
f 131/434/441 136/435/442 133/343/316
f 134/128/344 146/127/351 152/989/453
f 152/989/453 148/444/451 143/443/450
f 148/444/451 145/331/301 135/333/303
f 146/127/351 158/175/324 164/990/462
f 151/448/455 164/990/462 160/452/460
f 155/451/459 160/452/460 157/319/286
f 158/175/324 170/146/336 176/991/471
f 176/991/471 172/460/469 167/459/468
f 172/460/469 169/307/271 159/309/273
f 170/146/336 181/20/335 185/992/479
f 185/992/479 190/474/485 179/467/477
f 190/474/485 183/296/259 171/298/261
f 181/20/335 193/19/348 197/993/488
f 184/468/478 197/993/488 202/482/494
f 202/482/494 195/357/363 182/359/365
f 205/22/355 209/1826/497 196/476/487
f 196/476/487 209/1826/497 214/490/503
f 214/490/503 207/371/376 194/372/378
f 217/24/331 221/1827/506 208/484/496
f 208/484/496 221/1827/506 226/498/512
f 226/498/512 219/390/394 206/392/396
f 230/26/340 236/994/516 220/492/505
f 236/994/516 232/500/514 224/496/510
f 224/496/510 232/500/514 229/405/409
f 230/26/340 242/199/346 248/995/525
f 248/995/525 244/508/523 239/507/522
f 244/508/523 241/340/312 231/341/314
f 242/199/346 254/192/345 260/996/534
f 247/512/527 260/996/534 256/516/532
f 251/515/531 256/516/532 253/329/298
f 254/192/345 266/187/326 272/997/543
f 272/997/543 268/524/541 263/523/540
f 268/524/541 265/316/283 255/317/285
f 266/187/326 278/183/325 284/998/552
f 284/998/552 280/532/550 275/531/549
f 275/531/549 280/532/550 277/304/267
f 289/176/337 293/1828/560 283/536/554
f 283/536/554 293/1828/560 298/546/566
f 298/546/566 291/79/69 279/80/71
f 289/176/337 301/169/349 305/999/569
f 305/999/569 310/554/575 296/544/564
f 296/544/564 310/554/575 303/362/367
f 313/165/356 317/1829/578 304/548/568
f 304/548/568 317/1829/578 322/562/584
f 322/562/584 315/376/381 302/378/383
f 325/158/332 329/1000/587 316/556/577
f 329/1000/587 334/571/593 320/560/582
f 320/560/582 334/571/593 327/393/397
f 325/158/332 338/152/342 344/1001/597
f 344/1001/597 340/573/595 332/569/591
f 340/573/595 337/408/412 326/409/414
f 338/152/342 350/147/341 356/1002/606
f 343/577/599 356/1002/606 352/581/604
f 347/580/603 352/581/604 349/338/309
f 350/147/341 362/140/352 368/1003/615
f 368/1003/615 364/589/613 359/588/612
f 364/589/613 361/327/295 351/328/297
f 362/140/352 374/134/327 380/1004/624
f 380/1004/624 376/597/622 371/596/621
f 371/596/621 376/597/622 373/314/280
f 374/134/327 386/129/338 392/1005/633
f 379/601/626 392/1005/633 388/605/631
f 383/604/630 388/605/631 385/301/264
f 397/121/343 401/1006/641 391/609/635
f 401/1006/641 406/619/647 395/612/639
f 395/612/639 406/619/647 399/352/358
f 409/115/350 413/1007/650 400/613/640
f 413/1007/650 418/627/656 404/617/645
f 418/627/656 411/364/370 398/366/372
f 421/112/357 425/1008/659 412/621/649
f 425/1008/659 430/635/665 416/625/654
f 416/625/654 430/635/665 423/383/388
f 421/112/357 434/105/334 440/1009/669
f 440/1009/669 436/637/667 428/633/663
f 436/637/667 433/397/401 422/398/403
f 434/105/334 446/98/333 452/1010/678
f 439/641/671 452/1010/678 448/645/676
f 443/644/675 448/645/676 445/346/321
f 446/98/333 458/94/347 464/1011/687
f 464/1011/687 460/654/685 455/653/684
f 460/654/685 457/335/305 447/336/307
f 458/94/347 470/93/329 476/1012/696
f 476/1012/696 472/662/694 467/661/693
f 467/661/693 472/662/694 469/323/291
f 99/244/328 107/1830/420 475/666/698
f 475/666/698 107/1830/420 103/414/419
f 103/414/419 98/311/275 471/312/277
f 493/680/715 497/425/714 490/676/711
f 490/1013/711 497/1809/714 502/687/721
f 485/1014/704 502/687/721 495/349/354
f 505/690/725 509/427/724 499/683/718
f 509/1015/724 514/697/731 503/1016/720
f 503/1016/720 514/697/731 507/368/392
f 517/700/735 521/699/734 511/693/728
f 511/1018/728 521/1811/734 526/706/741
f 526/706/741 519/369/374 507/368/392
f 529/331/745 533/709/744 523/443/738
f 523/1020/738 533/1812/744 538/715/751
f 527/1021/739 538/715/751 531/374/379
f 541/720/755 545/719/754 535/711/748
f 545/1022/754 550/726/761 539/1023/749
f 550/726/761 543/379/384 531/373/379
f 542/308/272 553/730/765 557/729/764
f 557/1025/764 562/736/771 551/1026/760
f 562/736/771 555/386/391 543/379/384
f 565/296/775 569/738/774 559/732/768
f 569/1028/774 574/743/781 563/1029/770
f 574/743/781 567/388/393 555/386/391
f 577/746/785 581/745/784 571/472/778
f 581/1031/784 586/751/791 575/1032/779
f 586/751/791 579/396/400 567/1034/393
f 589/753/795 593/490/794 583/480/788
f 583/1035/788 593/1814/794 598/760/801
f 587/1036/789 598/760/801 591/399/404
f 601/762/805 605/498/804 595/756/798
f 605/1037/804 610/767/811 599/1038/800
f 599/1038/800 610/767/811 603/404/408
f 613/774/815 617/773/814 607/496/808
f 607/1040/808 617/1815/814 622/781/821
f 622/781/821 615/345/319 603/404/408
f 625/787/825 629/508/824 619/777/818
f 619/1042/818 629/1816/824 634/791/831
f 623/1043/819 634/791/831 627/342/320
f 637/798/835 641/797/834 631/515/828
f 641/1044/834 646/805/841 635/1045/829
f 646/805/841 639/337/315 627/342/320
f 638/317/284 649/812/845 653/811/844
f 653/1047/844 658/818/851 647/1048/840
f 658/818/851 651/334/308 639/337/315
f 661/824/855 665/823/854 655/531/848
f 665/1050/854 670/829/861 659/1051/850
f 670/829/861 663/290/304 651/334/308
f 673/833/865 677/546/864 667/825/858
f 677/1053/864 682/839/871 671/1054/860
f 682/839/871 675/325/294 663/1056/304
f 685/845/875 689/844/874 679/835/868
f 679/1057/868 689/1817/874 694/850/881
f 683/1058/869 694/850/881 687/326/289
f 697/376/885 701/854/884 691/552/878
f 701/1059/884 706/860/891 695/1060/880
f 695/1060/880 706/860/891 699/318/290
f 709/865/895 713/864/894 703/856/888
f 703/1062/888 713/1818/894 718/871/901
f 718/871/901 711/313/278 699/318/290
f 721/408/905 725/573/904 715/867/898
f 715/1064/898 725/1819/904 730/882/911
f 719/1065/899 730/882/911 723/310/279
f 733/889/915 737/888/914 727/878/908
f 737/1066/914 742/895/921 731/1067/909
f 742/895/921 735/306/274 723/310/279
f 734/328/296 745/901/925 749/900/924
f 749/1069/924 754/906/931 743/1070/920
f 754/906/931 747/299/270 735/306/274
f 757/314/935 761/908/934 751/596/928
f 761/1072/934 766/912/941 755/1073/930
f 766/912/941 759/300/263 747/299/270
f 769/914/945 773/605/944 763/604/938
f 773/1075/944 778/920/951 767/1076/940
f 778/920/951 771/293/262 759/291/263
f 770/353/359 781/923/955 785/619/954
f 785/1078/954 790/930/961 779/1079/950
f 790/930/961 783/294/258 771/293/262
f 793/933/965 797/932/964 787/926/958
f 797/1081/964 802/939/971 791/1082/960
f 791/1082/960 802/939/971 795/355/361
f 805/943/975 809/942/974 799/625/968
f 799/1084/968 809/1822/974 814/949/981
f 814/949/981 807/356/362 795/355/361
f 817/397/985 821/952/984 811/945/978
f 811/1086/978 821/1824/984 826/957/991
f 815/1087/979 826/957/991 819/361/366
f 829/960/995 833/645/994 823/953/988
f 833/1088/994 838/965/1001 827/1089/989
f 838/965/1001 831/367/373 819/360/366
f 830/336/306 841/969/1005 845/968/1004
f 845/1091/1004 850/975/1011 839/1092/1000
f 850/975/1011 843/370/375 831/367/373
f 853/978/1015 857/662/1014 847/971/1008
f 857/1094/1014 862/985/1021 851/1095/1010
f 862/985/1021 855/375/380 843/370/375
f 482/311/709 488/673/708 859/669/1018
f 488/1097/708 484/670/703 863/1098/1020
f 484/670/703 481/350/353 855/292/380
f 542/308/272 548/458/759 166/458/467
f 166/458/467 548/458/759 544/718/753
f 161/453/461 544/718/753 541/720/755
f 145/331/301 149/445/452 532/708/743
f 149/445/452 154/450/458 536/710/746
f 154/450/458 147/321/288 530/320/287
f 650/305/268 656/530/849 274/530/548
f 274/530/548 656/530/849 652/810/843
f 269/525/542 652/810/843 649/812/845
f 637/798/835 253/329/298 257/517/533
f 640/796/833 257/517/533 262/522/539
f 262/522/539 255/317/285 638/317/284
f 758/302/265 764/603/939 382/603/629
f 382/603/629 764/603/939 760/598/933
f 377/598/623 760/598/933 757/314/935
f 745/901/925 361/327/295 365/590/614
f 748/899/923 365/590/614 370/595/620
f 370/595/620 363/315/282 746/315/281
f 110/403/407 494/402/406 500/422/719
f 500/422/719 496/679/713 119/426/432
f 119/426/432 496/679/713 493/680/715
f 98/311/275 104/413/417 487/413/707
f 104/413/417 100/244/415 491/244/712
f 100/411/415 97/382/387 483/382/386
f 853/978/1015 469/323/291 473/663/695
f 856/977/1013 473/663/695 478/668/701
f 478/668/701 471/312/277 854/312/276
f 218/407/411 602/406/410 608/763/806
f 223/495/509 608/763/806 604/497/803
f 604/497/803 601/762/805 219/390/394
f 589/753/795 207/371/376 215/491/504
f 215/491/504 211/487/500 596/487/799
f 596/487/799 211/487/500 206/392/396
f 326/409/414 710/409/413 716/866/896
f 331/568/590 716/866/896 712/570/893
f 712/570/893 709/865/895 327/393/397
f 315/376/381 323/561/583 700/561/883
f 700/561/883 323/561/583 319/559/581
f 704/855/886 319/559/581 314/395/399
f 818/347/322 824/643/986 442/643/674
f 824/643/986 820/951/983 437/638/668
f 820/951/983 817/397/985 433/397/401
f 423/383/388 431/634/664 808/941/973
f 808/941/973 431/634/664 427/632/662
f 812/944/976 427/632/662 422/398/403
f 554/297/260 560/466/769 178/466/476
f 178/466/476 560/466/769 556/728/763
f 173/461/470 556/728/763 553/730/765
f 662/80/70 668/538/859 286/538/557
f 286/538/557 668/538/859 664/533/853
f 281/533/551 664/533/853 661/824/855
f 770/353/359 776/611/949 394/611/638
f 776/611/949 772/606/943 389/606/632
f 772/606/943 769/914/945 385/301/264
f 123/344/318 506/344/317 512/691/726
f 130/433/440 512/691/726 508/689/723
f 508/689/723 505/690/725 121/401/405
f 231/341/314 614/341/313 620/775/816
f 238/506/521 620/775/816 616/772/813
f 616/772/813 613/774/815 229/405/409
f 722/339/310 728/579/906 346/579/602
f 728/579/906 724/574/903 341/574/596
f 724/574/903 721/408/905 337/408/412
f 830/336/306 836/652/999 454/652/683
f 454/652/683 836/652/999 832/959/993
f 449/646/677 832/959/993 829/960/995
f 566/358/364 572/739/776 187/471/482
f 187/471/482 572/739/776 568/473/773
f 568/473/773 565/296/775 183/296/259
f 674/363/368 680/543/866 295/543/563
f 680/543/866 676/545/863 299/545/565
f 676/545/863 673/833/865 291/79/69
f 398/366/372 782/365/371 788/616/959
f 788/616/959 784/922/953 407/620/648
f 407/620/648 784/922/953 781/923/955
f 135/333/303 518/332/302 524/701/736
f 142/442/449 524/701/736 520/436/733
f 520/436/733 517/700/735 133/343/316
f 626/330/299 632/514/826 250/514/530
f 632/514/826 628/786/823 245/509/524
f 628/786/823 625/787/825 241/340/312
f 734/328/296 740/587/919 358/587/611
f 358/587/611 740/587/919 736/887/913
f 353/582/605 736/887/913 733/889/915
f 842/324/292 848/660/1009 466/660/692
f 466/660/692 848/660/1009 844/967/1003
f 461/655/686 844/967/1003 841/969/1005
f 578/372/377 584/747/786 199/479/491
f 584/747/786 580/481/783 203/481/493
f 580/481/783 577/746/785 195/357/363
f 302/378/383 686/377/382 692/551/879
f 692/551/879 688/555/873 311/555/576
f 311/555/576 688/555/873 685/845/875
f 410/385/390 794/384/389 800/934/966
f 415/624/653 800/934/966 796/626/963
f 796/626/963 793/933/965 411/364/370
f 3/231/64 109/231/330 99/411/328
f 931/1100/1023 914/258/1143 915/260/1024
f 1762/1102/1026 1987/1643/2097 1999/1103/1027
f 1866/1105/1029 1860/1581/1998 2084/1106/1030
f 871/198/64 2027/198/1854 2020/212/1032
f 1951/1107/1033 2176/1698/2250 2181/1108/1034
f 870/212/64 2020/212/1032 2014/223/1036
f 896/287/64 2203/287/1048 2196/285/1037
f 1768/1110/1038 1992/1110/2100 1985/1111/1039
f 1859/1112/1041 1853/1577/1992 2077/1113/1042
f 869/223/64 2014/1215/1036 2007/74/65
f 1944/1114/1044 2169/1696/2244 2174/1115/1045
f 895/285/64 2196/285/1037 2189/283/1047
f 866/109/64 1994/109/1849 2203/287/1048
f 894/283/64 2189/283/1047 2182/281/1049
f 1846/1116/1050 2070/1671/2166 2078/1117/1051
f 865/241/64 867/73/64 2000/73/66
f 1937/1118/1054 2162/1694/2238 2167/1119/1055
f 892/1120/64 893/281/64 2182/281/1049
f 891/279/64 892/1120/64 2175/1120/1057
f 1839/1121/1059 2063/1121/2160 2071/1122/1060
f 1930/1123/1062 2155/1692/2232 2160/1124/1063
f 890/276/64 891/279/64 2168/279/1058
f 890/276/64 2161/276/1065 2154/273/1066
f 1838/1126/1067 1832/1567/1976 2056/1127/1068
f 1929/1128/1070 1923/1613/2048 2148/1129/1071
f 889/273/64 2154/273/1066 2147/271/1073
f 887/269/64 888/271/64 2147/271/1073
f 1825/1131/1075 2049/1664/2149 2057/1132/1076
f 1922/1134/1078 1916/1609/2042 2141/1135/1079
f 887/269/64 2140/269/1074 2133/267/1081
f 886/267/64 2133/267/1081 2126/265/1082
f 898/109/1083 928/287/1090 1056/287/1084
f 938/212/1086 937/223/1144 901/223/1087
f 944/109/1089 943/287/1145 928/287/1090
f 932/1101/1025 915/260/1024 916/263/1091
f 950/198/1093 938/212/1086 902/212/1088
f 947/1136/1092 916/263/1091 917/265/1095
f 956/1138/1097 950/198/1093 903/198/1094
f 953/1137/1096 917/265/1095 918/267/1099
f 962/1140/1101 956/1138/1097 904/182/1098
f 959/1139/1100 918/267/1099 919/269/1103
f 962/1140/1101 905/163/1102 906/216/1105
f 965/269/1104 919/269/1103 920/271/1107
f 968/1141/1106 906/216/1105 907/214/1109
f 971/1142/1108 920/271/1107 921/273/1111
f 974/1143/1110 907/214/1109 908/203/1113
f 983/276/1115 977/1144/1112 921/273/1111
f 980/203/1114 908/203/1113 909/247/1117
f 989/279/1119 983/276/1115 922/276/1116
f 986/1145/1118 909/247/1117 910/249/1121
f 995/1120/1123 989/279/1119 923/279/1120
f 992/1146/1122 910/249/1121 911/252/1125
f 1001/1148/1127 944/1149/1089 898/1149/1083
f 1004/281/1129 995/1120/1123 924/1120/1124
f 998/1147/1126 911/252/1125 912/254/1131
f 1010/1151/1133 1001/1148/1127 897/241/1128
f 1013/1152/1135 1004/281/1129 925/281/1130
f 1007/1150/1132 912/254/1131 913/256/1137
f 1019/1154/1139 1010/1151/1133 899/73/1134
f 1022/285/1141 1013/1152/1135 926/283/1136
f 1016/1153/1138 913/256/1137 914/258/1143
f 937/223/1144 1019/1154/1139 900/74/1140
f 943/287/1145 1022/285/1141 927/285/1142
f 895/285/1146 1024/285/1163 941/1155/1147
f 941/1155/1147 1024/285/1163 1023/285/1149
f 942/287/1150 1023/285/1149 1022/285/1141
f 868/74/1151 1021/1159/1166 935/1156/1152
f 935/1156/1152 1021/1159/1166 1020/74/1154
f 936/223/1155 1020/74/1154 1019/1154/1139
f 881/256/1156 1018/256/1159 929/258/1157
f 1018/256/1159 1017/1153/1161 930/1157/1160
f 1017/1153/1161 1016/1153/1138 931/1100/1023
f 895/285/1146 894/283/1171 1015/283/1162
f 1024/285/1163 1015/283/1162 1014/1158/1164
f 1023/285/1149 1014/1158/1164 1013/1152/1135
f 867/73/1165 1012/1162/1175 1021/1159/1166
f 1021/1159/1166 1012/1162/1175 1011/73/1167
f 1020/74/1154 1011/73/1167 1010/1151/1133
f 880/254/1168 1009/254/1169 1018/256/1159
f 1009/254/1169 1008/254/1170 1017/1153/1161
f 1008/254/1170 1007/1150/1132 1016/1153/1138
f 894/283/1171 893/281/1181 1006/1160/1172
f 1015/283/1162 1006/1160/1172 1005/281/1173
f 1014/1158/1164 1005/281/1173 1004/281/1129
f 867/73/1165 865/241/1184 1003/1161/1174
f 1012/1162/1175 1003/1161/1174 1002/1163/1176
f 1011/73/1167 1002/1163/1176 1001/1148/1127
f 879/252/1177 1000/1164/1178 1009/254/1169
f 1000/1164/1178 999/1165/1179 1008/254/1170
f 999/1165/1179 998/1147/1126 1007/1150/1132
f 892/1120/1180 997/1120/1189 1006/1160/1172
f 1006/1160/1172 997/1120/1189 996/1166/1182
f 1005/281/1173 996/1166/1182 995/1120/1123
f 866/1149/1183 946/1149/1240 1003/1161/1174
f 1003/1161/1174 946/1149/1240 945/1149/1185
f 1002/1163/1176 945/1149/1185 944/1149/1089
f 879/252/1177 878/249/1192 994/1167/1186
f 994/1167/1186 993/249/1187 999/1165/1179
f 993/249/1187 992/1146/1122 998/1147/1126
f 891/279/1188 991/1171/1196 997/1120/1189
f 997/1120/1189 991/1171/1196 990/1168/1190
f 990/1168/1190 989/279/1119 995/1120/1123
f 877/247/1191 988/1169/1193 994/1167/1186
f 988/1169/1193 987/247/1194 993/249/1187
f 987/247/1194 986/1145/1118 992/1146/1122
f 891/279/1188 890/276/1202 985/1170/1195
f 991/1171/1196 985/1170/1195 984/276/1197
f 990/1168/1190 984/276/1197 983/276/1115
f 876/203/1198 982/1172/1199 988/1169/1193
f 982/1172/1199 981/1172/1200 987/247/1194
f 981/1172/1200 980/203/1114 986/1145/1118
f 889/273/1201 979/1174/1208 985/1170/1195
f 985/1170/1195 979/1174/1208 978/273/1203
f 984/276/1197 978/273/1203 977/1144/1112
f 875/214/1204 976/214/1205 982/1172/1199
f 976/214/1205 975/1173/1206 981/1172/1200
f 975/1173/1206 974/1143/1110 980/203/1114
f 888/271/1207 973/271/1213 979/1174/1208
f 979/1174/1208 973/271/1213 972/271/1209
f 972/271/1209 971/1142/1108 977/1144/1112
f 875/214/1204 874/216/1216 970/1175/1210
f 970/1175/1210 969/1176/1211 975/1173/1206
f 969/1176/1211 968/1141/1106 974/1143/1110
f 887/269/1212 967/1177/1214 973/271/1213
f 967/1177/1214 966/269/1215 972/271/1209
f 966/269/1215 965/269/1104 971/1142/1108
f 874/216/1216 873/163/1222 964/1178/1217
f 964/1178/1217 963/1179/1218 969/1176/1211
f 963/1179/1218 962/1140/1101 968/1141/1106
f 887/269/1212 886/267/1226 961/267/1219
f 961/267/1219 960/267/1220 966/269/1215
f 960/267/1220 959/1139/1100 965/269/1104
f 872/182/1221 958/182/1223 964/1178/1217
f 958/182/1223 957/182/1224 963/1179/1218
f 957/182/1224 956/1138/1097 962/1140/1101
f 885/265/1225 955/265/1227 961/267/1219
f 955/265/1227 954/265/1228 960/267/1220
f 954/265/1228 953/1137/1096 959/1139/1100
f 872/182/1221 871/198/1234 952/1180/1229
f 958/182/1223 952/1180/1229 951/198/1230
f 957/182/1224 951/198/1230 950/198/1093
f 885/265/1225 884/263/1237 949/1181/1231
f 949/1181/1231 948/263/1232 954/265/1228
f 948/263/1232 947/1136/1092 953/1137/1096
f 870/212/1233 940/1183/1241 952/1180/1229
f 952/1180/1229 940/1183/1241 939/1182/1235
f 951/198/1230 939/1182/1235 938/212/1086
f 883/260/1236 934/1101/1238 949/1181/1231
f 934/1101/1238 933/260/1239 948/263/1232
f 933/260/1239 932/1101/1025 947/1136/1092
f 866/109/1183 896/287/1148 941/1155/1147
f 946/109/1240 941/1155/1147 942/287/1150
f 945/109/1185 942/287/1150 943/287/1145
f 870/212/1233 869/223/1153 935/1156/1152
f 940/1183/1241 935/1156/1152 936/223/1155
f 939/1182/1235 936/223/1155 937/223/1144
f 883/260/1236 882/258/1158 929/258/1157
f 929/258/1157 930/1157/1160 933/260/1239
f 930/1157/1160 931/1100/1023 932/1101/1025
f 1029/223/1242 1028/74/1243 1060/74/1243
f 915/260/1024 1043/260/1273 1044/263/1244
f 903/198/1094 902/212/1088 1030/212/1245
f 916/263/1091 1044/263/1244 1045/265/1247
f 904/182/1098 903/198/1094 1031/198/1246
f 917/265/1095 1045/265/1247 1046/267/1249
f 905/163/1102 904/182/1098 1032/182/1248
f 918/267/1099 1046/267/1249 1047/269/1251
f 905/163/1102 1033/163/1250 1034/216/1252
f 919/269/1103 1047/269/1251 1048/271/1253
f 906/216/1105 1034/216/1252 1035/214/1254
f 921/273/1111 920/271/1107 1048/271/1253
f 907/214/1109 1035/214/1254 1036/203/1256
f 921/273/1111 1049/273/1255 1050/276/1257
f 908/203/1113 1036/203/1256 1037/247/1258
f 923/279/1120 922/276/1116 1050/276/1257
f 909/247/1117 1037/247/1258 1038/249/1260
f 924/1120/1124 923/279/1120 1051/279/1259
f 910/249/1121 1038/249/1260 1039/252/1262
f 897/241/1128 898/1149/1083 1026/1149/1085
f 925/281/1130 924/1120/1124 1052/1120/1261
f 911/252/1125 1039/252/1262 1040/254/1265
f 899/73/1134 897/241/1128 1025/241/1263
f 926/283/1136 925/281/1130 1053/281/1264
f 912/254/1131 1040/254/1265 1041/256/1268
f 900/74/1140 899/73/1134 1027/73/1266
f 927/285/1142 926/283/1136 1054/283/1267
f 913/256/1137 1041/256/1268 1042/258/1271
f 901/223/1087 900/74/1140 1028/74/1269
f 928/287/1090 927/285/1142 1055/285/1270
f 914/258/1143 1042/258/1271 1043/260/1273
f 902/212/1088 901/223/1087 1029/223/1272
f 1154/163/1274 1130/1187/1370 1096/182/1275
f 1056/287/1277 1055/285/1278 1087/285/1278
f 1042/258/1279 1074/258/1279 1075/260/1280
f 1030/212/1281 1029/223/1242 1061/223/1242
f 1026/109/1282 1056/287/1277 1088/287/1277
f 1043/260/1280 1075/260/1280 1076/263/1283
f 1031/198/1284 1030/212/1281 1062/212/1281
f 1044/263/1283 1076/263/1283 1077/265/1285
f 1031/198/1284 1063/198/1284 1064/182/1286
f 1045/265/1285 1077/265/1285 1078/267/1287
f 1032/182/1286 1064/182/1286 1065/163/1288
f 1046/267/1287 1078/267/1287 1079/269/1289
f 1033/163/1288 1065/163/1288 1066/216/1290
f 1047/269/1289 1079/269/1289 1080/271/1291
f 1034/216/1290 1066/216/1290 1067/214/1292
f 1048/271/1291 1080/271/1291 1081/273/1293
f 1035/214/1292 1067/214/1292 1068/203/1294
f 1049/273/1293 1081/273/1293 1082/276/1295
f 1036/203/1294 1068/203/1294 1069/247/1296
f 1051/279/1297 1050/276/1295 1082/276/1295
f 1037/247/1296 1069/247/1296 1070/249/1298
f 1052/1120/1299 1051/279/1297 1083/279/1297
f 1038/249/1298 1070/249/1298 1071/252/1300
f 1025/241/1301 1026/1149/1282 1058/1149/1282
f 1053/281/1302 1052/1120/1299 1084/1120/1299
f 1039/252/1300 1071/252/1300 1072/254/1303
f 1027/73/1304 1025/241/1301 1057/241/1301
f 1054/283/1305 1053/281/1302 1085/281/1302
f 1040/254/1303 1072/254/1303 1073/256/1306
f 1028/74/1243 1027/73/1304 1059/73/1304
f 1055/285/1278 1054/283/1305 1086/283/1305
f 1041/256/1306 1073/256/1306 1074/258/1279
f 1091/1186/64 1089/1726/64 1090/1715/64
f 1090/1715/64 1120/1738/64 1119/1734/64
f 1119/1734/64 1118/1731/64 1117/1727/64
f 1117/1727/64 1116/1724/64 1115/1721/64
f 1115/1721/64 1114/1718/2711 1113/1714/64
f 1113/1714/64 1112/1749/64 1111/1746/64
f 1111/1746/64 1110/1743/64 1109/1740/64
f 1109/1740/64 1108/1739/64 1107/1184/64
f 1107/1184/64 1106/1736/64 1105/1713/64
f 1105/1713/64 1104/1728/64 1103/1725/64
f 1103/1725/64 1102/1722/64 1101/1720/64
f 1101/1720/64 1100/1751/64 1099/1185/64
f 1099/1185/64 1098/1747/64 1097/1744/64
f 1097/1744/64 1096/1741/2712 1095/1716/64
f 1095/1716/64 1094/1717/64 1093/1737/64
f 1093/1737/64 1092/1732/64 1091/1186/64
f 1091/1186/64 1090/1715/64 1119/1734/64
f 1119/1734/64 1117/1727/64 1115/1721/64
f 1115/1721/64 1113/1714/64 1111/1746/64
f 1111/1746/64 1109/1740/64 1107/1184/64
f 1107/1184/64 1105/1713/64 1103/1725/64
f 1103/1725/64 1101/1720/64 1099/1185/64
f 1099/1185/64 1097/1744/64 1095/1716/64
f 1095/1716/64 1093/1737/64 1091/1186/64
f 1091/1186/64 1119/1734/64 1115/1721/64
f 1115/1721/64 1111/1746/64 1107/1184/64
f 1107/1184/64 1103/1725/64 1099/1185/64
f 1099/1185/64 1095/1716/64 1091/1186/64
f 1091/1186/64 1115/1721/64 1107/1184/64
f 1162/269/1307 1146/267/1372 1110/267/1308
f 1134/1187/1310 1129/1187/1379 1153/163/1311
f 1150/267/1313 1145/267/1375 1161/269/1314
f 1158/163/1312 1153/163/1311 1169/216/1316
f 1166/269/1315 1161/269/1314 1177/271/1318
f 1174/216/1317 1169/216/1316 1185/214/1320
f 1182/271/1319 1177/271/1318 1193/273/1322
f 1206/203/1324 1190/214/1321 1185/214/1320
f 1198/273/1323 1193/273/1322 1209/276/1326
f 1206/203/1324 1201/203/1325 1217/247/1328
f 1230/279/1330 1214/276/1327 1209/276/1326
f 1222/247/1329 1217/247/1328 1233/249/1332
f 1230/279/1330 1225/279/1331 1241/1120/1334
f 1238/249/1333 1233/249/1332 1249/252/1336
f 1266/1188/1338 1089/241/1367 1091/73/1339
f 1246/1120/1335 1241/1120/1334 1273/281/1341
f 1254/252/1337 1249/252/1336 1281/254/1343
f 1294/73/1345 1270/241/1386 1265/1188/1346
f 1302/283/1348 1278/281/1342 1273/281/1341
f 1310/256/1350 1286/254/1344 1281/254/1343
f 1318/1190/1352 1294/73/1345 1289/1162/1347
f 1302/283/1348 1297/1158/1349 1321/285/1354
f 1310/256/1350 1305/256/1351 1329/1157/1356
f 1342/223/1358 1318/1190/1352 1313/1190/1353
f 1326/1191/1355 1321/285/1354 1345/287/1360
f 1334/258/1357 1329/1157/1356 1353/260/1362
f 1342/223/1358 1337/223/1359 1361/1193/1364
f 1261/1149/1366 1090/1149/1388 1089/241/1367
f 1358/260/1363 1353/260/1362 1369/263/1368
f 1130/1187/1370 1125/198/1381 1095/198/1371
f 1146/267/1372 1141/265/1376 1109/265/1373
f 1137/265/1374 1142/265/1491 1145/267/1375
f 1141/265/1376 1370/263/1389 1108/263/1377
f 1121/1194/1378 1126/198/1494 1129/1187/1379
f 1362/212/1380 1094/212/1395 1095/198/1371
f 1075/260/1382 1357/260/1397 1373/263/1383
f 1257/1149/1385 1262/1246/1439 1265/1188/1346
f 1346/287/1387 1120/287/1404 1090/109/1388
f 1370/263/1389 1354/260/1398 1107/260/1390
f 1062/212/1391 1061/223/1405 1341/223/1392
f 1338/223/1394 1093/223/1408 1094/212/1395
f 1074/258/1396 1333/258/1410 1357/260/1397
f 1354/260/1398 1330/258/1411 1106/258/1399
f 1088/287/1400 1087/285/1413 1325/285/1401
f 1322/285/1403 1119/285/1416 1120/287/1404
f 1061/223/1405 1060/74/1417 1317/74/1406
f 1314/74/1407 1092/74/1419 1093/223/1408
f 1073/256/1409 1309/256/1421 1333/258/1410
f 1330/258/1411 1306/256/1422 1105/256/1412
f 1087/285/1413 1086/283/1424 1301/283/1414
f 1298/1195/1415 1118/283/1427 1119/285/1416
f 1060/74/1417 1059/73/1428 1293/73/1418
f 1290/1189/1340 1091/73/1339 1092/74/1419
f 1072/254/1420 1285/254/1433 1309/256/1421
f 1306/256/1422 1282/254/1434 1104/254/1423
f 1086/283/1424 1085/281/1436 1277/281/1425
f 1274/281/1426 1117/281/1441 1118/283/1427
f 1059/73/1428 1057/241/1430 1269/241/1429
f 1057/241/1430 1058/1149/1438 1258/1149/1431
f 1071/252/1432 1253/252/1443 1285/254/1433
f 1282/254/1434 1250/252/1444 1103/252/1435
f 1085/281/1436 1084/1120/1446 1245/1120/1437
f 1058/109/1438 1088/287/1400 1349/1192/1402
f 1350/1192/1361 1345/287/1360 1262/109/1439
f 1242/1120/1440 1116/1120/1449 1117/281/1441
f 1070/249/1442 1237/249/1451 1253/252/1443
f 1250/252/1444 1234/249/1452 1102/249/1445
f 1084/1120/1446 1083/279/1454 1229/279/1447
f 1226/279/1448 1115/279/1457 1116/1120/1449
f 1069/247/1450 1221/247/1459 1237/249/1451
f 1234/249/1452 1218/247/1460 1101/247/1453
f 1083/279/1454 1082/276/1462 1213/276/1455
f 1210/276/1456 1114/276/1465 1115/279/1457
f 1068/203/1458 1205/203/1467 1221/247/1459
f 1218/247/1460 1202/203/1468 1100/203/1461
f 1082/276/1462 1081/273/1470 1197/273/1463
f 1194/273/1464 1113/273/1473 1114/276/1465
f 1067/214/1466 1189/214/1475 1205/203/1467
f 1202/203/1468 1186/214/1476 1099/214/1469
f 1081/273/1470 1080/271/1478 1181/271/1471
f 1178/271/1472 1112/271/1480 1113/273/1473
f 1066/216/1474 1173/216/1482 1189/214/1475
f 1186/214/1476 1170/216/1483 1098/216/1477
f 1080/271/1478 1079/269/1485 1165/269/1479
f 1162/269/1307 1111/269/1309 1112/271/1480
f 1065/163/1481 1157/163/1489 1173/216/1482
f 1170/216/1483 1154/163/1274 1097/163/1276
f 1078/267/1484 1149/267/1487 1165/269/1479
f 1077/265/1486 1138/265/1490 1149/267/1487
f 1064/182/1488 1133/182/1620 1157/163/1489
f 1076/263/1384 1373/263/1383 1138/265/1490
f 1374/263/1369 1369/263/1368 1142/265/1491
f 1063/198/1492 1062/212/1391 1365/1197/1393
f 1121/1194/1378 1366/1182/1365 1361/1193/1364
f 1137/265/1374 1139/265/1496 1376/1198/1495
f 1139/265/1496 1140/1199/1498 1375/1198/1497
f 1140/1199/1498 1138/265/1490 1373/263/1383
f 1370/263/1389 1141/265/1376 1143/1199/1499
f 1372/263/1500 1143/1199/1499 1144/265/1501
f 1371/1198/1502 1144/265/1501 1142/265/1491
f 1366/1182/1365 1121/1194/1378 1123/1200/1503
f 1368/1201/1504 1123/1200/1503 1124/1202/1505
f 1367/1182/1506 1124/1202/1505 1122/1180/1493
f 1125/198/1381 1127/1203/1508 1364/212/1507
f 1127/1203/1508 1128/1260/1623 1363/212/1509
f 1363/212/1509 1128/1260/1623 1126/198/1494
f 1374/263/1369 1376/1198/1495 1360/1204/1510
f 1376/1198/1495 1375/1198/1497 1359/260/1511
f 1375/1198/1497 1373/263/1383 1357/260/1397
f 1354/260/1398 1370/263/1389 1372/263/1500
f 1356/260/1512 1372/263/1500 1371/1198/1502
f 1355/1205/1513 1371/1198/1502 1369/263/1368
f 1350/1192/1361 1257/109/1385 1259/1206/1514
f 1352/1207/1515 1259/1206/1514 1260/1208/1516
f 1351/1209/1517 1260/1208/1516 1258/109/1431
f 1261/109/1366 1263/1211/1519 1348/1210/1518
f 1263/1211/1519 1264/1213/1521 1347/1212/1520
f 1264/1213/1521 1262/109/1439 1345/287/1360
f 1342/223/1358 1366/1182/1365 1368/1201/1504
f 1344/1214/1522 1368/1201/1504 1367/1182/1506
f 1343/223/1523 1367/1182/1506 1365/212/1393
f 1338/223/1394 1362/1183/1380 1364/212/1507
f 1340/1215/1524 1364/212/1507 1363/212/1509
f 1363/212/1509 1361/1193/1364 1337/223/1359
f 1358/260/1363 1360/1204/1510 1336/1216/1526
f 1360/1204/1510 1359/260/1511 1335/1216/1527
f 1359/260/1511 1357/260/1397 1333/258/1410
f 1330/258/1411 1354/260/1398 1356/260/1512
f 1332/1217/1528 1356/260/1512 1355/1205/1513
f 1331/1216/1529 1355/1205/1513 1353/260/1362
f 1326/1191/1355 1350/1192/1361 1352/1207/1515
f 1328/1218/1530 1352/1207/1515 1351/1209/1517
f 1327/1219/1531 1351/1209/1517 1349/287/1402
f 1346/287/1387 1348/1210/1518 1324/1220/1532
f 1348/1210/1518 1347/1212/1520 1323/1221/1533
f 1347/1212/1520 1345/287/1360 1321/285/1354
f 1318/1190/1352 1342/223/1358 1344/1214/1522
f 1320/74/1534 1344/1214/1522 1343/223/1523
f 1319/1190/1535 1343/223/1523 1341/223/1392
f 1338/223/1394 1340/1215/1524 1316/1222/1536
f 1340/1215/1524 1339/223/1525 1315/1222/1537
f 1339/223/1525 1337/223/1359 1313/1190/1353
f 1310/256/1350 1334/258/1357 1336/1216/1526
f 1336/1216/1526 1335/1216/1527 1311/1223/1539
f 1335/1216/1527 1333/258/1410 1309/256/1421
f 1306/256/1422 1330/258/1411 1332/1217/1528
f 1332/1217/1528 1331/1216/1529 1307/1223/1541
f 1331/1216/1529 1329/1157/1356 1305/256/1351
f 1302/283/1348 1326/1191/1355 1328/1218/1530
f 1304/1224/1542 1328/1218/1530 1327/1219/1531
f 1303/1225/1543 1327/1219/1531 1325/285/1401
f 1322/285/1403 1324/1220/1532 1300/1226/1544
f 1324/1220/1532 1323/1221/1533 1299/1225/1545
f 1323/1221/1533 1321/285/1354 1297/1158/1349
f 1294/73/1345 1318/1190/1352 1320/74/1534
f 1296/73/1546 1320/74/1534 1319/1190/1535
f 1295/1227/1547 1319/1190/1535 1317/74/1406
f 1314/74/1407 1316/1222/1536 1292/1228/1548
f 1316/1222/1536 1315/1222/1537 1291/1151/1549
f 1291/1151/1549 1315/1222/1537 1313/1190/1353
f 1310/256/1350 1312/1223/1538 1288/1229/1550
f 1312/1223/1538 1311/1223/1539 1287/254/1551
f 1311/1223/1539 1309/256/1421 1285/254/1433
f 1282/254/1434 1306/256/1422 1308/1223/1540
f 1284/1230/1552 1308/1223/1540 1307/1223/1541
f 1283/254/1553 1307/1223/1541 1305/256/1351
f 1278/281/1342 1302/283/1348 1304/1224/1542
f 1280/1231/1554 1304/1224/1542 1303/1225/1543
f 1279/1232/1555 1303/1225/1543 1301/283/1414
f 1298/283/1415 1300/1226/1544 1276/1232/1556
f 1300/1226/1544 1299/1225/1545 1275/1233/1557
f 1299/1225/1545 1297/1158/1349 1273/281/1341
f 1270/241/1386 1294/73/1345 1296/73/1546
f 1272/1234/1558 1296/73/1546 1295/1227/1547
f 1271/241/1559 1295/1227/1547 1293/73/1418
f 1290/1189/1340 1292/1228/1548 1268/1235/1560
f 1292/1228/1548 1291/1151/1549 1267/1235/1561
f 1291/1151/1549 1289/1162/1347 1265/1188/1346
f 1286/254/1344 1288/1229/1550 1256/1236/1562
f 1288/1229/1550 1287/254/1551 1255/1236/1563
f 1287/254/1551 1285/254/1433 1253/252/1443
f 1250/252/1444 1282/254/1434 1284/1230/1552
f 1252/1237/1564 1284/1230/1552 1283/254/1553
f 1251/1238/1565 1283/254/1553 1281/254/1343
f 1278/281/1342 1280/1231/1554 1248/1239/1566
f 1248/1239/1566 1280/1231/1554 1279/1232/1555
f 1247/1240/1567 1279/1232/1555 1277/281/1425
f 1274/281/1426 1276/1232/1556 1244/1166/1568
f 1244/1166/1568 1276/1232/1556 1275/1233/1557
f 1275/1233/1557 1273/281/1341 1241/1120/1334
f 1257/1149/1385 1270/241/1386 1272/1234/1558
f 1259/1242/1514 1272/1234/1558 1271/241/1559
f 1260/1243/1516 1271/241/1559 1269/241/1429
f 1266/1188/1338 1268/1235/1560 1263/1244/1519
f 1268/1235/1560 1267/1235/1561 1264/1245/1521
f 1267/1235/1561 1265/1188/1346 1262/1246/1439
f 1254/252/1337 1256/1236/1562 1240/249/1570
f 1256/1236/1562 1255/1236/1563 1239/249/1571
f 1255/1236/1563 1253/252/1443 1237/249/1451
f 1234/249/1452 1250/252/1444 1252/1237/1564
f 1236/249/1572 1252/1237/1564 1251/1238/1565
f 1235/1167/1573 1251/1238/1565 1249/252/1336
f 1230/279/1330 1246/1120/1335 1248/1239/1566
f 1232/1247/1574 1248/1239/1566 1247/1240/1567
f 1231/1248/1575 1247/1240/1567 1245/1120/1437
f 1242/1120/1440 1244/1166/1568 1228/1248/1576
f 1244/1166/1568 1243/1241/1569 1227/1248/1577
f 1243/1241/1569 1241/1120/1334 1225/279/1331
f 1238/249/1333 1240/249/1570 1224/247/1578
f 1240/249/1570 1239/249/1571 1223/1249/1579
f 1239/249/1571 1237/249/1451 1221/247/1459
f 1218/247/1460 1234/249/1452 1236/249/1572
f 1220/247/1580 1236/249/1572 1235/1167/1573
f 1219/1250/1581 1235/1167/1573 1233/249/1332
f 1230/279/1330 1232/1247/1574 1216/1251/1582
f 1216/1251/1582 1232/1247/1574 1231/1248/1575
f 1215/1251/1583 1231/1248/1575 1229/279/1447
f 1226/1196/1448 1228/1248/1576 1212/1251/1584
f 1228/1248/1576 1227/1248/1577 1211/1251/1585
f 1227/1248/1577 1225/279/1331 1209/276/1326
f 1222/247/1329 1224/247/1578 1208/203/1586
f 1224/247/1578 1223/1249/1579 1207/203/1587
f 1223/1249/1579 1221/247/1459 1205/203/1467
f 1202/203/1468 1218/247/1460 1220/247/1580
f 1204/1252/1588 1220/247/1580 1219/1250/1581
f 1203/1253/1589 1219/1250/1581 1217/247/1328
f 1198/273/1323 1214/276/1327 1216/1251/1582
f 1200/1254/1590 1216/1251/1582 1215/1251/1583
f 1199/273/1591 1215/1251/1583 1213/276/1455
f 1210/276/1456 1212/1251/1584 1196/273/1592
f 1212/1251/1584 1211/1251/1585 1195/1254/1593
f 1211/1251/1585 1209/276/1326 1193/273/1322
f 1206/203/1324 1208/203/1586 1192/1255/1594
f 1208/203/1586 1207/203/1587 1191/214/1595
f 1207/203/1587 1205/203/1467 1189/214/1475
f 1186/214/1476 1202/203/1468 1204/1252/1588
f 1204/1252/1588 1203/1253/1589 1187/214/1597
f 1203/1253/1589 1201/203/1325 1185/214/1320
f 1198/273/1323 1200/1254/1590 1184/1256/1598
f 1200/1254/1590 1199/273/1591 1183/271/1599
f 1183/271/1599 1199/273/1591 1197/273/1463
f 1178/271/1472 1194/273/1464 1196/273/1592
f 1196/273/1592 1195/1254/1593 1179/271/1601
f 1195/1254/1593 1193/273/1322 1177/271/1318
f 1190/214/1321 1192/1255/1594 1176/216/1602
f 1192/1255/1594 1191/214/1595 1175/216/1603
f 1191/214/1595 1189/214/1475 1173/216/1482
f 1170/216/1483 1186/214/1476 1188/1255/1596
f 1172/1141/1604 1188/1255/1596 1187/214/1597
f 1171/216/1605 1187/214/1597 1185/214/1320
f 1166/269/1315 1182/271/1319 1184/1256/1598
f 1168/269/1606 1184/1256/1598 1183/271/1599
f 1167/269/1607 1183/271/1599 1181/271/1471
f 1178/271/1472 1180/271/1600 1164/269/1608
f 1180/271/1600 1179/271/1601 1163/269/1609
f 1179/271/1601 1177/271/1318 1161/269/1314
f 1174/216/1317 1176/216/1602 1160/1257/1610
f 1176/216/1602 1175/216/1603 1159/163/1611
f 1175/216/1603 1173/216/1482 1157/163/1489
f 1170/216/1483 1172/1141/1604 1156/163/1612
f 1172/1141/1604 1171/216/1605 1155/163/1613
f 1155/163/1613 1171/216/1605 1169/216/1316
f 1166/269/1315 1168/269/1606 1152/267/1614
f 1168/269/1606 1167/269/1607 1151/267/1615
f 1167/269/1607 1165/269/1479 1149/267/1487
f 1162/269/1307 1164/269/1608 1148/267/1616
f 1164/269/1608 1163/269/1609 1147/1258/1617
f 1147/1258/1617 1163/269/1609 1161/269/1314
f 1158/163/1312 1160/1257/1610 1136/1187/1618
f 1160/1257/1610 1159/163/1611 1135/182/1619
f 1159/163/1611 1157/163/1489 1133/182/1620
f 1130/1187/1370 1154/163/1274 1156/163/1612
f 1132/1259/1621 1156/163/1612 1155/163/1613
f 1155/163/1613 1153/163/1311 1129/1187/1379
f 1150/267/1313 1152/267/1614 1139/265/1496
f 1152/267/1614 1151/267/1615 1140/1199/1498
f 1151/267/1615 1149/267/1487 1138/265/1490
f 1141/265/1376 1146/267/1372 1148/267/1616
f 1143/1199/1499 1148/267/1616 1147/1258/1617
f 1144/265/1501 1147/1258/1617 1145/267/1375
f 1134/1187/1310 1136/1187/1618 1123/1200/1503
f 1136/1187/1618 1135/182/1619 1124/1202/1505
f 1135/182/1619 1133/182/1620 1122/1180/1493
f 1130/1187/1370 1132/1259/1621 1127/1203/1508
f 1132/1259/1621 1131/182/1622 1128/1260/1623
f 1128/1260/1623 1131/182/1622 1129/1187/1379
f 1064/182/1488 1063/198/1492 1122/1180/1493
f 1461/1261/1624 1473/90/81 1381/91/82
f 1674/88/79 1377/246/74 1379/1263/1625
f 1676/1264/1626 1379/1263/1625 1380/1265/1627
f 1675/1266/1628 1380/1265/1627 1378/1267/1629
f 1385/110/100 1387/1269/1631 1672/1268/1630
f 1387/1269/1631 1388/1271/1633 1671/1270/1632
f 1388/1271/1633 1386/1802/68 1669/1/1
f 1666/89/80 1674/88/79 1676/1264/1626
f 1668/1272/1634 1676/1264/1626 1675/1266/1628
f 1667/1273/1635 1675/1266/1628 1673/243/216
f 1670/288/98 1672/1268/1630 1660/1274/1636
f 1672/1268/1630 1671/1270/1632 1659/1275/1637
f 1671/1270/1632 1669/1/1 1657/75/67
f 1654/96/87 1666/89/80 1668/1272/1634
f 1656/1276/1638 1668/1272/1634 1667/1273/1635
f 1655/1277/1639 1667/1273/1635 1665/1278/83
f 1658/286/254 1660/1274/1636 1652/1279/1640
f 1660/1274/1636 1659/1275/1637 1651/1280/1641
f 1659/1275/1637 1657/75/67 1649/70/62
f 1646/101/91 1654/100/87 1656/1276/1638
f 1648/1281/1642 1656/1276/1638 1655/1277/1639
f 1647/1282/1643 1655/1277/1639 1653/1283/88
f 1650/284/252 1652/1279/1640 1644/1284/1644
f 1652/1279/1640 1651/1280/1641 1643/1285/1645
f 1651/1280/1641 1649/70/62 1641/67/60
f 1638/107/97 1646/101/91 1648/1281/1642
f 1640/1286/1646 1648/1281/1642 1647/1282/1643
f 1639/1287/1647 1647/1282/1643 1645/104/94
f 1642/282/250 1644/1284/1644 1632/1288/1648
f 1644/1284/1644 1643/1285/1645 1631/1289/1649
f 1643/1285/1645 1641/67/60 1629/65/57
f 1638/114/97 1640/1286/1646 1628/1290/1650
f 1640/1286/1646 1639/1287/1647 1627/1291/1651
f 1639/1287/1647 1637/116/101 1625/122/110
f 1622/277/246 1630/280/248 1632/1288/1648
f 1624/1292/1652 1632/1288/1648 1631/1289/1649
f 1623/1293/1653 1631/1289/1649 1629/63/57
f 1626/113/103 1628/1290/1650 1620/1294/1654
f 1628/1290/1650 1627/1291/1651 1619/1295/1655
f 1627/1291/1651 1625/122/110 1617/130/117
f 1614/278/244 1622/277/246 1624/1292/1652
f 1616/1296/1656 1624/1292/1652 1623/1293/1653
f 1615/1297/1657 1623/1293/1653 1621/60/55
f 1618/125/105 1620/1294/1654 1612/1299/1658
f 1620/1294/1654 1619/1295/1655 1611/1300/1659
f 1619/1295/1655 1617/130/117 1609/135/121
f 1602/275/242 1614/274/244 1616/1296/1656
f 1604/1301/1660 1616/1296/1656 1615/1297/1657
f 1603/1302/1661 1615/1297/1657 1613/57/53
f 1610/133/111 1612/1299/1658 1600/1303/1662
f 1612/1299/1658 1611/1300/1659 1599/1304/1663
f 1611/1300/1659 1609/135/121 1597/141/127
f 1594/270/240 1602/272/242 1604/1301/1660
f 1596/1305/1664 1604/1301/1660 1603/1302/1661
f 1595/1306/1665 1603/1302/1661 1601/55/51
f 1598/131/118 1600/1303/1662 1592/1307/1666
f 1600/1303/1662 1599/1304/1663 1591/1308/1667
f 1599/1304/1663 1597/141/127 1589/1309/133
f 1586/268/238 1594/270/240 1596/1305/1664
f 1588/1310/1668 1596/1305/1664 1595/1306/1665
f 1587/1311/1669 1595/1306/1665 1593/53/49
f 1590/144/122 1592/1307/1666 1584/1312/1670
f 1592/1307/1666 1591/1308/1667 1583/1313/1671
f 1591/1308/1667 1589/148/133 1581/153/137
f 1574/266/236 1586/268/238 1588/1310/1668
f 1576/1314/1672 1588/1310/1668 1587/1311/1669
f 1575/1315/1673 1587/1311/1669 1585/51/47
f 1582/151/128 1584/1312/1670 1572/1316/1674
f 1584/1312/1670 1583/1313/1671 1571/1317/1675
f 1583/1313/1671 1581/153/137 1569/1318/143
f 1566/264/234 1574/266/236 1576/1314/1672
f 1568/1319/1676 1576/1314/1672 1575/1315/1673
f 1567/1320/1677 1575/1315/1673 1573/49/45
f 1570/149/134 1572/1316/1674 1564/1322/1678
f 1572/1316/1674 1571/1317/1675 1563/1323/1679
f 1571/1317/1675 1569/159/143 1561/166/150
f 1558/261/232 1566/264/234 1568/1319/1676
f 1560/1324/1680 1568/1319/1676 1567/1320/1677
f 1559/1325/1681 1567/1320/1677 1565/47/43
f 1562/154/138 1564/1322/1678 1556/1326/1682
f 1564/1322/1678 1563/1323/1679 1555/1327/1683
f 1563/1323/1679 1561/166/150 1553/170/154
f 1546/262/230 1558/261/232 1560/1324/1680
f 1548/1328/1684 1560/1324/1680 1559/1325/1681
f 1547/1329/1685 1559/1325/1681 1557/45/41
f 1554/160/144 1556/1326/1682 1544/1331/1686
f 1556/1326/1682 1555/1327/1683 1543/1332/1687
f 1555/1327/1683 1553/170/154 1541/177/160
f 1538/257/228 1546/259/230 1548/1328/1684
f 1540/1333/1688 1548/1328/1684 1547/1329/1685
f 1539/1334/1689 1547/1329/1685 1545/42/39
f 1542/173/151 1544/1331/1686 1536/1336/1690
f 1544/1331/1686 1543/1332/1687 1535/1337/1691
f 1543/1332/1687 1541/177/160 1533/1338/166
f 1530/255/226 1538/257/228 1540/1333/1688
f 1532/1339/1692 1540/1333/1688 1539/1334/1689
f 1531/1340/1693 1539/1334/1689 1537/40/37
f 1534/180/155 1536/1336/1690 1528/1341/1694
f 1536/1336/1690 1535/1337/1691 1527/1342/1695
f 1535/1337/1691 1533/184/166 1525/1343/170
f 1518/253/224 1530/255/226 1532/1339/1692
f 1520/1344/1696 1532/1339/1692 1531/1340/1693
f 1519/1345/1697 1531/1340/1693 1529/37/35
f 1526/178/161 1528/1341/1694 1516/1346/1698
f 1528/1341/1694 1527/1342/1695 1515/1347/1699
f 1527/1342/1695 1525/188/170 1513/193/175
f 1510/250/222 1518/253/224 1520/1344/1696
f 1512/1348/1700 1520/1344/1696 1519/1345/1697
f 1511/1349/1701 1519/1345/1697 1517/35/33
f 1514/185/167 1516/1346/1698 1508/1350/1702
f 1516/1346/1698 1515/1347/1699 1507/1351/1703
f 1515/1347/1699 1513/193/175 1505/1352/181
f 1502/251/220 1510/250/222 1512/1348/1700
f 1504/1353/1704 1512/1348/1700 1511/1349/1701
f 1503/1354/1705 1511/1349/1701 1509/32/31
f 1506/196/171 1508/1350/1702 1500/1355/1706
f 1508/1350/1702 1507/1351/1703 1499/1356/1707
f 1507/1351/1703 1505/200/181 1497/202/183
f 1490/204/185 1502/248/220 1504/1353/1704
f 1492/1357/1708 1504/1353/1704 1503/1354/1705
f 1491/1358/1709 1503/1354/1705 1501/30/29
f 1498/194/176 1500/1355/1706 1488/1359/1710
f 1500/1355/1706 1499/1356/1707 1487/1360/1711
f 1499/1356/1707 1497/202/183 1485/1361/1712
f 1482/205/186 1490/204/185 1492/1357/1708
f 1484/1362/1713 1492/1357/1708 1491/1358/1709
f 1483/1363/1714 1491/1358/1709 1489/28/27
f 1478/85/76 1486/103/93 1488/1359/1710
f 1480/1365/1716 1488/1359/1710 1487/1360/1711
f 1479/1366/1717 1487/1360/1711 1485/1367/1712
f 1482/210/186 1484/1362/1713 1476/1368/1718
f 1484/1362/1713 1483/1363/1714 1475/1369/1719
f 1483/1363/1714 1481/1364/1715 1473/90/81
f 1470/86/77 1478/85/76 1480/1365/1716
f 1472/1370/1720 1480/1365/1716 1479/1366/1717
f 1471/1371/1721 1479/1366/1717 1477/25/24
f 1474/209/189 1476/1368/1718 1464/1372/1722
f 1476/1368/1718 1475/1369/1719 1463/1373/1723
f 1475/1369/1719 1473/90/81 1461/1261/1624
f 1458/120/108 1470/86/77 1472/1370/1720
f 1460/1374/1724 1472/1370/1720 1471/1371/1721
f 1459/1375/1725 1471/1371/1721 1469/23/22
f 1462/217/192 1464/1372/1722 1456/1376/1726
f 1464/1372/1722 1463/1373/1723 1455/1377/1727
f 1463/1373/1723 1461/1261/1624 1453/206/187
f 1450/139/125 1458/120/108 1460/1374/1724
f 1452/1378/1728 1460/1374/1724 1459/1375/1725
f 1451/1379/1729 1459/1375/1725 1457/21/20
f 1454/164/148 1456/1376/1726 1448/1380/1730
f 1456/1376/1726 1455/1377/1727 1447/1381/1731
f 1455/1377/1727 1453/1807/187 1445/156/140
f 1442/221/198 1450/139/125 1452/1378/1728
f 1444/1382/1732 1452/1378/1728 1451/1379/1729
f 1443/1383/1733 1451/1379/1729 1449/18/17
f 1446/162/146 1448/1380/1730 1436/1384/1734
f 1448/1380/1730 1447/1381/1731 1435/1385/1735
f 1447/1381/1731 1445/1805/140 1433/16/15
f 1430/226/202 1442/221/198 1444/1382/1732
f 1432/1386/1736 1444/1382/1732 1443/1383/1733
f 1431/1387/1737 1443/1383/1733 1441/1388/130
f 1434/181/163 1436/1384/1734 1428/1389/1738
f 1436/1384/1734 1435/1385/1735 1427/1390/1739
f 1435/1385/1735 1433/1804/15 1425/14/13
f 1422/229/204 1430/228/202 1432/1386/1736
f 1424/1391/1740 1432/1386/1736 1431/1387/1737
f 1423/1392/1741 1431/1387/1737 1429/1393/157
f 1426/197/178 1428/1389/1738 1420/1394/1742
f 1428/1389/1738 1427/1390/1739 1419/1395/1743
f 1427/1390/1739 1425/1803/13 1417/12/11
f 1414/234/208 1422/233/204 1424/1391/1740
f 1416/1396/1744 1424/1391/1740 1423/1392/1741
f 1415/1397/1745 1423/1392/1741 1421/191/173
f 1418/224/190 1420/1394/1742 1408/1398/1746
f 1420/1394/1742 1419/1395/1743 1407/1399/1747
f 1419/1395/1743 1417/12/11 1405/10/9
f 1402/238/212 1414/234/208 1416/1396/1744
f 1404/1400/1748 1416/1396/1744 1415/1397/1745
f 1403/1401/1749 1415/1397/1745 1413/1402/113
f 1406/236/199 1408/1398/1746 1400/1403/1750
f 1408/1398/1746 1407/1399/1747 1399/1404/1751
f 1407/1399/1747 1405/10/9 1397/7/7
f 1394/82/73 1402/238/212 1404/1400/1748
f 1396/1405/1752 1404/1400/1748 1403/1401/1749
f 1395/1406/1753 1403/1401/1749 1401/1407/195
f 1398/235/209 1400/1403/1750 1392/1408/1754
f 1400/1403/1750 1399/1404/1751 1391/1409/1755
f 1399/1404/1751 1397/7/7 1389/4/4
f 1377/83/74 1394/82/73 1396/1405/1752
f 1379/1410/1625 1396/1405/1752 1395/1406/1753
f 1380/1411/1627 1395/1406/1753 1393/1412/205
f 1390/242/215 1392/1408/1754 1387/1414/1631
f 1392/1408/1754 1391/1409/1755 1388/1415/1633
f 1391/1409/1755 1389/1806/4 1386/77/68
f 1758/3/3 1661/2/2 1663/1416/1756
f 1760/1417/1757 1663/1416/1756 1664/1418/1758
f 1759/1419/1759 1664/1418/1758 1662/1420/72
f 1661/78/2 1633/6/6 1635/1421/1760
f 1663/1422/1756 1635/1421/1760 1636/1423/1761
f 1664/1424/1758 1636/1423/1761 1634/239/213
f 1633/6/6 1605/5/5 1607/1425/1762
f 1635/1421/1760 1607/1425/1762 1608/1426/1763
f 1636/1423/1761 1608/1426/1763 1606/1427/211
f 1605/9/5 1577/8/8 1579/1428/1764
f 1607/1425/1762 1579/1428/1764 1580/1429/1765
f 1608/1426/1763 1580/1429/1765 1578/1430/207
f 1577/8/8 1549/11/10 1551/1431/1766
f 1579/1428/1764 1551/1431/1766 1552/1432/1767
f 1580/1429/1765 1552/1432/1767 1550/227/203
f 1549/11/10 1521/13/12 1523/1433/1768
f 1551/1431/1766 1523/1433/1768 1524/1434/1769
f 1552/1432/1767 1524/1434/1769 1522/225/201
f 1521/13/12 1493/15/14 1495/1435/1770
f 1523/1433/1768 1495/1435/1770 1496/1436/1771
f 1524/1434/1769 1496/1436/1771 1494/220/197
f 1493/15/14 1465/17/16 1467/1437/1772
f 1495/1435/1770 1467/1437/1772 1468/1438/1773
f 1496/1436/1771 1468/1438/1773 1466/138/124
f 1465/17/16 1437/157/141 1439/1439/1774
f 1467/1437/1772 1439/1439/1774 1440/1440/1775
f 1468/1438/1773 1440/1440/1775 1438/119/107
f 1437/208/141 1409/207/188 1411/1441/1776
f 1439/1439/1774 1411/1441/1776 1412/1442/1777
f 1440/1440/1775 1412/1442/1777 1410/84/75
f 1409/1262/188 1381/91/82 1383/1443/1778
f 1411/1441/1776 1383/1443/1778 1384/1444/1779
f 1412/1442/1777 1384/1444/1779 1382/102/92
f 1381/91/82 1677/27/26 1679/1445/1780
f 1383/1443/1778 1679/1445/1780 1680/1446/1781
f 1384/1444/1779 1680/1446/1781 1678/1447/1782
f 1681/29/28 1683/1448/1783 1679/1445/1780
f 1683/1448/1783 1684/1449/1784 1680/1446/1781
f 1684/1449/1784 1682/201/182 1678/1447/1782
f 1685/31/30 1687/1450/1785 1683/1448/1783
f 1687/1450/1785 1688/1451/1786 1684/1449/1784
f 1688/1451/1786 1686/195/177 1682/201/182
f 1689/33/32 1691/1452/1787 1687/1450/1785
f 1691/1452/1787 1692/1453/1788 1688/1451/1786
f 1692/1453/1788 1690/190/172 1686/195/177
f 1693/36/34 1695/1454/1789 1691/1452/1787
f 1695/1454/1789 1696/1455/1790 1692/1453/1788
f 1696/1455/1790 1694/186/168 1690/190/172
f 1697/38/36 1699/1456/1791 1695/1454/1789
f 1699/1456/1791 1700/1457/1792 1696/1455/1790
f 1700/1457/1792 1698/179/162 1694/186/168
f 1701/41/38 1703/1458/1793 1699/1456/1791
f 1703/1458/1793 1704/1459/1794 1700/1457/1792
f 1704/1459/1794 1702/172/156 1698/179/162
f 1705/43/40 1707/1460/1795 1703/1458/1793
f 1707/1460/1795 1708/1461/1796 1704/1459/1794
f 1708/1461/1796 1706/168/152 1702/172/156
f 1709/46/42 1711/1462/1797 1707/1460/1795
f 1711/1462/1797 1712/1463/1798 1708/1461/1796
f 1712/1463/1798 1710/161/145 1706/168/152
f 1713/48/44 1715/1464/1799 1711/1462/1797
f 1715/1464/1799 1716/1465/1800 1712/1463/1798
f 1716/1465/1800 1714/155/139 1710/161/145
f 1717/50/46 1719/1466/1801 1715/1464/1799
f 1719/1466/1801 1720/1467/1802 1716/1465/1800
f 1720/1467/1802 1718/150/135 1714/155/139
f 1721/52/48 1723/1468/1803 1719/1466/1801
f 1723/1468/1803 1724/1469/1804 1720/1467/1802
f 1724/1469/1804 1722/143/129 1718/150/135
f 1725/54/50 1727/1470/1805 1723/1468/1803
f 1727/1470/1805 1728/1471/1806 1724/1469/1804
f 1728/1471/1806 1726/137/123 1722/143/129
f 1729/56/52 1731/1472/1807 1727/1470/1805
f 1731/1472/1807 1732/1473/1808 1728/1471/1806
f 1732/1473/1808 1730/132/119 1726/137/123
f 1733/58/54 1735/1474/1809 1731/1472/1807
f 1735/1474/1809 1736/1475/1810 1732/1473/1808
f 1736/1475/1810 1734/124/112 1730/132/119
f 1737/61/56 1739/1476/1811 1735/1474/1809
f 1739/1476/1811 1740/1477/1812 1736/1475/1810
f 1740/1477/1812 1738/118/106 1734/124/112
f 1741/64/58 1743/1478/1813 1739/1476/1811
f 1743/1478/1813 1744/1479/1814 1740/1477/1812
f 1744/1479/1814 1742/106/96 1738/118/106
f 1741/64/58 1745/66/59 1747/1480/1815
f 1743/1478/1813 1747/1480/1815 1748/1481/1816
f 1744/1479/1814 1748/1481/1816 1746/99/90
f 1745/69/59 1749/68/61 1751/1482/1817
f 1747/1480/1815 1751/1482/1817 1752/1483/1818
f 1748/1481/1816 1752/1483/1818 1750/1484/86
f 1749/72/61 1753/71/63 1755/1485/1819
f 1751/1482/1817 1755/1485/1819 1756/1486/1820
f 1752/1483/1818 1756/1486/1820 1754/87/78
f 1753/71/63 1758/76/3 1760/1417/1757
f 1755/1485/1819 1760/1417/1757 1759/1419/1759
f 1756/1486/1820 1759/1419/1759 1757/245/218
f 1378/1413/1629 1393/1412/205 3/231/206
f 14/198/257 12/212/257 1798/212/1821
f 30/252/257 1861/252/1847 1868/254/1823
f 48/271/257 1924/271/1848 1931/273/1824
f 4/241/257 1763/241/1924 1777/73/1825
f 8/74/257 6/73/257 1777/73/1825
f 22/214/257 1833/214/1850 1840/203/1827
f 40/263/257 1896/263/1851 1903/265/1828
f 58/281/257 1959/281/1852 1966/283/1829
f 16/182/257 14/198/257 1805/198/1822
f 32/254/257 1868/254/1823 1875/256/1831
f 50/273/257 1931/273/1824 1938/276/1832
f 64/287/257 1980/287/1843 1769/109/1833
f 24/203/257 1840/203/1827 1847/247/1834
f 42/265/257 1903/265/1828 1910/267/1835
f 60/283/257 1966/283/1829 1973/285/1836
f 18/163/257 16/182/257 1812/182/1830
f 34/256/257 1875/256/1831 1882/258/1838
f 54/279/257 52/276/257 1938/276/1832
f 8/74/257 1784/74/1826 1791/223/1840
f 26/247/257 1847/247/1834 1854/249/1841
f 44/267/257 1910/267/1835 1917/269/1842
f 64/287/257 62/285/257 1973/285/1836
f 20/216/257 18/163/257 1819/163/1837
f 38/260/257 36/258/257 1882/258/1838
f 54/279/257 1945/279/1839 1952/1120/1846
f 10/223/257 1791/1215/1840 1798/212/1821
f 30/252/257 28/249/257 1854/249/1841
f 46/269/257 1917/269/1842 1924/271/1848
f 866/1149/64 865/241/64 1986/241/1053
f 22/214/257 20/216/257 1826/216/1844
f 38/260/257 1889/260/1845 1896/263/1851
f 56/1120/257 1952/1120/1846 1959/281/1852
f 871/198/64 872/182/64 2034/182/1853
f 873/163/64 2041/163/1864 2034/182/1853
f 1958/1487/1855 2183/1701/2256 2188/1488/1856
f 1867/1490/1858 2091/1490/2182 2099/1491/1859
f 1776/1492/1861 2001/1649/2109 2006/1493/1862
f 874/216/64 2048/216/1865 2041/163/1864
f 875/214/64 2055/214/1875 2048/216/1865
f 1971/1495/1866 1965/1632/2079 2190/1496/1867
f 1880/1498/1869 1874/1588/2009 2098/1499/1870
f 1783/1500/1872 2008/1651/2115 2013/1501/1873
f 876/203/64 2062/203/1877 2055/214/1875
f 876/203/64 877/247/64 2069/247/1876
f 1972/1503/1878 2197/1706/2267 2202/1504/1879
f 1881/1506/1881 2105/1679/2193 2113/1507/1882
f 1790/1508/1884 2015/1654/2121 2022/1509/1885
f 878/249/64 2076/249/1887 2069/247/1876
f 879/252/64 2083/252/1898 2076/249/1887
f 1979/1510/1888 2204/1709/2273 1993/1511/1889
f 1894/1513/1891 1888/1595/2020 2112/1514/1892
f 1797/1515/1894 2021/1656/2126 2029/1516/1895
f 879/252/64 880/254/64 2090/254/1897
f 881/256/64 2097/256/1905 2090/254/1897
f 1901/1518/1899 1895/1599/2026 2120/1519/1900
f 1804/1520/1902 2028/1658/2132 2036/1521/1903
f 882/258/64 2104/258/1906 2097/256/1905
f 883/260/64 2111/260/1913 2104/258/1906
f 1902/1522/1907 2127/1685/2210 2132/1523/1908
f 1817/1525/1910 1811/1557/1960 2035/1526/1911
f 884/263/64 2119/263/1914 2111/260/1913
f 885/265/64 2126/265/1082 2119/263/1914
f 1909/1527/1915 2134/1688/2216 2139/1528/1916
f 1818/1529/1918 2042/1662/2143 2050/1530/1919
f 1764/241/1921 1765/241/2713 1767/1532/1922
f 1766/1533/1923 1765/241/2713 1764/1534/1921
f 1763/241/1924 1767/1532/2274 1765/241/1925
f 1771/1536/1927 1772/1645/2714 1774/1149/1928
f 1769/109/1833 1773/1831/2305 1772/1537/1929
f 1774/109/1928 1772/109/2714 1773/1539/1931
f 1778/73/1932 1779/73/2715 1781/1540/1933
f 1780/1541/1934 1779/73/2715 1778/73/1932
f 1777/73/1825 1781/1540/2275 1779/73/1935
f 1785/74/1937 1786/74/2716 1788/1543/1938
f 1787/1544/1939 1786/74/2716 1785/74/1937
f 1784/74/1826 1788/1832/2276 1786/74/1940
f 1792/223/1942 1793/223/2717 1795/1546/1943
f 1794/1547/1944 1793/223/2717 1792/223/1942
f 1791/223/1840 1795/1652/2277 1793/223/1945
f 1799/212/1947 1800/212/2718 1802/1549/1948
f 1801/1550/1949 1800/212/2718 1799/212/1947
f 1798/212/1821 1802/1549/2278 1800/212/1950
f 1806/198/1952 1807/198/2719 1809/1552/1953
f 1808/1553/1954 1807/198/2719 1806/198/1952
f 1805/198/1822 1809/1552/2279 1807/198/1955
f 1813/182/1957 1814/182/2720 1816/1555/1958
f 1815/1556/1959 1814/182/2720 1813/182/1957
f 1812/182/1830 1816/1555/2280 1814/182/1961
f 1820/163/1963 1821/163/2721 1823/1559/1964
f 1822/1560/1965 1821/163/2721 1820/163/1963
f 1819/163/1837 1823/1559/2281 1821/163/1966
f 1827/216/1968 1828/216/2722 1830/1562/1969
f 1829/1563/1970 1828/216/2722 1827/216/1968
f 1826/216/1844 1830/1562/2282 1828/216/1971
f 1834/214/1973 1835/214/2723 1837/1565/1974
f 1836/1566/1975 1835/214/2723 1834/214/1973
f 1833/214/1850 1837/1565/2283 1835/214/1977
f 1841/203/1979 1842/203/2724 1844/1569/1980
f 1843/1570/1981 1842/203/2724 1841/203/1979
f 1840/203/1827 1844/1569/2284 1842/203/1982
f 1848/247/1984 1849/247/2725 1851/1572/1985
f 1850/1573/1986 1849/247/2725 1848/247/1984
f 1847/247/1834 1851/1572/2285 1849/247/1987
f 1855/249/1989 1856/249/2726 1858/1575/1990
f 1857/1576/1991 1856/249/2726 1855/249/1989
f 1854/249/1841 1858/1575/2286 1856/249/1993
f 1862/252/1995 1863/252/2727 1865/1579/1996
f 1864/1580/1997 1863/252/2727 1862/252/1995
f 1861/252/1847 1865/1675/2287 1863/252/1999
f 1869/254/2001 1870/254/2728 1872/1583/2002
f 1871/1584/2003 1870/254/2728 1869/254/2001
f 1868/254/1823 1872/1583/2288 1870/254/2004
f 1876/256/2006 1877/256/2729 1879/1586/2007
f 1878/1587/2008 1877/256/2729 1876/256/2006
f 1875/256/1831 1879/1586/2289 1877/256/2010
f 1883/258/2012 1884/258/2730 1886/1590/2013
f 1885/1591/2014 1884/258/2730 1883/258/2012
f 1882/258/1838 1886/1590/2290 1884/258/2015
f 1890/260/2017 1891/260/2731 1893/1593/2018
f 1892/1594/2019 1891/260/2731 1890/260/2017
f 1889/260/1845 1893/1681/2291 1891/260/2021
f 1897/263/2023 1898/263/2732 1900/1597/2024
f 1899/1598/2025 1898/263/2732 1897/263/2023
f 1896/263/1851 1900/1833/2292 1898/263/2027
f 1904/265/2029 1905/265/2733 1907/1601/2030
f 1906/1602/2031 1905/265/2733 1904/265/2029
f 1903/265/1828 1907/1601/2293 1905/265/2032
f 1911/267/2034 1912/267/2734 1914/1604/2035
f 1913/1605/2036 1912/267/2734 1911/267/2034
f 1910/267/1835 1914/1604/2294 1912/267/2037
f 1918/269/2039 1919/269/2735 1921/1607/2040
f 1920/1608/2041 1919/269/2735 1918/269/2039
f 1917/269/1842 1921/1607/2295 1919/269/2043
f 1925/271/2045 1926/271/2736 1928/1611/2046
f 1927/1612/2047 1926/271/2736 1925/271/2045
f 1924/271/1848 1928/1611/2296 1926/271/2049
f 1932/273/2051 1933/273/2737 1935/1615/2052
f 1934/1616/2053 1933/273/2737 1932/273/2051
f 1931/273/1824 1935/1615/2297 1933/273/2054
f 1939/276/2056 1940/276/2738 1942/1618/2057
f 1941/1619/2058 1940/276/2738 1939/276/2056
f 1938/276/1832 1942/1618/2298 1940/276/2059
f 1946/279/2061 1947/279/2739 1949/1621/2062
f 1948/1622/2063 1947/279/2739 1946/279/2061
f 1945/279/1839 1949/1834/2299 1947/279/2064
f 1953/1120/2066 1954/1120/2740 1956/1624/2067
f 1955/1625/2068 1954/1120/2740 1953/1120/2066
f 1952/1120/1846 1956/1624/2300 1954/1120/2069
f 1960/281/2071 1961/281/2741 1963/1627/2072
f 1962/1628/2073 1961/281/2741 1960/281/2071
f 1959/281/1852 1963/1627/2301 1961/281/2074
f 1967/283/2076 1968/283/2742 1970/1630/2077
f 1969/1631/2078 1968/283/2742 1967/283/2076
f 1966/283/1829 1970/1630/2302 1968/283/2080
f 1974/285/2082 1975/1636/2743 1977/1634/2083
f 1976/1635/2084 1975/1636/2743 1974/285/2082
f 1973/285/1836 1977/1634/2303 1975/1636/2085
f 1981/287/2087 1982/287/2744 1984/1638/2088
f 1983/1639/2089 1982/287/2744 1981/287/2087
f 1980/287/1843 1984/1638/2304 1982/287/2090
f 1988/1532/2092 1989/241/2745 1991/1534/2093
f 1986/241/1053 1990/1533/2746 1989/241/2094
f 1991/241/2093 1989/241/2745 1990/1642/2096
f 1995/1149/2098 1996/1149/2747 1998/1536/2099
f 1997/1644/2101 1996/1835/2747 1995/109/2098
f 1994/1149/1849 1998/1536/2748 1996/1645/2102
f 2002/1540/2104 2003/73/2749 2005/73/2105
f 2000/73/66 2004/1648/2306 2003/73/2106
f 2005/73/2105 2003/73/2749 2004/1648/2108
f 2009/1543/2110 2010/74/2750 2012/74/2111
f 2007/74/65 2011/1836/2307 2010/74/2112
f 2012/74/2111 2010/74/2750 2011/1544/2114
f 2016/1652/2116 2017/223/2751 2019/223/2117
f 2014/223/1036 2018/1547/2752 2017/223/2118
f 2019/223/2117 2017/223/2751 2018/1547/2120
f 2020/212/1032 2023/1837/2308 2024/212/2122
f 2025/212/2124 2024/212/2753 2023/1550/2125
f 2026/1549/2127 2024/212/2753 2025/212/2124
f 2027/198/1854 2030/1553/2754 2031/198/2128
f 2032/198/2130 2031/198/2755 2030/1553/2131
f 2033/1659/2133 2031/198/2755 2032/198/2130
f 2034/182/1853 2037/1556/2309 2038/182/2134
f 2039/182/2136 2038/182/2756 2037/1556/2137
f 2040/1555/2138 2038/182/2756 2039/182/2136
f 2041/163/1864 2044/1560/2310 2045/163/2139
f 2046/163/2141 2045/163/2757 2044/1560/2142
f 2047/1559/2144 2045/163/2757 2046/163/2141
f 2048/216/1865 2051/1563/2758 2052/216/2145
f 2053/216/2147 2052/216/2759 2051/1563/2148
f 2054/1562/2150 2052/216/2759 2053/216/2147
f 2055/214/1875 2058/1566/2760 2059/214/2151
f 2060/214/2153 2059/214/2761 2058/1566/2154
f 2061/1666/2155 2059/214/2761 2060/214/2153
f 2062/203/1877 2065/1570/2762 2066/203/2156
f 2067/203/2158 2066/203/2763 2065/1668/2159
f 2068/1569/2161 2066/203/2763 2067/203/2158
f 2069/247/1876 2072/1573/2764 2073/247/2162
f 2074/247/2164 2073/247/2765 2072/1670/2165
f 2075/1672/2167 2073/247/2765 2074/247/2164
f 2076/249/1887 2079/1576/2766 2080/249/2168
f 2081/249/2170 2080/249/2767 2079/1576/2171
f 2082/1575/2172 2080/249/2767 2081/249/2170
f 2083/252/1898 2086/1580/2768 2087/252/2173
f 2088/252/2175 2087/252/2769 2086/1580/2176
f 2089/1675/2177 2087/252/2769 2088/252/2175
f 2090/254/1897 2093/1584/2311 2094/254/2178
f 2095/254/2180 2094/254/2770 2093/1584/2181
f 2096/1583/2183 2094/254/2770 2095/254/2180
f 2097/256/1905 2100/1587/2312 2101/256/2184
f 2102/256/2186 2101/256/2771 2100/1587/2187
f 2103/1586/2188 2101/256/2771 2102/256/2186
f 2104/258/1906 2107/1591/2772 2108/258/2189
f 2109/258/2191 2108/258/2773 2107/1591/2192
f 2110/1590/2194 2108/258/2773 2109/258/2191
f 2111/260/1913 2114/1838/2313 2115/260/2195
f 2116/260/2197 2115/260/2774 2114/1594/2198
f 2117/1681/2199 2115/260/2774 2116/260/2197
f 2121/1597/2200 2122/263/2775 2124/263/2201
f 2119/263/1914 2123/1598/2776 2122/263/2202
f 2124/263/2201 2122/263/2775 2123/1598/2204
f 2128/1601/2205 2129/265/2777 2131/265/2206
f 2126/265/1082 2130/1684/2314 2129/265/2207
f 2131/265/2206 2129/265/2777 2130/1684/2209
f 2135/1604/2211 2136/267/2778 2138/267/2212
f 2133/267/1081 2137/1605/2315 2136/267/2213
f 2138/267/2212 2136/267/2778 2137/1687/2215
f 2142/1607/2217 2143/269/2779 2145/269/2218
f 2140/269/1074 2144/1608/2316 2143/269/2219
f 2145/269/2218 2143/269/2779 2144/1608/2221
f 2149/1611/2222 2150/271/2780 2152/271/2223
f 2147/271/1073 2151/1612/2317 2150/271/2224
f 2152/271/2223 2150/271/2780 2151/1612/2226
f 2156/1615/2227 2157/273/2781 2159/273/2228
f 2154/273/1066 2158/1616/2318 2157/273/2229
f 2159/273/2228 2157/273/2781 2158/1616/2231
f 2163/1618/2233 2164/276/2782 2166/276/2234
f 2161/276/1065 2165/1839/2319 2164/276/2235
f 2166/276/2234 2164/276/2782 2165/1619/2237
f 2170/1621/2239 2171/279/2783 2173/279/2240
f 2168/279/1058 2172/1840/2784 2171/279/2241
f 2173/279/2240 2171/279/2783 2172/1622/2243
f 2177/1624/2245 2178/1120/2785 2180/1120/2246
f 2175/1120/1057 2179/1841/2320 2178/1120/2247
f 2180/1120/2246 2178/1120/2785 2179/1625/2249
f 2184/1627/2251 2185/281/2786 2187/281/2252
f 2182/281/1049 2186/1700/2321 2185/281/2253
f 2187/281/2252 2185/281/2786 2186/1700/2255
f 2191/1630/2257 2192/283/2787 2194/283/2258
f 2189/283/1047 2193/1703/2788 2192/283/2259
f 2194/283/2258 2192/283/2787 2193/1703/2261
f 2198/1704/2262 2199/1636/2789 2201/285/2263
f 2196/285/1037 2200/1842/2322 2199/1636/2264
f 2201/285/2263 2199/1636/2789 2200/1635/2266
f 2205/1638/2268 2206/287/2790 2208/287/2269
f 2203/287/1048 2207/1708/2791 2206/287/2270
f 2208/287/2269 2206/287/2790 2207/1708/2272
f 1763/241/1924 1769/1149/1833 1771/1536/1930
f 1771/1536/1927 1768/1110/1038 1761/1111/1040
f 1763/241/1924 1766/1533/1926 1781/1540/2275
f 1766/1533/1923 1762/1102/1026 1775/1104/1028
f 1777/73/1825 1780/1648/1936 1788/1543/2276
f 1780/1648/1934 1776/1492/1861 1782/1494/1863
f 1791/223/1840 1784/74/1826 1787/1544/1941
f 1787/1544/1939 1783/1500/1872 1789/1502/1874
f 1798/212/1821 1791/1215/1840 1794/1547/1946
f 1802/1549/1948 1794/1547/1944 1790/1508/1884
f 1798/212/1821 1801/1550/1951 1809/1552/2279
f 1801/1550/1949 1797/1515/1894 1803/1517/1896
f 1805/198/1822 1808/1553/1956 1816/1555/2280
f 1808/1553/1954 1804/1520/1902 1810/1521/1904
f 1819/163/1837 1812/182/1830 1815/1556/1962
f 1823/1559/1964 1815/1556/1959 1811/1557/1960
f 1819/163/1837 1822/1560/1967 1830/1562/2282
f 1822/1560/1965 1818/1529/1918 1824/1531/1920
f 1826/216/1844 1829/1563/1972 1837/1565/2283
f 1829/1563/1970 1825/1131/1075 1831/1133/1077
f 1833/214/1850 1836/1566/1978 1844/1569/2284
f 1844/1569/1980 1836/1566/1975 1832/1567/1976
f 1847/247/1834 1840/203/1827 1843/1570/1983
f 1851/1572/1985 1843/1570/1981 1839/1121/1059
f 1847/247/1834 1850/1573/1988 1858/1575/2286
f 1858/1575/1990 1850/1573/1986 1846/1116/1050
f 1861/252/1847 1854/249/1841 1857/1576/1994
f 1857/1576/1991 1853/1577/1992 1859/1112/1041
f 1868/254/1823 1861/252/1847 1864/1580/2000
f 1872/1583/2002 1864/1580/1997 1860/1581/1998
f 1875/256/1831 1868/254/1823 1871/1584/2005
f 1879/1586/2007 1871/1584/2003 1867/1490/1858
f 1882/258/1838 1875/256/1831 1878/1587/2011
f 1878/1587/2008 1874/1588/2009 1880/1498/1869
f 1889/260/1845 1882/258/1838 1885/1591/2016
f 1893/1681/2018 1885/1591/2014 1881/1506/1881
f 1896/263/1851 1889/260/1845 1892/1594/2022
f 1900/1597/2024 1892/1594/2019 1888/1595/2020
f 1903/265/1828 1896/263/1851 1899/1598/2028
f 1899/1598/2025 1895/1599/2026 1901/1518/1899
f 1910/267/1835 1903/265/1828 1906/1602/2033
f 1906/1602/2031 1902/1522/1907 1908/1524/1909
f 1917/269/1842 1910/267/1835 1913/1605/2038
f 1913/1605/2036 1909/1527/1915 1915/1528/1917
f 1924/271/1848 1917/269/1842 1920/1608/2044
f 1920/1608/2041 1916/1609/2042 1922/1134/1078
f 1931/273/1824 1924/271/1848 1927/1612/2050
f 1927/1612/2047 1923/1613/2048 1929/1128/1070
f 1931/273/1824 1934/1616/2055 1942/1618/2298
f 1934/1616/2053 1930/1123/1062 1936/1125/1064
f 1945/279/1839 1938/276/1832 1941/1619/2060
f 1941/1619/2058 1937/1118/1054 1943/1119/1056
f 1945/279/1839 1948/1622/2065 1956/1624/2300
f 1956/1624/2067 1948/1622/2063 1944/1114/1044
f 1959/281/1852 1952/1120/1846 1955/1625/2070
f 1963/1627/2072 1955/1625/2068 1951/1107/1033
f 1959/281/1852 1962/1628/2075 1970/1630/2302
f 1970/1630/2077 1962/1628/2073 1958/1487/1855
f 1966/283/1829 1969/1843/2081 1977/1634/2303
f 1977/1634/2083 1969/1843/2078 1965/1632/2079
f 1973/285/1836 1976/1635/2086 1984/1638/2304
f 1976/1635/2084 1972/1503/1878 1978/1505/1880
f 1980/287/1843 1983/1639/2091 1773/1710/2305
f 1773/1710/1931 1983/1639/2089 1979/1510/1888
f 1992/1110/2100 1998/1536/2099 1988/1532/2092
f 1988/1532/2095 1998/1536/2748 1994/1149/1849
f 1987/1643/2097 1990/1533/2096 2002/1540/2104
f 2002/1540/2107 1990/1533/2746 1986/241/1053
f 2006/1493/1862 2001/1649/2109 2004/1648/2108
f 2004/1648/2306 2000/73/66 2007/74/65
f 2008/1651/2115 2011/1544/2114 2016/1652/2116
f 2011/1544/2307 2007/74/65 2014/1215/1036
f 2015/1654/2121 2018/1547/2120 2026/1549/2127
f 2026/1549/2123 2018/1547/2752 2014/223/1036
f 2021/1656/2126 2023/1550/2125 2033/1552/2133
f 2023/1550/2308 2020/212/1032 2027/198/1854
f 2028/1658/2132 2030/1553/2131 2040/1555/2138
f 2040/1555/2135 2030/1553/2754 2027/198/1854
f 2035/1526/1911 2037/1556/2137 2047/1711/2144
f 2037/1556/2309 2034/182/1853 2041/163/1864
f 2050/1530/1919 2042/1662/2143 2044/1560/2142
f 2044/1560/2310 2041/163/1864 2048/216/1865
f 2049/1664/2149 2051/1563/2148 2061/1565/2155
f 2061/1565/2152 2051/1563/2758 2048/216/1865
f 2064/1126/1069 2056/1127/1068 2058/1566/2154
f 2068/1569/2157 2058/1566/2760 2055/214/1875
f 2063/1121/2160 2065/1570/2159 2075/1572/2167
f 2075/1572/2163 2065/1570/2762 2062/203/1877
f 2078/1117/1051 2070/1671/2166 2072/1573/2165
f 2082/1575/2169 2072/1573/2764 2069/247/1876
f 2085/1112/1043 2077/1113/1042 2079/1576/2171
f 2089/1675/2174 2079/1576/2766 2076/249/1887
f 2084/1106/1030 2086/1580/2176 2096/1583/2183
f 2096/1583/2179 2086/1580/2768 2083/252/1898
f 2099/1491/1859 2091/1490/2182 2093/1584/2181
f 2093/1584/2311 2090/254/1897 2097/256/1905
f 2106/1498/1871 2098/1499/1870 2100/1587/2187
f 2100/1587/2312 2097/256/1905 2104/258/1906
f 2105/1679/2193 2107/1591/2192 2117/1681/2199
f 2117/1681/2196 2107/1591/2772 2104/258/1906
f 2112/1514/1892 2114/1594/2198 2121/1597/2200
f 2114/1594/2313 2111/260/1913 2119/263/1914
f 2125/1518/1901 2120/1519/1900 2123/1598/2204
f 2128/1601/2208 2123/1598/2776 2119/263/1914
f 2132/1523/1908 2127/1685/2210 2130/1684/2209
f 2130/1684/2314 2126/265/1082 2133/267/1081
f 2134/1688/2216 2137/1605/2215 2142/1607/2217
f 2137/1605/2315 2133/267/1081 2140/269/1074
f 2146/1134/1080 2141/1135/1079 2144/1608/2221
f 2144/1608/2316 2140/269/1074 2147/271/1073
f 2148/1129/1071 2151/1612/2226 2156/1615/2227
f 2151/1612/2317 2147/271/1073 2154/273/1066
f 2155/1692/2232 2158/1616/2231 2163/1618/2233
f 2158/1616/2318 2154/273/1066 2161/276/1065
f 2162/1694/2238 2165/1619/2237 2170/1621/2239
f 2165/1619/2319 2161/276/1065 2168/279/1058
f 2169/1696/2244 2172/1622/2243 2177/1624/2245
f 2177/1624/2248 2172/1622/2784 2168/279/1058
f 2181/1108/1034 2176/1698/2250 2179/1625/2249
f 2179/1625/2320 2175/1120/1057 2182/281/1049
f 2183/1701/2256 2186/1700/2255 2191/1630/2257
f 2186/1700/2321 2182/281/1049 2189/283/1047
f 2190/1496/1867 2193/1703/2261 2198/1704/2262
f 2198/1704/2265 2193/1703/2788 2189/283/1047
f 2197/1706/2267 2200/1635/2266 2205/1638/2268
f 2200/1635/2322 2196/285/1037 2203/287/1048
f 2204/1709/2273 2207/1708/2272 1997/1712/2101
f 1997/1712/2103 2207/1708/2791 2203/287/1048
f 2013/1501/1873 2019/223/2117 1792/223/1942
f 2019/223/2117 2015/1654/2121 1790/1508/1884
f 1797/1515/1894 1799/212/1947 2025/212/2124
f 1799/212/1947 1796/1509/1886 2022/1509/1885
f 2078/1117/1051 2081/249/2170 1855/249/1989
f 2081/249/2170 2077/1113/1042 1853/1577/1992
f 1860/1581/1998 1862/252/1995 2088/252/2175
f 1862/252/1995 1859/1112/1041 2085/1112/1043
f 2139/1528/1916 2145/269/2218 1918/269/2039
f 2145/269/2218 2141/1135/1079 1916/1609/2042
f 1923/1613/2048 1925/271/2045 2152/271/2223
f 1925/271/2045 1922/1134/1078 2146/1134/1080
f 1993/1511/1889 1995/109/2098 1774/109/1928
f 1995/1149/2098 1992/1110/2100 1768/1110/1038
f 1762/1102/1026 1764/241/1921 1991/241/2093
f 1764/241/1921 1761/1111/1040 1985/1111/1039
f 2202/1504/1879 2208/287/2269 1981/287/2087
f 2208/287/2269 2204/1709/2273 1979/1510/1888
f 2050/1530/1919 2053/216/2147 1827/216/1968
f 2053/216/2147 2049/1664/2149 1825/1131/1075
f 1832/1567/1976 1834/214/1973 2060/214/2153
f 1834/214/1973 1831/1133/1077 2057/1132/1076
f 2113/1507/1882 2116/260/2197 1890/260/2017
f 2116/260/2197 2112/1514/1892 1888/1595/2020
f 1895/1599/2026 1897/263/2023 2124/263/2201
f 1897/263/2023 1894/1513/1891 2118/1513/1893
f 2174/1115/1045 2180/1120/2246 1953/1120/2066
f 2180/1120/2246 2176/1698/2250 1951/1107/1033
f 1958/1487/1855 1960/281/2071 2187/281/2252
f 1960/281/2071 1957/1109/1035 2181/1108/1034
f 1804/1520/1902 1806/198/1952 2032/198/2130
f 1806/198/1952 1803/1517/1896 2029/1516/1895
f 1867/1490/1858 1869/254/2001 2095/254/2180
f 1869/254/2001 1866/1105/1029 2092/1105/1031
f 1930/1123/1062 1932/273/2051 2159/273/2228
f 1932/273/2051 1929/1128/1070 2153/1130/1072
f 1776/1492/1861 1778/73/1932 2005/73/2105
f 1778/73/1932 1775/1104/1028 1999/1103/1027
f 1839/1121/1059 1841/203/1979 2067/203/2158
f 1841/203/1979 1838/1126/1067 2064/1126/1069
f 1902/1522/1907 1904/265/2029 2131/265/2206
f 1904/265/2029 1901/1518/1899 2125/1518/1901
f 1965/1632/2079 1967/283/2076 2194/283/2258
f 1967/283/2076 1964/1489/1857 2188/1488/1856
f 1811/1557/1960 1813/182/1957 2039/182/2136
f 1813/182/1957 1810/1521/1904 2036/1521/1903
f 1874/1588/2009 1876/256/2006 2102/256/2186
f 1876/256/2006 1873/1491/1860 2099/1491/1859
f 1937/1118/1054 1939/276/2056 2166/276/2234
f 1939/276/2056 1936/1125/1064 2160/1124/1063
f 1783/1500/1872 1785/74/1937 2012/74/2111
f 1785/74/1937 1782/1494/1863 2006/1493/1862
f 1846/1116/1050 1848/247/1984 2074/247/2164
f 1848/247/1984 1845/1122/1061 2071/1122/1060
f 1909/1527/1915 1911/267/2034 2138/267/2212
f 1911/267/2034 1908/1524/1909 2132/1523/1908
f 1972/1503/1878 1974/285/2082 2201/285/2263
f 1974/285/2082 1971/1495/1866 2195/1497/1868
f 1818/1529/1918 1820/163/1963 2046/163/2141
f 1820/163/1963 1817/1525/1910 2043/1525/1912
f 1881/1506/1881 1883/258/2012 2109/258/2191
f 2109/258/2191 1883/258/2012 1880/1498/1869
f 1944/1114/1044 1946/279/2061 2173/279/2240
f 1946/279/2061 1943/1119/1056 2167/1119/1055
f 2/1149/257 1769/1149/1833 1763/241/1924
f 2210/1715/2325 2209/1726/2391 2211/1186/2393
f 2211/1186/2393 2212/1732/2528 2213/1737/2534
f 2213/1737/2534 2214/1717/2540 2215/1716/2545
f 2215/1716/2545 2216/1741/2551 2217/1744/2554
f 2217/1744/2554 2218/1747/2558 2219/1185/2560
f 2219/1185/2560 2220/1751/2563 2221/1720/2567
f 2221/1720/2567 2222/1722/2571 2223/1725/2574
f 2223/1725/2574 2224/1728/2577 2225/1713/2323
f 2225/1713/2323 2226/1736/2451 2227/1184/2447
f 2227/1184/2447 2228/1739/2442 2229/1740/2438
f 2229/1740/2438 2230/1743/2434 2231/1746/2429
f 2231/1746/2429 2232/1749/2424 2233/1714/2324
f 2233/1714/2324 2234/1718/2412 2235/1721/2413
f 2235/1721/2413 2236/1724/2404 2237/1727/2394
f 2237/1727/2394 2238/1731/2525 2239/1734/2531
f 2239/1734/2531 2240/1738/2537 2210/1715/2325
f 2210/1715/2325 2211/1186/2393 2213/1737/2534
f 2213/1737/2534 2215/1716/2545 2217/1744/2554
f 2217/1744/2554 2219/1185/2560 2221/1720/2567
f 2221/1720/2567 2223/1725/2574 2225/1713/2323
f 2225/1713/2323 2227/1184/2447 2229/1740/2438
f 2229/1740/2438 2231/1746/2429 2233/1714/2324
f 2233/1714/2324 2235/1721/2413 2237/1727/2394
f 2237/1727/2394 2239/1734/2531 2210/1715/2325
f 2210/1715/2325 2213/1737/2534 2217/1744/2554
f 2217/1744/2554 2221/1720/2567 2225/1713/2323
f 2225/1713/2323 2229/1740/2438 2233/1714/2324
f 2233/1714/2324 2237/1727/2394 2210/1715/2325
f 2210/1715/2325 2217/1744/2554 2225/1713/2323
f 2247/1716/2326 2246/1717/2326 2438/1717/2326
f 2274/1718/2327 2273/1714/2389 2265/1714/2328
f 2275/1719/2330 2252/1751/2390 2253/1720/2331
f 2277/1721/2333 2274/1718/2327 2266/1718/2329
f 2276/1720/2332 2253/1720/2331 2254/1722/2335
f 2279/1724/2337 2277/1721/2333 2267/1721/2334
f 2278/1723/2336 2254/1722/2335 2255/1725/2339
f 2281/1715/2341 2242/1715/2368 2241/1726/2342
f 2283/1727/2344 2279/1724/2337 2268/1724/2338
f 2280/1725/2340 2255/1725/2339 2256/1728/2346
f 2282/1726/2343 2241/1726/2342 2243/1186/2348
f 2286/1731/2350 2283/1727/2344 2269/1727/2345
f 2287/1713/2352 2284/1729/2347 2256/1728/2346
f 2285/1730/2349 2243/1186/2348 2244/1732/2354
f 2289/1734/2356 2286/1731/2350 2270/1731/2351
f 2290/1735/2358 2287/1713/2352 2257/1713/2353
f 2288/1733/2355 2244/1732/2354 2245/1737/2360
f 2292/1738/2362 2289/1734/2356 2271/1734/2357
f 2293/1184/2364 2290/1735/2358 2258/1736/2359
f 2291/1737/2361 2245/1737/2360 2246/1717/2366
f 2292/1738/2362 2272/1738/2363 2242/1715/2368
f 2295/1739/2369 2293/1184/2364 2259/1184/2365
f 2294/1717/2367 2246/1717/2366 2247/1716/2371
f 2297/1740/2373 2295/1739/2369 2260/1739/2370
f 2296/1716/2372 2247/1716/2371 2248/1741/2375
f 2299/1743/2377 2297/1740/2373 2261/1740/2374
f 2298/1742/2376 2248/1741/2375 2249/1744/2379
f 2301/1746/2381 2299/1743/2377 2262/1743/2378
f 2300/1745/2380 2249/1744/2379 2250/1747/2383
f 2303/1748/2385 2301/1746/2381 2263/1746/2382
f 2302/1747/2384 2250/1747/2383 2251/1185/2387
f 2273/1714/2389 2303/1748/2385 2264/1749/2386
f 2304/1750/2388 2251/1185/2387 2252/1751/2390
f 2209/1726/2391 2305/1726/2403 2307/1186/2392
f 2237/1727/2394 2236/1724/2404 2332/1724/2395
f 2279/1724/2397 2350/1724/2513 2344/1721/2398
f 2304/1750/2400 2422/1756/2464 2416/1747/2401
f 2210/1715/2325 2306/1715/2543 2305/1726/2403
f 2236/1724/2404 2235/1721/2413 2331/1721/2405
f 2330/1718/2406 2329/1714/2417 2425/1714/2407
f 2314/1747/2409 2415/1747/2530 2421/1750/2410
f 2234/1718/2412 2330/1718/2419 2331/1721/2405
f 2316/1751/2414 2428/1719/2423 2340/1720/2415
f 2329/1714/2417 2328/1749/2521 2418/1748/2418
f 2233/1714/2324 2329/1714/2425 2330/1718/2419
f 2332/1724/2420 2331/1721/2520 2343/1721/2421
f 2315/1185/2411 2421/1750/2410 2428/1719/2423
f 2232/1749/2424 2328/1749/2430 2329/1714/2425
f 2318/1722/2426 2346/1723/2519 2352/1725/2427
f 2231/1746/2429 2327/1746/2435 2328/1749/2430
f 2286/1731/2431 2368/1731/2502 2359/1727/2432
f 2230/1743/2434 2326/1743/2439 2327/1746/2435
f 2333/1727/2436 2332/1724/2420 2349/1724/2422
f 2229/1740/2438 2325/1740/2443 2326/1743/2439
f 2319/1725/2428 2352/1725/2427 2361/1729/2440
f 2228/1739/2442 2324/1739/2448 2325/1740/2443
f 2305/1726/2444 2306/1715/2565 2431/1715/2445
f 2227/1184/2447 2323/1184/2452 2324/1739/2448
f 2334/1731/2449 2333/1727/2436 2358/1727/2437
f 2226/1736/2451 2322/1736/2455 2323/1184/2452
f 2320/1728/2441 2361/1729/2440 2370/1713/2453
f 2225/1713/2323 2321/1713/2462 2322/1736/2455
f 2307/1186/2456 2364/1730/2512 2373/1733/2457
f 2335/1734/2459 2334/1731/2449 2367/1731/2450
f 2225/1713/2323 2224/1728/2577 2320/1728/2461
f 2275/1719/2463 2427/1719/2517 2422/1756/2464
f 2303/1748/2465 2273/1714/2643 2424/1714/2466
f 2301/1746/2468 2303/1748/2465 2419/1748/2467
f 2302/1747/2402 2416/1747/2401 2410/1744/2470
f 2299/1743/2472 2301/1746/2468 2413/1746/2469
f 2300/1745/2471 2410/1744/2470 2404/1742/2474
f 2297/1740/2476 2299/1743/2472 2407/1743/2473
f 2298/1742/2475 2404/1742/2474 2398/1716/2478
f 2295/1739/2480 2297/1740/2476 2401/1740/2477
f 2296/1716/2479 2398/1716/2478 2392/1758/2482
f 2293/1184/2484 2295/1739/2480 2395/1739/2481
f 2281/1715/2486 2430/1715/2508 2386/1738/2487
f 2291/1737/2489 2294/1717/2483 2392/1717/2482
f 2290/1735/2491 2293/1184/2484 2389/1184/2485
f 2323/1184/2493 2322/1736/2578 2379/1735/2494
f 2292/1738/2488 2386/1738/2487 2377/1760/2496
f 2288/1733/2498 2291/1737/2489 2383/1737/2490
f 2287/1713/2500 2290/1735/2491 2380/1761/2492
f 2289/1734/2497 2377/1734/2496 2368/1762/2502
f 2285/1730/2503 2288/1733/2498 2374/1732/2499
f 2287/1713/2500 2371/1713/2501 2362/1729/2505
f 2281/1715/2486 2282/1726/2509 2356/1726/2507
f 2282/1726/2509 2285/1730/2503 2365/1763/2504
f 2284/1729/2506 2362/1729/2505 2353/1725/2510
f 2307/1186/2456 2305/1726/2444 2355/1726/2446
f 2283/1727/2433 2359/1727/2432 2350/1724/2513
f 2280/1725/2511 2353/1725/2510 2347/1723/2514
f 2276/1720/2516 2341/1720/2518 2427/1764/2517
f 2278/1723/2515 2347/1723/2514 2341/1720/2518
f 2317/1720/2416 2340/1720/2415 2346/1723/2519
f 2331/1721/2520 2330/1718/2406 2337/1718/2408
f 2328/1749/2521 2327/1746/2535 2412/1746/2522
f 2274/1718/2523 2277/1721/2399 2344/1721/2398
f 2238/1731/2525 2237/1727/2394 2333/1727/2396
f 2211/1186/2393 2307/1186/2392 2308/1732/2527
f 2313/1744/2529 2409/1745/2542 2415/1767/2530
f 2239/1734/2531 2238/1731/2525 2334/1731/2526
f 2212/1732/2528 2308/1732/2527 2309/1737/2533
f 2327/1746/2535 2326/1743/2546 2406/1743/2536
f 2240/1738/2537 2239/1734/2531 2335/1734/2532
f 2213/1737/2534 2309/1737/2533 2310/1717/2539
f 2312/1741/2541 2403/1742/2549 2409/1744/2542
f 2210/1715/2325 2240/1738/2537 2336/1738/2538
f 2214/1717/2540 2310/1717/2539 2311/1716/2544
f 2326/1743/2546 2325/1740/2552 2400/1740/2547
f 2311/1716/2548 2397/1716/2557 2403/1742/2549
f 2215/1716/2545 2311/1716/2544 2312/1741/2550
f 2325/1740/2552 2324/1739/2562 2394/1739/2553
f 2217/1744/2554 2216/1741/2551 2312/1741/2550
f 2310/1717/2556 2391/1717/2570 2397/1716/2557
f 2218/1747/2558 2217/1744/2554 2313/1744/2555
f 2219/1185/2560 2218/1747/2558 2314/1747/2559
f 2324/1739/2562 2323/1184/2493 2388/1184/2495
f 2220/1751/2563 2219/1185/2560 2315/1185/2561
f 2306/1715/2565 2336/1738/2573 2385/1738/2566
f 2221/1720/2567 2220/1751/2563 2316/1751/2564
f 2309/1737/2569 2382/1737/2576 2391/1717/2570
f 2222/1722/2571 2221/1720/2567 2317/1720/2568
f 2336/1738/2573 2335/1734/2459 2376/1734/2460
f 2223/1725/2574 2222/1722/2571 2318/1722/2572
f 2308/1732/2458 2373/1733/2457 2382/1737/2576
f 2224/1728/2577 2223/1725/2574 2319/1725/2575
f 2322/1736/2578 2321/1713/2454 2370/1713/2453
f 2427/1719/2517 2429/1771/2641 2423/1770/2579
f 2429/1771/2580 2428/1719/2423 2421/1750/2410
f 2419/1748/2467 2424/1714/2466 2426/1772/2582
f 2420/1773/2584 2426/1772/2642 2425/1752/2407
f 2422/1756/2464 2423/1770/2579 2417/1774/2585
f 2423/1770/2581 2421/1750/2410 2415/1747/2530
f 2413/1746/2469 2419/1748/2467 2420/1773/2583
f 2414/1775/2588 2420/1773/2584 2418/1765/2418
f 2416/1747/2401 2417/1774/2585 2411/1776/2589
f 2417/1774/2586 2415/1767/2530 2409/1745/2542
f 2407/1743/2473 2413/1746/2469 2414/1775/2587
f 2408/1777/2592 2414/1775/2588 2412/1768/2522
f 2410/1744/2470 2411/1776/2589 2405/1778/2593
f 2411/1776/2590 2409/1744/2542 2403/1742/2549
f 2401/1740/2477 2407/1743/2473 2408/1777/2591
f 2402/1779/2596 2408/1777/2592 2406/1769/2536
f 2404/1742/2474 2405/1778/2593 2399/1780/2597
f 2405/1778/2594 2403/1742/2549 2397/1716/2557
f 2395/1757/2481 2401/1740/2477 2402/1779/2595
f 2396/1781/2600 2402/1779/2596 2400/1740/2547
f 2398/1716/2478 2399/1780/2597 2393/1782/2601
f 2399/1780/2598 2397/1716/2557 2391/1717/2570
f 2389/1184/2485 2395/1739/2481 2396/1781/2599
f 2390/1783/2604 2396/1781/2600 2394/1739/2553
f 2386/1738/2487 2430/1715/2508 2432/1784/2605
f 2387/1785/2607 2432/1784/2632 2431/1715/2445
f 2383/1737/2490 2392/1717/2482 2393/1782/2601
f 2393/1782/2602 2391/1717/2570 2382/1737/2576
f 2380/1735/2492 2389/1184/2485 2390/1783/2603
f 2381/1787/2611 2390/1783/2604 2388/1759/2495
f 2386/1738/2487 2387/1785/2606 2378/1788/2612
f 2378/1788/2613 2387/1785/2607 2385/1738/2566
f 2374/1733/2499 2383/1737/2490 2384/1786/2608
f 2375/1789/2615 2384/1786/2609 2382/1737/2576
f 2371/1713/2501 2380/1761/2492 2381/1787/2610
f 2372/1790/2617 2381/1787/2611 2379/1735/2494
f 2377/1734/2496 2378/1788/2612 2369/1791/2618
f 2369/1791/2619 2378/1788/2613 2376/1734/2460
f 2365/1730/2504 2374/1732/2499 2375/1789/2614
f 2366/1792/2621 2375/1789/2615 2373/1733/2457
f 2371/1713/2501 2372/1790/2616 2363/1793/2622
f 2372/1790/2617 2370/1713/2453 2361/1729/2440
f 2368/1731/2502 2369/1791/2618 2360/1794/2624
f 2360/1794/2625 2369/1791/2619 2367/1755/2450
f 2356/1726/2507 2365/1763/2504 2366/1792/2620
f 2357/1795/2627 2366/1792/2621 2364/1763/2512
f 2362/1729/2505 2363/1793/2622 2354/1796/2628
f 2363/1793/2623 2361/1729/2440 2352/1725/2427
f 2350/1724/2513 2359/1727/2432 2360/1794/2624
f 2351/1797/2631 2360/1794/2625 2358/1753/2437
f 2430/1715/2508 2356/1726/2507 2357/1795/2626
f 2432/1784/2632 2357/1795/2627 2355/1754/2446
f 2353/1725/2510 2354/1796/2628 2348/1798/2633
f 2354/1796/2629 2352/1725/2427 2346/1723/2519
f 2344/1721/2398 2350/1724/2513 2351/1797/2630
f 2345/1799/2636 2351/1797/2631 2349/1724/2422
f 2347/1723/2514 2348/1798/2633 2342/1800/2637
f 2348/1798/2634 2346/1723/2519 2340/1720/2415
f 2338/1766/2524 2344/1721/2398 2345/1799/2635
f 2339/1801/2640 2345/1799/2636 2343/1721/2421
f 2341/1720/2518 2342/1800/2637 2429/1771/2641
f 2342/1800/2638 2340/1720/2415 2428/1719/2423
f 2424/1714/2466 2338/1718/2524 2339/1801/2639
f 2426/1772/2642 2339/1801/2640 2337/1718/2408
f 2273/1714/2643 2274/1718/2523 2338/1718/2524
f 2456/1749/2644 2488/1749/2706 2489/1714/2645
f 2261/1740/2326 2260/1739/2326 2452/1739/2326
f 2248/1741/2326 2247/1716/2326 2439/1716/2326
f 2262/1743/2326 2261/1740/2326 2453/1740/2326
f 2249/1744/2326 2248/1741/2326 2440/1741/2326
f 2263/1746/2326 2262/1743/2326 2454/1743/2326
f 2249/1744/2326 2441/1744/2326 2442/1747/2326
f 2264/1749/2326 2263/1746/2326 2455/1746/2326
f 2250/1747/2326 2442/1747/2326 2443/1185/2326
f 2265/1714/2326 2264/1749/2326 2456/1749/2326
f 2251/1185/2326 2443/1185/2326 2444/1751/2326
f 2265/1714/2326 2457/1714/2326 2458/1718/2326
f 2252/1751/2326 2444/1751/2326 2445/1720/2326
f 2266/1718/2326 2458/1718/2326 2459/1721/2326
f 2253/1720/2326 2445/1720/2326 2446/1722/2326
f 2267/1721/2326 2459/1721/2326 2460/1724/2326
f 2254/1722/2326 2446/1722/2326 2447/1725/2326
f 2241/1726/2326 2242/1715/2326 2434/1715/2326
f 2268/1724/2326 2460/1724/2326 2461/1727/2326
f 2255/1725/2326 2447/1725/2326 2448/1728/2326
f 2243/1186/2326 2241/1726/2326 2433/1726/2326
f 2269/1727/2326 2461/1727/2326 2462/1731/2326
f 2256/1728/2326 2448/1728/2326 2449/1713/2326
f 2244/1732/2326 2243/1186/2326 2435/1186/2326
f 2270/1731/2326 2462/1731/2326 2463/1734/2326
f 2258/1736/2326 2257/1713/2326 2449/1713/2326
f 2245/1737/2326 2244/1732/2326 2436/1732/2326
f 2271/1734/2326 2463/1734/2326 2464/1738/2326
f 2259/1184/2326 2258/1736/2326 2450/1736/2326
f 2246/1717/2326 2245/1737/2326 2437/1737/2326
f 2272/1738/2326 2464/1738/2326 2434/1715/2326
f 2260/1739/2326 2259/1184/2326 2451/1184/2326
f 2485/1740/2326 2484/1739/2326 2516/1739/2326
f 2444/1751/2647 2443/1185/2707 2475/1185/2648
f 2457/1714/2646 2489/1714/2645 2490/1718/2650
f 2445/1720/2652 2444/1751/2647 2476/1751/2649
f 2458/1718/2651 2490/1718/2650 2491/1721/2654
f 2446/1722/2656 2445/1720/2652 2477/1720/2653
f 2459/1721/2655 2491/1721/2654 2492/1724/2658
f 2447/1725/2660 2446/1722/2656 2478/1722/2657
f 2433/1726/2662 2434/1715/2689 2466/1715/2663
f 2460/1724/2659 2492/1724/2658 2493/1727/2665
f 2448/1728/2667 2447/1725/2660 2479/1725/2661
f 2435/1186/2669 2433/1726/2662 2465/1726/2664
f 2461/1727/2666 2493/1727/2665 2494/1731/2671
f 2449/1713/2673 2448/1728/2667 2480/1728/2668
f 2436/1732/2675 2435/1186/2669 2467/1186/2670
f 2462/1731/2672 2494/1731/2671 2495/1734/2677
f 2449/1713/2673 2481/1713/2674 2482/1736/2679
f 2437/1737/2681 2436/1732/2675 2468/1732/2676
f 2463/1734/2678 2495/1734/2677 2496/1738/2683
f 2450/1736/2680 2482/1736/2679 2483/1184/2685
f 2438/1717/2687 2437/1737/2681 2469/1737/2682
f 2464/1738/2684 2496/1738/2683 2466/1715/2663
f 2451/1184/2686 2483/1184/2685 2484/1739/2690
f 2439/1716/2692 2438/1717/2687 2470/1717/2688
f 2452/1739/2691 2484/1739/2690 2485/1740/2694
f 2440/1741/2696 2439/1716/2692 2471/1716/2693
f 2453/1740/2695 2485/1740/2694 2486/1743/2698
f 2441/1744/2700 2440/1741/2696 2472/1741/2697
f 2454/1743/2699 2486/1743/2698 2487/1746/2702
f 2442/1747/2704 2441/1744/2700 2473/1744/2701
f 2455/1746/2703 2487/1746/2702 2488/1749/2706
f 2443/1185/2707 2442/1747/2704 2474/1747/2705
f 2519/1746/2703 2551/1746/2702 2552/1749/2706
f 2478/1722/2326 2510/1722/2326 2511/1725/2326
f 2465/1726/2326 2466/1715/2326 2498/1715/2326
f 2486/1743/2326 2485/1740/2326 2517/1740/2326
f 2479/1725/2326 2511/1725/2326 2512/1728/2326
f 2467/1186/2326 2465/1726/2326 2497/1726/2326
f 2487/1746/2326 2486/1743/2326 2518/1743/2326
f 2480/1728/2326 2512/1728/2326 2513/1713/2326
f 2468/1732/2326 2467/1186/2326 2499/1186/2326
f 2488/1749/2326 2487/1746/2326 2519/1746/2326
f 2482/1736/2326 2481/1713/2326 2513/1713/2326
f 2489/1714/2326 2488/1749/2326 2520/1749/2326
f 2469/1737/2326 2468/1732/2326 2500/1732/2326
f 2483/1184/2326 2482/1736/2326 2514/1736/2326
f 2470/1717/2326 2469/1737/2326 2501/1737/2326
f 2489/1714/2326 2521/1714/2326 2522/1718/2326
f 2471/1716/2326 2470/1717/2326 2502/1717/2326
f 2490/1718/2326 2522/1718/2326 2523/1721/2326
f 2472/1741/2326 2471/1716/2326 2503/1716/2326
f 2491/1721/2326 2523/1721/2326 2524/1724/2326
f 2473/1744/2326 2472/1741/2326 2504/1741/2326
f 2492/1724/2326 2524/1724/2326 2525/1727/2326
f 2493/1727/2326 2525/1727/2326 2526/1731/2326
f 2473/1744/2326 2505/1744/2326 2506/1747/2326
f 2494/1731/2326 2526/1731/2326 2527/1734/2326
f 2474/1747/2326 2506/1747/2326 2507/1185/2326
f 2495/1734/2326 2527/1734/2326 2528/1738/2326
f 2475/1185/2326 2507/1185/2326 2508/1751/2326
f 2496/1738/2326 2528/1738/2326 2498/1715/2326
f 2476/1751/2326 2508/1751/2326 2509/1720/2326
f 2484/1739/2326 2483/1184/2326 2515/1184/2326
f 2477/1720/2326 2509/1720/2326 2510/1722/2326
f 2531/1186/2326 2529/1726/2326 2530/1715/2326
f 2530/1715/2326 2560/1738/2326 2559/1734/2326
f 2559/1734/2326 2558/1731/2792 2557/1727/2326
f 2557/1727/2326 2556/1724/2793 2555/1721/2326
f 2555/1721/2326 2554/1718/2793 2553/1714/2326
f 2553/1714/2326 2552/1749/2793 2551/1746/2326
f 2551/1746/2326 2550/1743/2326 2549/1740/2326
f 2549/1740/2326 2548/1739/2326 2547/1184/2326
f 2547/1184/2326 2546/1736/2326 2545/1713/2326
f 2545/1713/2326 2544/1728/2326 2543/1725/2326
f 2543/1725/2326 2542/1722/2326 2541/1720/2326
f 2541/1720/2326 2540/1751/2794 2539/1185/2326
f 2539/1185/2326 2538/1747/2326 2537/1744/2326
f 2537/1744/2326 2536/1741/2326 2535/1716/2326
f 2535/1716/2326 2534/1717/2792 2533/1737/2326
f 2533/1737/2326 2532/1732/2326 2531/1186/2326
f 2531/1186/2326 2530/1715/2326 2559/1734/2326
f 2559/1734/2326 2557/1727/2326 2555/1721/2326
f 2555/1721/2326 2553/1714/2326 2551/1746/2326
f 2551/1746/2326 2549/1740/2326 2547/1184/2326
f 2547/1184/2326 2545/1713/2326 2543/1725/2326
f 2543/1725/2326 2541/1720/2326 2539/1185/2326
f 2539/1185/2326 2537/1744/2326 2535/1716/2326
f 2535/1716/2326 2533/1737/2326 2531/1186/2326
f 2531/1186/2326 2559/1734/2326 2555/1721/2326
f 2555/1721/2326 2551/1746/2326 2547/1184/2326
f 2547/1184/2326 2543/1725/2326 2539/1185/2326
f 2539/1185/2326 2535/1716/2326 2531/1186/2326
f 2531/1186/2326 2555/1721/2326 2547/1184/2326
f 2507/1185/2707 2506/1747/2704 2538/1747/2705
f 2520/1749/2644 2552/1749/2706 2553/1714/2645
f 2508/1751/2647 2507/1185/2707 2539/1185/2648
f 2521/1714/2646 2553/1714/2645 2554/1718/2650
f 2509/1720/2652 2508/1751/2647 2540/1751/2649
f 2522/1718/2651 2554/1718/2650 2555/1721/2654
f 2510/1722/2656 2509/1720/2652 2541/1720/2653
f 2523/1721/2655 2555/1721/2654 2556/1724/2658
f 2511/1725/2660 2510/1722/2656 2542/1722/2657
f 2497/1726/2662 2498/1715/2689 2530/1715/2663
f 2524/1724/2659 2556/1724/2658 2557/1727/2665
f 2512/1728/2667 2511/1725/2660 2543/1725/2661
f 2499/1186/2669 2497/1726/2662 2529/1726/2664
f 2525/1727/2666 2557/1727/2665 2558/1731/2671
f 2513/1713/2673 2512/1728/2667 2544/1728/2708
f 2500/1732/2675 2499/1186/2669 2531/1186/2670
f 2526/1731/2672 2558/1731/2671 2559/1734/2677
f 2513/1713/2673 2545/1713/2674 2546/1736/2679
f 2501/1737/2681 2500/1732/2675 2532/1732/2676
f 2527/1734/2678 2559/1734/2677 2560/1738/2683
f 2514/1736/2680 2546/1736/2679 2547/1184/2685
f 2502/1717/2687 2501/1737/2681 2533/1737/2682
f 2528/1738/2684 2560/1738/2683 2530/1715/2663
f 2515/1184/2709 2547/1184/2685 2548/1739/2690
f 2503/1716/2692 2502/1717/2687 2534/1717/2688
f 2516/1739/2691 2548/1739/2690 2549/1740/2694
f 2504/1741/2696 2503/1716/2692 2535/1716/2693
f 2517/1740/2695 2549/1740/2694 2550/1743/2698
f 2505/1744/2700 2504/1741/2696 2536/1741/2697
f 2518/1743/2699 2550/1743/2698 2551/1746/2702
f 2506/1747/2704 2505/1744/2700 2537/1744/2701
